Model,Neighbor,Similarity
spritzige_jara_training_data_cbow_lr0.05_epochs1_mincount50_ws12_dims300,opferkuch,0.8398889899253845
spritzige_jara_training_data_cbow_lr0.05_epochs1_mincount50_ws12_dims300,opfertier,0.822148859500885
spritzige_jara_training_data_cbow_lr0.05_epochs1_mincount50_ws12_dims300,opfern,0.808133065700531
spritzige_jara_training_data_cbow_lr0.05_epochs1_mincount50_ws12_dims300,opfertod,0.7954554557800293
spritzige_jara_training_data_cbow_lr0.05_epochs1_mincount50_ws12_dims300,opferrente,0.794418454170227
spritzige_jara_training_data_cbow_lr0.05_epochs1_mincount50_ws12_dims300,opferstock,0.7781976461410522
spritzige_jara_training_data_cbow_lr0.05_epochs1_mincount50_ws12_dims300,opfergang,0.7747365236282349
spritzige_jara_training_data_cbow_lr0.05_epochs1_mincount50_ws12_dims300,opferkult,0.7730722427368164
spritzige_jara_training_data_cbow_lr0.05_epochs1_mincount50_ws12_dims300,opferlamm,0.7717621326446533
spritzige_jara_training_data_cbow_lr0.05_epochs1_mincount50_ws12_dims300,opferangehörige,0.7621148824691772
spritzige_jara_training_data_cbow_lr0.05_epochs1_mincount50_ws12_dims300,verbrechensopfer,0.7572934627532959
spritzige_jara_training_data_cbow_lr0.05_epochs1_mincount50_ws12_dims300,opferstöcke,0.7551615238189697
spritzige_jara_training_data_cbow_lr0.05_epochs1_mincount50_ws12_dims300,mordopfer,0.7536895871162415
spritzige_jara_training_data_cbow_lr0.05_epochs1_mincount50_ws12_dims300,raubopfer,0.7511793971061707
spritzige_jara_training_data_cbow_lr0.05_epochs1_mincount50_ws12_dims300,vergewaltigungsopfer,0.7495536804199219
spritzige_jara_training_data_cbow_lr0.05_epochs1_mincount50_ws12_dims300,überfallsopfer,0.7495386004447937
spritzige_jara_training_data_cbow_lr0.05_epochs1_mincount50_ws12_dims300,opferseite,0.7487256526947021
spritzige_jara_training_data_cbow_lr0.05_epochs1_mincount50_ws12_dims300,opfertiere,0.7424943447113037
spritzige_jara_training_data_cbow_lr0.05_epochs1_mincount50_ws12_dims300,opfermythos,0.7418860793113708
spritzige_jara_training_data_cbow_lr0.05_epochs1_mincount50_ws12_dims300,opferthese,0.7398852109909058
spritzige_jara_training_data_cbow_lr0.05_epochs1_mincount50_ws12_dims300,opferangehörigen,0.7373245358467102
spritzige_jara_training_data_cbow_lr0.05_epochs1_mincount50_ws12_dims300,opferstöcken,0.7327433228492737
spritzige_jara_training_data_cbow_lr0.05_epochs1_mincount50_ws12_dims300,opfers,0.730341374874115
spritzige_jara_training_data_cbow_lr0.05_epochs1_mincount50_ws12_dims300,opferstockdiebe,0.7280733585357666
spritzige_jara_training_data_cbow_lr0.05_epochs1_mincount50_ws12_dims300,gewaltopfer,0.7277684807777405
spritzige_jara_training_data_cbow_lr0.05_epochs1_mincount50_ws12_dims300,überfallopfer,0.725737452507019
spritzige_jara_training_data_cbow_lr0.05_epochs1_mincount50_ws12_dims300,opferstockdieb,0.7209678888320923
spritzige_jara_training_data_cbow_lr0.05_epochs1_mincount50_ws12_dims300,opferung,0.7132949829101562
spritzige_jara_training_data_cbow_lr0.05_epochs1_mincount50_ws12_dims300,opfergaben,0.7119317054748535
spritzige_jara_training_data_cbow_lr0.05_epochs1_mincount50_ws12_dims300,opfergruppe,0.7098869681358337
spritzige_jara_training_data_cbow_lr0.05_epochs1_mincount50_ws12_dims300,opferfamilien,0.7097190022468567
spritzige_jara_training_data_cbow_lr0.05_epochs1_mincount50_ws12_dims300,opferfamilie,0.708608090877533
spritzige_jara_training_data_cbow_lr0.05_epochs1_mincount50_ws12_dims300,opferhilfe,0.7085455060005188
spritzige_jara_training_data_cbow_lr0.05_epochs1_mincount50_ws12_dims300,opferfest,0.7043859958648682
spritzige_jara_training_data_cbow_lr0.05_epochs1_mincount50_ws12_dims300,opfergabe,0.7041298747062683
spritzige_jara_training_data_cbow_lr0.05_epochs1_mincount50_ws12_dims300,opferverein,0.7037792801856995
spritzige_jara_training_data_cbow_lr0.05_epochs1_mincount50_ws12_dims300,opferanwälte,0.7007366418838501
spritzige_jara_training_data_cbow_lr0.05_epochs1_mincount50_ws12_dims300,opferangaben,0.6994332671165466
spritzige_jara_training_data_cbow_lr0.05_epochs1_mincount50_ws12_dims300,opferanwalt,0.6957839131355286
spritzige_jara_training_data_cbow_lr0.05_epochs1_mincount50_ws12_dims300,anschlagsopfer,0.6938159465789795
spritzige_jara_training_data_cbow_lr0.05_epochs1_mincount50_ws12_dims300,opfernotruf,0.6932610273361206
spritzige_jara_training_data_cbow_lr0.05_epochs1_mincount50_ws12_dims300,zivilopfer,0.6932489275932312
spritzige_jara_training_data_cbow_lr0.05_epochs1_mincount50_ws12_dims300,hauptopfer,0.69266277551651
spritzige_jara_training_data_cbow_lr0.05_epochs1_mincount50_ws12_dims300,attentatsopfer,0.6913822293281555
spritzige_jara_training_data_cbow_lr0.05_epochs1_mincount50_ws12_dims300,entführungsopfer,0.6885469555854797
spritzige_jara_training_data_cbow_lr0.05_epochs1_mincount50_ws12_dims300,vergewaltigungsopfern,0.6876431107521057
spritzige_jara_training_data_cbow_lr0.05_epochs1_mincount50_ws12_dims300,polizeiopfer,0.6867331862449646
spritzige_jara_training_data_cbow_lr0.05_epochs1_mincount50_ws12_dims300,massakeropfer,0.6852033734321594
spritzige_jara_training_data_cbow_lr0.05_epochs1_mincount50_ws12_dims300,opfervertreter,0.6811985373497009
spritzige_jara_training_data_cbow_lr0.05_epochs1_mincount50_ws12_dims300,todesopfer,0.6802298426628113
spritzige_jara_training_data_cbow_lr0.05_epochs1_mincount50_ws12_dims300,opferliste,0.6789019107818604
spritzige_jara_training_data_cbow_lr0.05_epochs1_mincount50_ws12_dims300,opfergruppen,0.6779443621635437
spritzige_jara_training_data_cbow_lr0.05_epochs1_mincount50_ws12_dims300,folteropfer,0.6760514974594116
spritzige_jara_training_data_cbow_lr0.05_epochs1_mincount50_ws12_dims300,schussopfer,0.675067663192749
spritzige_jara_training_data_cbow_lr0.05_epochs1_mincount50_ws12_dims300,kriegsopfer,0.6747866868972778
spritzige_jara_training_data_cbow_lr0.05_epochs1_mincount50_ws12_dims300,terroropfer,0.6740378737449646
spritzige_jara_training_data_cbow_lr0.05_epochs1_mincount50_ws12_dims300,prügelopfer,0.673058271408081
spritzige_jara_training_data_cbow_lr0.05_epochs1_mincount50_ws12_dims300,verbrechensopfern,0.6724840998649597
spritzige_jara_training_data_cbow_lr0.05_epochs1_mincount50_ws12_dims300,erpressungsopfer,0.6721078157424927
spritzige_jara_training_data_cbow_lr0.05_epochs1_mincount50_ws12_dims300,bissopfer,0.6713573336601257
spritzige_jara_training_data_cbow_lr0.05_epochs1_mincount50_ws12_dims300,vergewaltigungsopfers,0.6708291172981262
spritzige_jara_training_data_cbow_lr0.05_epochs1_mincount50_ws12_dims300,opferfonds,0.6668416857719421
spritzige_jara_training_data_cbow_lr0.05_epochs1_mincount50_ws12_dims300,opferrechte,0.6657851338386536
spritzige_jara_training_data_cbow_lr0.05_epochs1_mincount50_ws12_dims300,zufallsopfer,0.6613762974739075
spritzige_jara_training_data_cbow_lr0.05_epochs1_mincount50_ws12_dims300,missbrauchsopfer,0.6605700850486755
spritzige_jara_training_data_cbow_lr0.05_epochs1_mincount50_ws12_dims300,mordopfern,0.6603257060050964
spritzige_jara_training_data_cbow_lr0.05_epochs1_mincount50_ws12_dims300,opferstatus,0.6587240695953369
spritzige_jara_training_data_cbow_lr0.05_epochs1_mincount50_ws12_dims300,menschenopfer,0.6580837965011597
spritzige_jara_training_data_cbow_lr0.05_epochs1_mincount50_ws12_dims300,opferverbände,0.6570940613746643
spritzige_jara_training_data_cbow_lr0.05_epochs1_mincount50_ws12_dims300,kopfer,0.6561532020568848
spritzige_jara_training_data_cbow_lr0.05_epochs1_mincount50_ws12_dims300,opferanwältin,0.6551344990730286
spritzige_jara_training_data_cbow_lr0.05_epochs1_mincount50_ws12_dims300,opferverband,0.6536354422569275
spritzige_jara_training_data_cbow_lr0.05_epochs1_mincount50_ws12_dims300,einbruchsopfer,0.6512376070022583
spritzige_jara_training_data_cbow_lr0.05_epochs1_mincount50_ws12_dims300,opferrolle,0.6481561064720154
spritzige_jara_training_data_cbow_lr0.05_epochs1_mincount50_ws12_dims300,opferanwaltschaft,0.6481509208679199
spritzige_jara_training_data_cbow_lr0.05_epochs1_mincount50_ws12_dims300,unglücksopfer,0.6467790007591248
spritzige_jara_training_data_cbow_lr0.05_epochs1_mincount50_ws12_dims300,opferfürsorge,0.6467392444610596
spritzige_jara_training_data_cbow_lr0.05_epochs1_mincount50_ws12_dims300,täter,0.6447830200195312
spritzige_jara_training_data_cbow_lr0.05_epochs1_mincount50_ws12_dims300,mobbingopfer,0.6434829831123352
spritzige_jara_training_data_cbow_lr0.05_epochs1_mincount50_ws12_dims300,opferfests,0.6427756547927856
spritzige_jara_training_data_cbow_lr0.05_epochs1_mincount50_ws12_dims300,opferentschädigung,0.6419767141342163
spritzige_jara_training_data_cbow_lr0.05_epochs1_mincount50_ws12_dims300,opferfestes,0.6395889520645142
spritzige_jara_training_data_cbow_lr0.05_epochs1_mincount50_ws12_dims300,opferschutz,0.6338372826576233
spritzige_jara_training_data_cbow_lr0.05_epochs1_mincount50_ws12_dims300,opferhaltung,0.6330359578132629
spritzige_jara_training_data_cbow_lr0.05_epochs1_mincount50_ws12_dims300,betrugsopfer,0.6318071484565735
spritzige_jara_training_data_cbow_lr0.05_epochs1_mincount50_ws12_dims300,opferverbänden,0.6293753385543823
spritzige_jara_training_data_cbow_lr0.05_epochs1_mincount50_ws12_dims300,verletzungsopfer,0.6288766860961914
spritzige_jara_training_data_cbow_lr0.05_epochs1_mincount50_ws12_dims300,gewaltopfern,0.6268553137779236
spritzige_jara_training_data_cbow_lr0.05_epochs1_mincount50_ws12_dims300,gewalttäter,0.6266129612922668
spritzige_jara_training_data_cbow_lr0.05_epochs1_mincount50_ws12_dims300,getöteten,0.6247503161430359
spritzige_jara_training_data_cbow_lr0.05_epochs1_mincount50_ws12_dims300,justizopfer,0.6243856549263
spritzige_jara_training_data_cbow_lr0.05_epochs1_mincount50_ws12_dims300,verbrennungsopfer,0.6239522099494934
spritzige_jara_training_data_cbow_lr0.05_epochs1_mincount50_ws12_dims300,todesopfers,0.6212446689605713
spritzige_jara_training_data_cbow_lr0.05_epochs1_mincount50_ws12_dims300,brandopfer,0.6206746697425842
spritzige_jara_training_data_cbow_lr0.05_epochs1_mincount50_ws12_dims300,tätern,0.6161344647407532
spritzige_jara_training_data_cbow_lr0.05_epochs1_mincount50_ws12_dims300,euthanasieopfer,0.615766704082489
spritzige_jara_training_data_cbow_lr0.05_epochs1_mincount50_ws12_dims300,ermordeten,0.6154904365539551
spritzige_jara_training_data_cbow_lr0.05_epochs1_mincount50_ws12_dims300,todesopfern,0.6141574382781982
spritzige_jara_training_data_cbow_lr0.05_epochs1_mincount50_ws12_dims300,opferorganisation,0.6138714551925659
spritzige_jara_training_data_cbow_lr0.05_epochs1_mincount50_ws12_dims300,anschlagsopfern,0.613488495349884
grantiger_baris_training_data_lower_cbow_lr0.05_epochs1_mincount10_ws24_dims300,opfere,0.8645889163017273
grantiger_baris_training_data_lower_cbow_lr0.05_epochs1_mincount10_ws24_dims300,opferst,0.8473562598228455
grantiger_baris_training_data_lower_cbow_lr0.05_epochs1_mincount10_ws24_dims300,opfern,0.824651837348938
grantiger_baris_training_data_lower_cbow_lr0.05_epochs1_mincount10_ws24_dims300,raubopfer,0.8229027390480042
grantiger_baris_training_data_lower_cbow_lr0.05_epochs1_mincount10_ws24_dims300,tatopfer,0.8206379413604736
grantiger_baris_training_data_lower_cbow_lr0.05_epochs1_mincount10_ws24_dims300,opferpose,0.8202072978019714
grantiger_baris_training_data_lower_cbow_lr0.05_epochs1_mincount10_ws24_dims300,opfernde,0.8177255988121033
grantiger_baris_training_data_lower_cbow_lr0.05_epochs1_mincount10_ws24_dims300,opfersein,0.8132809996604919
grantiger_baris_training_data_lower_cbow_lr0.05_epochs1_mincount10_ws24_dims300,opfermut,0.8084871768951416
grantiger_baris_training_data_lower_cbow_lr0.05_epochs1_mincount10_ws24_dims300,opferkuch,0.7990511059761047
grantiger_baris_training_data_lower_cbow_lr0.05_epochs1_mincount10_ws24_dims300,opferlämmer,0.7974503636360168
grantiger_baris_training_data_lower_cbow_lr0.05_epochs1_mincount10_ws24_dims300,opferwidder,0.7956919074058533
grantiger_baris_training_data_lower_cbow_lr0.05_epochs1_mincount10_ws24_dims300,opferrente,0.7887084484100342
grantiger_baris_training_data_lower_cbow_lr0.05_epochs1_mincount10_ws24_dims300,opferwitwen,0.7842901945114136
grantiger_baris_training_data_lower_cbow_lr0.05_epochs1_mincount10_ws24_dims300,opfermann,0.7839721441268921
grantiger_baris_training_data_lower_cbow_lr0.05_epochs1_mincount10_ws24_dims300,gewaltopfer,0.7803273797035217
grantiger_baris_training_data_lower_cbow_lr0.05_epochs1_mincount10_ws24_dims300,opfergang,0.7801182866096497
grantiger_baris_training_data_lower_cbow_lr0.05_epochs1_mincount10_ws24_dims300,opferbögen,0.7795039415359497
grantiger_baris_training_data_lower_cbow_lr0.05_epochs1_mincount10_ws24_dims300,hauptopfer,0.7791486978530884
grantiger_baris_training_data_lower_cbow_lr0.05_epochs1_mincount10_ws24_dims300,opfert,0.7786005735397339
grantiger_baris_training_data_lower_cbow_lr0.05_epochs1_mincount10_ws24_dims300,opferriten,0.7777166366577148
grantiger_baris_training_data_lower_cbow_lr0.05_epochs1_mincount10_ws24_dims300,opfertod,0.77446448802948
grantiger_baris_training_data_lower_cbow_lr0.05_epochs1_mincount10_ws24_dims300,opferangehörige,0.7733049392700195
grantiger_baris_training_data_lower_cbow_lr0.05_epochs1_mincount10_ws24_dims300,verbrechensopfer,0.7724446058273315
grantiger_baris_training_data_lower_cbow_lr0.05_epochs1_mincount10_ws24_dims300,kopfer,0.7717065215110779
grantiger_baris_training_data_lower_cbow_lr0.05_epochs1_mincount10_ws24_dims300,überfallsopfer,0.769690752029419
grantiger_baris_training_data_lower_cbow_lr0.05_epochs1_mincount10_ws24_dims300,opferreich,0.7693740725517273
grantiger_baris_training_data_lower_cbow_lr0.05_epochs1_mincount10_ws24_dims300,opferkult,0.7676587104797363
grantiger_baris_training_data_lower_cbow_lr0.05_epochs1_mincount10_ws24_dims300,mordopfer,0.7675133943557739
grantiger_baris_training_data_lower_cbow_lr0.05_epochs1_mincount10_ws24_dims300,opferschützer,0.7671264410018921
grantiger_baris_training_data_lower_cbow_lr0.05_epochs1_mincount10_ws24_dims300,opferlamm,0.764407753944397
grantiger_baris_training_data_lower_cbow_lr0.05_epochs1_mincount10_ws24_dims300,opferrenten,0.7638010382652283
grantiger_baris_training_data_lower_cbow_lr0.05_epochs1_mincount10_ws24_dims300,sexopfer,0.7596057057380676
grantiger_baris_training_data_lower_cbow_lr0.05_epochs1_mincount10_ws24_dims300,opferte,0.7592893838882446
grantiger_baris_training_data_lower_cbow_lr0.05_epochs1_mincount10_ws24_dims300,opferreiche,0.7586833834648132
grantiger_baris_training_data_lower_cbow_lr0.05_epochs1_mincount10_ws24_dims300,zivilopfer,0.757273256778717
grantiger_baris_training_data_lower_cbow_lr0.05_epochs1_mincount10_ws24_dims300,opfertier,0.7532844543457031
grantiger_baris_training_data_lower_cbow_lr0.05_epochs1_mincount10_ws24_dims300,opferstock,0.7526198029518127
grantiger_baris_training_data_lower_cbow_lr0.05_epochs1_mincount10_ws24_dims300,opferangehörigen,0.7524882555007935
grantiger_baris_training_data_lower_cbow_lr0.05_epochs1_mincount10_ws24_dims300,opferlichter,0.7524707913398743
grantiger_baris_training_data_lower_cbow_lr0.05_epochs1_mincount10_ws24_dims300,opferseite,0.7513599991798401
grantiger_baris_training_data_lower_cbow_lr0.05_epochs1_mincount10_ws24_dims300,vergewaltigungsopfer,0.7491061091423035
grantiger_baris_training_data_lower_cbow_lr0.05_epochs1_mincount10_ws24_dims300,opfers,0.7479326128959656
grantiger_baris_training_data_lower_cbow_lr0.05_epochs1_mincount10_ws24_dims300,massakeropfer,0.746423065662384
grantiger_baris_training_data_lower_cbow_lr0.05_epochs1_mincount10_ws24_dims300,opfersuche,0.7450730204582214
grantiger_baris_training_data_lower_cbow_lr0.05_epochs1_mincount10_ws24_dims300,opferstöcke,0.7442779541015625
grantiger_baris_training_data_lower_cbow_lr0.05_epochs1_mincount10_ws24_dims300,opferwurst,0.7440112829208374
grantiger_baris_training_data_lower_cbow_lr0.05_epochs1_mincount10_ws24_dims300,opferschützern,0.7428551316261292
grantiger_baris_training_data_lower_cbow_lr0.05_epochs1_mincount10_ws24_dims300,opferrate,0.7420048713684082
grantiger_baris_training_data_lower_cbow_lr0.05_epochs1_mincount10_ws24_dims300,überfallopfer,0.7411832809448242
grantiger_baris_training_data_lower_cbow_lr0.05_epochs1_mincount10_ws24_dims300,opferten,0.740744411945343
grantiger_baris_training_data_lower_cbow_lr0.05_epochs1_mincount10_ws24_dims300,opferbild,0.7406505346298218
grantiger_baris_training_data_lower_cbow_lr0.05_epochs1_mincount10_ws24_dims300,opfernamen,0.7399171590805054
grantiger_baris_training_data_lower_cbow_lr0.05_epochs1_mincount10_ws24_dims300,bissopfer,0.7393577098846436
grantiger_baris_training_data_lower_cbow_lr0.05_epochs1_mincount10_ws24_dims300,opferstätte,0.7393472194671631
grantiger_baris_training_data_lower_cbow_lr0.05_epochs1_mincount10_ws24_dims300,zufallsopfer,0.7383055686950684
grantiger_baris_training_data_lower_cbow_lr0.05_epochs1_mincount10_ws24_dims300,opferschema,0.7377697825431824
grantiger_baris_training_data_lower_cbow_lr0.05_epochs1_mincount10_ws24_dims300,dopfer,0.7365830540657043
grantiger_baris_training_data_lower_cbow_lr0.05_epochs1_mincount10_ws24_dims300,opferaltar,0.7336093187332153
grantiger_baris_training_data_lower_cbow_lr0.05_epochs1_mincount10_ws24_dims300,opferstöcken,0.7330539226531982
grantiger_baris_training_data_lower_cbow_lr0.05_epochs1_mincount10_ws24_dims300,opferlisten,0.7318909764289856
grantiger_baris_training_data_lower_cbow_lr0.05_epochs1_mincount10_ws24_dims300,opfersicht,0.7311111688613892
grantiger_baris_training_data_lower_cbow_lr0.05_epochs1_mincount10_ws24_dims300,opfersteine,0.7308530807495117
grantiger_baris_training_data_lower_cbow_lr0.05_epochs1_mincount10_ws24_dims300,opferstein,0.7303001284599304
grantiger_baris_training_data_lower_cbow_lr0.05_epochs1_mincount10_ws24_dims300,angriffsopfer,0.7266179323196411
grantiger_baris_training_data_lower_cbow_lr0.05_epochs1_mincount10_ws24_dims300,opferung,0.7266072034835815
grantiger_baris_training_data_lower_cbow_lr0.05_epochs1_mincount10_ws24_dims300,opferritual,0.7251152396202087
grantiger_baris_training_data_lower_cbow_lr0.05_epochs1_mincount10_ws24_dims300,totesopfer,0.7248449325561523
grantiger_baris_training_data_lower_cbow_lr0.05_epochs1_mincount10_ws24_dims300,misshandlungsopfer,0.7213481664657593
grantiger_baris_training_data_lower_cbow_lr0.05_epochs1_mincount10_ws24_dims300,prügelopfer,0.7208995819091797
grantiger_baris_training_data_lower_cbow_lr0.05_epochs1_mincount10_ws24_dims300,naziopfer,0.7181779742240906
grantiger_baris_training_data_lower_cbow_lr0.05_epochs1_mincount10_ws24_dims300,opfergaben,0.7173501253128052
grantiger_baris_training_data_lower_cbow_lr0.05_epochs1_mincount10_ws24_dims300,opferkerzen,0.7158605456352234
grantiger_baris_training_data_lower_cbow_lr0.05_epochs1_mincount10_ws24_dims300,opferstockdieb,0.7155687808990479
grantiger_baris_training_data_lower_cbow_lr0.05_epochs1_mincount10_ws24_dims300,opfergabe,0.7152124047279358
grantiger_baris_training_data_lower_cbow_lr0.05_epochs1_mincount10_ws24_dims300,opferstätten,0.7150558829307556
grantiger_baris_training_data_lower_cbow_lr0.05_epochs1_mincount10_ws24_dims300,polizeiopfer,0.7149803638458252
grantiger_baris_training_data_lower_cbow_lr0.05_epochs1_mincount10_ws24_dims300,opferstockes,0.7147692441940308
grantiger_baris_training_data_lower_cbow_lr0.05_epochs1_mincount10_ws24_dims300,opferhilfe,0.7144960165023804
grantiger_baris_training_data_lower_cbow_lr0.05_epochs1_mincount10_ws24_dims300,opfergeld,0.7144789695739746
grantiger_baris_training_data_lower_cbow_lr0.05_epochs1_mincount10_ws24_dims300,anschlagsopfer,0.7122343182563782
grantiger_baris_training_data_lower_cbow_lr0.05_epochs1_mincount10_ws24_dims300,stalkingopfer,0.7121370434761047
grantiger_baris_training_data_lower_cbow_lr0.05_epochs1_mincount10_ws24_dims300,opferschützerin,0.7118347883224487
grantiger_baris_training_data_lower_cbow_lr0.05_epochs1_mincount10_ws24_dims300,opferschalen,0.7113904356956482
grantiger_baris_training_data_lower_cbow_lr0.05_epochs1_mincount10_ws24_dims300,opferplatz,0.7104550004005432
grantiger_baris_training_data_lower_cbow_lr0.05_epochs1_mincount10_ws24_dims300,messeropfer,0.7101505398750305
grantiger_baris_training_data_lower_cbow_lr0.05_epochs1_mincount10_ws24_dims300,blutopfer,0.7085431814193726
grantiger_baris_training_data_lower_cbow_lr0.05_epochs1_mincount10_ws24_dims300,opferbereit,0.7082088589668274
grantiger_baris_training_data_lower_cbow_lr0.05_epochs1_mincount10_ws24_dims300,attentatsopfer,0.7079036235809326
grantiger_baris_training_data_lower_cbow_lr0.05_epochs1_mincount10_ws24_dims300,opferstockdiebe,0.7076854705810547
grantiger_baris_training_data_lower_cbow_lr0.05_epochs1_mincount10_ws24_dims300,opfergedenken,0.7073954343795776
grantiger_baris_training_data_lower_cbow_lr0.05_epochs1_mincount10_ws24_dims300,schussopfer,0.7059640288352966
grantiger_baris_training_data_lower_cbow_lr0.05_epochs1_mincount10_ws24_dims300,sturzopfer,0.7042863368988037
grantiger_baris_training_data_lower_cbow_lr0.05_epochs1_mincount10_ws24_dims300,opfernarrativ,0.7037162780761719
grantiger_baris_training_data_lower_cbow_lr0.05_epochs1_mincount10_ws24_dims300,opferungen,0.7036823630332947
grantiger_baris_training_data_lower_cbow_lr0.05_epochs1_mincount10_ws24_dims300,bergopfer,0.7024694681167603
grantiger_baris_training_data_lower_cbow_lr0.05_epochs1_mincount10_ws24_dims300,opfergruppe,0.7020792961120605
grantiger_baris_training_data_lower_cbow_lr0.05_epochs1_mincount10_ws24_dims300,opferfamilien,0.7013454437255859
grantiger_baris_training_data_lower_cbow_lr0.05_epochs1_mincount10_ws24_dims300,opfermythos,0.7012771368026733
grantiger_baris_training_data_lower_cbow_lr0.05_epochs1_mincount10_ws24_dims300,opferbegriff,0.7011661529541016
sinnlicher_andre_training_data_lower_cbow_lr0.05_epochs1_mincount5_ws5_dims300,tatopfer,0.8651198148727417
sinnlicher_andre_training_data_lower_cbow_lr0.05_epochs1_mincount5_ws5_dims300,raubopfer,0.8574951887130737
sinnlicher_andre_training_data_lower_cbow_lr0.05_epochs1_mincount5_ws5_dims300,haiopfer,0.8436011672019958
sinnlicher_andre_training_data_lower_cbow_lr0.05_epochs1_mincount5_ws5_dims300,opferort,0.841484010219574
sinnlicher_andre_training_data_lower_cbow_lr0.05_epochs1_mincount5_ws5_dims300,opfere,0.8385716080665588
sinnlicher_andre_training_data_lower_cbow_lr0.05_epochs1_mincount5_ws5_dims300,opferst,0.8358281850814819
sinnlicher_andre_training_data_lower_cbow_lr0.05_epochs1_mincount5_ws5_dims300,opfernd,0.8351925611495972
sinnlicher_andre_training_data_lower_cbow_lr0.05_epochs1_mincount5_ws5_dims300,opferwidder,0.8328725099563599
sinnlicher_andre_training_data_lower_cbow_lr0.05_epochs1_mincount5_ws5_dims300,todeopfer,0.8320425748825073
sinnlicher_andre_training_data_lower_cbow_lr0.05_epochs1_mincount5_ws5_dims300,opferorte,0.8245066404342651
sinnlicher_andre_training_data_lower_cbow_lr0.05_epochs1_mincount5_ws5_dims300,stasiopfer,0.8217135071754456
sinnlicher_andre_training_data_lower_cbow_lr0.05_epochs1_mincount5_ws5_dims300,opferlüge,0.8192928433418274
sinnlicher_andre_training_data_lower_cbow_lr0.05_epochs1_mincount5_ws5_dims300,opferkind,0.81891930103302
sinnlicher_andre_training_data_lower_cbow_lr0.05_epochs1_mincount5_ws5_dims300,sexopfer,0.8181267976760864
sinnlicher_andre_training_data_lower_cbow_lr0.05_epochs1_mincount5_ws5_dims300,notopfer,0.8176262378692627
sinnlicher_andre_training_data_lower_cbow_lr0.05_epochs1_mincount5_ws5_dims300,kopfer,0.8159875869750977
sinnlicher_andre_training_data_lower_cbow_lr0.05_epochs1_mincount5_ws5_dims300,gewaltopfer,0.8146283626556396
sinnlicher_andre_training_data_lower_cbow_lr0.05_epochs1_mincount5_ws5_dims300,opferkuch,0.8119975924491882
sinnlicher_andre_training_data_lower_cbow_lr0.05_epochs1_mincount5_ws5_dims300,opferlämmer,0.811302900314331
sinnlicher_andre_training_data_lower_cbow_lr0.05_epochs1_mincount5_ws5_dims300,opfern,0.8087478876113892
sinnlicher_andre_training_data_lower_cbow_lr0.05_epochs1_mincount5_ws5_dims300,opfert,0.808388888835907
sinnlicher_andre_training_data_lower_cbow_lr0.05_epochs1_mincount5_ws5_dims300,opferwitwen,0.8082774877548218
sinnlicher_andre_training_data_lower_cbow_lr0.05_epochs1_mincount5_ws5_dims300,opferfalle,0.8055953979492188
sinnlicher_andre_training_data_lower_cbow_lr0.05_epochs1_mincount5_ws5_dims300,opfernde,0.804892361164093
sinnlicher_andre_training_data_lower_cbow_lr0.05_epochs1_mincount5_ws5_dims300,opferpose,0.8044562339782715
sinnlicher_andre_training_data_lower_cbow_lr0.05_epochs1_mincount5_ws5_dims300,hauptopfer,0.8033002018928528
sinnlicher_andre_training_data_lower_cbow_lr0.05_epochs1_mincount5_ws5_dims300,mordopfer,0.802628755569458
sinnlicher_andre_training_data_lower_cbow_lr0.05_epochs1_mincount5_ws5_dims300,opfersein,0.8025665879249573
sinnlicher_andre_training_data_lower_cbow_lr0.05_epochs1_mincount5_ws5_dims300,zivilopfer,0.8020347952842712
sinnlicher_andre_training_data_lower_cbow_lr0.05_epochs1_mincount5_ws5_dims300,opferfang,0.8006325364112854
sinnlicher_andre_training_data_lower_cbow_lr0.05_epochs1_mincount5_ws5_dims300,überfallsopfer,0.7967166900634766
sinnlicher_andre_training_data_lower_cbow_lr0.05_epochs1_mincount5_ws5_dims300,verbrechensopfer,0.7963126301765442
sinnlicher_andre_training_data_lower_cbow_lr0.05_epochs1_mincount5_ws5_dims300,opfertier,0.794611930847168
sinnlicher_andre_training_data_lower_cbow_lr0.05_epochs1_mincount5_ws5_dims300,racheopfer,0.7933886051177979
sinnlicher_andre_training_data_lower_cbow_lr0.05_epochs1_mincount5_ws5_dims300,opferkorb,0.7921721339225769
sinnlicher_andre_training_data_lower_cbow_lr0.05_epochs1_mincount5_ws5_dims300,blutopfer,0.7921526432037354
sinnlicher_andre_training_data_lower_cbow_lr0.05_epochs1_mincount5_ws5_dims300,opfernacht,0.791236162185669
sinnlicher_andre_training_data_lower_cbow_lr0.05_epochs1_mincount5_ws5_dims300,opferland,0.790270209312439
sinnlicher_andre_training_data_lower_cbow_lr0.05_epochs1_mincount5_ws5_dims300,opferlämmlein,0.7888606190681458
sinnlicher_andre_training_data_lower_cbow_lr0.05_epochs1_mincount5_ws5_dims300,traumaopfer,0.788318932056427
sinnlicher_andre_training_data_lower_cbow_lr0.05_epochs1_mincount5_ws5_dims300,bissopfer,0.7864379286766052
sinnlicher_andre_training_data_lower_cbow_lr0.05_epochs1_mincount5_ws5_dims300,kleopfer,0.7864276766777039
sinnlicher_andre_training_data_lower_cbow_lr0.05_epochs1_mincount5_ws5_dims300,polizeiopfer,0.7842813730239868
sinnlicher_andre_training_data_lower_cbow_lr0.05_epochs1_mincount5_ws5_dims300,opfermut,0.7838634848594666
sinnlicher_andre_training_data_lower_cbow_lr0.05_epochs1_mincount5_ws5_dims300,opfermann,0.7828282117843628
sinnlicher_andre_training_data_lower_cbow_lr0.05_epochs1_mincount5_ws5_dims300,opferkult,0.7826439142227173
sinnlicher_andre_training_data_lower_cbow_lr0.05_epochs1_mincount5_ws5_dims300,opfertod,0.7824409604072571
sinnlicher_andre_training_data_lower_cbow_lr0.05_epochs1_mincount5_ws5_dims300,opferbögen,0.7819671034812927
sinnlicher_andre_training_data_lower_cbow_lr0.05_epochs1_mincount5_ws5_dims300,sühneopfer,0.7815471291542053
sinnlicher_andre_training_data_lower_cbow_lr0.05_epochs1_mincount5_ws5_dims300,naziopfer,0.7814520597457886
sinnlicher_andre_training_data_lower_cbow_lr0.05_epochs1_mincount5_ws5_dims300,schussopfer,0.7813025116920471
sinnlicher_andre_training_data_lower_cbow_lr0.05_epochs1_mincount5_ws5_dims300,opferlamm,0.7805745601654053
sinnlicher_andre_training_data_lower_cbow_lr0.05_epochs1_mincount5_ws5_dims300,überfallopfer,0.7782970666885376
sinnlicher_andre_training_data_lower_cbow_lr0.05_epochs1_mincount5_ws5_dims300,opferriten,0.7776288986206055
sinnlicher_andre_training_data_lower_cbow_lr0.05_epochs1_mincount5_ws5_dims300,dopfer,0.777188777923584
sinnlicher_andre_training_data_lower_cbow_lr0.05_epochs1_mincount5_ws5_dims300,opfergang,0.776739776134491
sinnlicher_andre_training_data_lower_cbow_lr0.05_epochs1_mincount5_ws5_dims300,terroropfer,0.7764123678207397
sinnlicher_andre_training_data_lower_cbow_lr0.05_epochs1_mincount5_ws5_dims300,giftopfer,0.7761987447738647
sinnlicher_andre_training_data_lower_cbow_lr0.05_epochs1_mincount5_ws5_dims300,massakeropfer,0.7761319279670715
sinnlicher_andre_training_data_lower_cbow_lr0.05_epochs1_mincount5_ws5_dims300,vergewaltigungsopfer,0.7752683758735657
sinnlicher_andre_training_data_lower_cbow_lr0.05_epochs1_mincount5_ws5_dims300,zufallsopfer,0.7742005586624146
sinnlicher_andre_training_data_lower_cbow_lr0.05_epochs1_mincount5_ws5_dims300,euthanasieopfer,0.7737163305282593
sinnlicher_andre_training_data_lower_cbow_lr0.05_epochs1_mincount5_ws5_dims300,suizidopfer,0.7732297778129578
sinnlicher_andre_training_data_lower_cbow_lr0.05_epochs1_mincount5_ws5_dims300,prügelopfer,0.7729240655899048
sinnlicher_andre_training_data_lower_cbow_lr0.05_epochs1_mincount5_ws5_dims300,opfernden,0.7722793221473694
sinnlicher_andre_training_data_lower_cbow_lr0.05_epochs1_mincount5_ws5_dims300,opferputz,0.7718722224235535
sinnlicher_andre_training_data_lower_cbow_lr0.05_epochs1_mincount5_ws5_dims300,geldopfer,0.7703510522842407
sinnlicher_andre_training_data_lower_cbow_lr0.05_epochs1_mincount5_ws5_dims300,gasopfer,0.7702858448028564
sinnlicher_andre_training_data_lower_cbow_lr0.05_epochs1_mincount5_ws5_dims300,anschlagsopfer,0.7702425122261047
sinnlicher_andre_training_data_lower_cbow_lr0.05_epochs1_mincount5_ws5_dims300,geiselopfer,0.7701758146286011
sinnlicher_andre_training_data_lower_cbow_lr0.05_epochs1_mincount5_ws5_dims300,opfermahl,0.7694182991981506
sinnlicher_andre_training_data_lower_cbow_lr0.05_epochs1_mincount5_ws5_dims300,opferreich,0.7692005634307861
sinnlicher_andre_training_data_lower_cbow_lr0.05_epochs1_mincount5_ws5_dims300,opferrente,0.7689197063446045
sinnlicher_andre_training_data_lower_cbow_lr0.05_epochs1_mincount5_ws5_dims300,totesopfer,0.7680410742759705
sinnlicher_andre_training_data_lower_cbow_lr0.05_epochs1_mincount5_ws5_dims300,stalkingopfer,0.7679867148399353
sinnlicher_andre_training_data_lower_cbow_lr0.05_epochs1_mincount5_ws5_dims300,opferangehörige,0.7670137286186218
sinnlicher_andre_training_data_lower_cbow_lr0.05_epochs1_mincount5_ws5_dims300,entführungsopfer,0.766821563243866
sinnlicher_andre_training_data_lower_cbow_lr0.05_epochs1_mincount5_ws5_dims300,opfermesser,0.7661278247833252
sinnlicher_andre_training_data_lower_cbow_lr0.05_epochs1_mincount5_ws5_dims300,misshandlungsopfer,0.7651740908622742
sinnlicher_andre_training_data_lower_cbow_lr0.05_epochs1_mincount5_ws5_dims300,sturzopfer,0.764710009098053
sinnlicher_andre_training_data_lower_cbow_lr0.05_epochs1_mincount5_ws5_dims300,opferstick,0.7620005011558533
sinnlicher_andre_training_data_lower_cbow_lr0.05_epochs1_mincount5_ws5_dims300,opferte,0.761589765548706
sinnlicher_andre_training_data_lower_cbow_lr0.05_epochs1_mincount5_ws5_dims300,opferbild,0.7602995038032532
sinnlicher_andre_training_data_lower_cbow_lr0.05_epochs1_mincount5_ws5_dims300,attentatsopfer,0.7602282762527466
sinnlicher_andre_training_data_lower_cbow_lr0.05_epochs1_mincount5_ws5_dims300,kriegsopfer,0.7601601481437683
sinnlicher_andre_training_data_lower_cbow_lr0.05_epochs1_mincount5_ws5_dims300,anschlagopfer,0.7595453262329102
sinnlicher_andre_training_data_lower_cbow_lr0.05_epochs1_mincount5_ws5_dims300,opferrenten,0.7592844367027283
sinnlicher_andre_training_data_lower_cbow_lr0.05_epochs1_mincount5_ws5_dims300,angriffsopfer,0.7590689063072205
sinnlicher_andre_training_data_lower_cbow_lr0.05_epochs1_mincount5_ws5_dims300,opferwitwe,0.7589492201805115
sinnlicher_andre_training_data_lower_cbow_lr0.05_epochs1_mincount5_ws5_dims300,folteropfer,0.7588632702827454
sinnlicher_andre_training_data_lower_cbow_lr0.05_epochs1_mincount5_ws5_dims300,regimeopfer,0.7584103941917419
sinnlicher_andre_training_data_lower_cbow_lr0.05_epochs1_mincount5_ws5_dims300,opferkerze,0.7575480341911316
sinnlicher_andre_training_data_lower_cbow_lr0.05_epochs1_mincount5_ws5_dims300,diebstahlsopfer,0.7564465403556824
sinnlicher_andre_training_data_lower_cbow_lr0.05_epochs1_mincount5_ws5_dims300,opfergestus,0.7553466558456421
sinnlicher_andre_training_data_lower_cbow_lr0.05_epochs1_mincount5_ws5_dims300,opferlichter,0.7549616098403931
sinnlicher_andre_training_data_lower_cbow_lr0.05_epochs1_mincount5_ws5_dims300,unglücksopfer,0.7545053362846375
sinnlicher_andre_training_data_lower_cbow_lr0.05_epochs1_mincount5_ws5_dims300,opfersuche,0.7544549107551575
sinnlicher_andre_training_data_lower_cbow_lr0.05_epochs1_mincount5_ws5_dims300,opferwurst,0.7539659738540649
sinnlicher_andre_training_data_lower_cbow_lr0.05_epochs1_mincount5_ws5_dims300,opferaltar,0.753860592842102
sinnlicher_andre_training_data_lower_cbow_lr0.05_epochs1_mincount5_ws5_dims300,stauopfer,0.7533954381942749
angeregte_friederike_training_data_cbow_lr0.05_epochs1_mincount5_ws24_dims300,opfere,0.8901849389076233
angeregte_friederike_training_data_cbow_lr0.05_epochs1_mincount5_ws24_dims300,opferort,0.8733221888542175
angeregte_friederike_training_data_cbow_lr0.05_epochs1_mincount5_ws24_dims300,opfert,0.8677394986152649
angeregte_friederike_training_data_cbow_lr0.05_epochs1_mincount5_ws24_dims300,opferwidder,0.8596587777137756
angeregte_friederike_training_data_cbow_lr0.05_epochs1_mincount5_ws24_dims300,opferfalle,0.8585006594657898
angeregte_friederike_training_data_cbow_lr0.05_epochs1_mincount5_ws24_dims300,opfe,0.8515047430992126
angeregte_friederike_training_data_cbow_lr0.05_epochs1_mincount5_ws24_dims300,opferpose,0.8495504260063171
angeregte_friederike_training_data_cbow_lr0.05_epochs1_mincount5_ws24_dims300,opferorte,0.8473067283630371
angeregte_friederike_training_data_cbow_lr0.05_epochs1_mincount5_ws24_dims300,opferlämmer,0.8437192440032959
angeregte_friederike_training_data_cbow_lr0.05_epochs1_mincount5_ws24_dims300,opfern,0.8422669768333435
angeregte_friederike_training_data_cbow_lr0.05_epochs1_mincount5_ws24_dims300,opferkorb,0.8340582251548767
angeregte_friederike_training_data_cbow_lr0.05_epochs1_mincount5_ws24_dims300,opfernacht,0.8321213722229004
angeregte_friederike_training_data_cbow_lr0.05_epochs1_mincount5_ws24_dims300,opfermut,0.8318430781364441
angeregte_friederike_training_data_cbow_lr0.05_epochs1_mincount5_ws24_dims300,opferkind,0.8304405808448792
angeregte_friederike_training_data_cbow_lr0.05_epochs1_mincount5_ws24_dims300,opfertod,0.8288594484329224
angeregte_friederike_training_data_cbow_lr0.05_epochs1_mincount5_ws24_dims300,opferkuch,0.827996015548706
angeregte_friederike_training_data_cbow_lr0.05_epochs1_mincount5_ws24_dims300,opferte,0.8274911046028137
angeregte_friederike_training_data_cbow_lr0.05_epochs1_mincount5_ws24_dims300,opfersein,0.8218493461608887
angeregte_friederike_training_data_cbow_lr0.05_epochs1_mincount5_ws24_dims300,opferfang,0.8178378939628601
angeregte_friederike_training_data_cbow_lr0.05_epochs1_mincount5_ws24_dims300,opferland,0.8175958395004272
angeregte_friederike_training_data_cbow_lr0.05_epochs1_mincount5_ws24_dims300,opferrente,0.8170931339263916
angeregte_friederike_training_data_cbow_lr0.05_epochs1_mincount5_ws24_dims300,opferlüge,0.8161284327507019
angeregte_friederike_training_data_cbow_lr0.05_epochs1_mincount5_ws24_dims300,opfertyp,0.8154506683349609
angeregte_friederike_training_data_cbow_lr0.05_epochs1_mincount5_ws24_dims300,opferlämmlein,0.8147354125976562
angeregte_friederike_training_data_cbow_lr0.05_epochs1_mincount5_ws24_dims300,opferbögen,0.8130486011505127
angeregte_friederike_training_data_cbow_lr0.05_epochs1_mincount5_ws24_dims300,opfermann,0.8109791874885559
angeregte_friederike_training_data_cbow_lr0.05_epochs1_mincount5_ws24_dims300,opferriten,0.8092588186264038
angeregte_friederike_training_data_cbow_lr0.05_epochs1_mincount5_ws24_dims300,opfertier,0.8087605237960815
angeregte_friederike_training_data_cbow_lr0.05_epochs1_mincount5_ws24_dims300,opferwitwen,0.8073111772537231
angeregte_friederike_training_data_cbow_lr0.05_epochs1_mincount5_ws24_dims300,opferschützer,0.8047679662704468
angeregte_friederike_training_data_cbow_lr0.05_epochs1_mincount5_ws24_dims300,opfergang,0.8038676381111145
angeregte_friederike_training_data_cbow_lr0.05_epochs1_mincount5_ws24_dims300,opfermesser,0.8028857111930847
angeregte_friederike_training_data_cbow_lr0.05_epochs1_mincount5_ws24_dims300,opferkerze,0.8010995984077454
angeregte_friederike_training_data_cbow_lr0.05_epochs1_mincount5_ws24_dims300,opferkult,0.7978816032409668
angeregte_friederike_training_data_cbow_lr0.05_epochs1_mincount5_ws24_dims300,opferumkehr,0.7922743558883667
angeregte_friederike_training_data_cbow_lr0.05_epochs1_mincount5_ws24_dims300,opferangehörige,0.791213870048523
angeregte_friederike_training_data_cbow_lr0.05_epochs1_mincount5_ws24_dims300,opferwitwe,0.7909332513809204
angeregte_friederike_training_data_cbow_lr0.05_epochs1_mincount5_ws24_dims300,opferputz,0.789428174495697
angeregte_friederike_training_data_cbow_lr0.05_epochs1_mincount5_ws24_dims300,opfergestus,0.7889878153800964
angeregte_friederike_training_data_cbow_lr0.05_epochs1_mincount5_ws24_dims300,opferrenten,0.7876042723655701
angeregte_friederike_training_data_cbow_lr0.05_epochs1_mincount5_ws24_dims300,opfermahl,0.7862919569015503
angeregte_friederike_training_data_cbow_lr0.05_epochs1_mincount5_ws24_dims300,opferlisten,0.7862244248390198
angeregte_friederike_training_data_cbow_lr0.05_epochs1_mincount5_ws24_dims300,opferaltäre,0.7858352065086365
angeregte_friederike_training_data_cbow_lr0.05_epochs1_mincount5_ws24_dims300,opferkerzen,0.7842907309532166
angeregte_friederike_training_data_cbow_lr0.05_epochs1_mincount5_ws24_dims300,opferlegende,0.7840937972068787
angeregte_friederike_training_data_cbow_lr0.05_epochs1_mincount5_ws24_dims300,opferaltar,0.783990740776062
angeregte_friederike_training_data_cbow_lr0.05_epochs1_mincount5_ws24_dims300,opferrate,0.782947301864624
angeregte_friederike_training_data_cbow_lr0.05_epochs1_mincount5_ws24_dims300,opferwagen,0.7804635167121887
angeregte_friederike_training_data_cbow_lr0.05_epochs1_mincount5_ws24_dims300,opfertypen,0.7780079245567322
angeregte_friederike_training_data_cbow_lr0.05_epochs1_mincount5_ws24_dims300,opfertum,0.7765836119651794
angeregte_friederike_training_data_cbow_lr0.05_epochs1_mincount5_ws24_dims300,opfernarrativ,0.7760086059570312
angeregte_friederike_training_data_cbow_lr0.05_epochs1_mincount5_ws24_dims300,opferangehörigen,0.7719331979751587
angeregte_friederike_training_data_cbow_lr0.05_epochs1_mincount5_ws24_dims300,opferlichter,0.7715958952903748
angeregte_friederike_training_data_cbow_lr0.05_epochs1_mincount5_ws24_dims300,opferbild,0.7692641615867615
angeregte_friederike_training_data_cbow_lr0.05_epochs1_mincount5_ws24_dims300,verbrechensopfer,0.7680714726448059
angeregte_friederike_training_data_cbow_lr0.05_epochs1_mincount5_ws24_dims300,opferstocks,0.7680139541625977
angeregte_friederike_training_data_cbow_lr0.05_epochs1_mincount5_ws24_dims300,opferschützern,0.7677139043807983
angeregte_friederike_training_data_cbow_lr0.05_epochs1_mincount5_ws24_dims300,opferseite,0.7675991654396057
angeregte_friederike_training_data_cbow_lr0.05_epochs1_mincount5_ws24_dims300,opferschema,0.7657925486564636
angeregte_friederike_training_data_cbow_lr0.05_epochs1_mincount5_ws24_dims300,opferstock,0.765787661075592
angeregte_friederike_training_data_cbow_lr0.05_epochs1_mincount5_ws24_dims300,opfermythen,0.7644170522689819
angeregte_friederike_training_data_cbow_lr0.05_epochs1_mincount5_ws24_dims300,opfertiere,0.7644084095954895
angeregte_friederike_training_data_cbow_lr0.05_epochs1_mincount5_ws24_dims300,opferbegriff,0.7625259757041931
angeregte_friederike_training_data_cbow_lr0.05_epochs1_mincount5_ws24_dims300,opferlamm,0.7622441053390503
angeregte_friederike_training_data_cbow_lr0.05_epochs1_mincount5_ws24_dims300,opferstockbande,0.7615193724632263
angeregte_friederike_training_data_cbow_lr0.05_epochs1_mincount5_ws24_dims300,opferritual,0.7608778476715088
angeregte_friederike_training_data_cbow_lr0.05_epochs1_mincount5_ws24_dims300,opfersuche,0.7606701254844666
angeregte_friederike_training_data_cbow_lr0.05_epochs1_mincount5_ws24_dims300,opferstelle,0.7605289220809937
angeregte_friederike_training_data_cbow_lr0.05_epochs1_mincount5_ws24_dims300,opferkreis,0.7599490880966187
angeregte_friederike_training_data_cbow_lr0.05_epochs1_mincount5_ws24_dims300,opferstick,0.7592950463294983
angeregte_friederike_training_data_cbow_lr0.05_epochs1_mincount5_ws24_dims300,opferzeuginnen,0.7589074969291687
angeregte_friederike_training_data_cbow_lr0.05_epochs1_mincount5_ws24_dims300,opferstockdieben,0.7580031156539917
angeregte_friederike_training_data_cbow_lr0.05_epochs1_mincount5_ws24_dims300,opferstöcken,0.7577187418937683
angeregte_friederike_training_data_cbow_lr0.05_epochs1_mincount5_ws24_dims300,opfernamen,0.7567214965820312
angeregte_friederike_training_data_cbow_lr0.05_epochs1_mincount5_ws24_dims300,opferschale,0.7566475868225098
angeregte_friederike_training_data_cbow_lr0.05_epochs1_mincount5_ws24_dims300,opferkuchen,0.7558967471122742
angeregte_friederike_training_data_cbow_lr0.05_epochs1_mincount5_ws24_dims300,opferung,0.755082368850708
angeregte_friederike_training_data_cbow_lr0.05_epochs1_mincount5_ws24_dims300,opferschaft,0.7530916929244995
angeregte_friederike_training_data_cbow_lr0.05_epochs1_mincount5_ws24_dims300,opfersicht,0.7527774572372437
angeregte_friederike_training_data_cbow_lr0.05_epochs1_mincount5_ws24_dims300,vergewaltigungsopfer,0.7522674202919006
angeregte_friederike_training_data_cbow_lr0.05_epochs1_mincount5_ws24_dims300,opfers,0.7513042688369751
angeregte_friederike_training_data_cbow_lr0.05_epochs1_mincount5_ws24_dims300,opferberichte,0.7512195110321045
angeregte_friederike_training_data_cbow_lr0.05_epochs1_mincount5_ws24_dims300,opferszene,0.7503622174263
angeregte_friederike_training_data_cbow_lr0.05_epochs1_mincount5_ws24_dims300,opferstöcke,0.7502437233924866
angeregte_friederike_training_data_cbow_lr0.05_epochs1_mincount5_ws24_dims300,opferfigur,0.7494363784790039
angeregte_friederike_training_data_cbow_lr0.05_epochs1_mincount5_ws24_dims300,opferaltären,0.7494165897369385
angeregte_friederike_training_data_cbow_lr0.05_epochs1_mincount5_ws24_dims300,opferbilder,0.7478739023208618
angeregte_friederike_training_data_cbow_lr0.05_epochs1_mincount5_ws24_dims300,opfergeld,0.7478408813476562
angeregte_friederike_training_data_cbow_lr0.05_epochs1_mincount5_ws24_dims300,opferthese,0.7476328015327454
angeregte_friederike_training_data_cbow_lr0.05_epochs1_mincount5_ws24_dims300,opferwurst,0.7457767724990845
angeregte_friederike_training_data_cbow_lr0.05_epochs1_mincount5_ws24_dims300,opferschalen,0.7440624833106995
angeregte_friederike_training_data_cbow_lr0.05_epochs1_mincount5_ws24_dims300,opferstein,0.7435485124588013
angeregte_friederike_training_data_cbow_lr0.05_epochs1_mincount5_ws24_dims300,opferangaben,0.7412455081939697
angeregte_friederike_training_data_cbow_lr0.05_epochs1_mincount5_ws24_dims300,opfertisch,0.7410600781440735
angeregte_friederike_training_data_cbow_lr0.05_epochs1_mincount5_ws24_dims300,opferstockdiebe,0.7405911684036255
angeregte_friederike_training_data_cbow_lr0.05_epochs1_mincount5_ws24_dims300,opferstätte,0.740503191947937
angeregte_friederike_training_data_cbow_lr0.05_epochs1_mincount5_ws24_dims300,opferschicksale,0.7402666807174683
angeregte_friederike_training_data_cbow_lr0.05_epochs1_mincount5_ws24_dims300,opfermythos,0.7400674223899841
angeregte_friederike_training_data_cbow_lr0.05_epochs1_mincount5_ws24_dims300,überfallsopfer,0.7390428781509399
angeregte_friederike_training_data_cbow_lr0.05_epochs1_mincount5_ws24_dims300,tatopfer,0.7390132546424866
angeregter_lucca_training_data_lower_cbow_lr0.05_epochs1_mincount100_ws5_dims300,raubopfer,0.8346382975578308
angeregter_lucca_training_data_lower_cbow_lr0.05_epochs1_mincount100_ws5_dims300,opfere,0.8331566452980042
angeregter_lucca_training_data_lower_cbow_lr0.05_epochs1_mincount100_ws5_dims300,gewaltopfer,0.7993651032447815
angeregter_lucca_training_data_lower_cbow_lr0.05_epochs1_mincount100_ws5_dims300,hauptopfer,0.7919821739196777
angeregter_lucca_training_data_lower_cbow_lr0.05_epochs1_mincount100_ws5_dims300,opfern,0.788703203201294
angeregter_lucca_training_data_lower_cbow_lr0.05_epochs1_mincount100_ws5_dims300,mordopfer,0.7870109677314758
angeregter_lucca_training_data_lower_cbow_lr0.05_epochs1_mincount100_ws5_dims300,verbrechensopfer,0.7810510993003845
angeregter_lucca_training_data_lower_cbow_lr0.05_epochs1_mincount100_ws5_dims300,opferlamm,0.7697757482528687
angeregter_lucca_training_data_lower_cbow_lr0.05_epochs1_mincount100_ws5_dims300,zufallsopfer,0.7690330743789673
angeregter_lucca_training_data_lower_cbow_lr0.05_epochs1_mincount100_ws5_dims300,schussopfer,0.7633041143417358
angeregter_lucca_training_data_lower_cbow_lr0.05_epochs1_mincount100_ws5_dims300,opfert,0.7580927610397339
angeregter_lucca_training_data_lower_cbow_lr0.05_epochs1_mincount100_ws5_dims300,vergewaltigungsopfer,0.7577102780342102
angeregter_lucca_training_data_lower_cbow_lr0.05_epochs1_mincount100_ws5_dims300,bissopfer,0.7460475564002991
angeregter_lucca_training_data_lower_cbow_lr0.05_epochs1_mincount100_ws5_dims300,prügelopfer,0.7455424070358276
angeregter_lucca_training_data_lower_cbow_lr0.05_epochs1_mincount100_ws5_dims300,sturzopfer,0.7432453632354736
angeregter_lucca_training_data_lower_cbow_lr0.05_epochs1_mincount100_ws5_dims300,anschlagsopfer,0.7426849603652954
angeregter_lucca_training_data_lower_cbow_lr0.05_epochs1_mincount100_ws5_dims300,entführungsopfer,0.7348593473434448
angeregter_lucca_training_data_lower_cbow_lr0.05_epochs1_mincount100_ws5_dims300,justizopfer,0.7342448234558105
angeregter_lucca_training_data_lower_cbow_lr0.05_epochs1_mincount100_ws5_dims300,dopfer,0.7341063618659973
angeregter_lucca_training_data_lower_cbow_lr0.05_epochs1_mincount100_ws5_dims300,kriegsopfer,0.7299657464027405
angeregter_lucca_training_data_lower_cbow_lr0.05_epochs1_mincount100_ws5_dims300,folteropfer,0.7292077541351318
angeregter_lucca_training_data_lower_cbow_lr0.05_epochs1_mincount100_ws5_dims300,terroropfer,0.7222195863723755
angeregter_lucca_training_data_lower_cbow_lr0.05_epochs1_mincount100_ws5_dims300,opferstöcke,0.7208203077316284
angeregter_lucca_training_data_lower_cbow_lr0.05_epochs1_mincount100_ws5_dims300,menschenopfer,0.7186374068260193
angeregter_lucca_training_data_lower_cbow_lr0.05_epochs1_mincount100_ws5_dims300,mobbingopfer,0.7185914516448975
angeregter_lucca_training_data_lower_cbow_lr0.05_epochs1_mincount100_ws5_dims300,todesopfer,0.7174283266067505
angeregter_lucca_training_data_lower_cbow_lr0.05_epochs1_mincount100_ws5_dims300,opferstock,0.7116658687591553
angeregter_lucca_training_data_lower_cbow_lr0.05_epochs1_mincount100_ws5_dims300,missbrauchsopfer,0.7096037268638611
angeregter_lucca_training_data_lower_cbow_lr0.05_epochs1_mincount100_ws5_dims300,brandopfer,0.707409679889679
angeregter_lucca_training_data_lower_cbow_lr0.05_epochs1_mincount100_ws5_dims300,opfermythos,0.7066220641136169
angeregter_lucca_training_data_lower_cbow_lr0.05_epochs1_mincount100_ws5_dims300,betrugsopfer,0.7025272846221924
angeregter_lucca_training_data_lower_cbow_lr0.05_epochs1_mincount100_ws5_dims300,opferten,0.7011300325393677
angeregter_lucca_training_data_lower_cbow_lr0.05_epochs1_mincount100_ws5_dims300,opferung,0.7000205516815186
angeregter_lucca_training_data_lower_cbow_lr0.05_epochs1_mincount100_ws5_dims300,opferstöcken,0.6993393898010254
angeregter_lucca_training_data_lower_cbow_lr0.05_epochs1_mincount100_ws5_dims300,opferfamilien,0.6980785727500916
angeregter_lucca_training_data_lower_cbow_lr0.05_epochs1_mincount100_ws5_dims300,opferte,0.6977145671844482
angeregter_lucca_training_data_lower_cbow_lr0.05_epochs1_mincount100_ws5_dims300,drogenopfer,0.6945449709892273
angeregter_lucca_training_data_lower_cbow_lr0.05_epochs1_mincount100_ws5_dims300,opferstockdieb,0.6937995553016663
angeregter_lucca_training_data_lower_cbow_lr0.05_epochs1_mincount100_ws5_dims300,opfergaben,0.6921982765197754
angeregter_lucca_training_data_lower_cbow_lr0.05_epochs1_mincount100_ws5_dims300,opferanwälte,0.6896495223045349
angeregter_lucca_training_data_lower_cbow_lr0.05_epochs1_mincount100_ws5_dims300,absturzopfer,0.6891445517539978
angeregter_lucca_training_data_lower_cbow_lr0.05_epochs1_mincount100_ws5_dims300,vergewaltigungsopfern,0.6888134479522705
angeregter_lucca_training_data_lower_cbow_lr0.05_epochs1_mincount100_ws5_dims300,einbruchsopfer,0.6881182789802551
angeregter_lucca_training_data_lower_cbow_lr0.05_epochs1_mincount100_ws5_dims300,verbrechensopfern,0.6874802112579346
angeregter_lucca_training_data_lower_cbow_lr0.05_epochs1_mincount100_ws5_dims300,unfallopfer,0.6874521970748901
angeregter_lucca_training_data_lower_cbow_lr0.05_epochs1_mincount100_ws5_dims300,klopfer,0.6846149563789368
angeregter_lucca_training_data_lower_cbow_lr0.05_epochs1_mincount100_ws5_dims300,hopfer,0.6836753487586975
angeregter_lucca_training_data_lower_cbow_lr0.05_epochs1_mincount100_ws5_dims300,flutopfer,0.6830775737762451
angeregter_lucca_training_data_lower_cbow_lr0.05_epochs1_mincount100_ws5_dims300,opferfamilie,0.6789534687995911
angeregter_lucca_training_data_lower_cbow_lr0.05_epochs1_mincount100_ws5_dims300,opferhilfe,0.6780248284339905
angeregter_lucca_training_data_lower_cbow_lr0.05_epochs1_mincount100_ws5_dims300,opfergabe,0.6774918437004089
angeregter_lucca_training_data_lower_cbow_lr0.05_epochs1_mincount100_ws5_dims300,gewaltopfern,0.675020158290863
angeregter_lucca_training_data_lower_cbow_lr0.05_epochs1_mincount100_ws5_dims300,opfers,0.672543466091156
angeregter_lucca_training_data_lower_cbow_lr0.05_epochs1_mincount100_ws5_dims300,opfergruppe,0.6718063354492188
angeregter_lucca_training_data_lower_cbow_lr0.05_epochs1_mincount100_ws5_dims300,mordopfern,0.6715574264526367
angeregter_lucca_training_data_lower_cbow_lr0.05_epochs1_mincount100_ws5_dims300,opfergruppen,0.6698384284973145
angeregter_lucca_training_data_lower_cbow_lr0.05_epochs1_mincount100_ws5_dims300,opferthese,0.6631059050559998
angeregter_lucca_training_data_lower_cbow_lr0.05_epochs1_mincount100_ws5_dims300,opferfest,0.6603552103042603
angeregter_lucca_training_data_lower_cbow_lr0.05_epochs1_mincount100_ws5_dims300,vergewaltigungsopfers,0.6567505598068237
angeregter_lucca_training_data_lower_cbow_lr0.05_epochs1_mincount100_ws5_dims300,opfervertreter,0.6509885787963867
angeregter_lucca_training_data_lower_cbow_lr0.05_epochs1_mincount100_ws5_dims300,opferanwalt,0.6427643299102783
angeregter_lucca_training_data_lower_cbow_lr0.05_epochs1_mincount100_ws5_dims300,anschlagsopfern,0.6409476399421692
angeregter_lucca_training_data_lower_cbow_lr0.05_epochs1_mincount100_ws5_dims300,todesopfern,0.6364598274230957
angeregter_lucca_training_data_lower_cbow_lr0.05_epochs1_mincount100_ws5_dims300,opferanwältin,0.6329485177993774
angeregter_lucca_training_data_lower_cbow_lr0.05_epochs1_mincount100_ws5_dims300,gewalttäter,0.6307089328765869
angeregter_lucca_training_data_lower_cbow_lr0.05_epochs1_mincount100_ws5_dims300,opferfonds,0.6238017082214355
angeregter_lucca_training_data_lower_cbow_lr0.05_epochs1_mincount100_ws5_dims300,todesopfers,0.6235862374305725
angeregter_lucca_training_data_lower_cbow_lr0.05_epochs1_mincount100_ws5_dims300,täter,0.6216092109680176
angeregter_lucca_training_data_lower_cbow_lr0.05_epochs1_mincount100_ws5_dims300,opferrolle,0.6215888261795044
angeregter_lucca_training_data_lower_cbow_lr0.05_epochs1_mincount100_ws5_dims300,missbrauchsopfern,0.6212682723999023
angeregter_lucca_training_data_lower_cbow_lr0.05_epochs1_mincount100_ws5_dims300,opferverbände,0.6204003691673279
angeregter_lucca_training_data_lower_cbow_lr0.05_epochs1_mincount100_ws5_dims300,bauernopfer,0.6159382462501526
angeregter_lucca_training_data_lower_cbow_lr0.05_epochs1_mincount100_ws5_dims300,verbrechensopferhilfe,0.611391007900238
angeregter_lucca_training_data_lower_cbow_lr0.05_epochs1_mincount100_ws5_dims300,kriegsopfern,0.6087231040000916
angeregter_lucca_training_data_lower_cbow_lr0.05_epochs1_mincount100_ws5_dims300,opferstatus,0.6074908375740051
angeregter_lucca_training_data_lower_cbow_lr0.05_epochs1_mincount100_ws5_dims300,opferfests,0.6073498129844666
angeregter_lucca_training_data_lower_cbow_lr0.05_epochs1_mincount100_ws5_dims300,schenkelklopfer,0.6038042306900024
angeregter_lucca_training_data_lower_cbow_lr0.05_epochs1_mincount100_ws5_dims300,folteropfern,0.6036595702171326
angeregter_lucca_training_data_lower_cbow_lr0.05_epochs1_mincount100_ws5_dims300,mittäter,0.6022721529006958
angeregter_lucca_training_data_lower_cbow_lr0.05_epochs1_mincount100_ws5_dims300,unfallopfern,0.6015901565551758
angeregter_lucca_training_data_lower_cbow_lr0.05_epochs1_mincount100_ws5_dims300,erdbebenopfer,0.5993344783782959
angeregter_lucca_training_data_lower_cbow_lr0.05_epochs1_mincount100_ws5_dims300,sextäter,0.5990896821022034
angeregter_lucca_training_data_lower_cbow_lr0.05_epochs1_mincount100_ws5_dims300,täterinnen,0.5990331172943115
angeregter_lucca_training_data_lower_cbow_lr0.05_epochs1_mincount100_ws5_dims300,opferrechte,0.5987945199012756
angeregter_lucca_training_data_lower_cbow_lr0.05_epochs1_mincount100_ws5_dims300,ersttäter,0.5953757762908936
angeregter_lucca_training_data_lower_cbow_lr0.05_epochs1_mincount100_ws5_dims300,sprücheklopfer,0.5950438380241394
angeregter_lucca_training_data_lower_cbow_lr0.05_epochs1_mincount100_ws5_dims300,totengebet,0.5949323177337646
angeregter_lucca_training_data_lower_cbow_lr0.05_epochs1_mincount100_ws5_dims300,gewaltverbrechen,0.5936850905418396
angeregter_lucca_training_data_lower_cbow_lr0.05_epochs1_mincount100_ws5_dims300,gewaltverbrecher,0.5933117270469666
angeregter_lucca_training_data_lower_cbow_lr0.05_epochs1_mincount100_ws5_dims300,opferverbänden,0.5930938124656677
angeregter_lucca_training_data_lower_cbow_lr0.05_epochs1_mincount100_ws5_dims300,opferschutz,0.5926563739776611
angeregter_lucca_training_data_lower_cbow_lr0.05_epochs1_mincount100_ws5_dims300,tatzeugen,0.5912447571754456
angeregter_lucca_training_data_lower_cbow_lr0.05_epochs1_mincount100_ws5_dims300,gewalttätern,0.5908626914024353
angeregter_lucca_training_data_lower_cbow_lr0.05_epochs1_mincount100_ws5_dims300,schulterklopfer,0.5901897549629211
angeregter_lucca_training_data_lower_cbow_lr0.05_epochs1_mincount100_ws5_dims300,verbrechensopfergesetz,0.5892063975334167
angeregter_lucca_training_data_lower_cbow_lr0.05_epochs1_mincount100_ws5_dims300,opferschutzgründen,0.5859166979789734
angeregter_lucca_training_data_lower_cbow_lr0.05_epochs1_mincount100_ws5_dims300,toten,0.5858669877052307
angeregter_lucca_training_data_lower_cbow_lr0.05_epochs1_mincount100_ws5_dims300,terroropfern,0.585655152797699
angeregter_lucca_training_data_lower_cbow_lr0.05_epochs1_mincount100_ws5_dims300,vergewaltigten,0.5840057134628296
angeregter_lucca_training_data_lower_cbow_lr0.05_epochs1_mincount100_ws5_dims300,opferbereitschaft,0.5801212787628174
lebendiger_paul_training_data_cbow_lr0.05_epochs1_mincount10_ws12_dims300,opfere,0.8722162842750549
lebendiger_paul_training_data_cbow_lr0.05_epochs1_mincount10_ws12_dims300,opfert,0.8709164261817932
lebendiger_paul_training_data_cbow_lr0.05_epochs1_mincount10_ws12_dims300,opferwidder,0.8611361384391785
lebendiger_paul_training_data_cbow_lr0.05_epochs1_mincount10_ws12_dims300,opferpose,0.844421923160553
lebendiger_paul_training_data_cbow_lr0.05_epochs1_mincount10_ws12_dims300,opferlämmer,0.8439270853996277
lebendiger_paul_training_data_cbow_lr0.05_epochs1_mincount10_ws12_dims300,opferkuch,0.8400638699531555
lebendiger_paul_training_data_cbow_lr0.05_epochs1_mincount10_ws12_dims300,opfertod,0.8255940675735474
lebendiger_paul_training_data_cbow_lr0.05_epochs1_mincount10_ws12_dims300,opfermut,0.8234122395515442
lebendiger_paul_training_data_cbow_lr0.05_epochs1_mincount10_ws12_dims300,opfern,0.8216171264648438
lebendiger_paul_training_data_cbow_lr0.05_epochs1_mincount10_ws12_dims300,opfersein,0.8169128894805908
lebendiger_paul_training_data_cbow_lr0.05_epochs1_mincount10_ws12_dims300,opferwitwen,0.8160742521286011
lebendiger_paul_training_data_cbow_lr0.05_epochs1_mincount10_ws12_dims300,opfertier,0.8129063248634338
lebendiger_paul_training_data_cbow_lr0.05_epochs1_mincount10_ws12_dims300,opfermann,0.8064184188842773
lebendiger_paul_training_data_cbow_lr0.05_epochs1_mincount10_ws12_dims300,opferkult,0.8056653141975403
lebendiger_paul_training_data_cbow_lr0.05_epochs1_mincount10_ws12_dims300,opferbögen,0.8047279119491577
lebendiger_paul_training_data_cbow_lr0.05_epochs1_mincount10_ws12_dims300,opferriten,0.7997503876686096
lebendiger_paul_training_data_cbow_lr0.05_epochs1_mincount10_ws12_dims300,opfergang,0.7980962991714478
lebendiger_paul_training_data_cbow_lr0.05_epochs1_mincount10_ws12_dims300,opferrente,0.7948835492134094
lebendiger_paul_training_data_cbow_lr0.05_epochs1_mincount10_ws12_dims300,opferwurst,0.7917789816856384
lebendiger_paul_training_data_cbow_lr0.05_epochs1_mincount10_ws12_dims300,opferlamm,0.786632776260376
lebendiger_paul_training_data_cbow_lr0.05_epochs1_mincount10_ws12_dims300,opferstock,0.7843904495239258
lebendiger_paul_training_data_cbow_lr0.05_epochs1_mincount10_ws12_dims300,opferangehörige,0.7821313738822937
lebendiger_paul_training_data_cbow_lr0.05_epochs1_mincount10_ws12_dims300,opferbegriff,0.7819128036499023
lebendiger_paul_training_data_cbow_lr0.05_epochs1_mincount10_ws12_dims300,opferbild,0.7784711718559265
lebendiger_paul_training_data_cbow_lr0.05_epochs1_mincount10_ws12_dims300,opferschützer,0.7777614593505859
lebendiger_paul_training_data_cbow_lr0.05_epochs1_mincount10_ws12_dims300,opferaltar,0.7770299315452576
lebendiger_paul_training_data_cbow_lr0.05_epochs1_mincount10_ws12_dims300,opferrate,0.7757058143615723
lebendiger_paul_training_data_cbow_lr0.05_epochs1_mincount10_ws12_dims300,opferkerzen,0.7737948298454285
lebendiger_paul_training_data_cbow_lr0.05_epochs1_mincount10_ws12_dims300,opferrenten,0.7724266648292542
lebendiger_paul_training_data_cbow_lr0.05_epochs1_mincount10_ws12_dims300,opferritual,0.7719141840934753
lebendiger_paul_training_data_cbow_lr0.05_epochs1_mincount10_ws12_dims300,tatopfer,0.7716230750083923
lebendiger_paul_training_data_cbow_lr0.05_epochs1_mincount10_ws12_dims300,opferlisten,0.7708051800727844
lebendiger_paul_training_data_cbow_lr0.05_epochs1_mincount10_ws12_dims300,opfersuche,0.7693365812301636
lebendiger_paul_training_data_cbow_lr0.05_epochs1_mincount10_ws12_dims300,opfernarrativ,0.7657716274261475
lebendiger_paul_training_data_cbow_lr0.05_epochs1_mincount10_ws12_dims300,raubopfer,0.7653142213821411
lebendiger_paul_training_data_cbow_lr0.05_epochs1_mincount10_ws12_dims300,opferthese,0.7637065649032593
lebendiger_paul_training_data_cbow_lr0.05_epochs1_mincount10_ws12_dims300,opferstockdieb,0.7629308104515076
lebendiger_paul_training_data_cbow_lr0.05_epochs1_mincount10_ws12_dims300,opferseite,0.7626082897186279
lebendiger_paul_training_data_cbow_lr0.05_epochs1_mincount10_ws12_dims300,opferplatz,0.7623847126960754
lebendiger_paul_training_data_cbow_lr0.05_epochs1_mincount10_ws12_dims300,opferangehörigen,0.7618101835250854
lebendiger_paul_training_data_cbow_lr0.05_epochs1_mincount10_ws12_dims300,mordopfer,0.7617501616477966
lebendiger_paul_training_data_cbow_lr0.05_epochs1_mincount10_ws12_dims300,opferlichter,0.7598137855529785
lebendiger_paul_training_data_cbow_lr0.05_epochs1_mincount10_ws12_dims300,opferstein,0.7591807842254639
lebendiger_paul_training_data_cbow_lr0.05_epochs1_mincount10_ws12_dims300,verbrechensopfer,0.7589907050132751
lebendiger_paul_training_data_cbow_lr0.05_epochs1_mincount10_ws12_dims300,opferstöcke,0.7579612135887146
lebendiger_paul_training_data_cbow_lr0.05_epochs1_mincount10_ws12_dims300,opfermythen,0.7570247650146484
lebendiger_paul_training_data_cbow_lr0.05_epochs1_mincount10_ws12_dims300,opferstockdiebe,0.7569657564163208
lebendiger_paul_training_data_cbow_lr0.05_epochs1_mincount10_ws12_dims300,opfernamen,0.7539307475090027
lebendiger_paul_training_data_cbow_lr0.05_epochs1_mincount10_ws12_dims300,überfallsopfer,0.7523082494735718
lebendiger_paul_training_data_cbow_lr0.05_epochs1_mincount10_ws12_dims300,opfertiere,0.7522798776626587
lebendiger_paul_training_data_cbow_lr0.05_epochs1_mincount10_ws12_dims300,opferhilfe,0.7490326166152954
lebendiger_paul_training_data_cbow_lr0.05_epochs1_mincount10_ws12_dims300,opferschema,0.7486699223518372
lebendiger_paul_training_data_cbow_lr0.05_epochs1_mincount10_ws12_dims300,opfergeld,0.7452278733253479
lebendiger_paul_training_data_cbow_lr0.05_epochs1_mincount10_ws12_dims300,opfersteine,0.7452247142791748
lebendiger_paul_training_data_cbow_lr0.05_epochs1_mincount10_ws12_dims300,opferstätte,0.7437340021133423
lebendiger_paul_training_data_cbow_lr0.05_epochs1_mincount10_ws12_dims300,opferung,0.7431284785270691
lebendiger_paul_training_data_cbow_lr0.05_epochs1_mincount10_ws12_dims300,gewaltopfer,0.7424945831298828
lebendiger_paul_training_data_cbow_lr0.05_epochs1_mincount10_ws12_dims300,opferschützern,0.742480456829071
lebendiger_paul_training_data_cbow_lr0.05_epochs1_mincount10_ws12_dims300,opfergedenken,0.741963803768158
lebendiger_paul_training_data_cbow_lr0.05_epochs1_mincount10_ws12_dims300,opfersicht,0.7415060997009277
lebendiger_paul_training_data_cbow_lr0.05_epochs1_mincount10_ws12_dims300,opferstöcken,0.7396573424339294
lebendiger_paul_training_data_cbow_lr0.05_epochs1_mincount10_ws12_dims300,opfermythos,0.7393940091133118
lebendiger_paul_training_data_cbow_lr0.05_epochs1_mincount10_ws12_dims300,vergewaltigungsopfer,0.7389599680900574
lebendiger_paul_training_data_cbow_lr0.05_epochs1_mincount10_ws12_dims300,opferaussage,0.735682487487793
lebendiger_paul_training_data_cbow_lr0.05_epochs1_mincount10_ws12_dims300,opferaussagen,0.7278238534927368
lebendiger_paul_training_data_cbow_lr0.05_epochs1_mincount10_ws12_dims300,überfallopfer,0.7276242971420288
lebendiger_paul_training_data_cbow_lr0.05_epochs1_mincount10_ws12_dims300,opferstockes,0.7271278500556946
lebendiger_paul_training_data_cbow_lr0.05_epochs1_mincount10_ws12_dims300,opferschützerin,0.7270114421844482
lebendiger_paul_training_data_cbow_lr0.05_epochs1_mincount10_ws12_dims300,opferschalen,0.725324809551239
lebendiger_paul_training_data_cbow_lr0.05_epochs1_mincount10_ws12_dims300,opfers,0.7241660356521606
lebendiger_paul_training_data_cbow_lr0.05_epochs1_mincount10_ws12_dims300,opferfamilien,0.7236564755439758
lebendiger_paul_training_data_cbow_lr0.05_epochs1_mincount10_ws12_dims300,opferdoktrin,0.7225201725959778
lebendiger_paul_training_data_cbow_lr0.05_epochs1_mincount10_ws12_dims300,opferstätten,0.7222860455513
lebendiger_paul_training_data_cbow_lr0.05_epochs1_mincount10_ws12_dims300,opferkarte,0.7215827107429504
lebendiger_paul_training_data_cbow_lr0.05_epochs1_mincount10_ws12_dims300,opferrituale,0.7204605937004089
lebendiger_paul_training_data_cbow_lr0.05_epochs1_mincount10_ws12_dims300,opferfotos,0.7194849848747253
lebendiger_paul_training_data_cbow_lr0.05_epochs1_mincount10_ws12_dims300,opfergabe,0.7186799645423889
lebendiger_paul_training_data_cbow_lr0.05_epochs1_mincount10_ws12_dims300,opferfest,0.7180663347244263
lebendiger_paul_training_data_cbow_lr0.05_epochs1_mincount10_ws12_dims300,opfergruppe,0.7176042199134827
lebendiger_paul_training_data_cbow_lr0.05_epochs1_mincount10_ws12_dims300,opferangaben,0.7166154384613037
lebendiger_paul_training_data_cbow_lr0.05_epochs1_mincount10_ws12_dims300,opfergaben,0.7155687212944031
lebendiger_paul_training_data_cbow_lr0.05_epochs1_mincount10_ws12_dims300,opferfamilie,0.7138349413871765
lebendiger_paul_training_data_cbow_lr0.05_epochs1_mincount10_ws12_dims300,opferritualen,0.7131574153900146
lebendiger_paul_training_data_cbow_lr0.05_epochs1_mincount10_ws12_dims300,opferungen,0.7123282551765442
lebendiger_paul_training_data_cbow_lr0.05_epochs1_mincount10_ws12_dims300,totesopfer,0.7120133638381958
lebendiger_paul_training_data_cbow_lr0.05_epochs1_mincount10_ws12_dims300,opferbeschuldigung,0.7103177905082703
lebendiger_paul_training_data_cbow_lr0.05_epochs1_mincount10_ws12_dims300,opferverein,0.7096181511878967
lebendiger_paul_training_data_cbow_lr0.05_epochs1_mincount10_ws12_dims300,attentatsopfer,0.7092688679695129
lebendiger_paul_training_data_cbow_lr0.05_epochs1_mincount10_ws12_dims300,opferanwälte,0.7090323567390442
lebendiger_paul_training_data_cbow_lr0.05_epochs1_mincount10_ws12_dims300,opfernotruf,0.7087231874465942
lebendiger_paul_training_data_cbow_lr0.05_epochs1_mincount10_ws12_dims300,massakeropfer,0.7078583836555481
lebendiger_paul_training_data_cbow_lr0.05_epochs1_mincount10_ws12_dims300,opferliste,0.7072882056236267
lebendiger_paul_training_data_cbow_lr0.05_epochs1_mincount10_ws12_dims300,opferanwalt,0.7071271538734436
lebendiger_paul_training_data_cbow_lr0.05_epochs1_mincount10_ws12_dims300,anschlagsopfer,0.7070695161819458
lebendiger_paul_training_data_cbow_lr0.05_epochs1_mincount10_ws12_dims300,zivilopfer,0.7063302993774414
lebendiger_paul_training_data_cbow_lr0.05_epochs1_mincount10_ws12_dims300,hauptopfer,0.7061031460762024
lebendiger_paul_training_data_cbow_lr0.05_epochs1_mincount10_ws12_dims300,angriffsopfer,0.7020729184150696
lebendiger_paul_training_data_cbow_lr0.05_epochs1_mincount10_ws12_dims300,opfervertreter,0.7005501985549927
lebendiger_paul_training_data_cbow_lr0.05_epochs1_mincount10_ws12_dims300,misshandlungsopfer,0.6998104453086853
lebendiger_paul_training_data_cbow_lr0.05_epochs1_mincount10_ws12_dims300,opfergruppen,0.6987761855125427
vitale_stella_training_data_lower_cbow_lr0.05_epochs1_mincount10_ws6_dims300,tatopfer,0.8453618288040161
vitale_stella_training_data_lower_cbow_lr0.05_epochs1_mincount10_ws6_dims300,opfere,0.839950442314148
vitale_stella_training_data_lower_cbow_lr0.05_epochs1_mincount10_ws6_dims300,opferst,0.8396880626678467
vitale_stella_training_data_lower_cbow_lr0.05_epochs1_mincount10_ws6_dims300,raubopfer,0.8366685509681702
vitale_stella_training_data_lower_cbow_lr0.05_epochs1_mincount10_ws6_dims300,opferwidder,0.8316786885261536
vitale_stella_training_data_lower_cbow_lr0.05_epochs1_mincount10_ws6_dims300,opferkuch,0.8308702707290649
vitale_stella_training_data_lower_cbow_lr0.05_epochs1_mincount10_ws6_dims300,opferpose,0.8158358335494995
vitale_stella_training_data_lower_cbow_lr0.05_epochs1_mincount10_ws6_dims300,opferlämmer,0.815587043762207
vitale_stella_training_data_lower_cbow_lr0.05_epochs1_mincount10_ws6_dims300,kopfer,0.8130849599838257
vitale_stella_training_data_lower_cbow_lr0.05_epochs1_mincount10_ws6_dims300,sexopfer,0.808057963848114
vitale_stella_training_data_lower_cbow_lr0.05_epochs1_mincount10_ws6_dims300,mordopfer,0.8069866299629211
vitale_stella_training_data_lower_cbow_lr0.05_epochs1_mincount10_ws6_dims300,opfersein,0.8051318526268005
vitale_stella_training_data_lower_cbow_lr0.05_epochs1_mincount10_ws6_dims300,opfern,0.8042230606079102
vitale_stella_training_data_lower_cbow_lr0.05_epochs1_mincount10_ws6_dims300,gewaltopfer,0.7992819547653198
vitale_stella_training_data_lower_cbow_lr0.05_epochs1_mincount10_ws6_dims300,hauptopfer,0.7982183694839478
vitale_stella_training_data_lower_cbow_lr0.05_epochs1_mincount10_ws6_dims300,überfallsopfer,0.7975018620491028
vitale_stella_training_data_lower_cbow_lr0.05_epochs1_mincount10_ws6_dims300,verbrechensopfer,0.793730616569519
vitale_stella_training_data_lower_cbow_lr0.05_epochs1_mincount10_ws6_dims300,opfernde,0.7935851812362671
vitale_stella_training_data_lower_cbow_lr0.05_epochs1_mincount10_ws6_dims300,zivilopfer,0.7929357290267944
vitale_stella_training_data_lower_cbow_lr0.05_epochs1_mincount10_ws6_dims300,opfermut,0.7919764518737793
vitale_stella_training_data_lower_cbow_lr0.05_epochs1_mincount10_ws6_dims300,opfertod,0.7887914776802063
vitale_stella_training_data_lower_cbow_lr0.05_epochs1_mincount10_ws6_dims300,opfert,0.7861780524253845
vitale_stella_training_data_lower_cbow_lr0.05_epochs1_mincount10_ws6_dims300,opfertier,0.7861483693122864
vitale_stella_training_data_lower_cbow_lr0.05_epochs1_mincount10_ws6_dims300,opferwitwen,0.7847762703895569
vitale_stella_training_data_lower_cbow_lr0.05_epochs1_mincount10_ws6_dims300,opferangehörige,0.7846258282661438
vitale_stella_training_data_lower_cbow_lr0.05_epochs1_mincount10_ws6_dims300,opferlamm,0.7838826775550842
vitale_stella_training_data_lower_cbow_lr0.05_epochs1_mincount10_ws6_dims300,opfergang,0.7784209251403809
vitale_stella_training_data_lower_cbow_lr0.05_epochs1_mincount10_ws6_dims300,opfermann,0.7777736783027649
vitale_stella_training_data_lower_cbow_lr0.05_epochs1_mincount10_ws6_dims300,zufallsopfer,0.7771060466766357
vitale_stella_training_data_lower_cbow_lr0.05_epochs1_mincount10_ws6_dims300,opferriten,0.7705201506614685
vitale_stella_training_data_lower_cbow_lr0.05_epochs1_mincount10_ws6_dims300,opferkult,0.768984317779541
vitale_stella_training_data_lower_cbow_lr0.05_epochs1_mincount10_ws6_dims300,dopfer,0.7677648663520813
vitale_stella_training_data_lower_cbow_lr0.05_epochs1_mincount10_ws6_dims300,überfallopfer,0.7672363519668579
vitale_stella_training_data_lower_cbow_lr0.05_epochs1_mincount10_ws6_dims300,opferbögen,0.7670972943305969
vitale_stella_training_data_lower_cbow_lr0.05_epochs1_mincount10_ws6_dims300,polizeiopfer,0.7660139203071594
vitale_stella_training_data_lower_cbow_lr0.05_epochs1_mincount10_ws6_dims300,vergewaltigungsopfer,0.7653613686561584
vitale_stella_training_data_lower_cbow_lr0.05_epochs1_mincount10_ws6_dims300,bissopfer,0.7646518349647522
vitale_stella_training_data_lower_cbow_lr0.05_epochs1_mincount10_ws6_dims300,blutopfer,0.7642742395401001
vitale_stella_training_data_lower_cbow_lr0.05_epochs1_mincount10_ws6_dims300,opferreich,0.7635061740875244
vitale_stella_training_data_lower_cbow_lr0.05_epochs1_mincount10_ws6_dims300,schussopfer,0.7633914947509766
vitale_stella_training_data_lower_cbow_lr0.05_epochs1_mincount10_ws6_dims300,naziopfer,0.763360321521759
vitale_stella_training_data_lower_cbow_lr0.05_epochs1_mincount10_ws6_dims300,opferschützer,0.7631105780601501
vitale_stella_training_data_lower_cbow_lr0.05_epochs1_mincount10_ws6_dims300,opferangehörigen,0.7627620100975037
vitale_stella_training_data_lower_cbow_lr0.05_epochs1_mincount10_ws6_dims300,opferbild,0.7617016434669495
vitale_stella_training_data_lower_cbow_lr0.05_epochs1_mincount10_ws6_dims300,sturzopfer,0.7608930468559265
vitale_stella_training_data_lower_cbow_lr0.05_epochs1_mincount10_ws6_dims300,opferrente,0.7604873180389404
vitale_stella_training_data_lower_cbow_lr0.05_epochs1_mincount10_ws6_dims300,giftopfer,0.7594798803329468
vitale_stella_training_data_lower_cbow_lr0.05_epochs1_mincount10_ws6_dims300,prügelopfer,0.7587918639183044
vitale_stella_training_data_lower_cbow_lr0.05_epochs1_mincount10_ws6_dims300,totesopfer,0.7573534250259399
vitale_stella_training_data_lower_cbow_lr0.05_epochs1_mincount10_ws6_dims300,opferaltar,0.7565579414367676
vitale_stella_training_data_lower_cbow_lr0.05_epochs1_mincount10_ws6_dims300,opfersuche,0.755302369594574
vitale_stella_training_data_lower_cbow_lr0.05_epochs1_mincount10_ws6_dims300,stalkingopfer,0.754124104976654
vitale_stella_training_data_lower_cbow_lr0.05_epochs1_mincount10_ws6_dims300,entführungsopfer,0.7537297010421753
vitale_stella_training_data_lower_cbow_lr0.05_epochs1_mincount10_ws6_dims300,opferlichter,0.7533248066902161
vitale_stella_training_data_lower_cbow_lr0.05_epochs1_mincount10_ws6_dims300,blitzopfer,0.752601146697998
vitale_stella_training_data_lower_cbow_lr0.05_epochs1_mincount10_ws6_dims300,anschlagsopfer,0.7521215081214905
vitale_stella_training_data_lower_cbow_lr0.05_epochs1_mincount10_ws6_dims300,angriffsopfer,0.7495911717414856
vitale_stella_training_data_lower_cbow_lr0.05_epochs1_mincount10_ws6_dims300,misshandlungsopfer,0.7493804097175598
vitale_stella_training_data_lower_cbow_lr0.05_epochs1_mincount10_ws6_dims300,stopfer,0.7488493323326111
vitale_stella_training_data_lower_cbow_lr0.05_epochs1_mincount10_ws6_dims300,opferwurst,0.7485738396644592
vitale_stella_training_data_lower_cbow_lr0.05_epochs1_mincount10_ws6_dims300,opferritual,0.7484198808670044
vitale_stella_training_data_lower_cbow_lr0.05_epochs1_mincount10_ws6_dims300,unglücksopfer,0.7481006979942322
vitale_stella_training_data_lower_cbow_lr0.05_epochs1_mincount10_ws6_dims300,heimopfer,0.7468419075012207
vitale_stella_training_data_lower_cbow_lr0.05_epochs1_mincount10_ws6_dims300,euthanasieopfer,0.7466439604759216
vitale_stella_training_data_lower_cbow_lr0.05_epochs1_mincount10_ws6_dims300,massakeropfer,0.7450145483016968
vitale_stella_training_data_lower_cbow_lr0.05_epochs1_mincount10_ws6_dims300,opferrenten,0.7449818253517151
vitale_stella_training_data_lower_cbow_lr0.05_epochs1_mincount10_ws6_dims300,opferreiche,0.7443170547485352
vitale_stella_training_data_lower_cbow_lr0.05_epochs1_mincount10_ws6_dims300,messopfer,0.7428309321403503
vitale_stella_training_data_lower_cbow_lr0.05_epochs1_mincount10_ws6_dims300,attentatsopfer,0.7422239780426025
vitale_stella_training_data_lower_cbow_lr0.05_epochs1_mincount10_ws6_dims300,opferschema,0.7420040965080261
vitale_stella_training_data_lower_cbow_lr0.05_epochs1_mincount10_ws6_dims300,diebstahlsopfer,0.7419608235359192
vitale_stella_training_data_lower_cbow_lr0.05_epochs1_mincount10_ws6_dims300,opferte,0.7414016723632812
vitale_stella_training_data_lower_cbow_lr0.05_epochs1_mincount10_ws6_dims300,stauopfer,0.7411288619041443
vitale_stella_training_data_lower_cbow_lr0.05_epochs1_mincount10_ws6_dims300,mobbingopfer,0.7403994202613831
vitale_stella_training_data_lower_cbow_lr0.05_epochs1_mincount10_ws6_dims300,messeropfer,0.7403943538665771
vitale_stella_training_data_lower_cbow_lr0.05_epochs1_mincount10_ws6_dims300,opfernamen,0.74003666639328
vitale_stella_training_data_lower_cbow_lr0.05_epochs1_mincount10_ws6_dims300,opferstock,0.7396316528320312
vitale_stella_training_data_lower_cbow_lr0.05_epochs1_mincount10_ws6_dims300,bergopfer,0.7390811443328857
vitale_stella_training_data_lower_cbow_lr0.05_epochs1_mincount10_ws6_dims300,folteropfer,0.7386875152587891
vitale_stella_training_data_lower_cbow_lr0.05_epochs1_mincount10_ws6_dims300,suizidopfer,0.7382938861846924
vitale_stella_training_data_lower_cbow_lr0.05_epochs1_mincount10_ws6_dims300,todesopfer,0.7381381988525391
vitale_stella_training_data_lower_cbow_lr0.05_epochs1_mincount10_ws6_dims300,erpressungsopfer,0.7379311323165894
vitale_stella_training_data_lower_cbow_lr0.05_epochs1_mincount10_ws6_dims300,opferlisten,0.7373829483985901
vitale_stella_training_data_lower_cbow_lr0.05_epochs1_mincount10_ws6_dims300,opferrate,0.7367939352989197
vitale_stella_training_data_lower_cbow_lr0.05_epochs1_mincount10_ws6_dims300,menschenopfer,0.7366428375244141
vitale_stella_training_data_lower_cbow_lr0.05_epochs1_mincount10_ws6_dims300,hinrichtungsopfer,0.7353406548500061
vitale_stella_training_data_lower_cbow_lr0.05_epochs1_mincount10_ws6_dims300,terroropfer,0.7353313565254211
vitale_stella_training_data_lower_cbow_lr0.05_epochs1_mincount10_ws6_dims300,kriegsopfer,0.7346475124359131
vitale_stella_training_data_lower_cbow_lr0.05_epochs1_mincount10_ws6_dims300,missbrauchsopfer,0.734216034412384
vitale_stella_training_data_lower_cbow_lr0.05_epochs1_mincount10_ws6_dims300,minenopfer,0.7330592274665833
vitale_stella_training_data_lower_cbow_lr0.05_epochs1_mincount10_ws6_dims300,justizopfer,0.7323102951049805
vitale_stella_training_data_lower_cbow_lr0.05_epochs1_mincount10_ws6_dims300,opferschützern,0.7321418523788452
vitale_stella_training_data_lower_cbow_lr0.05_epochs1_mincount10_ws6_dims300,missbrauchopfer,0.7319934964179993
vitale_stella_training_data_lower_cbow_lr0.05_epochs1_mincount10_ws6_dims300,opferstockdiebe,0.731417715549469
vitale_stella_training_data_lower_cbow_lr0.05_epochs1_mincount10_ws6_dims300,opfertiere,0.7312771677970886
vitale_stella_training_data_lower_cbow_lr0.05_epochs1_mincount10_ws6_dims300,opferung,0.7311272621154785
vitale_stella_training_data_lower_cbow_lr0.05_epochs1_mincount10_ws6_dims300,völkermordopfer,0.7310260534286499
vitale_stella_training_data_lower_cbow_lr0.05_epochs1_mincount10_ws6_dims300,opfernarrativ,0.7309479117393494
vitale_stella_training_data_lower_cbow_lr0.05_epochs1_mincount10_ws6_dims300,opferbereit,0.7298080325126648
vitale_stella_training_data_lower_cbow_lr0.05_epochs1_mincount10_ws6_dims300,opferten,0.7292914390563965
mutige_julia_training_data_lower_cbow_lr0.05_epochs1_mincount50_ws6_dims300,raubopfer,0.8366128206253052
mutige_julia_training_data_lower_cbow_lr0.05_epochs1_mincount50_ws6_dims300,opfere,0.8356291651725769
mutige_julia_training_data_lower_cbow_lr0.05_epochs1_mincount50_ws6_dims300,opferkuch,0.8068912625312805
mutige_julia_training_data_lower_cbow_lr0.05_epochs1_mincount50_ws6_dims300,kopfer,0.7992123961448669
mutige_julia_training_data_lower_cbow_lr0.05_epochs1_mincount50_ws6_dims300,opfern,0.7977598905563354
mutige_julia_training_data_lower_cbow_lr0.05_epochs1_mincount50_ws6_dims300,zivilopfer,0.791527509689331
mutige_julia_training_data_lower_cbow_lr0.05_epochs1_mincount50_ws6_dims300,opfertier,0.7869121432304382
mutige_julia_training_data_lower_cbow_lr0.05_epochs1_mincount50_ws6_dims300,mordopfer,0.7835749387741089
mutige_julia_training_data_lower_cbow_lr0.05_epochs1_mincount50_ws6_dims300,überfallsopfer,0.7817439436912537
mutige_julia_training_data_lower_cbow_lr0.05_epochs1_mincount50_ws6_dims300,gewaltopfer,0.7805507183074951
mutige_julia_training_data_lower_cbow_lr0.05_epochs1_mincount50_ws6_dims300,hauptopfer,0.7803270816802979
mutige_julia_training_data_lower_cbow_lr0.05_epochs1_mincount50_ws6_dims300,opferlamm,0.7728769779205322
mutige_julia_training_data_lower_cbow_lr0.05_epochs1_mincount50_ws6_dims300,verbrechensopfer,0.7717344164848328
mutige_julia_training_data_lower_cbow_lr0.05_epochs1_mincount50_ws6_dims300,opfertod,0.7712202668190002
mutige_julia_training_data_lower_cbow_lr0.05_epochs1_mincount50_ws6_dims300,opfert,0.7668598294258118
mutige_julia_training_data_lower_cbow_lr0.05_epochs1_mincount50_ws6_dims300,opferkult,0.7655425071716309
mutige_julia_training_data_lower_cbow_lr0.05_epochs1_mincount50_ws6_dims300,vergewaltigungsopfer,0.7640557885169983
mutige_julia_training_data_lower_cbow_lr0.05_epochs1_mincount50_ws6_dims300,opferangehörige,0.7627914547920227
mutige_julia_training_data_lower_cbow_lr0.05_epochs1_mincount50_ws6_dims300,zufallsopfer,0.7625815272331238
mutige_julia_training_data_lower_cbow_lr0.05_epochs1_mincount50_ws6_dims300,prügelopfer,0.7611767649650574
mutige_julia_training_data_lower_cbow_lr0.05_epochs1_mincount50_ws6_dims300,opfergang,0.7602032423019409
mutige_julia_training_data_lower_cbow_lr0.05_epochs1_mincount50_ws6_dims300,polizeiopfer,0.760076105594635
mutige_julia_training_data_lower_cbow_lr0.05_epochs1_mincount50_ws6_dims300,überfallopfer,0.7583951950073242
mutige_julia_training_data_lower_cbow_lr0.05_epochs1_mincount50_ws6_dims300,dopfer,0.7527785897254944
mutige_julia_training_data_lower_cbow_lr0.05_epochs1_mincount50_ws6_dims300,naziopfer,0.7525199055671692
mutige_julia_training_data_lower_cbow_lr0.05_epochs1_mincount50_ws6_dims300,schussopfer,0.7444764375686646
mutige_julia_training_data_lower_cbow_lr0.05_epochs1_mincount50_ws6_dims300,opferangehörigen,0.7442759275436401
mutige_julia_training_data_lower_cbow_lr0.05_epochs1_mincount50_ws6_dims300,opferrente,0.7431145310401917
mutige_julia_training_data_lower_cbow_lr0.05_epochs1_mincount50_ws6_dims300,entführungsopfer,0.742403507232666
mutige_julia_training_data_lower_cbow_lr0.05_epochs1_mincount50_ws6_dims300,anschlagsopfer,0.7413815259933472
mutige_julia_training_data_lower_cbow_lr0.05_epochs1_mincount50_ws6_dims300,opferstock,0.7410160303115845
mutige_julia_training_data_lower_cbow_lr0.05_epochs1_mincount50_ws6_dims300,attentatsopfer,0.7409967184066772
mutige_julia_training_data_lower_cbow_lr0.05_epochs1_mincount50_ws6_dims300,massakeropfer,0.7404249906539917
mutige_julia_training_data_lower_cbow_lr0.05_epochs1_mincount50_ws6_dims300,bissopfer,0.736817479133606
mutige_julia_training_data_lower_cbow_lr0.05_epochs1_mincount50_ws6_dims300,unglücksopfer,0.7341373562812805
mutige_julia_training_data_lower_cbow_lr0.05_epochs1_mincount50_ws6_dims300,terroropfer,0.7335570454597473
mutige_julia_training_data_lower_cbow_lr0.05_epochs1_mincount50_ws6_dims300,sturzopfer,0.7304158806800842
mutige_julia_training_data_lower_cbow_lr0.05_epochs1_mincount50_ws6_dims300,folteropfer,0.7291443943977356
mutige_julia_training_data_lower_cbow_lr0.05_epochs1_mincount50_ws6_dims300,blitzopfer,0.7276540994644165
mutige_julia_training_data_lower_cbow_lr0.05_epochs1_mincount50_ws6_dims300,kriegsopfer,0.7273857593536377
mutige_julia_training_data_lower_cbow_lr0.05_epochs1_mincount50_ws6_dims300,heimopfer,0.7265898585319519
mutige_julia_training_data_lower_cbow_lr0.05_epochs1_mincount50_ws6_dims300,opferstöcke,0.7237924933433533
mutige_julia_training_data_lower_cbow_lr0.05_epochs1_mincount50_ws6_dims300,menschenopfer,0.7218657732009888
mutige_julia_training_data_lower_cbow_lr0.05_epochs1_mincount50_ws6_dims300,opfermythos,0.7192988991737366
mutige_julia_training_data_lower_cbow_lr0.05_epochs1_mincount50_ws6_dims300,opfertiere,0.7189788818359375
mutige_julia_training_data_lower_cbow_lr0.05_epochs1_mincount50_ws6_dims300,justizopfer,0.7164493799209595
mutige_julia_training_data_lower_cbow_lr0.05_epochs1_mincount50_ws6_dims300,opferstockdieb,0.7147936820983887
mutige_julia_training_data_lower_cbow_lr0.05_epochs1_mincount50_ws6_dims300,opferte,0.7135488390922546
mutige_julia_training_data_lower_cbow_lr0.05_epochs1_mincount50_ws6_dims300,opferstockdiebe,0.7133663892745972
mutige_julia_training_data_lower_cbow_lr0.05_epochs1_mincount50_ws6_dims300,euthanasieopfer,0.7131823301315308
mutige_julia_training_data_lower_cbow_lr0.05_epochs1_mincount50_ws6_dims300,todesopfer,0.7120645046234131
mutige_julia_training_data_lower_cbow_lr0.05_epochs1_mincount50_ws6_dims300,mobbingopfer,0.7095407843589783
mutige_julia_training_data_lower_cbow_lr0.05_epochs1_mincount50_ws6_dims300,opferstöcken,0.7091386914253235
mutige_julia_training_data_lower_cbow_lr0.05_epochs1_mincount50_ws6_dims300,bebenopfer,0.7090824246406555
mutige_julia_training_data_lower_cbow_lr0.05_epochs1_mincount50_ws6_dims300,missbrauchsopfer,0.709059476852417
mutige_julia_training_data_lower_cbow_lr0.05_epochs1_mincount50_ws6_dims300,opferseite,0.7078564763069153
mutige_julia_training_data_lower_cbow_lr0.05_epochs1_mincount50_ws6_dims300,opferten,0.7071157097816467
mutige_julia_training_data_lower_cbow_lr0.05_epochs1_mincount50_ws6_dims300,erpressungsopfer,0.7054356932640076
mutige_julia_training_data_lower_cbow_lr0.05_epochs1_mincount50_ws6_dims300,drogenopfer,0.7046490907669067
mutige_julia_training_data_lower_cbow_lr0.05_epochs1_mincount50_ws6_dims300,opferfamilien,0.7025401592254639
mutige_julia_training_data_lower_cbow_lr0.05_epochs1_mincount50_ws6_dims300,opferhilfe,0.7008960247039795
mutige_julia_training_data_lower_cbow_lr0.05_epochs1_mincount50_ws6_dims300,einbruchsopfer,0.6990792751312256
mutige_julia_training_data_lower_cbow_lr0.05_epochs1_mincount50_ws6_dims300,opferung,0.6981674432754517
mutige_julia_training_data_lower_cbow_lr0.05_epochs1_mincount50_ws6_dims300,vergewaltigungsopfern,0.6976999044418335
mutige_julia_training_data_lower_cbow_lr0.05_epochs1_mincount50_ws6_dims300,brandopfer,0.6958743333816528
mutige_julia_training_data_lower_cbow_lr0.05_epochs1_mincount50_ws6_dims300,bombenopfer,0.6922136545181274
mutige_julia_training_data_lower_cbow_lr0.05_epochs1_mincount50_ws6_dims300,opfergruppe,0.6920768022537231
mutige_julia_training_data_lower_cbow_lr0.05_epochs1_mincount50_ws6_dims300,opfers,0.6919862031936646
mutige_julia_training_data_lower_cbow_lr0.05_epochs1_mincount50_ws6_dims300,sonderopfer,0.6914849281311035
mutige_julia_training_data_lower_cbow_lr0.05_epochs1_mincount50_ws6_dims300,opfergaben,0.6914838552474976
mutige_julia_training_data_lower_cbow_lr0.05_epochs1_mincount50_ws6_dims300,betrugsopfer,0.6875254511833191
mutige_julia_training_data_lower_cbow_lr0.05_epochs1_mincount50_ws6_dims300,sturmopfer,0.6840950846672058
mutige_julia_training_data_lower_cbow_lr0.05_epochs1_mincount50_ws6_dims300,opferfamilie,0.6839427351951599
mutige_julia_training_data_lower_cbow_lr0.05_epochs1_mincount50_ws6_dims300,opfergruppen,0.6836707592010498
mutige_julia_training_data_lower_cbow_lr0.05_epochs1_mincount50_ws6_dims300,opferanwälte,0.6830266118049622
mutige_julia_training_data_lower_cbow_lr0.05_epochs1_mincount50_ws6_dims300,absturzopfer,0.6804094910621643
mutige_julia_training_data_lower_cbow_lr0.05_epochs1_mincount50_ws6_dims300,opferfest,0.6799746155738831
mutige_julia_training_data_lower_cbow_lr0.05_epochs1_mincount50_ws6_dims300,flutopfer,0.6793252825737
mutige_julia_training_data_lower_cbow_lr0.05_epochs1_mincount50_ws6_dims300,opferangaben,0.6785008311271667
mutige_julia_training_data_lower_cbow_lr0.05_epochs1_mincount50_ws6_dims300,opfergabe,0.6768132448196411
mutige_julia_training_data_lower_cbow_lr0.05_epochs1_mincount50_ws6_dims300,verbrechensopfern,0.6765352487564087
mutige_julia_training_data_lower_cbow_lr0.05_epochs1_mincount50_ws6_dims300,klopfer,0.6761122941970825
mutige_julia_training_data_lower_cbow_lr0.05_epochs1_mincount50_ws6_dims300,mordopfern,0.6723899245262146
mutige_julia_training_data_lower_cbow_lr0.05_epochs1_mincount50_ws6_dims300,verletzungsopfer,0.6720180511474609
mutige_julia_training_data_lower_cbow_lr0.05_epochs1_mincount50_ws6_dims300,verbrennungsopfer,0.6711921691894531
mutige_julia_training_data_lower_cbow_lr0.05_epochs1_mincount50_ws6_dims300,opferthese,0.6694956421852112
mutige_julia_training_data_lower_cbow_lr0.05_epochs1_mincount50_ws6_dims300,opfernotruf,0.6688230037689209
mutige_julia_training_data_lower_cbow_lr0.05_epochs1_mincount50_ws6_dims300,unfallopfer,0.6687415838241577
mutige_julia_training_data_lower_cbow_lr0.05_epochs1_mincount50_ws6_dims300,vergewaltigungsopfers,0.665635347366333
mutige_julia_training_data_lower_cbow_lr0.05_epochs1_mincount50_ws6_dims300,opferanwalt,0.6617444157600403
mutige_julia_training_data_lower_cbow_lr0.05_epochs1_mincount50_ws6_dims300,opferverein,0.6615239381790161
mutige_julia_training_data_lower_cbow_lr0.05_epochs1_mincount50_ws6_dims300,gewaltopfern,0.6604620218276978
mutige_julia_training_data_lower_cbow_lr0.05_epochs1_mincount50_ws6_dims300,hopfer,0.6531086564064026
mutige_julia_training_data_lower_cbow_lr0.05_epochs1_mincount50_ws6_dims300,opfervertreter,0.6484919786453247
mutige_julia_training_data_lower_cbow_lr0.05_epochs1_mincount50_ws6_dims300,tieropfer,0.6447769999504089
mutige_julia_training_data_lower_cbow_lr0.05_epochs1_mincount50_ws6_dims300,schlachtopfer,0.6430231332778931
mutige_julia_training_data_lower_cbow_lr0.05_epochs1_mincount50_ws6_dims300,entführungsopfern,0.6393542289733887
mutige_julia_training_data_lower_cbow_lr0.05_epochs1_mincount50_ws6_dims300,opferliste,0.6392945647239685
mutige_julia_training_data_lower_cbow_lr0.05_epochs1_mincount50_ws6_dims300,anschlagsopfern,0.6379415988922119
mutige_julia_training_data_lower_cbow_lr0.05_epochs1_mincount50_ws6_dims300,opferanwältin,0.6374207735061646
kreativer_linus_training_data_lower_cbow_lr0.05_epochs1_mincount10_ws12_dims300,opfere,0.8588014841079712
kreativer_linus_training_data_lower_cbow_lr0.05_epochs1_mincount10_ws12_dims300,opferst,0.844478189945221
kreativer_linus_training_data_lower_cbow_lr0.05_epochs1_mincount10_ws12_dims300,raubopfer,0.842369556427002
kreativer_linus_training_data_lower_cbow_lr0.05_epochs1_mincount10_ws12_dims300,tatopfer,0.8359391093254089
kreativer_linus_training_data_lower_cbow_lr0.05_epochs1_mincount10_ws12_dims300,opferwidder,0.8341308832168579
kreativer_linus_training_data_lower_cbow_lr0.05_epochs1_mincount10_ws12_dims300,opfern,0.823418915271759
kreativer_linus_training_data_lower_cbow_lr0.05_epochs1_mincount10_ws12_dims300,opferpose,0.8229930400848389
kreativer_linus_training_data_lower_cbow_lr0.05_epochs1_mincount10_ws12_dims300,opferkuch,0.8178526759147644
kreativer_linus_training_data_lower_cbow_lr0.05_epochs1_mincount10_ws12_dims300,opfersein,0.8146911859512329
kreativer_linus_training_data_lower_cbow_lr0.05_epochs1_mincount10_ws12_dims300,opferlämmer,0.8125284910202026
kreativer_linus_training_data_lower_cbow_lr0.05_epochs1_mincount10_ws12_dims300,opfernde,0.81116783618927
kreativer_linus_training_data_lower_cbow_lr0.05_epochs1_mincount10_ws12_dims300,opfermut,0.7983750104904175
kreativer_linus_training_data_lower_cbow_lr0.05_epochs1_mincount10_ws12_dims300,sexopfer,0.7952893376350403
kreativer_linus_training_data_lower_cbow_lr0.05_epochs1_mincount10_ws12_dims300,verbrechensopfer,0.7943708896636963
kreativer_linus_training_data_lower_cbow_lr0.05_epochs1_mincount10_ws12_dims300,überfallsopfer,0.7936790585517883
kreativer_linus_training_data_lower_cbow_lr0.05_epochs1_mincount10_ws12_dims300,opferangehörige,0.7925258874893188
kreativer_linus_training_data_lower_cbow_lr0.05_epochs1_mincount10_ws12_dims300,gewaltopfer,0.7912920117378235
kreativer_linus_training_data_lower_cbow_lr0.05_epochs1_mincount10_ws12_dims300,opfertier,0.7912153005599976
kreativer_linus_training_data_lower_cbow_lr0.05_epochs1_mincount10_ws12_dims300,opfermann,0.7894582152366638
kreativer_linus_training_data_lower_cbow_lr0.05_epochs1_mincount10_ws12_dims300,kopfer,0.7892165184020996
kreativer_linus_training_data_lower_cbow_lr0.05_epochs1_mincount10_ws12_dims300,opferwitwen,0.7875014543533325
kreativer_linus_training_data_lower_cbow_lr0.05_epochs1_mincount10_ws12_dims300,opferschützer,0.7869424223899841
kreativer_linus_training_data_lower_cbow_lr0.05_epochs1_mincount10_ws12_dims300,mordopfer,0.7842580080032349
kreativer_linus_training_data_lower_cbow_lr0.05_epochs1_mincount10_ws12_dims300,opfert,0.7837415337562561
kreativer_linus_training_data_lower_cbow_lr0.05_epochs1_mincount10_ws12_dims300,opfergang,0.7825927734375
kreativer_linus_training_data_lower_cbow_lr0.05_epochs1_mincount10_ws12_dims300,opfertod,0.7799044847488403
kreativer_linus_training_data_lower_cbow_lr0.05_epochs1_mincount10_ws12_dims300,opferrente,0.778891384601593
kreativer_linus_training_data_lower_cbow_lr0.05_epochs1_mincount10_ws12_dims300,hauptopfer,0.7762272953987122
kreativer_linus_training_data_lower_cbow_lr0.05_epochs1_mincount10_ws12_dims300,zivilopfer,0.7731181979179382
kreativer_linus_training_data_lower_cbow_lr0.05_epochs1_mincount10_ws12_dims300,opferriten,0.7729413509368896
kreativer_linus_training_data_lower_cbow_lr0.05_epochs1_mincount10_ws12_dims300,opferbögen,0.7715395092964172
kreativer_linus_training_data_lower_cbow_lr0.05_epochs1_mincount10_ws12_dims300,opferangehörigen,0.7702606320381165
kreativer_linus_training_data_lower_cbow_lr0.05_epochs1_mincount10_ws12_dims300,opferlamm,0.7700501680374146
kreativer_linus_training_data_lower_cbow_lr0.05_epochs1_mincount10_ws12_dims300,vergewaltigungsopfer,0.7668455243110657
kreativer_linus_training_data_lower_cbow_lr0.05_epochs1_mincount10_ws12_dims300,zufallsopfer,0.7646468877792358
kreativer_linus_training_data_lower_cbow_lr0.05_epochs1_mincount10_ws12_dims300,opfersuche,0.7624269127845764
kreativer_linus_training_data_lower_cbow_lr0.05_epochs1_mincount10_ws12_dims300,opferreich,0.7620781064033508
kreativer_linus_training_data_lower_cbow_lr0.05_epochs1_mincount10_ws12_dims300,opferlichter,0.7607284188270569
kreativer_linus_training_data_lower_cbow_lr0.05_epochs1_mincount10_ws12_dims300,schussopfer,0.7596030235290527
kreativer_linus_training_data_lower_cbow_lr0.05_epochs1_mincount10_ws12_dims300,polizeiopfer,0.7576200366020203
kreativer_linus_training_data_lower_cbow_lr0.05_epochs1_mincount10_ws12_dims300,opferkult,0.7575013041496277
kreativer_linus_training_data_lower_cbow_lr0.05_epochs1_mincount10_ws12_dims300,stalkingopfer,0.756600558757782
kreativer_linus_training_data_lower_cbow_lr0.05_epochs1_mincount10_ws12_dims300,messeropfer,0.7550380229949951
kreativer_linus_training_data_lower_cbow_lr0.05_epochs1_mincount10_ws12_dims300,überfallopfer,0.7550110816955566
kreativer_linus_training_data_lower_cbow_lr0.05_epochs1_mincount10_ws12_dims300,opferlisten,0.7531200647354126
kreativer_linus_training_data_lower_cbow_lr0.05_epochs1_mincount10_ws12_dims300,bissopfer,0.7529907822608948
kreativer_linus_training_data_lower_cbow_lr0.05_epochs1_mincount10_ws12_dims300,blutopfer,0.751728892326355
kreativer_linus_training_data_lower_cbow_lr0.05_epochs1_mincount10_ws12_dims300,opferschützern,0.7515517473220825
kreativer_linus_training_data_lower_cbow_lr0.05_epochs1_mincount10_ws12_dims300,opferrenten,0.7503042221069336
kreativer_linus_training_data_lower_cbow_lr0.05_epochs1_mincount10_ws12_dims300,massakeropfer,0.7500573992729187
kreativer_linus_training_data_lower_cbow_lr0.05_epochs1_mincount10_ws12_dims300,opferaltar,0.74985671043396
kreativer_linus_training_data_lower_cbow_lr0.05_epochs1_mincount10_ws12_dims300,opferte,0.7486395835876465
kreativer_linus_training_data_lower_cbow_lr0.05_epochs1_mincount10_ws12_dims300,opferreiche,0.7476430535316467
kreativer_linus_training_data_lower_cbow_lr0.05_epochs1_mincount10_ws12_dims300,opferbild,0.7459714412689209
kreativer_linus_training_data_lower_cbow_lr0.05_epochs1_mincount10_ws12_dims300,opferstöcke,0.7453815937042236
kreativer_linus_training_data_lower_cbow_lr0.05_epochs1_mincount10_ws12_dims300,opferstock,0.7446305155754089
kreativer_linus_training_data_lower_cbow_lr0.05_epochs1_mincount10_ws12_dims300,prügelopfer,0.7440494894981384
kreativer_linus_training_data_lower_cbow_lr0.05_epochs1_mincount10_ws12_dims300,folteropfer,0.7429208159446716
kreativer_linus_training_data_lower_cbow_lr0.05_epochs1_mincount10_ws12_dims300,misshandlungsopfer,0.7422156929969788
kreativer_linus_training_data_lower_cbow_lr0.05_epochs1_mincount10_ws12_dims300,dopfer,0.741328775882721
kreativer_linus_training_data_lower_cbow_lr0.05_epochs1_mincount10_ws12_dims300,opferschema,0.7410683631896973
kreativer_linus_training_data_lower_cbow_lr0.05_epochs1_mincount10_ws12_dims300,opferwurst,0.7403233051300049
kreativer_linus_training_data_lower_cbow_lr0.05_epochs1_mincount10_ws12_dims300,opferseite,0.7383465766906738
kreativer_linus_training_data_lower_cbow_lr0.05_epochs1_mincount10_ws12_dims300,totesopfer,0.7375558614730835
kreativer_linus_training_data_lower_cbow_lr0.05_epochs1_mincount10_ws12_dims300,opferstein,0.7367473840713501
kreativer_linus_training_data_lower_cbow_lr0.05_epochs1_mincount10_ws12_dims300,opfergeld,0.7358986735343933
kreativer_linus_training_data_lower_cbow_lr0.05_epochs1_mincount10_ws12_dims300,anschlagsopfer,0.7356383800506592
kreativer_linus_training_data_lower_cbow_lr0.05_epochs1_mincount10_ws12_dims300,heimopfer,0.7348315119743347
kreativer_linus_training_data_lower_cbow_lr0.05_epochs1_mincount10_ws12_dims300,stopfer,0.733951210975647
kreativer_linus_training_data_lower_cbow_lr0.05_epochs1_mincount10_ws12_dims300,naziopfer,0.7337697744369507
kreativer_linus_training_data_lower_cbow_lr0.05_epochs1_mincount10_ws12_dims300,opfersteine,0.7327564358711243
kreativer_linus_training_data_lower_cbow_lr0.05_epochs1_mincount10_ws12_dims300,opferritual,0.7322390675544739
kreativer_linus_training_data_lower_cbow_lr0.05_epochs1_mincount10_ws12_dims300,opfernamen,0.7317968010902405
kreativer_linus_training_data_lower_cbow_lr0.05_epochs1_mincount10_ws12_dims300,opferten,0.731130063533783
kreativer_linus_training_data_lower_cbow_lr0.05_epochs1_mincount10_ws12_dims300,opfergaben,0.729748010635376
kreativer_linus_training_data_lower_cbow_lr0.05_epochs1_mincount10_ws12_dims300,opferrate,0.729647159576416
kreativer_linus_training_data_lower_cbow_lr0.05_epochs1_mincount10_ws12_dims300,opferschützerin,0.7294504046440125
kreativer_linus_training_data_lower_cbow_lr0.05_epochs1_mincount10_ws12_dims300,angriffsopfer,0.7292026877403259
kreativer_linus_training_data_lower_cbow_lr0.05_epochs1_mincount10_ws12_dims300,attentatsopfer,0.7280189394950867
kreativer_linus_training_data_lower_cbow_lr0.05_epochs1_mincount10_ws12_dims300,opferhilfe,0.7275093793869019
kreativer_linus_training_data_lower_cbow_lr0.05_epochs1_mincount10_ws12_dims300,opferstöcken,0.7273534536361694
kreativer_linus_training_data_lower_cbow_lr0.05_epochs1_mincount10_ws12_dims300,stauopfer,0.7258191108703613
kreativer_linus_training_data_lower_cbow_lr0.05_epochs1_mincount10_ws12_dims300,opfertiere,0.7254670262336731
kreativer_linus_training_data_lower_cbow_lr0.05_epochs1_mincount10_ws12_dims300,opfers,0.7253761887550354
kreativer_linus_training_data_lower_cbow_lr0.05_epochs1_mincount10_ws12_dims300,sonderopfer,0.7253667116165161
kreativer_linus_training_data_lower_cbow_lr0.05_epochs1_mincount10_ws12_dims300,opferstätte,0.7244712710380554
kreativer_linus_training_data_lower_cbow_lr0.05_epochs1_mincount10_ws12_dims300,giftopfer,0.7242071628570557
kreativer_linus_training_data_lower_cbow_lr0.05_epochs1_mincount10_ws12_dims300,messopfer,0.7237327098846436
kreativer_linus_training_data_lower_cbow_lr0.05_epochs1_mincount10_ws12_dims300,erpressungsopfer,0.7233597040176392
kreativer_linus_training_data_lower_cbow_lr0.05_epochs1_mincount10_ws12_dims300,opferkerzen,0.721281886100769
kreativer_linus_training_data_lower_cbow_lr0.05_epochs1_mincount10_ws12_dims300,menschenopfer,0.7210065722465515
kreativer_linus_training_data_lower_cbow_lr0.05_epochs1_mincount10_ws12_dims300,opfergabe,0.7208099365234375
kreativer_linus_training_data_lower_cbow_lr0.05_epochs1_mincount10_ws12_dims300,stichopfer,0.7195544838905334
kreativer_linus_training_data_lower_cbow_lr0.05_epochs1_mincount10_ws12_dims300,opferbereit,0.7193021774291992
kreativer_linus_training_data_lower_cbow_lr0.05_epochs1_mincount10_ws12_dims300,bergopfer,0.7188968658447266
kreativer_linus_training_data_lower_cbow_lr0.05_epochs1_mincount10_ws12_dims300,opfernarrativ,0.7182088494300842
kreativer_linus_training_data_lower_cbow_lr0.05_epochs1_mincount10_ws12_dims300,opferfamilien,0.7179697155952454
kreativer_linus_training_data_lower_cbow_lr0.05_epochs1_mincount10_ws12_dims300,opferstockdieb,0.7173665165901184
kreativer_linus_training_data_lower_cbow_lr0.05_epochs1_mincount10_ws12_dims300,sturzopfer,0.7171477675437927
kreativer_linus_training_data_lower_cbow_lr0.05_epochs1_mincount10_ws12_dims300,euthanasieopfer,0.7164713144302368
geniale_josefine_training_data_cbow_lr0.05_epochs1_mincount100_ws12_dims300,opfern,0.7981507778167725
geniale_josefine_training_data_cbow_lr0.05_epochs1_mincount100_ws12_dims300,opferlamm,0.7887510061264038
geniale_josefine_training_data_cbow_lr0.05_epochs1_mincount100_ws12_dims300,opferstock,0.7633964419364929
geniale_josefine_training_data_cbow_lr0.05_epochs1_mincount100_ws12_dims300,opferthese,0.7548832297325134
geniale_josefine_training_data_cbow_lr0.05_epochs1_mincount100_ws12_dims300,verbrechensopfer,0.7500672340393066
geniale_josefine_training_data_cbow_lr0.05_epochs1_mincount100_ws12_dims300,raubopfer,0.7469177842140198
geniale_josefine_training_data_cbow_lr0.05_epochs1_mincount100_ws12_dims300,opferstöcke,0.7457793951034546
geniale_josefine_training_data_cbow_lr0.05_epochs1_mincount100_ws12_dims300,vergewaltigungsopfer,0.7450532913208008
geniale_josefine_training_data_cbow_lr0.05_epochs1_mincount100_ws12_dims300,mordopfer,0.7448999285697937
geniale_josefine_training_data_cbow_lr0.05_epochs1_mincount100_ws12_dims300,opfermythos,0.7369769811630249
geniale_josefine_training_data_cbow_lr0.05_epochs1_mincount100_ws12_dims300,gewaltopfer,0.733246922492981
geniale_josefine_training_data_cbow_lr0.05_epochs1_mincount100_ws12_dims300,opferstockdieb,0.7303171157836914
geniale_josefine_training_data_cbow_lr0.05_epochs1_mincount100_ws12_dims300,opfers,0.720187783241272
geniale_josefine_training_data_cbow_lr0.05_epochs1_mincount100_ws12_dims300,opferstöcken,0.7144755125045776
geniale_josefine_training_data_cbow_lr0.05_epochs1_mincount100_ws12_dims300,opferung,0.7090621590614319
geniale_josefine_training_data_cbow_lr0.05_epochs1_mincount100_ws12_dims300,opferanwälte,0.7084335088729858
geniale_josefine_training_data_cbow_lr0.05_epochs1_mincount100_ws12_dims300,opfergruppe,0.705784022808075
geniale_josefine_training_data_cbow_lr0.05_epochs1_mincount100_ws12_dims300,opferfest,0.7046415209770203
geniale_josefine_training_data_cbow_lr0.05_epochs1_mincount100_ws12_dims300,opferanwalt,0.7045196890830994
geniale_josefine_training_data_cbow_lr0.05_epochs1_mincount100_ws12_dims300,opfergabe,0.7032632231712341
geniale_josefine_training_data_cbow_lr0.05_epochs1_mincount100_ws12_dims300,opferfamilie,0.694613516330719
geniale_josefine_training_data_cbow_lr0.05_epochs1_mincount100_ws12_dims300,opferhilfe,0.6934629678726196
geniale_josefine_training_data_cbow_lr0.05_epochs1_mincount100_ws12_dims300,opfergaben,0.6912670731544495
geniale_josefine_training_data_cbow_lr0.05_epochs1_mincount100_ws12_dims300,prügelopfer,0.6904807686805725
geniale_josefine_training_data_cbow_lr0.05_epochs1_mincount100_ws12_dims300,entführungsopfer,0.6894441246986389
geniale_josefine_training_data_cbow_lr0.05_epochs1_mincount100_ws12_dims300,anschlagsopfer,0.6876931190490723
geniale_josefine_training_data_cbow_lr0.05_epochs1_mincount100_ws12_dims300,bissopfer,0.6874616146087646
geniale_josefine_training_data_cbow_lr0.05_epochs1_mincount100_ws12_dims300,hauptopfer,0.6839902997016907
geniale_josefine_training_data_cbow_lr0.05_epochs1_mincount100_ws12_dims300,opferfamilien,0.6826890110969543
geniale_josefine_training_data_cbow_lr0.05_epochs1_mincount100_ws12_dims300,todesopfer,0.6753606796264648
geniale_josefine_training_data_cbow_lr0.05_epochs1_mincount100_ws12_dims300,opfervertreter,0.6743413209915161
geniale_josefine_training_data_cbow_lr0.05_epochs1_mincount100_ws12_dims300,schussopfer,0.6732442378997803
geniale_josefine_training_data_cbow_lr0.05_epochs1_mincount100_ws12_dims300,missbrauchsopfer,0.6710788011550903
geniale_josefine_training_data_cbow_lr0.05_epochs1_mincount100_ws12_dims300,vergewaltigungsopfern,0.6673433184623718
geniale_josefine_training_data_cbow_lr0.05_epochs1_mincount100_ws12_dims300,opfergruppen,0.666149914264679
geniale_josefine_training_data_cbow_lr0.05_epochs1_mincount100_ws12_dims300,opferfonds,0.6633484363555908
geniale_josefine_training_data_cbow_lr0.05_epochs1_mincount100_ws12_dims300,zufallsopfer,0.6631581783294678
geniale_josefine_training_data_cbow_lr0.05_epochs1_mincount100_ws12_dims300,opferrechte,0.6628149747848511
geniale_josefine_training_data_cbow_lr0.05_epochs1_mincount100_ws12_dims300,einbruchsopfer,0.6601475477218628
geniale_josefine_training_data_cbow_lr0.05_epochs1_mincount100_ws12_dims300,opferrolle,0.6594393253326416
geniale_josefine_training_data_cbow_lr0.05_epochs1_mincount100_ws12_dims300,verbrechensopfern,0.6563602089881897
geniale_josefine_training_data_cbow_lr0.05_epochs1_mincount100_ws12_dims300,vergewaltigungsopfers,0.6533194780349731
geniale_josefine_training_data_cbow_lr0.05_epochs1_mincount100_ws12_dims300,folteropfer,0.6533097624778748
geniale_josefine_training_data_cbow_lr0.05_epochs1_mincount100_ws12_dims300,opferstatus,0.6489139199256897
geniale_josefine_training_data_cbow_lr0.05_epochs1_mincount100_ws12_dims300,mobbingopfer,0.6474767327308655
geniale_josefine_training_data_cbow_lr0.05_epochs1_mincount100_ws12_dims300,kriegsopfer,0.6470487713813782
geniale_josefine_training_data_cbow_lr0.05_epochs1_mincount100_ws12_dims300,opferanwältin,0.64609694480896
geniale_josefine_training_data_cbow_lr0.05_epochs1_mincount100_ws12_dims300,terroropfer,0.6415146589279175
geniale_josefine_training_data_cbow_lr0.05_epochs1_mincount100_ws12_dims300,opferschutz,0.6379393339157104
geniale_josefine_training_data_cbow_lr0.05_epochs1_mincount100_ws12_dims300,menschenopfer,0.6366168260574341
geniale_josefine_training_data_cbow_lr0.05_epochs1_mincount100_ws12_dims300,mordopfern,0.636155903339386
geniale_josefine_training_data_cbow_lr0.05_epochs1_mincount100_ws12_dims300,opferverbände,0.6313834190368652
geniale_josefine_training_data_cbow_lr0.05_epochs1_mincount100_ws12_dims300,opferfests,0.6312578320503235
geniale_josefine_training_data_cbow_lr0.05_epochs1_mincount100_ws12_dims300,betrugsopfer,0.6304537653923035
geniale_josefine_training_data_cbow_lr0.05_epochs1_mincount100_ws12_dims300,gewalttäter,0.6290778517723083
geniale_josefine_training_data_cbow_lr0.05_epochs1_mincount100_ws12_dims300,täter,0.6287654042243958
geniale_josefine_training_data_cbow_lr0.05_epochs1_mincount100_ws12_dims300,justizopfer,0.6203421950340271
geniale_josefine_training_data_cbow_lr0.05_epochs1_mincount100_ws12_dims300,opferfestes,0.6189953088760376
geniale_josefine_training_data_cbow_lr0.05_epochs1_mincount100_ws12_dims300,gewaltopfern,0.6173665523529053
geniale_josefine_training_data_cbow_lr0.05_epochs1_mincount100_ws12_dims300,opferschutzgründen,0.613817572593689
geniale_josefine_training_data_cbow_lr0.05_epochs1_mincount100_ws12_dims300,brandopfer,0.6084386110305786
geniale_josefine_training_data_cbow_lr0.05_epochs1_mincount100_ws12_dims300,gewaltverbrecher,0.6081013083457947
geniale_josefine_training_data_cbow_lr0.05_epochs1_mincount100_ws12_dims300,todesopfers,0.6055234670639038
geniale_josefine_training_data_cbow_lr0.05_epochs1_mincount100_ws12_dims300,drogenopfer,0.6049268245697021
geniale_josefine_training_data_cbow_lr0.05_epochs1_mincount100_ws12_dims300,sturzopfer,0.6019341945648193
geniale_josefine_training_data_cbow_lr0.05_epochs1_mincount100_ws12_dims300,opferverbänden,0.6002871990203857
geniale_josefine_training_data_cbow_lr0.05_epochs1_mincount100_ws12_dims300,todesopfern,0.5975032448768616
geniale_josefine_training_data_cbow_lr0.05_epochs1_mincount100_ws12_dims300,mädchenmord,0.5956873893737793
geniale_josefine_training_data_cbow_lr0.05_epochs1_mincount100_ws12_dims300,getöteten,0.5947865843772888
geniale_josefine_training_data_cbow_lr0.05_epochs1_mincount100_ws12_dims300,ermordeten,0.5937944054603577
geniale_josefine_training_data_cbow_lr0.05_epochs1_mincount100_ws12_dims300,vergewaltiger,0.5904661417007446
geniale_josefine_training_data_cbow_lr0.05_epochs1_mincount100_ws12_dims300,missbrauchsopfern,0.5894893407821655
geniale_josefine_training_data_cbow_lr0.05_epochs1_mincount100_ws12_dims300,gewaltverbrechen,0.5887936949729919
geniale_josefine_training_data_cbow_lr0.05_epochs1_mincount100_ws12_dims300,opferbilanz,0.5887163281440735
geniale_josefine_training_data_cbow_lr0.05_epochs1_mincount100_ws12_dims300,tätern,0.5883706212043762
geniale_josefine_training_data_cbow_lr0.05_epochs1_mincount100_ws12_dims300,anschlagsopfern,0.5867321491241455
geniale_josefine_training_data_cbow_lr0.05_epochs1_mincount100_ws12_dims300,tatzeugen,0.5865716934204102
geniale_josefine_training_data_cbow_lr0.05_epochs1_mincount100_ws12_dims300,übeltäter,0.5858938097953796
geniale_josefine_training_data_cbow_lr0.05_epochs1_mincount100_ws12_dims300,opferschutzes,0.584260880947113
geniale_josefine_training_data_cbow_lr0.05_epochs1_mincount100_ws12_dims300,getöteter,0.5835358500480652
geniale_josefine_training_data_cbow_lr0.05_epochs1_mincount100_ws12_dims300,opferschutzanwältin,0.5793805122375488
geniale_josefine_training_data_cbow_lr0.05_epochs1_mincount100_ws12_dims300,verbrechensopferhilfe,0.5792652368545532
geniale_josefine_training_data_cbow_lr0.05_epochs1_mincount100_ws12_dims300,klopfer,0.5775417685508728
geniale_josefine_training_data_cbow_lr0.05_epochs1_mincount100_ws12_dims300,täterinnen,0.5765527486801147
geniale_josefine_training_data_cbow_lr0.05_epochs1_mincount100_ws12_dims300,vergewaltigte,0.5760967135429382
geniale_josefine_training_data_cbow_lr0.05_epochs1_mincount100_ws12_dims300,ermordeter,0.5748114585876465
geniale_josefine_training_data_cbow_lr0.05_epochs1_mincount100_ws12_dims300,sextäter,0.5744990110397339
geniale_josefine_training_data_cbow_lr0.05_epochs1_mincount100_ws12_dims300,unfallopfer,0.5739245414733887
geniale_josefine_training_data_cbow_lr0.05_epochs1_mincount100_ws12_dims300,dopfer,0.5738101601600647
geniale_josefine_training_data_cbow_lr0.05_epochs1_mincount100_ws12_dims300,opferbereitschaft,0.5711809992790222
geniale_josefine_training_data_cbow_lr0.05_epochs1_mincount100_ws12_dims300,angeklagten,0.5705248117446899
geniale_josefine_training_data_cbow_lr0.05_epochs1_mincount100_ws12_dims300,opferzahl,0.5703622102737427
geniale_josefine_training_data_cbow_lr0.05_epochs1_mincount100_ws12_dims300,opferschutzorganisation,0.5702974796295166
geniale_josefine_training_data_cbow_lr0.05_epochs1_mincount100_ws12_dims300,haupttäter,0.5695037245750427
geniale_josefine_training_data_cbow_lr0.05_epochs1_mincount100_ws12_dims300,gewalttätern,0.5689439177513123
geniale_josefine_training_data_cbow_lr0.05_epochs1_mincount100_ws12_dims300,tatverdächtig,0.5686684250831604
geniale_josefine_training_data_cbow_lr0.05_epochs1_mincount100_ws12_dims300,tatverdächtige,0.5683599710464478
geniale_josefine_training_data_cbow_lr0.05_epochs1_mincount100_ws12_dims300,getötete,0.5682758688926697
geniale_josefine_training_data_cbow_lr0.05_epochs1_mincount100_ws12_dims300,ermordete,0.5673916935920715
geniale_josefine_training_data_cbow_lr0.05_epochs1_mincount100_ws12_dims300,angeschuldigten,0.5672844648361206
wachsamer_oliver_training_data_cbow_lr0.05_epochs1_mincount5_ws5_dims300,opfert,0.8735984563827515
wachsamer_oliver_training_data_cbow_lr0.05_epochs1_mincount5_ws5_dims300,opfere,0.8572953343391418
wachsamer_oliver_training_data_cbow_lr0.05_epochs1_mincount5_ws5_dims300,opferort,0.8550351858139038
wachsamer_oliver_training_data_cbow_lr0.05_epochs1_mincount5_ws5_dims300,opferlämmer,0.8496806621551514
wachsamer_oliver_training_data_cbow_lr0.05_epochs1_mincount5_ws5_dims300,opferwidder,0.8468486070632935
wachsamer_oliver_training_data_cbow_lr0.05_epochs1_mincount5_ws5_dims300,opferkind,0.8415828943252563
wachsamer_oliver_training_data_cbow_lr0.05_epochs1_mincount5_ws5_dims300,opfertier,0.8412334322929382
wachsamer_oliver_training_data_cbow_lr0.05_epochs1_mincount5_ws5_dims300,opferorte,0.8359257578849792
wachsamer_oliver_training_data_cbow_lr0.05_epochs1_mincount5_ws5_dims300,opferkuch,0.8343563079833984
wachsamer_oliver_training_data_cbow_lr0.05_epochs1_mincount5_ws5_dims300,opferpose,0.8319626450538635
wachsamer_oliver_training_data_cbow_lr0.05_epochs1_mincount5_ws5_dims300,opferkorb,0.8293974995613098
wachsamer_oliver_training_data_cbow_lr0.05_epochs1_mincount5_ws5_dims300,opferfang,0.8277474045753479
wachsamer_oliver_training_data_cbow_lr0.05_epochs1_mincount5_ws5_dims300,opfe,0.8253483772277832
wachsamer_oliver_training_data_cbow_lr0.05_epochs1_mincount5_ws5_dims300,opferte,0.8212732076644897
wachsamer_oliver_training_data_cbow_lr0.05_epochs1_mincount5_ws5_dims300,opferwitwen,0.8207972645759583
wachsamer_oliver_training_data_cbow_lr0.05_epochs1_mincount5_ws5_dims300,opfern,0.8192741274833679
wachsamer_oliver_training_data_cbow_lr0.05_epochs1_mincount5_ws5_dims300,opfertod,0.8192060589790344
wachsamer_oliver_training_data_cbow_lr0.05_epochs1_mincount5_ws5_dims300,opferlämmlein,0.8141001462936401
wachsamer_oliver_training_data_cbow_lr0.05_epochs1_mincount5_ws5_dims300,opferlüge,0.8129591345787048
wachsamer_oliver_training_data_cbow_lr0.05_epochs1_mincount5_ws5_dims300,opferfalle,0.8122696280479431
wachsamer_oliver_training_data_cbow_lr0.05_epochs1_mincount5_ws5_dims300,opferkerze,0.8106166124343872
wachsamer_oliver_training_data_cbow_lr0.05_epochs1_mincount5_ws5_dims300,opferwitwe,0.8095727562904358
wachsamer_oliver_training_data_cbow_lr0.05_epochs1_mincount5_ws5_dims300,opfermut,0.807676374912262
wachsamer_oliver_training_data_cbow_lr0.05_epochs1_mincount5_ws5_dims300,opfernacht,0.8075388669967651
wachsamer_oliver_training_data_cbow_lr0.05_epochs1_mincount5_ws5_dims300,opfersein,0.8061121106147766
wachsamer_oliver_training_data_cbow_lr0.05_epochs1_mincount5_ws5_dims300,opferputz,0.8031845688819885
wachsamer_oliver_training_data_cbow_lr0.05_epochs1_mincount5_ws5_dims300,opfermesser,0.801446795463562
wachsamer_oliver_training_data_cbow_lr0.05_epochs1_mincount5_ws5_dims300,opferkult,0.799685537815094
wachsamer_oliver_training_data_cbow_lr0.05_epochs1_mincount5_ws5_dims300,opferlamm,0.7992101907730103
wachsamer_oliver_training_data_cbow_lr0.05_epochs1_mincount5_ws5_dims300,opferriten,0.7981381416320801
wachsamer_oliver_training_data_cbow_lr0.05_epochs1_mincount5_ws5_dims300,opfertyp,0.7972403764724731
wachsamer_oliver_training_data_cbow_lr0.05_epochs1_mincount5_ws5_dims300,opfermann,0.7965141534805298
wachsamer_oliver_training_data_cbow_lr0.05_epochs1_mincount5_ws5_dims300,opferbögen,0.795704185962677
wachsamer_oliver_training_data_cbow_lr0.05_epochs1_mincount5_ws5_dims300,opferland,0.7949426770210266
wachsamer_oliver_training_data_cbow_lr0.05_epochs1_mincount5_ws5_dims300,tatopfer,0.7890410423278809
wachsamer_oliver_training_data_cbow_lr0.05_epochs1_mincount5_ws5_dims300,opferbild,0.7889285087585449
wachsamer_oliver_training_data_cbow_lr0.05_epochs1_mincount5_ws5_dims300,opferrente,0.7884821891784668
wachsamer_oliver_training_data_cbow_lr0.05_epochs1_mincount5_ws5_dims300,opfergang,0.7884734272956848
wachsamer_oliver_training_data_cbow_lr0.05_epochs1_mincount5_ws5_dims300,opfertum,0.7860125303268433
wachsamer_oliver_training_data_cbow_lr0.05_epochs1_mincount5_ws5_dims300,opferaltar,0.7857497334480286
wachsamer_oliver_training_data_cbow_lr0.05_epochs1_mincount5_ws5_dims300,opfertiere,0.7851542830467224
wachsamer_oliver_training_data_cbow_lr0.05_epochs1_mincount5_ws5_dims300,opfergestus,0.7831721901893616
wachsamer_oliver_training_data_cbow_lr0.05_epochs1_mincount5_ws5_dims300,opfermahl,0.7822285294532776
wachsamer_oliver_training_data_cbow_lr0.05_epochs1_mincount5_ws5_dims300,opfernarrativ,0.7821398973464966
wachsamer_oliver_training_data_cbow_lr0.05_epochs1_mincount5_ws5_dims300,opferzeuginnen,0.7816089391708374
wachsamer_oliver_training_data_cbow_lr0.05_epochs1_mincount5_ws5_dims300,überfallsopfer,0.781013011932373
wachsamer_oliver_training_data_cbow_lr0.05_epochs1_mincount5_ws5_dims300,opferlichter,0.7806059718132019
wachsamer_oliver_training_data_cbow_lr0.05_epochs1_mincount5_ws5_dims300,opferlegende,0.7796717286109924
wachsamer_oliver_training_data_cbow_lr0.05_epochs1_mincount5_ws5_dims300,verbrechensopfer,0.7790894508361816
wachsamer_oliver_training_data_cbow_lr0.05_epochs1_mincount5_ws5_dims300,opferumkehr,0.7777038216590881
wachsamer_oliver_training_data_cbow_lr0.05_epochs1_mincount5_ws5_dims300,opferkerzen,0.7770651578903198
wachsamer_oliver_training_data_cbow_lr0.05_epochs1_mincount5_ws5_dims300,raubopfer,0.7762240171432495
wachsamer_oliver_training_data_cbow_lr0.05_epochs1_mincount5_ws5_dims300,mordopfer,0.7742962837219238
wachsamer_oliver_training_data_cbow_lr0.05_epochs1_mincount5_ws5_dims300,opferaltäre,0.774133563041687
wachsamer_oliver_training_data_cbow_lr0.05_epochs1_mincount5_ws5_dims300,opferstick,0.7721892595291138
wachsamer_oliver_training_data_cbow_lr0.05_epochs1_mincount5_ws5_dims300,opferwurst,0.7707017660140991
wachsamer_oliver_training_data_cbow_lr0.05_epochs1_mincount5_ws5_dims300,opferrenten,0.7701148986816406
wachsamer_oliver_training_data_cbow_lr0.05_epochs1_mincount5_ws5_dims300,opferstock,0.7699829936027527
wachsamer_oliver_training_data_cbow_lr0.05_epochs1_mincount5_ws5_dims300,opferlisten,0.7696408033370972
wachsamer_oliver_training_data_cbow_lr0.05_epochs1_mincount5_ws5_dims300,opferangehörige,0.7696372866630554
wachsamer_oliver_training_data_cbow_lr0.05_epochs1_mincount5_ws5_dims300,opfertisch,0.768794596195221
wachsamer_oliver_training_data_cbow_lr0.05_epochs1_mincount5_ws5_dims300,opferrate,0.7684621810913086
wachsamer_oliver_training_data_cbow_lr0.05_epochs1_mincount5_ws5_dims300,opfermythen,0.7681214213371277
wachsamer_oliver_training_data_cbow_lr0.05_epochs1_mincount5_ws5_dims300,opferritual,0.7673847675323486
wachsamer_oliver_training_data_cbow_lr0.05_epochs1_mincount5_ws5_dims300,opferthese,0.7659025192260742
wachsamer_oliver_training_data_cbow_lr0.05_epochs1_mincount5_ws5_dims300,opferschützer,0.7656160593032837
wachsamer_oliver_training_data_cbow_lr0.05_epochs1_mincount5_ws5_dims300,entführungsopfer,0.7648044228553772
wachsamer_oliver_training_data_cbow_lr0.05_epochs1_mincount5_ws5_dims300,opfertypen,0.7643912434577942
wachsamer_oliver_training_data_cbow_lr0.05_epochs1_mincount5_ws5_dims300,opferwagen,0.7640057802200317
wachsamer_oliver_training_data_cbow_lr0.05_epochs1_mincount5_ws5_dims300,opfersuche,0.7637852430343628
wachsamer_oliver_training_data_cbow_lr0.05_epochs1_mincount5_ws5_dims300,opfernamen,0.7630436420440674
wachsamer_oliver_training_data_cbow_lr0.05_epochs1_mincount5_ws5_dims300,opferkreis,0.7628053426742554
wachsamer_oliver_training_data_cbow_lr0.05_epochs1_mincount5_ws5_dims300,gewaltopfer,0.7623989582061768
wachsamer_oliver_training_data_cbow_lr0.05_epochs1_mincount5_ws5_dims300,vergewaltigungsopfer,0.7609826326370239
wachsamer_oliver_training_data_cbow_lr0.05_epochs1_mincount5_ws5_dims300,todeopfer,0.7609663009643555
wachsamer_oliver_training_data_cbow_lr0.05_epochs1_mincount5_ws5_dims300,opferung,0.7608305215835571
wachsamer_oliver_training_data_cbow_lr0.05_epochs1_mincount5_ws5_dims300,opferkollektiv,0.7600224018096924
wachsamer_oliver_training_data_cbow_lr0.05_epochs1_mincount5_ws5_dims300,opfergedenken,0.7592335343360901
wachsamer_oliver_training_data_cbow_lr0.05_epochs1_mincount5_ws5_dims300,opfergeld,0.7572450637817383
wachsamer_oliver_training_data_cbow_lr0.05_epochs1_mincount5_ws5_dims300,opferstöcke,0.75682532787323
wachsamer_oliver_training_data_cbow_lr0.05_epochs1_mincount5_ws5_dims300,opferkuchen,0.7567271590232849
wachsamer_oliver_training_data_cbow_lr0.05_epochs1_mincount5_ws5_dims300,opferangehörigen,0.7561823129653931
wachsamer_oliver_training_data_cbow_lr0.05_epochs1_mincount5_ws5_dims300,opferschema,0.7549924254417419
wachsamer_oliver_training_data_cbow_lr0.05_epochs1_mincount5_ws5_dims300,opferbegriff,0.7547496557235718
wachsamer_oliver_training_data_cbow_lr0.05_epochs1_mincount5_ws5_dims300,opfertieres,0.7535778880119324
wachsamer_oliver_training_data_cbow_lr0.05_epochs1_mincount5_ws5_dims300,opferplatz,0.7525569796562195
wachsamer_oliver_training_data_cbow_lr0.05_epochs1_mincount5_ws5_dims300,opferstocks,0.7523912191390991
wachsamer_oliver_training_data_cbow_lr0.05_epochs1_mincount5_ws5_dims300,opferbilder,0.752269446849823
wachsamer_oliver_training_data_cbow_lr0.05_epochs1_mincount5_ws5_dims300,opferseite,0.7510150074958801
wachsamer_oliver_training_data_cbow_lr0.05_epochs1_mincount5_ws5_dims300,opferstelle,0.7506052255630493
wachsamer_oliver_training_data_cbow_lr0.05_epochs1_mincount5_ws5_dims300,opferstockdieben,0.7504586577415466
wachsamer_oliver_training_data_cbow_lr0.05_epochs1_mincount5_ws5_dims300,opferstockdiebe,0.7501252889633179
wachsamer_oliver_training_data_cbow_lr0.05_epochs1_mincount5_ws5_dims300,überfallopfer,0.7495614886283875
wachsamer_oliver_training_data_cbow_lr0.05_epochs1_mincount5_ws5_dims300,opferstein,0.7465103268623352
wachsamer_oliver_training_data_cbow_lr0.05_epochs1_mincount5_ws5_dims300,opferaltären,0.7464908957481384
wachsamer_oliver_training_data_cbow_lr0.05_epochs1_mincount5_ws5_dims300,hauptopfer,0.7463736534118652
wachsamer_oliver_training_data_cbow_lr0.05_epochs1_mincount5_ws5_dims300,totesopfer,0.7448172569274902
wachsamer_oliver_training_data_cbow_lr0.05_epochs1_mincount5_ws5_dims300,anschlagsopfer,0.74466472864151
wachsamer_oliver_training_data_cbow_lr0.05_epochs1_mincount5_ws5_dims300,misshandlungsopfer,0.7436280250549316
wachsamer_oliver_training_data_cbow_lr0.05_epochs1_mincount5_ws5_dims300,opfergaben,0.7433465719223022
genialer_noar_training_data_lower_cbow_lr0.05_epochs1_mincount100_ws12_dims300,opfere,0.8486775755882263
genialer_noar_training_data_lower_cbow_lr0.05_epochs1_mincount100_ws12_dims300,raubopfer,0.8374879360198975
genialer_noar_training_data_lower_cbow_lr0.05_epochs1_mincount100_ws12_dims300,opfern,0.8072385191917419
genialer_noar_training_data_lower_cbow_lr0.05_epochs1_mincount100_ws12_dims300,gewaltopfer,0.7928573489189148
genialer_noar_training_data_lower_cbow_lr0.05_epochs1_mincount100_ws12_dims300,hauptopfer,0.7883627414703369
genialer_noar_training_data_lower_cbow_lr0.05_epochs1_mincount100_ws12_dims300,verbrechensopfer,0.7862163186073303
genialer_noar_training_data_lower_cbow_lr0.05_epochs1_mincount100_ws12_dims300,mordopfer,0.7687457799911499
genialer_noar_training_data_lower_cbow_lr0.05_epochs1_mincount100_ws12_dims300,opferlamm,0.7661225199699402
genialer_noar_training_data_lower_cbow_lr0.05_epochs1_mincount100_ws12_dims300,vergewaltigungsopfer,0.7653173208236694
genialer_noar_training_data_lower_cbow_lr0.05_epochs1_mincount100_ws12_dims300,opfert,0.7562247514724731
genialer_noar_training_data_lower_cbow_lr0.05_epochs1_mincount100_ws12_dims300,zufallsopfer,0.7508636116981506
genialer_noar_training_data_lower_cbow_lr0.05_epochs1_mincount100_ws12_dims300,opferstöcke,0.7483568787574768
genialer_noar_training_data_lower_cbow_lr0.05_epochs1_mincount100_ws12_dims300,dopfer,0.7472943663597107
genialer_noar_training_data_lower_cbow_lr0.05_epochs1_mincount100_ws12_dims300,prügelopfer,0.746613085269928
genialer_noar_training_data_lower_cbow_lr0.05_epochs1_mincount100_ws12_dims300,schussopfer,0.7455400228500366
genialer_noar_training_data_lower_cbow_lr0.05_epochs1_mincount100_ws12_dims300,opferstock,0.7403976321220398
genialer_noar_training_data_lower_cbow_lr0.05_epochs1_mincount100_ws12_dims300,opfermythos,0.7316811680793762
genialer_noar_training_data_lower_cbow_lr0.05_epochs1_mincount100_ws12_dims300,bissopfer,0.7286713719367981
genialer_noar_training_data_lower_cbow_lr0.05_epochs1_mincount100_ws12_dims300,anschlagsopfer,0.7263158559799194
genialer_noar_training_data_lower_cbow_lr0.05_epochs1_mincount100_ws12_dims300,opferstöcken,0.724531888961792
genialer_noar_training_data_lower_cbow_lr0.05_epochs1_mincount100_ws12_dims300,opferten,0.7223997116088867
genialer_noar_training_data_lower_cbow_lr0.05_epochs1_mincount100_ws12_dims300,terroropfer,0.7219709753990173
genialer_noar_training_data_lower_cbow_lr0.05_epochs1_mincount100_ws12_dims300,opferte,0.7211857438087463
genialer_noar_training_data_lower_cbow_lr0.05_epochs1_mincount100_ws12_dims300,entführungsopfer,0.7210868000984192
genialer_noar_training_data_lower_cbow_lr0.05_epochs1_mincount100_ws12_dims300,opferstockdieb,0.7202028632164001
genialer_noar_training_data_lower_cbow_lr0.05_epochs1_mincount100_ws12_dims300,mobbingopfer,0.7191094756126404
genialer_noar_training_data_lower_cbow_lr0.05_epochs1_mincount100_ws12_dims300,opfers,0.7175942063331604
genialer_noar_training_data_lower_cbow_lr0.05_epochs1_mincount100_ws12_dims300,folteropfer,0.7141565084457397
genialer_noar_training_data_lower_cbow_lr0.05_epochs1_mincount100_ws12_dims300,menschenopfer,0.7109610438346863
genialer_noar_training_data_lower_cbow_lr0.05_epochs1_mincount100_ws12_dims300,sturzopfer,0.7045778036117554
genialer_noar_training_data_lower_cbow_lr0.05_epochs1_mincount100_ws12_dims300,opferhilfe,0.7021310329437256
genialer_noar_training_data_lower_cbow_lr0.05_epochs1_mincount100_ws12_dims300,vergewaltigungsopfern,0.7019488215446472
genialer_noar_training_data_lower_cbow_lr0.05_epochs1_mincount100_ws12_dims300,missbrauchsopfer,0.7017885446548462
genialer_noar_training_data_lower_cbow_lr0.05_epochs1_mincount100_ws12_dims300,kriegsopfer,0.6984312534332275
genialer_noar_training_data_lower_cbow_lr0.05_epochs1_mincount100_ws12_dims300,opfergabe,0.6980780959129333
genialer_noar_training_data_lower_cbow_lr0.05_epochs1_mincount100_ws12_dims300,justizopfer,0.6966946721076965
genialer_noar_training_data_lower_cbow_lr0.05_epochs1_mincount100_ws12_dims300,opfergaben,0.6954729557037354
genialer_noar_training_data_lower_cbow_lr0.05_epochs1_mincount100_ws12_dims300,todesopfer,0.690850019454956
genialer_noar_training_data_lower_cbow_lr0.05_epochs1_mincount100_ws12_dims300,einbruchsopfer,0.6904542446136475
genialer_noar_training_data_lower_cbow_lr0.05_epochs1_mincount100_ws12_dims300,opferung,0.6892644166946411
genialer_noar_training_data_lower_cbow_lr0.05_epochs1_mincount100_ws12_dims300,verbrechensopfern,0.6883796453475952
genialer_noar_training_data_lower_cbow_lr0.05_epochs1_mincount100_ws12_dims300,opfergruppe,0.6871968507766724
genialer_noar_training_data_lower_cbow_lr0.05_epochs1_mincount100_ws12_dims300,opferfamilie,0.6854215860366821
genialer_noar_training_data_lower_cbow_lr0.05_epochs1_mincount100_ws12_dims300,opferfamilien,0.6840150952339172
genialer_noar_training_data_lower_cbow_lr0.05_epochs1_mincount100_ws12_dims300,gewaltopfern,0.6821116209030151
genialer_noar_training_data_lower_cbow_lr0.05_epochs1_mincount100_ws12_dims300,opferanwalt,0.6803473830223083
genialer_noar_training_data_lower_cbow_lr0.05_epochs1_mincount100_ws12_dims300,betrugsopfer,0.6756200194358826
genialer_noar_training_data_lower_cbow_lr0.05_epochs1_mincount100_ws12_dims300,brandopfer,0.6734904050827026
genialer_noar_training_data_lower_cbow_lr0.05_epochs1_mincount100_ws12_dims300,opferanwälte,0.6723499894142151
genialer_noar_training_data_lower_cbow_lr0.05_epochs1_mincount100_ws12_dims300,vergewaltigungsopfers,0.6720170378684998
genialer_noar_training_data_lower_cbow_lr0.05_epochs1_mincount100_ws12_dims300,hopfer,0.6691268682479858
genialer_noar_training_data_lower_cbow_lr0.05_epochs1_mincount100_ws12_dims300,opferthese,0.6652631759643555
genialer_noar_training_data_lower_cbow_lr0.05_epochs1_mincount100_ws12_dims300,opferfest,0.6637019515037537
genialer_noar_training_data_lower_cbow_lr0.05_epochs1_mincount100_ws12_dims300,drogenopfer,0.6636039018630981
genialer_noar_training_data_lower_cbow_lr0.05_epochs1_mincount100_ws12_dims300,opfergruppen,0.6635048389434814
genialer_noar_training_data_lower_cbow_lr0.05_epochs1_mincount100_ws12_dims300,mordopfern,0.6610462069511414
genialer_noar_training_data_lower_cbow_lr0.05_epochs1_mincount100_ws12_dims300,klopfer,0.6604423522949219
genialer_noar_training_data_lower_cbow_lr0.05_epochs1_mincount100_ws12_dims300,flutopfer,0.6475584506988525
genialer_noar_training_data_lower_cbow_lr0.05_epochs1_mincount100_ws12_dims300,opferanwältin,0.6434762477874756
genialer_noar_training_data_lower_cbow_lr0.05_epochs1_mincount100_ws12_dims300,absturzopfer,0.6399291753768921
genialer_noar_training_data_lower_cbow_lr0.05_epochs1_mincount100_ws12_dims300,opfervertreter,0.6327183246612549
genialer_noar_training_data_lower_cbow_lr0.05_epochs1_mincount100_ws12_dims300,verbrechensopferhilfe,0.6237513422966003
genialer_noar_training_data_lower_cbow_lr0.05_epochs1_mincount100_ws12_dims300,anschlagsopfern,0.6221756339073181
genialer_noar_training_data_lower_cbow_lr0.05_epochs1_mincount100_ws12_dims300,täter,0.6219840049743652
genialer_noar_training_data_lower_cbow_lr0.05_epochs1_mincount100_ws12_dims300,opferstatus,0.6213361024856567
genialer_noar_training_data_lower_cbow_lr0.05_epochs1_mincount100_ws12_dims300,gewalttäter,0.6201453804969788
genialer_noar_training_data_lower_cbow_lr0.05_epochs1_mincount100_ws12_dims300,missbrauchsopfern,0.6197732090950012
genialer_noar_training_data_lower_cbow_lr0.05_epochs1_mincount100_ws12_dims300,unfallopfer,0.6190918684005737
genialer_noar_training_data_lower_cbow_lr0.05_epochs1_mincount100_ws12_dims300,todesopfers,0.6190266609191895
genialer_noar_training_data_lower_cbow_lr0.05_epochs1_mincount100_ws12_dims300,opferverbände,0.6177854537963867
genialer_noar_training_data_lower_cbow_lr0.05_epochs1_mincount100_ws12_dims300,opferfonds,0.6173542141914368
genialer_noar_training_data_lower_cbow_lr0.05_epochs1_mincount100_ws12_dims300,opferfests,0.6166885495185852
genialer_noar_training_data_lower_cbow_lr0.05_epochs1_mincount100_ws12_dims300,todesopfern,0.6160045266151428
genialer_noar_training_data_lower_cbow_lr0.05_epochs1_mincount100_ws12_dims300,opferrechte,0.6156951189041138
genialer_noar_training_data_lower_cbow_lr0.05_epochs1_mincount100_ws12_dims300,opferschutzgründen,0.6103581190109253
genialer_noar_training_data_lower_cbow_lr0.05_epochs1_mincount100_ws12_dims300,opferschutz,0.6061446666717529
genialer_noar_training_data_lower_cbow_lr0.05_epochs1_mincount100_ws12_dims300,opferrolle,0.60248202085495
genialer_noar_training_data_lower_cbow_lr0.05_epochs1_mincount100_ws12_dims300,folteropfern,0.5987768769264221
genialer_noar_training_data_lower_cbow_lr0.05_epochs1_mincount100_ws12_dims300,opferfestes,0.5924517512321472
genialer_noar_training_data_lower_cbow_lr0.05_epochs1_mincount100_ws12_dims300,gewalttätern,0.5915319919586182
genialer_noar_training_data_lower_cbow_lr0.05_epochs1_mincount100_ws12_dims300,opferverbänden,0.588628351688385
genialer_noar_training_data_lower_cbow_lr0.05_epochs1_mincount100_ws12_dims300,tätern,0.5872607827186584
genialer_noar_training_data_lower_cbow_lr0.05_epochs1_mincount100_ws12_dims300,terroropfern,0.5866138935089111
genialer_noar_training_data_lower_cbow_lr0.05_epochs1_mincount100_ws12_dims300,kriegsopfern,0.5851945877075195
genialer_noar_training_data_lower_cbow_lr0.05_epochs1_mincount100_ws12_dims300,vergewaltigten,0.5814580917358398
genialer_noar_training_data_lower_cbow_lr0.05_epochs1_mincount100_ws12_dims300,opferschutzes,0.5776975750923157
genialer_noar_training_data_lower_cbow_lr0.05_epochs1_mincount100_ws12_dims300,opferschutzanwältin,0.5763974785804749
genialer_noar_training_data_lower_cbow_lr0.05_epochs1_mincount100_ws12_dims300,sextäter,0.5752124786376953
genialer_noar_training_data_lower_cbow_lr0.05_epochs1_mincount100_ws12_dims300,opferschutzorganisation,0.5731067061424255
genialer_noar_training_data_lower_cbow_lr0.05_epochs1_mincount100_ws12_dims300,opferbilanz,0.57124924659729
genialer_noar_training_data_lower_cbow_lr0.05_epochs1_mincount100_ws12_dims300,opferbereitschaft,0.5711385011672974
genialer_noar_training_data_lower_cbow_lr0.05_epochs1_mincount100_ws12_dims300,tatzeugen,0.5706364512443542
genialer_noar_training_data_lower_cbow_lr0.05_epochs1_mincount100_ws12_dims300,gewaltverbrecher,0.569706380367279
genialer_noar_training_data_lower_cbow_lr0.05_epochs1_mincount100_ws12_dims300,verbrechensopfergesetz,0.566175103187561
genialer_noar_training_data_lower_cbow_lr0.05_epochs1_mincount100_ws12_dims300,täterinnen,0.5657382607460022
genialer_noar_training_data_lower_cbow_lr0.05_epochs1_mincount100_ws12_dims300,ersttäter,0.5649805068969727
genialer_noar_training_data_lower_cbow_lr0.05_epochs1_mincount100_ws12_dims300,mordopfers,0.5640395283699036
genialer_noar_training_data_lower_cbow_lr0.05_epochs1_mincount100_ws12_dims300,erdbebenopfer,0.5637292861938477
genialer_noar_training_data_lower_cbow_lr0.05_epochs1_mincount100_ws12_dims300,übeltäter,0.5636218786239624
genialer_noar_training_data_lower_cbow_lr0.05_epochs1_mincount100_ws12_dims300,missbrauchstäter,0.5615848302841187
bezaubernde_jennifer_training_data_cbow_lr0.05_epochs1_mincount10_ws6_dims300,opfere,0.872210681438446
bezaubernde_jennifer_training_data_cbow_lr0.05_epochs1_mincount10_ws6_dims300,opfert,0.8711070418357849
bezaubernde_jennifer_training_data_cbow_lr0.05_epochs1_mincount10_ws6_dims300,opferwidder,0.849724531173706
bezaubernde_jennifer_training_data_cbow_lr0.05_epochs1_mincount10_ws6_dims300,opferkuch,0.8463415503501892
bezaubernde_jennifer_training_data_cbow_lr0.05_epochs1_mincount10_ws6_dims300,opferlämmer,0.838467001914978
bezaubernde_jennifer_training_data_cbow_lr0.05_epochs1_mincount10_ws6_dims300,opferpose,0.8353188037872314
bezaubernde_jennifer_training_data_cbow_lr0.05_epochs1_mincount10_ws6_dims300,opfertier,0.823826789855957
bezaubernde_jennifer_training_data_cbow_lr0.05_epochs1_mincount10_ws6_dims300,opfersein,0.8124725818634033
bezaubernde_jennifer_training_data_cbow_lr0.05_epochs1_mincount10_ws6_dims300,opferbögen,0.81071537733078
bezaubernde_jennifer_training_data_cbow_lr0.05_epochs1_mincount10_ws6_dims300,opfern,0.8094044327735901
bezaubernde_jennifer_training_data_cbow_lr0.05_epochs1_mincount10_ws6_dims300,opfermut,0.8073550462722778
bezaubernde_jennifer_training_data_cbow_lr0.05_epochs1_mincount10_ws6_dims300,opfertod,0.8062097430229187
bezaubernde_jennifer_training_data_cbow_lr0.05_epochs1_mincount10_ws6_dims300,opferaltar,0.8057218790054321
bezaubernde_jennifer_training_data_cbow_lr0.05_epochs1_mincount10_ws6_dims300,opferwitwen,0.8041129112243652
bezaubernde_jennifer_training_data_cbow_lr0.05_epochs1_mincount10_ws6_dims300,opferkult,0.7991337180137634
bezaubernde_jennifer_training_data_cbow_lr0.05_epochs1_mincount10_ws6_dims300,opferriten,0.7978212833404541
bezaubernde_jennifer_training_data_cbow_lr0.05_epochs1_mincount10_ws6_dims300,opferlamm,0.7962111830711365
bezaubernde_jennifer_training_data_cbow_lr0.05_epochs1_mincount10_ws6_dims300,opfergang,0.7958126068115234
bezaubernde_jennifer_training_data_cbow_lr0.05_epochs1_mincount10_ws6_dims300,raubopfer,0.7933303713798523
bezaubernde_jennifer_training_data_cbow_lr0.05_epochs1_mincount10_ws6_dims300,opfermann,0.7914482355117798
bezaubernde_jennifer_training_data_cbow_lr0.05_epochs1_mincount10_ws6_dims300,opferbild,0.7899727821350098
bezaubernde_jennifer_training_data_cbow_lr0.05_epochs1_mincount10_ws6_dims300,opferwurst,0.7894706130027771
bezaubernde_jennifer_training_data_cbow_lr0.05_epochs1_mincount10_ws6_dims300,opferrente,0.7852095365524292
bezaubernde_jennifer_training_data_cbow_lr0.05_epochs1_mincount10_ws6_dims300,überfallsopfer,0.7850492596626282
bezaubernde_jennifer_training_data_cbow_lr0.05_epochs1_mincount10_ws6_dims300,opfernarrativ,0.7806681394577026
bezaubernde_jennifer_training_data_cbow_lr0.05_epochs1_mincount10_ws6_dims300,opferangehörige,0.7796249985694885
bezaubernde_jennifer_training_data_cbow_lr0.05_epochs1_mincount10_ws6_dims300,opferritual,0.7795119285583496
bezaubernde_jennifer_training_data_cbow_lr0.05_epochs1_mincount10_ws6_dims300,opferrate,0.7784848809242249
bezaubernde_jennifer_training_data_cbow_lr0.05_epochs1_mincount10_ws6_dims300,tatopfer,0.7738145589828491
bezaubernde_jennifer_training_data_cbow_lr0.05_epochs1_mincount10_ws6_dims300,opferstock,0.7737022042274475
bezaubernde_jennifer_training_data_cbow_lr0.05_epochs1_mincount10_ws6_dims300,verbrechensopfer,0.7688174843788147
bezaubernde_jennifer_training_data_cbow_lr0.05_epochs1_mincount10_ws6_dims300,opferrenten,0.7682594656944275
bezaubernde_jennifer_training_data_cbow_lr0.05_epochs1_mincount10_ws6_dims300,opferlichter,0.7668668627738953
bezaubernde_jennifer_training_data_cbow_lr0.05_epochs1_mincount10_ws6_dims300,opfertiere,0.7661089897155762
bezaubernde_jennifer_training_data_cbow_lr0.05_epochs1_mincount10_ws6_dims300,gewaltopfer,0.7660483717918396
bezaubernde_jennifer_training_data_cbow_lr0.05_epochs1_mincount10_ws6_dims300,opfernamen,0.7648919820785522
bezaubernde_jennifer_training_data_cbow_lr0.05_epochs1_mincount10_ws6_dims300,mordopfer,0.76462322473526
bezaubernde_jennifer_training_data_cbow_lr0.05_epochs1_mincount10_ws6_dims300,opferbegriff,0.7637420296669006
bezaubernde_jennifer_training_data_cbow_lr0.05_epochs1_mincount10_ws6_dims300,opferkerzen,0.7627154588699341
bezaubernde_jennifer_training_data_cbow_lr0.05_epochs1_mincount10_ws6_dims300,opferschützer,0.7621572613716125
bezaubernde_jennifer_training_data_cbow_lr0.05_epochs1_mincount10_ws6_dims300,opfermythen,0.7589143514633179
bezaubernde_jennifer_training_data_cbow_lr0.05_epochs1_mincount10_ws6_dims300,opferlisten,0.7588286399841309
bezaubernde_jennifer_training_data_cbow_lr0.05_epochs1_mincount10_ws6_dims300,opfersuche,0.7584890127182007
bezaubernde_jennifer_training_data_cbow_lr0.05_epochs1_mincount10_ws6_dims300,opferangehörigen,0.7565574049949646
bezaubernde_jennifer_training_data_cbow_lr0.05_epochs1_mincount10_ws6_dims300,opferstöcke,0.7559523582458496
bezaubernde_jennifer_training_data_cbow_lr0.05_epochs1_mincount10_ws6_dims300,vergewaltigungsopfer,0.7551295161247253
bezaubernde_jennifer_training_data_cbow_lr0.05_epochs1_mincount10_ws6_dims300,opfergeld,0.75359708070755
bezaubernde_jennifer_training_data_cbow_lr0.05_epochs1_mincount10_ws6_dims300,überfallopfer,0.7524159550666809
bezaubernde_jennifer_training_data_cbow_lr0.05_epochs1_mincount10_ws6_dims300,opferstein,0.7514110803604126
bezaubernde_jennifer_training_data_cbow_lr0.05_epochs1_mincount10_ws6_dims300,opferschema,0.7502781748771667
bezaubernde_jennifer_training_data_cbow_lr0.05_epochs1_mincount10_ws6_dims300,opferung,0.7500858306884766
bezaubernde_jennifer_training_data_cbow_lr0.05_epochs1_mincount10_ws6_dims300,opferstockdiebe,0.7486410737037659
bezaubernde_jennifer_training_data_cbow_lr0.05_epochs1_mincount10_ws6_dims300,opferstockdieb,0.7485103607177734
bezaubernde_jennifer_training_data_cbow_lr0.05_epochs1_mincount10_ws6_dims300,opferplatz,0.7465325593948364
bezaubernde_jennifer_training_data_cbow_lr0.05_epochs1_mincount10_ws6_dims300,opfergedenken,0.7458357810974121
bezaubernde_jennifer_training_data_cbow_lr0.05_epochs1_mincount10_ws6_dims300,opferseite,0.7454025149345398
bezaubernde_jennifer_training_data_cbow_lr0.05_epochs1_mincount10_ws6_dims300,entführungsopfer,0.7453883290290833
bezaubernde_jennifer_training_data_cbow_lr0.05_epochs1_mincount10_ws6_dims300,opferthese,0.7424265146255493
bezaubernde_jennifer_training_data_cbow_lr0.05_epochs1_mincount10_ws6_dims300,opfermythos,0.7396228313446045
bezaubernde_jennifer_training_data_cbow_lr0.05_epochs1_mincount10_ws6_dims300,opferhilfe,0.7392119765281677
bezaubernde_jennifer_training_data_cbow_lr0.05_epochs1_mincount10_ws6_dims300,opferaussage,0.7389818429946899
bezaubernde_jennifer_training_data_cbow_lr0.05_epochs1_mincount10_ws6_dims300,opferfamilien,0.7373166680335999
bezaubernde_jennifer_training_data_cbow_lr0.05_epochs1_mincount10_ws6_dims300,opfersteine,0.7368113994598389
bezaubernde_jennifer_training_data_cbow_lr0.05_epochs1_mincount10_ws6_dims300,opferstöcken,0.7362602353096008
bezaubernde_jennifer_training_data_cbow_lr0.05_epochs1_mincount10_ws6_dims300,totesopfer,0.7317320704460144
bezaubernde_jennifer_training_data_cbow_lr0.05_epochs1_mincount10_ws6_dims300,zivilopfer,0.731671929359436
bezaubernde_jennifer_training_data_cbow_lr0.05_epochs1_mincount10_ws6_dims300,opferfest,0.7316688895225525
bezaubernde_jennifer_training_data_cbow_lr0.05_epochs1_mincount10_ws6_dims300,opferstätte,0.7315462827682495
bezaubernde_jennifer_training_data_cbow_lr0.05_epochs1_mincount10_ws6_dims300,opferrituale,0.7314870357513428
bezaubernde_jennifer_training_data_cbow_lr0.05_epochs1_mincount10_ws6_dims300,schussopfer,0.7314136624336243
bezaubernde_jennifer_training_data_cbow_lr0.05_epochs1_mincount10_ws6_dims300,prügelopfer,0.7308564782142639
bezaubernde_jennifer_training_data_cbow_lr0.05_epochs1_mincount10_ws6_dims300,misshandlungsopfer,0.7304731607437134
bezaubernde_jennifer_training_data_cbow_lr0.05_epochs1_mincount10_ws6_dims300,todesopfer,0.7303980588912964
bezaubernde_jennifer_training_data_cbow_lr0.05_epochs1_mincount10_ws6_dims300,hauptopfer,0.7301060557365417
bezaubernde_jennifer_training_data_cbow_lr0.05_epochs1_mincount10_ws6_dims300,opferritualen,0.7287272810935974
bezaubernde_jennifer_training_data_cbow_lr0.05_epochs1_mincount10_ws6_dims300,opfergaben,0.7279328107833862
bezaubernde_jennifer_training_data_cbow_lr0.05_epochs1_mincount10_ws6_dims300,opferungen,0.7275426387786865
bezaubernde_jennifer_training_data_cbow_lr0.05_epochs1_mincount10_ws6_dims300,opferschützern,0.7270511388778687
bezaubernde_jennifer_training_data_cbow_lr0.05_epochs1_mincount10_ws6_dims300,opferverein,0.7269365787506104
bezaubernde_jennifer_training_data_cbow_lr0.05_epochs1_mincount10_ws6_dims300,stalkingopfer,0.7264644503593445
bezaubernde_jennifer_training_data_cbow_lr0.05_epochs1_mincount10_ws6_dims300,opferaussagen,0.7263962030410767
bezaubernde_jennifer_training_data_cbow_lr0.05_epochs1_mincount10_ws6_dims300,opfersicht,0.7261140942573547
bezaubernde_jennifer_training_data_cbow_lr0.05_epochs1_mincount10_ws6_dims300,polizeiopfer,0.7254405617713928
bezaubernde_jennifer_training_data_cbow_lr0.05_epochs1_mincount10_ws6_dims300,opferangaben,0.7252482175827026
bezaubernde_jennifer_training_data_cbow_lr0.05_epochs1_mincount10_ws6_dims300,erpressungsopfer,0.7252353429794312
bezaubernde_jennifer_training_data_cbow_lr0.05_epochs1_mincount10_ws6_dims300,einbruchsopfer,0.7243613004684448
bezaubernde_jennifer_training_data_cbow_lr0.05_epochs1_mincount10_ws6_dims300,opferfamilie,0.7238013744354248
bezaubernde_jennifer_training_data_cbow_lr0.05_epochs1_mincount10_ws6_dims300,attentatsopfer,0.7233642935752869
bezaubernde_jennifer_training_data_cbow_lr0.05_epochs1_mincount10_ws6_dims300,hinrichtungsopfer,0.7229112386703491
bezaubernde_jennifer_training_data_cbow_lr0.05_epochs1_mincount10_ws6_dims300,opferfotos,0.7225050926208496
bezaubernde_jennifer_training_data_cbow_lr0.05_epochs1_mincount10_ws6_dims300,anschlagsopfer,0.7218047976493835
bezaubernde_jennifer_training_data_cbow_lr0.05_epochs1_mincount10_ws6_dims300,bissopfer,0.7212498784065247
bezaubernde_jennifer_training_data_cbow_lr0.05_epochs1_mincount10_ws6_dims300,massakeropfer,0.7205003499984741
bezaubernde_jennifer_training_data_cbow_lr0.05_epochs1_mincount10_ws6_dims300,angriffsopfer,0.7202210426330566
bezaubernde_jennifer_training_data_cbow_lr0.05_epochs1_mincount10_ws6_dims300,missbrauchsopfer,0.7198130488395691
bezaubernde_jennifer_training_data_cbow_lr0.05_epochs1_mincount10_ws6_dims300,opferschalen,0.7193949222564697
bezaubernde_jennifer_training_data_cbow_lr0.05_epochs1_mincount10_ws6_dims300,suizidopfer,0.7192142605781555
bezaubernde_jennifer_training_data_cbow_lr0.05_epochs1_mincount10_ws6_dims300,kriegsopfer,0.718274712562561
bezaubernde_jennifer_training_data_cbow_lr0.05_epochs1_mincount10_ws6_dims300,kopfer,0.7181482911109924
bezaubernde_jennifer_training_data_cbow_lr0.05_epochs1_mincount10_ws6_dims300,sexopfer,0.7162858843803406
bezaubernde_roxana_training_data_cbow_lr0.05_epochs1_mincount100_ws24_dims300,opfern,0.8199661374092102
bezaubernde_roxana_training_data_cbow_lr0.05_epochs1_mincount100_ws24_dims300,opferlamm,0.797503650188446
bezaubernde_roxana_training_data_cbow_lr0.05_epochs1_mincount100_ws24_dims300,opferstock,0.7800401449203491
bezaubernde_roxana_training_data_cbow_lr0.05_epochs1_mincount100_ws24_dims300,opferstöcke,0.7710148096084595
bezaubernde_roxana_training_data_cbow_lr0.05_epochs1_mincount100_ws24_dims300,opferthese,0.7657404541969299
bezaubernde_roxana_training_data_cbow_lr0.05_epochs1_mincount100_ws24_dims300,opfers,0.7460805177688599
bezaubernde_roxana_training_data_cbow_lr0.05_epochs1_mincount100_ws24_dims300,opferstockdieb,0.7422361373901367
bezaubernde_roxana_training_data_cbow_lr0.05_epochs1_mincount100_ws24_dims300,opferstöcken,0.7419499158859253
bezaubernde_roxana_training_data_cbow_lr0.05_epochs1_mincount100_ws24_dims300,verbrechensopfer,0.7322741746902466
bezaubernde_roxana_training_data_cbow_lr0.05_epochs1_mincount100_ws24_dims300,vergewaltigungsopfer,0.7240603566169739
bezaubernde_roxana_training_data_cbow_lr0.05_epochs1_mincount100_ws24_dims300,opfermythos,0.7233830094337463
bezaubernde_roxana_training_data_cbow_lr0.05_epochs1_mincount100_ws24_dims300,gewaltopfer,0.7211748361587524
bezaubernde_roxana_training_data_cbow_lr0.05_epochs1_mincount100_ws24_dims300,opfergruppe,0.7207285761833191
bezaubernde_roxana_training_data_cbow_lr0.05_epochs1_mincount100_ws24_dims300,opfergabe,0.7198777794837952
bezaubernde_roxana_training_data_cbow_lr0.05_epochs1_mincount100_ws24_dims300,raubopfer,0.7176462411880493
bezaubernde_roxana_training_data_cbow_lr0.05_epochs1_mincount100_ws24_dims300,opfergaben,0.715819239616394
bezaubernde_roxana_training_data_cbow_lr0.05_epochs1_mincount100_ws24_dims300,opferung,0.715183675289154
bezaubernde_roxana_training_data_cbow_lr0.05_epochs1_mincount100_ws24_dims300,opferanwälte,0.7071868181228638
bezaubernde_roxana_training_data_cbow_lr0.05_epochs1_mincount100_ws24_dims300,mordopfer,0.70420241355896
bezaubernde_roxana_training_data_cbow_lr0.05_epochs1_mincount100_ws24_dims300,opferfest,0.7014332413673401
bezaubernde_roxana_training_data_cbow_lr0.05_epochs1_mincount100_ws24_dims300,opferfamilie,0.7002760171890259
bezaubernde_roxana_training_data_cbow_lr0.05_epochs1_mincount100_ws24_dims300,opferhilfe,0.6996177434921265
bezaubernde_roxana_training_data_cbow_lr0.05_epochs1_mincount100_ws24_dims300,opferanwalt,0.6954218149185181
bezaubernde_roxana_training_data_cbow_lr0.05_epochs1_mincount100_ws24_dims300,opferfamilien,0.6869049072265625
bezaubernde_roxana_training_data_cbow_lr0.05_epochs1_mincount100_ws24_dims300,opferrechte,0.681988000869751
bezaubernde_roxana_training_data_cbow_lr0.05_epochs1_mincount100_ws24_dims300,opfergruppen,0.6769259572029114
bezaubernde_roxana_training_data_cbow_lr0.05_epochs1_mincount100_ws24_dims300,opfervertreter,0.6732493042945862
bezaubernde_roxana_training_data_cbow_lr0.05_epochs1_mincount100_ws24_dims300,opferrolle,0.6690406799316406
bezaubernde_roxana_training_data_cbow_lr0.05_epochs1_mincount100_ws24_dims300,vergewaltigungsopfern,0.6654389500617981
bezaubernde_roxana_training_data_cbow_lr0.05_epochs1_mincount100_ws24_dims300,opferfonds,0.6632366180419922
bezaubernde_roxana_training_data_cbow_lr0.05_epochs1_mincount100_ws24_dims300,täter,0.659828245639801
bezaubernde_roxana_training_data_cbow_lr0.05_epochs1_mincount100_ws24_dims300,anschlagsopfer,0.6552647948265076
bezaubernde_roxana_training_data_cbow_lr0.05_epochs1_mincount100_ws24_dims300,opferschutz,0.6534246802330017
bezaubernde_roxana_training_data_cbow_lr0.05_epochs1_mincount100_ws24_dims300,vergewaltigungsopfers,0.6521912813186646
bezaubernde_roxana_training_data_cbow_lr0.05_epochs1_mincount100_ws24_dims300,verbrechensopfern,0.651390016078949
bezaubernde_roxana_training_data_cbow_lr0.05_epochs1_mincount100_ws24_dims300,schussopfer,0.6502507925033569
bezaubernde_roxana_training_data_cbow_lr0.05_epochs1_mincount100_ws24_dims300,opferstatus,0.6488269567489624
bezaubernde_roxana_training_data_cbow_lr0.05_epochs1_mincount100_ws24_dims300,opferverbände,0.6482888460159302
bezaubernde_roxana_training_data_cbow_lr0.05_epochs1_mincount100_ws24_dims300,opferfests,0.6461134552955627
bezaubernde_roxana_training_data_cbow_lr0.05_epochs1_mincount100_ws24_dims300,opferanwältin,0.645947277545929
bezaubernde_roxana_training_data_cbow_lr0.05_epochs1_mincount100_ws24_dims300,todesopfer,0.6436771154403687
bezaubernde_roxana_training_data_cbow_lr0.05_epochs1_mincount100_ws24_dims300,tätern,0.6419990658760071
bezaubernde_roxana_training_data_cbow_lr0.05_epochs1_mincount100_ws24_dims300,bissopfer,0.6404268741607666
bezaubernde_roxana_training_data_cbow_lr0.05_epochs1_mincount100_ws24_dims300,hauptopfer,0.6390286684036255
bezaubernde_roxana_training_data_cbow_lr0.05_epochs1_mincount100_ws24_dims300,entführungsopfer,0.6332385540008545
bezaubernde_roxana_training_data_cbow_lr0.05_epochs1_mincount100_ws24_dims300,prügelopfer,0.6322527527809143
bezaubernde_roxana_training_data_cbow_lr0.05_epochs1_mincount100_ws24_dims300,mordopfern,0.6321663856506348
bezaubernde_roxana_training_data_cbow_lr0.05_epochs1_mincount100_ws24_dims300,gewalttäter,0.6314058303833008
bezaubernde_roxana_training_data_cbow_lr0.05_epochs1_mincount100_ws24_dims300,opferfestes,0.6312096118927002
bezaubernde_roxana_training_data_cbow_lr0.05_epochs1_mincount100_ws24_dims300,gewaltopfern,0.6307329535484314
bezaubernde_roxana_training_data_cbow_lr0.05_epochs1_mincount100_ws24_dims300,getöteten,0.6282649040222168
bezaubernde_roxana_training_data_cbow_lr0.05_epochs1_mincount100_ws24_dims300,opferschutzgründen,0.6231122612953186
bezaubernde_roxana_training_data_cbow_lr0.05_epochs1_mincount100_ws24_dims300,missbrauchsopfer,0.6223062872886658
bezaubernde_roxana_training_data_cbow_lr0.05_epochs1_mincount100_ws24_dims300,zufallsopfer,0.6203301548957825
bezaubernde_roxana_training_data_cbow_lr0.05_epochs1_mincount100_ws24_dims300,ermordeten,0.6197189688682556
bezaubernde_roxana_training_data_cbow_lr0.05_epochs1_mincount100_ws24_dims300,opferverbänden,0.6161705851554871
bezaubernde_roxana_training_data_cbow_lr0.05_epochs1_mincount100_ws24_dims300,vergewaltiger,0.613642156124115
bezaubernde_roxana_training_data_cbow_lr0.05_epochs1_mincount100_ws24_dims300,menschenopfer,0.6117412447929382
bezaubernde_roxana_training_data_cbow_lr0.05_epochs1_mincount100_ws24_dims300,opferschutzes,0.6091617941856384
bezaubernde_roxana_training_data_cbow_lr0.05_epochs1_mincount100_ws24_dims300,vergewaltigte,0.6090143322944641
bezaubernde_roxana_training_data_cbow_lr0.05_epochs1_mincount100_ws24_dims300,einbruchsopfer,0.6057265996932983
bezaubernde_roxana_training_data_cbow_lr0.05_epochs1_mincount100_ws24_dims300,todesopfers,0.6034607887268066
bezaubernde_roxana_training_data_cbow_lr0.05_epochs1_mincount100_ws24_dims300,getöteter,0.6028448343276978
bezaubernde_roxana_training_data_cbow_lr0.05_epochs1_mincount100_ws24_dims300,mobbingopfer,0.6005914211273193
bezaubernde_roxana_training_data_cbow_lr0.05_epochs1_mincount100_ws24_dims300,folteropfer,0.5993008017539978
bezaubernde_roxana_training_data_cbow_lr0.05_epochs1_mincount100_ws24_dims300,kriegsopfer,0.5965650081634521
bezaubernde_roxana_training_data_cbow_lr0.05_epochs1_mincount100_ws24_dims300,gewalttätern,0.5960316061973572
bezaubernde_roxana_training_data_cbow_lr0.05_epochs1_mincount100_ws24_dims300,vergewaltigten,0.5958187580108643
bezaubernde_roxana_training_data_cbow_lr0.05_epochs1_mincount100_ws24_dims300,opferschutzorganisation,0.5949848890304565
bezaubernde_roxana_training_data_cbow_lr0.05_epochs1_mincount100_ws24_dims300,terroropfer,0.5937219858169556
bezaubernde_roxana_training_data_cbow_lr0.05_epochs1_mincount100_ws24_dims300,getötete,0.593164324760437
bezaubernde_roxana_training_data_cbow_lr0.05_epochs1_mincount100_ws24_dims300,gewaltverbrecher,0.5924997925758362
bezaubernde_roxana_training_data_cbow_lr0.05_epochs1_mincount100_ws24_dims300,vergewaltigt,0.5921469926834106
bezaubernde_roxana_training_data_cbow_lr0.05_epochs1_mincount100_ws24_dims300,ermordete,0.5912747383117676
bezaubernde_roxana_training_data_cbow_lr0.05_epochs1_mincount100_ws24_dims300,täterinnen,0.5907552242279053
bezaubernde_roxana_training_data_cbow_lr0.05_epochs1_mincount100_ws24_dims300,tatzeugen,0.5902260541915894
bezaubernde_roxana_training_data_cbow_lr0.05_epochs1_mincount100_ws24_dims300,opferbilanz,0.587356686592102
bezaubernde_roxana_training_data_cbow_lr0.05_epochs1_mincount100_ws24_dims300,todesopfern,0.5857047438621521
bezaubernde_roxana_training_data_cbow_lr0.05_epochs1_mincount100_ws24_dims300,brandopfer,0.5846558213233948
bezaubernde_roxana_training_data_cbow_lr0.05_epochs1_mincount100_ws24_dims300,ermordeter,0.5843417644500732
bezaubernde_roxana_training_data_cbow_lr0.05_epochs1_mincount100_ws24_dims300,opferschutzanwältin,0.5780437588691711
bezaubernde_roxana_training_data_cbow_lr0.05_epochs1_mincount100_ws24_dims300,verbrechensopferhilfe,0.5773332118988037
bezaubernde_roxana_training_data_cbow_lr0.05_epochs1_mincount100_ws24_dims300,gewaltverbrechen,0.5763201713562012
bezaubernde_roxana_training_data_cbow_lr0.05_epochs1_mincount100_ws24_dims300,ermordet,0.5754987001419067
bezaubernde_roxana_training_data_cbow_lr0.05_epochs1_mincount100_ws24_dims300,mordeten,0.5741887092590332
bezaubernde_roxana_training_data_cbow_lr0.05_epochs1_mincount100_ws24_dims300,opferbereitschaft,0.5739303827285767
bezaubernde_roxana_training_data_cbow_lr0.05_epochs1_mincount100_ws24_dims300,gewalttat,0.5730450749397278
bezaubernde_roxana_training_data_cbow_lr0.05_epochs1_mincount100_ws24_dims300,täterin,0.5721049904823303
bezaubernde_roxana_training_data_cbow_lr0.05_epochs1_mincount100_ws24_dims300,mädchenmord,0.5696477890014648
bezaubernde_roxana_training_data_cbow_lr0.05_epochs1_mincount100_ws24_dims300,täters,0.5694015622138977
bezaubernde_roxana_training_data_cbow_lr0.05_epochs1_mincount100_ws24_dims300,männergewalt,0.5691947340965271
bezaubernde_roxana_training_data_cbow_lr0.05_epochs1_mincount100_ws24_dims300,justizopfer,0.568036675453186
bezaubernde_roxana_training_data_cbow_lr0.05_epochs1_mincount100_ws24_dims300,anschlagsopfern,0.5676499605178833
bezaubernde_roxana_training_data_cbow_lr0.05_epochs1_mincount100_ws24_dims300,opferschutzorganisationen,0.5660930275917053
bezaubernde_roxana_training_data_cbow_lr0.05_epochs1_mincount100_ws24_dims300,sturzopfer,0.5643635988235474
bezaubernde_roxana_training_data_cbow_lr0.05_epochs1_mincount100_ws24_dims300,vergewaltigern,0.5641786456108093
bezaubernde_roxana_training_data_cbow_lr0.05_epochs1_mincount100_ws24_dims300,betrugsopfer,0.5627573132514954
bezaubernde_roxana_training_data_cbow_lr0.05_epochs1_mincount100_ws24_dims300,opferschutzeinrichtung,0.5621997117996216
bezaubernde_roxana_training_data_cbow_lr0.05_epochs1_mincount100_ws24_dims300,tätersuche,0.5621766448020935
bezaubernde_roxana_training_data_cbow_lr0.05_epochs1_mincount100_ws24_dims300,angehörigen,0.5604168176651001
entzückende_veronica_training_data_cbow_lr0.05_epochs1_mincount10_ws24_dims300,opfere,0.8803712129592896
entzückende_veronica_training_data_cbow_lr0.05_epochs1_mincount10_ws24_dims300,opfert,0.8730591535568237
entzückende_veronica_training_data_cbow_lr0.05_epochs1_mincount10_ws24_dims300,opferpose,0.8527573347091675
entzückende_veronica_training_data_cbow_lr0.05_epochs1_mincount10_ws24_dims300,opferlämmer,0.846645712852478
entzückende_veronica_training_data_cbow_lr0.05_epochs1_mincount10_ws24_dims300,opferwidder,0.8452643156051636
entzückende_veronica_training_data_cbow_lr0.05_epochs1_mincount10_ws24_dims300,opferkuch,0.8365082144737244
entzückende_veronica_training_data_cbow_lr0.05_epochs1_mincount10_ws24_dims300,opfern,0.8326582312583923
entzückende_veronica_training_data_cbow_lr0.05_epochs1_mincount10_ws24_dims300,opfermut,0.8206802010536194
entzückende_veronica_training_data_cbow_lr0.05_epochs1_mincount10_ws24_dims300,opferrente,0.8152238130569458
entzückende_veronica_training_data_cbow_lr0.05_epochs1_mincount10_ws24_dims300,opferwitwen,0.8148205876350403
entzückende_veronica_training_data_cbow_lr0.05_epochs1_mincount10_ws24_dims300,opfersein,0.8081701397895813
entzückende_veronica_training_data_cbow_lr0.05_epochs1_mincount10_ws24_dims300,opfertod,0.8063737154006958
entzückende_veronica_training_data_cbow_lr0.05_epochs1_mincount10_ws24_dims300,opfermann,0.8047823905944824
entzückende_veronica_training_data_cbow_lr0.05_epochs1_mincount10_ws24_dims300,opfertier,0.8037822246551514
entzückende_veronica_training_data_cbow_lr0.05_epochs1_mincount10_ws24_dims300,opfergang,0.8020100593566895
entzückende_veronica_training_data_cbow_lr0.05_epochs1_mincount10_ws24_dims300,opferriten,0.7992878556251526
entzückende_veronica_training_data_cbow_lr0.05_epochs1_mincount10_ws24_dims300,opferbögen,0.7990809679031372
entzückende_veronica_training_data_cbow_lr0.05_epochs1_mincount10_ws24_dims300,opferkult,0.7957847118377686
entzückende_veronica_training_data_cbow_lr0.05_epochs1_mincount10_ws24_dims300,opferrate,0.7912416458129883
entzückende_veronica_training_data_cbow_lr0.05_epochs1_mincount10_ws24_dims300,opferangehörige,0.7901817560195923
entzückende_veronica_training_data_cbow_lr0.05_epochs1_mincount10_ws24_dims300,opferrenten,0.7896079421043396
entzückende_veronica_training_data_cbow_lr0.05_epochs1_mincount10_ws24_dims300,opferschützer,0.7850552797317505
entzückende_veronica_training_data_cbow_lr0.05_epochs1_mincount10_ws24_dims300,opferlamm,0.783139169216156
entzückende_veronica_training_data_cbow_lr0.05_epochs1_mincount10_ws24_dims300,opferbild,0.7820681929588318
entzückende_veronica_training_data_cbow_lr0.05_epochs1_mincount10_ws24_dims300,opferbegriff,0.7790699005126953
entzückende_veronica_training_data_cbow_lr0.05_epochs1_mincount10_ws24_dims300,opferkerzen,0.7737526893615723
entzückende_veronica_training_data_cbow_lr0.05_epochs1_mincount10_ws24_dims300,opferlichter,0.7727514505386353
entzückende_veronica_training_data_cbow_lr0.05_epochs1_mincount10_ws24_dims300,opferwurst,0.770490825176239
entzückende_veronica_training_data_cbow_lr0.05_epochs1_mincount10_ws24_dims300,opferaltar,0.7704603672027588
entzückende_veronica_training_data_cbow_lr0.05_epochs1_mincount10_ws24_dims300,opfernarrativ,0.7692766189575195
entzückende_veronica_training_data_cbow_lr0.05_epochs1_mincount10_ws24_dims300,opfernamen,0.7661832571029663
entzückende_veronica_training_data_cbow_lr0.05_epochs1_mincount10_ws24_dims300,opferlisten,0.7656451463699341
entzückende_veronica_training_data_cbow_lr0.05_epochs1_mincount10_ws24_dims300,opferangehörigen,0.7655282020568848
entzückende_veronica_training_data_cbow_lr0.05_epochs1_mincount10_ws24_dims300,opfermythen,0.7639390826225281
entzückende_veronica_training_data_cbow_lr0.05_epochs1_mincount10_ws24_dims300,opferseite,0.76361483335495
entzückende_veronica_training_data_cbow_lr0.05_epochs1_mincount10_ws24_dims300,opferritual,0.7567760348320007
entzückende_veronica_training_data_cbow_lr0.05_epochs1_mincount10_ws24_dims300,überfallsopfer,0.7564117312431335
entzückende_veronica_training_data_cbow_lr0.05_epochs1_mincount10_ws24_dims300,opfersuche,0.7562798857688904
entzückende_veronica_training_data_cbow_lr0.05_epochs1_mincount10_ws24_dims300,opferschema,0.7556976675987244
entzückende_veronica_training_data_cbow_lr0.05_epochs1_mincount10_ws24_dims300,opferstöcke,0.7537361979484558
entzückende_veronica_training_data_cbow_lr0.05_epochs1_mincount10_ws24_dims300,verbrechensopfer,0.7515562772750854
entzückende_veronica_training_data_cbow_lr0.05_epochs1_mincount10_ws24_dims300,opferschützern,0.7510988712310791
entzückende_veronica_training_data_cbow_lr0.05_epochs1_mincount10_ws24_dims300,opfergeld,0.7508884072303772
entzückende_veronica_training_data_cbow_lr0.05_epochs1_mincount10_ws24_dims300,opferstock,0.7507722973823547
entzückende_veronica_training_data_cbow_lr0.05_epochs1_mincount10_ws24_dims300,opfertiere,0.7495375871658325
entzückende_veronica_training_data_cbow_lr0.05_epochs1_mincount10_ws24_dims300,opferstöcken,0.7486431002616882
entzückende_veronica_training_data_cbow_lr0.05_epochs1_mincount10_ws24_dims300,opferung,0.7476763725280762
entzückende_veronica_training_data_cbow_lr0.05_epochs1_mincount10_ws24_dims300,tatopfer,0.7462158203125
entzückende_veronica_training_data_cbow_lr0.05_epochs1_mincount10_ws24_dims300,opfers,0.7442960143089294
entzückende_veronica_training_data_cbow_lr0.05_epochs1_mincount10_ws24_dims300,opferfotos,0.7440963983535767
entzückende_veronica_training_data_cbow_lr0.05_epochs1_mincount10_ws24_dims300,opferstein,0.7434096932411194
entzückende_veronica_training_data_cbow_lr0.05_epochs1_mincount10_ws24_dims300,opferplatz,0.7416231632232666
entzückende_veronica_training_data_cbow_lr0.05_epochs1_mincount10_ws24_dims300,opfersicht,0.7413322329521179
entzückende_veronica_training_data_cbow_lr0.05_epochs1_mincount10_ws24_dims300,opferthese,0.7410449981689453
entzückende_veronica_training_data_cbow_lr0.05_epochs1_mincount10_ws24_dims300,opferaussagen,0.7368344664573669
entzückende_veronica_training_data_cbow_lr0.05_epochs1_mincount10_ws24_dims300,opferaussage,0.7350338101387024
entzückende_veronica_training_data_cbow_lr0.05_epochs1_mincount10_ws24_dims300,opfersteine,0.7347733974456787
entzückende_veronica_training_data_cbow_lr0.05_epochs1_mincount10_ws24_dims300,opferhilfe,0.7336578369140625
entzückende_veronica_training_data_cbow_lr0.05_epochs1_mincount10_ws24_dims300,opferstockdiebe,0.7312448620796204
entzückende_veronica_training_data_cbow_lr0.05_epochs1_mincount10_ws24_dims300,opfergabe,0.7306922674179077
entzückende_veronica_training_data_cbow_lr0.05_epochs1_mincount10_ws24_dims300,opferschalen,0.7304996848106384
entzückende_veronica_training_data_cbow_lr0.05_epochs1_mincount10_ws24_dims300,opfergedenken,0.7300414443016052
entzückende_veronica_training_data_cbow_lr0.05_epochs1_mincount10_ws24_dims300,vergewaltigungsopfer,0.729968786239624
entzückende_veronica_training_data_cbow_lr0.05_epochs1_mincount10_ws24_dims300,opferstockdieb,0.7296116948127747
entzückende_veronica_training_data_cbow_lr0.05_epochs1_mincount10_ws24_dims300,opfergruppe,0.7279880046844482
entzückende_veronica_training_data_cbow_lr0.05_epochs1_mincount10_ws24_dims300,opferstätte,0.72781902551651
entzückende_veronica_training_data_cbow_lr0.05_epochs1_mincount10_ws24_dims300,opferfest,0.7252413630485535
entzückende_veronica_training_data_cbow_lr0.05_epochs1_mincount10_ws24_dims300,opfermythos,0.7249427437782288
entzückende_veronica_training_data_cbow_lr0.05_epochs1_mincount10_ws24_dims300,opferschützerin,0.7246353030204773
entzückende_veronica_training_data_cbow_lr0.05_epochs1_mincount10_ws24_dims300,mordopfer,0.724240243434906
entzückende_veronica_training_data_cbow_lr0.05_epochs1_mincount10_ws24_dims300,opfergaben,0.7238094806671143
entzückende_veronica_training_data_cbow_lr0.05_epochs1_mincount10_ws24_dims300,opferrollen,0.7216899394989014
entzückende_veronica_training_data_cbow_lr0.05_epochs1_mincount10_ws24_dims300,gewaltopfer,0.7213037014007568
entzückende_veronica_training_data_cbow_lr0.05_epochs1_mincount10_ws24_dims300,opferangaben,0.7207739949226379
entzückende_veronica_training_data_cbow_lr0.05_epochs1_mincount10_ws24_dims300,raubopfer,0.7203814387321472
entzückende_veronica_training_data_cbow_lr0.05_epochs1_mincount10_ws24_dims300,opferdoktrin,0.7185669541358948
entzückende_veronica_training_data_cbow_lr0.05_epochs1_mincount10_ws24_dims300,opferungen,0.7179920077323914
entzückende_veronica_training_data_cbow_lr0.05_epochs1_mincount10_ws24_dims300,opferfamilien,0.7164653539657593
entzückende_veronica_training_data_cbow_lr0.05_epochs1_mincount10_ws24_dims300,opferstätten,0.7152835130691528
entzückende_veronica_training_data_cbow_lr0.05_epochs1_mincount10_ws24_dims300,opferritualen,0.7151098847389221
entzückende_veronica_training_data_cbow_lr0.05_epochs1_mincount10_ws24_dims300,opfergruppen,0.7150573134422302
entzückende_veronica_training_data_cbow_lr0.05_epochs1_mincount10_ws24_dims300,überfallopfer,0.7145035862922668
entzückende_veronica_training_data_cbow_lr0.05_epochs1_mincount10_ws24_dims300,opferstockes,0.7134802937507629
entzückende_veronica_training_data_cbow_lr0.05_epochs1_mincount10_ws24_dims300,opfervertreter,0.7131395936012268
entzückende_veronica_training_data_cbow_lr0.05_epochs1_mincount10_ws24_dims300,opferverein,0.7110178470611572
entzückende_veronica_training_data_cbow_lr0.05_epochs1_mincount10_ws24_dims300,opferdaten,0.7109660506248474
entzückende_veronica_training_data_cbow_lr0.05_epochs1_mincount10_ws24_dims300,opferverbände,0.7091727256774902
entzückende_veronica_training_data_cbow_lr0.05_epochs1_mincount10_ws24_dims300,opferfamilie,0.7091144323348999
entzückende_veronica_training_data_cbow_lr0.05_epochs1_mincount10_ws24_dims300,opferanwälte,0.7090868949890137
entzückende_veronica_training_data_cbow_lr0.05_epochs1_mincount10_ws24_dims300,opferrituale,0.7079792618751526
entzückende_veronica_training_data_cbow_lr0.05_epochs1_mincount10_ws24_dims300,opferkarte,0.7074266076087952
entzückende_veronica_training_data_cbow_lr0.05_epochs1_mincount10_ws24_dims300,opferbeschuldigung,0.7057647705078125
entzückende_veronica_training_data_cbow_lr0.05_epochs1_mincount10_ws24_dims300,opfa,0.7044220566749573
entzückende_veronica_training_data_cbow_lr0.05_epochs1_mincount10_ws24_dims300,opfernotruf,0.7042613625526428
entzückende_veronica_training_data_cbow_lr0.05_epochs1_mincount10_ws24_dims300,opferansprüche,0.7035840153694153
entzückende_veronica_training_data_cbow_lr0.05_epochs1_mincount10_ws24_dims300,opferanwalt,0.701342761516571
entzückende_veronica_training_data_cbow_lr0.05_epochs1_mincount10_ws24_dims300,opferliste,0.6976743936538696
entzückende_veronica_training_data_cbow_lr0.05_epochs1_mincount10_ws24_dims300,opferverband,0.6972585916519165
entzückende_veronica_training_data_cbow_lr0.05_epochs1_mincount10_ws24_dims300,opfertieren,0.6965169310569763
entzückende_veronica_training_data_cbow_lr0.05_epochs1_mincount10_ws24_dims300,misshandlungsopfer,0.6945394277572632
aktive_eleonore_training_data_lower_cbow_lr0.05_epochs1_mincount50_ws5_dims300,raubopfer,0.841512143611908
aktive_eleonore_training_data_lower_cbow_lr0.05_epochs1_mincount50_ws5_dims300,opfere,0.8229748606681824
aktive_eleonore_training_data_lower_cbow_lr0.05_epochs1_mincount50_ws5_dims300,kopfer,0.8090291619300842
aktive_eleonore_training_data_lower_cbow_lr0.05_epochs1_mincount50_ws5_dims300,opferkuch,0.801681399345398
aktive_eleonore_training_data_lower_cbow_lr0.05_epochs1_mincount50_ws5_dims300,opfern,0.8011065125465393
aktive_eleonore_training_data_lower_cbow_lr0.05_epochs1_mincount50_ws5_dims300,mordopfer,0.7928310036659241
aktive_eleonore_training_data_lower_cbow_lr0.05_epochs1_mincount50_ws5_dims300,hauptopfer,0.7918823957443237
aktive_eleonore_training_data_lower_cbow_lr0.05_epochs1_mincount50_ws5_dims300,gewaltopfer,0.7865400910377502
aktive_eleonore_training_data_lower_cbow_lr0.05_epochs1_mincount50_ws5_dims300,opfertier,0.7800416946411133
aktive_eleonore_training_data_lower_cbow_lr0.05_epochs1_mincount50_ws5_dims300,überfallsopfer,0.7800015807151794
aktive_eleonore_training_data_lower_cbow_lr0.05_epochs1_mincount50_ws5_dims300,verbrechensopfer,0.7797266840934753
aktive_eleonore_training_data_lower_cbow_lr0.05_epochs1_mincount50_ws5_dims300,zivilopfer,0.7740315198898315
aktive_eleonore_training_data_lower_cbow_lr0.05_epochs1_mincount50_ws5_dims300,vergewaltigungsopfer,0.7678419351577759
aktive_eleonore_training_data_lower_cbow_lr0.05_epochs1_mincount50_ws5_dims300,zufallsopfer,0.7659995555877686
aktive_eleonore_training_data_lower_cbow_lr0.05_epochs1_mincount50_ws5_dims300,schussopfer,0.7646141648292542
aktive_eleonore_training_data_lower_cbow_lr0.05_epochs1_mincount50_ws5_dims300,polizeiopfer,0.7634105682373047
aktive_eleonore_training_data_lower_cbow_lr0.05_epochs1_mincount50_ws5_dims300,opfert,0.7607372403144836
aktive_eleonore_training_data_lower_cbow_lr0.05_epochs1_mincount50_ws5_dims300,opfertod,0.7606219053268433
aktive_eleonore_training_data_lower_cbow_lr0.05_epochs1_mincount50_ws5_dims300,opferkult,0.7558621168136597
aktive_eleonore_training_data_lower_cbow_lr0.05_epochs1_mincount50_ws5_dims300,bissopfer,0.7554503083229065
aktive_eleonore_training_data_lower_cbow_lr0.05_epochs1_mincount50_ws5_dims300,opferangehörige,0.7548147439956665
aktive_eleonore_training_data_lower_cbow_lr0.05_epochs1_mincount50_ws5_dims300,folteropfer,0.7547279596328735
aktive_eleonore_training_data_lower_cbow_lr0.05_epochs1_mincount50_ws5_dims300,opferlamm,0.7542445659637451
aktive_eleonore_training_data_lower_cbow_lr0.05_epochs1_mincount50_ws5_dims300,naziopfer,0.7536766529083252
aktive_eleonore_training_data_lower_cbow_lr0.05_epochs1_mincount50_ws5_dims300,massakeropfer,0.7504807710647583
aktive_eleonore_training_data_lower_cbow_lr0.05_epochs1_mincount50_ws5_dims300,anschlagsopfer,0.7498813271522522
aktive_eleonore_training_data_lower_cbow_lr0.05_epochs1_mincount50_ws5_dims300,überfallopfer,0.7477126121520996
aktive_eleonore_training_data_lower_cbow_lr0.05_epochs1_mincount50_ws5_dims300,opfergang,0.7476891279220581
aktive_eleonore_training_data_lower_cbow_lr0.05_epochs1_mincount50_ws5_dims300,entführungsopfer,0.7475702166557312
aktive_eleonore_training_data_lower_cbow_lr0.05_epochs1_mincount50_ws5_dims300,sturzopfer,0.7462759613990784
aktive_eleonore_training_data_lower_cbow_lr0.05_epochs1_mincount50_ws5_dims300,prügelopfer,0.7416287064552307
aktive_eleonore_training_data_lower_cbow_lr0.05_epochs1_mincount50_ws5_dims300,attentatsopfer,0.7409591674804688
aktive_eleonore_training_data_lower_cbow_lr0.05_epochs1_mincount50_ws5_dims300,blitzopfer,0.7405709028244019
aktive_eleonore_training_data_lower_cbow_lr0.05_epochs1_mincount50_ws5_dims300,dopfer,0.7387616634368896
aktive_eleonore_training_data_lower_cbow_lr0.05_epochs1_mincount50_ws5_dims300,justizopfer,0.738693118095398
aktive_eleonore_training_data_lower_cbow_lr0.05_epochs1_mincount50_ws5_dims300,opferrente,0.7373001575469971
aktive_eleonore_training_data_lower_cbow_lr0.05_epochs1_mincount50_ws5_dims300,opferangehörigen,0.7370937466621399
aktive_eleonore_training_data_lower_cbow_lr0.05_epochs1_mincount50_ws5_dims300,unglücksopfer,0.7357637286186218
aktive_eleonore_training_data_lower_cbow_lr0.05_epochs1_mincount50_ws5_dims300,opferstöcke,0.7344685196876526
aktive_eleonore_training_data_lower_cbow_lr0.05_epochs1_mincount50_ws5_dims300,terroropfer,0.7328807711601257
aktive_eleonore_training_data_lower_cbow_lr0.05_epochs1_mincount50_ws5_dims300,opferstock,0.7309466600418091
aktive_eleonore_training_data_lower_cbow_lr0.05_epochs1_mincount50_ws5_dims300,menschenopfer,0.7305408716201782
aktive_eleonore_training_data_lower_cbow_lr0.05_epochs1_mincount50_ws5_dims300,kriegsopfer,0.730510950088501
aktive_eleonore_training_data_lower_cbow_lr0.05_epochs1_mincount50_ws5_dims300,opferstockdiebe,0.7263043522834778
aktive_eleonore_training_data_lower_cbow_lr0.05_epochs1_mincount50_ws5_dims300,missbrauchsopfer,0.7240186333656311
aktive_eleonore_training_data_lower_cbow_lr0.05_epochs1_mincount50_ws5_dims300,euthanasieopfer,0.7231265902519226
aktive_eleonore_training_data_lower_cbow_lr0.05_epochs1_mincount50_ws5_dims300,brandopfer,0.7218340635299683
aktive_eleonore_training_data_lower_cbow_lr0.05_epochs1_mincount50_ws5_dims300,erpressungsopfer,0.7205007672309875
aktive_eleonore_training_data_lower_cbow_lr0.05_epochs1_mincount50_ws5_dims300,todesopfer,0.7191354632377625
aktive_eleonore_training_data_lower_cbow_lr0.05_epochs1_mincount50_ws5_dims300,heimopfer,0.7191111445426941
aktive_eleonore_training_data_lower_cbow_lr0.05_epochs1_mincount50_ws5_dims300,opferstockdieb,0.7185600996017456
aktive_eleonore_training_data_lower_cbow_lr0.05_epochs1_mincount50_ws5_dims300,mobbingopfer,0.7161213755607605
aktive_eleonore_training_data_lower_cbow_lr0.05_epochs1_mincount50_ws5_dims300,opfergaben,0.7145551443099976
aktive_eleonore_training_data_lower_cbow_lr0.05_epochs1_mincount50_ws5_dims300,opferseite,0.7126290202140808
aktive_eleonore_training_data_lower_cbow_lr0.05_epochs1_mincount50_ws5_dims300,opfertiere,0.7110563516616821
aktive_eleonore_training_data_lower_cbow_lr0.05_epochs1_mincount50_ws5_dims300,betrugsopfer,0.7080091238021851
aktive_eleonore_training_data_lower_cbow_lr0.05_epochs1_mincount50_ws5_dims300,opferung,0.7076006531715393
aktive_eleonore_training_data_lower_cbow_lr0.05_epochs1_mincount50_ws5_dims300,opferstöcken,0.7071446180343628
aktive_eleonore_training_data_lower_cbow_lr0.05_epochs1_mincount50_ws5_dims300,sonderopfer,0.7067791223526001
aktive_eleonore_training_data_lower_cbow_lr0.05_epochs1_mincount50_ws5_dims300,drogenopfer,0.7067584991455078
aktive_eleonore_training_data_lower_cbow_lr0.05_epochs1_mincount50_ws5_dims300,vergewaltigungsopfern,0.7060697078704834
aktive_eleonore_training_data_lower_cbow_lr0.05_epochs1_mincount50_ws5_dims300,opferten,0.7057428956031799
aktive_eleonore_training_data_lower_cbow_lr0.05_epochs1_mincount50_ws5_dims300,opferte,0.7056176662445068
aktive_eleonore_training_data_lower_cbow_lr0.05_epochs1_mincount50_ws5_dims300,einbruchsopfer,0.7052289247512817
aktive_eleonore_training_data_lower_cbow_lr0.05_epochs1_mincount50_ws5_dims300,sturmopfer,0.6986960768699646
aktive_eleonore_training_data_lower_cbow_lr0.05_epochs1_mincount50_ws5_dims300,flutopfer,0.6977738738059998
aktive_eleonore_training_data_lower_cbow_lr0.05_epochs1_mincount50_ws5_dims300,opferfamilien,0.6950781345367432
aktive_eleonore_training_data_lower_cbow_lr0.05_epochs1_mincount50_ws5_dims300,opfermythos,0.6931775808334351
aktive_eleonore_training_data_lower_cbow_lr0.05_epochs1_mincount50_ws5_dims300,absturzopfer,0.6929295063018799
aktive_eleonore_training_data_lower_cbow_lr0.05_epochs1_mincount50_ws5_dims300,verbrennungsopfer,0.6924663782119751
aktive_eleonore_training_data_lower_cbow_lr0.05_epochs1_mincount50_ws5_dims300,verbrechensopfern,0.690996527671814
aktive_eleonore_training_data_lower_cbow_lr0.05_epochs1_mincount50_ws5_dims300,verletzungsopfer,0.689115047454834
aktive_eleonore_training_data_lower_cbow_lr0.05_epochs1_mincount50_ws5_dims300,bebenopfer,0.6890923976898193
aktive_eleonore_training_data_lower_cbow_lr0.05_epochs1_mincount50_ws5_dims300,tieropfer,0.6889419555664062
aktive_eleonore_training_data_lower_cbow_lr0.05_epochs1_mincount50_ws5_dims300,opfergabe,0.6882082223892212
aktive_eleonore_training_data_lower_cbow_lr0.05_epochs1_mincount50_ws5_dims300,bombenopfer,0.6879554986953735
aktive_eleonore_training_data_lower_cbow_lr0.05_epochs1_mincount50_ws5_dims300,mordopfern,0.6871792078018188
aktive_eleonore_training_data_lower_cbow_lr0.05_epochs1_mincount50_ws5_dims300,opfers,0.6867342591285706
aktive_eleonore_training_data_lower_cbow_lr0.05_epochs1_mincount50_ws5_dims300,opferhilfe,0.6859673261642456
aktive_eleonore_training_data_lower_cbow_lr0.05_epochs1_mincount50_ws5_dims300,opferanwälte,0.6845265626907349
aktive_eleonore_training_data_lower_cbow_lr0.05_epochs1_mincount50_ws5_dims300,opferangaben,0.6783832311630249
aktive_eleonore_training_data_lower_cbow_lr0.05_epochs1_mincount50_ws5_dims300,klopfer,0.6768088936805725
aktive_eleonore_training_data_lower_cbow_lr0.05_epochs1_mincount50_ws5_dims300,hopfer,0.6742610931396484
aktive_eleonore_training_data_lower_cbow_lr0.05_epochs1_mincount50_ws5_dims300,opferthese,0.6737158894538879
aktive_eleonore_training_data_lower_cbow_lr0.05_epochs1_mincount50_ws5_dims300,gewaltopfern,0.6735838055610657
aktive_eleonore_training_data_lower_cbow_lr0.05_epochs1_mincount50_ws5_dims300,unfallopfer,0.6729437708854675
aktive_eleonore_training_data_lower_cbow_lr0.05_epochs1_mincount50_ws5_dims300,opfernotruf,0.672611653804779
aktive_eleonore_training_data_lower_cbow_lr0.05_epochs1_mincount50_ws5_dims300,opfergruppen,0.6725583672523499
aktive_eleonore_training_data_lower_cbow_lr0.05_epochs1_mincount50_ws5_dims300,opferfest,0.6710220575332642
aktive_eleonore_training_data_lower_cbow_lr0.05_epochs1_mincount50_ws5_dims300,opfergruppe,0.6707684397697449
aktive_eleonore_training_data_lower_cbow_lr0.05_epochs1_mincount50_ws5_dims300,vergewaltigungsopfers,0.6696959733963013
aktive_eleonore_training_data_lower_cbow_lr0.05_epochs1_mincount50_ws5_dims300,opferfamilie,0.6693615317344666
aktive_eleonore_training_data_lower_cbow_lr0.05_epochs1_mincount50_ws5_dims300,opferverein,0.6624619960784912
aktive_eleonore_training_data_lower_cbow_lr0.05_epochs1_mincount50_ws5_dims300,anschlagsopfern,0.6550989151000977
aktive_eleonore_training_data_lower_cbow_lr0.05_epochs1_mincount50_ws5_dims300,entführungsopfern,0.6526773571968079
aktive_eleonore_training_data_lower_cbow_lr0.05_epochs1_mincount50_ws5_dims300,opfervertreter,0.649928629398346
aktive_eleonore_training_data_lower_cbow_lr0.05_epochs1_mincount50_ws5_dims300,schlachtopfer,0.647392749786377
aktive_eleonore_training_data_lower_cbow_lr0.05_epochs1_mincount50_ws5_dims300,opferanwalt,0.6470444202423096
aktive_eleonore_training_data_lower_cbow_lr0.05_epochs1_mincount50_ws5_dims300,bürgerkriegsopfer,0.6434560418128967
aktive_eleonore_training_data_lower_cbow_lr0.05_epochs1_mincount50_ws5_dims300,opferanwältin,0.6426101922988892
brillanter_zoran_training_data_lower_cbow_lr0.05_epochs1_mincount5_ws24_dims300,opfere,0.8709043264389038
brillanter_zoran_training_data_lower_cbow_lr0.05_epochs1_mincount5_ws24_dims300,opfernd,0.8702850937843323
brillanter_zoran_training_data_lower_cbow_lr0.05_epochs1_mincount5_ws24_dims300,opferst,0.8434471487998962
brillanter_zoran_training_data_lower_cbow_lr0.05_epochs1_mincount5_ws24_dims300,opfern,0.8375752568244934
brillanter_zoran_training_data_lower_cbow_lr0.05_epochs1_mincount5_ws24_dims300,opferort,0.8373008966445923
brillanter_zoran_training_data_lower_cbow_lr0.05_epochs1_mincount5_ws24_dims300,opfernde,0.8368691205978394
brillanter_zoran_training_data_lower_cbow_lr0.05_epochs1_mincount5_ws24_dims300,opferpose,0.8296828866004944
brillanter_zoran_training_data_lower_cbow_lr0.05_epochs1_mincount5_ws24_dims300,opferorte,0.8254431486129761
brillanter_zoran_training_data_lower_cbow_lr0.05_epochs1_mincount5_ws24_dims300,opferfalle,0.8254194259643555
brillanter_zoran_training_data_lower_cbow_lr0.05_epochs1_mincount5_ws24_dims300,opfersein,0.8190745115280151
brillanter_zoran_training_data_lower_cbow_lr0.05_epochs1_mincount5_ws24_dims300,haiopfer,0.8188714385032654
brillanter_zoran_training_data_lower_cbow_lr0.05_epochs1_mincount5_ws24_dims300,tatopfer,0.8174678683280945
brillanter_zoran_training_data_lower_cbow_lr0.05_epochs1_mincount5_ws24_dims300,opfermut,0.8167282938957214
brillanter_zoran_training_data_lower_cbow_lr0.05_epochs1_mincount5_ws24_dims300,opferlämmer,0.8117467164993286
brillanter_zoran_training_data_lower_cbow_lr0.05_epochs1_mincount5_ws24_dims300,opfernacht,0.8086844086647034
brillanter_zoran_training_data_lower_cbow_lr0.05_epochs1_mincount5_ws24_dims300,opfermann,0.8085284233093262
brillanter_zoran_training_data_lower_cbow_lr0.05_epochs1_mincount5_ws24_dims300,opfernden,0.8054859042167664
brillanter_zoran_training_data_lower_cbow_lr0.05_epochs1_mincount5_ws24_dims300,raubopfer,0.8035925626754761
brillanter_zoran_training_data_lower_cbow_lr0.05_epochs1_mincount5_ws24_dims300,opferlüge,0.8021222352981567
brillanter_zoran_training_data_lower_cbow_lr0.05_epochs1_mincount5_ws24_dims300,opferwidder,0.80022132396698
brillanter_zoran_training_data_lower_cbow_lr0.05_epochs1_mincount5_ws24_dims300,opferland,0.799970269203186
brillanter_zoran_training_data_lower_cbow_lr0.05_epochs1_mincount5_ws24_dims300,opferkuch,0.7993478775024414
brillanter_zoran_training_data_lower_cbow_lr0.05_epochs1_mincount5_ws24_dims300,opferkorb,0.7981208562850952
brillanter_zoran_training_data_lower_cbow_lr0.05_epochs1_mincount5_ws24_dims300,opferfang,0.7975950837135315
brillanter_zoran_training_data_lower_cbow_lr0.05_epochs1_mincount5_ws24_dims300,opferkind,0.7937614917755127
brillanter_zoran_training_data_lower_cbow_lr0.05_epochs1_mincount5_ws24_dims300,opfert,0.7930055260658264
brillanter_zoran_training_data_lower_cbow_lr0.05_epochs1_mincount5_ws24_dims300,opferangehörige,0.7916201949119568
brillanter_zoran_training_data_lower_cbow_lr0.05_epochs1_mincount5_ws24_dims300,opfergang,0.7910942435264587
brillanter_zoran_training_data_lower_cbow_lr0.05_epochs1_mincount5_ws24_dims300,racheopfer,0.79030841588974
brillanter_zoran_training_data_lower_cbow_lr0.05_epochs1_mincount5_ws24_dims300,opfertod,0.7882527709007263
brillanter_zoran_training_data_lower_cbow_lr0.05_epochs1_mincount5_ws24_dims300,opferrente,0.7861256003379822
brillanter_zoran_training_data_lower_cbow_lr0.05_epochs1_mincount5_ws24_dims300,opferriten,0.7846102714538574
brillanter_zoran_training_data_lower_cbow_lr0.05_epochs1_mincount5_ws24_dims300,opferbögen,0.7836208939552307
brillanter_zoran_training_data_lower_cbow_lr0.05_epochs1_mincount5_ws24_dims300,opferwitwen,0.7835636734962463
brillanter_zoran_training_data_lower_cbow_lr0.05_epochs1_mincount5_ws24_dims300,überfallsopfer,0.7833611965179443
brillanter_zoran_training_data_lower_cbow_lr0.05_epochs1_mincount5_ws24_dims300,opfe,0.7831655144691467
brillanter_zoran_training_data_lower_cbow_lr0.05_epochs1_mincount5_ws24_dims300,stasiopfer,0.7829607129096985
brillanter_zoran_training_data_lower_cbow_lr0.05_epochs1_mincount5_ws24_dims300,opferschützer,0.7829479575157166
brillanter_zoran_training_data_lower_cbow_lr0.05_epochs1_mincount5_ws24_dims300,gewaltopfer,0.7809503078460693
brillanter_zoran_training_data_lower_cbow_lr0.05_epochs1_mincount5_ws24_dims300,opferlämmlein,0.7802326679229736
brillanter_zoran_training_data_lower_cbow_lr0.05_epochs1_mincount5_ws24_dims300,verbrechensopfer,0.7795428037643433
brillanter_zoran_training_data_lower_cbow_lr0.05_epochs1_mincount5_ws24_dims300,opfermahl,0.7785317301750183
brillanter_zoran_training_data_lower_cbow_lr0.05_epochs1_mincount5_ws24_dims300,todeopfer,0.7759942412376404
brillanter_zoran_training_data_lower_cbow_lr0.05_epochs1_mincount5_ws24_dims300,kopfer,0.7759270668029785
brillanter_zoran_training_data_lower_cbow_lr0.05_epochs1_mincount5_ws24_dims300,opferputz,0.775763988494873
brillanter_zoran_training_data_lower_cbow_lr0.05_epochs1_mincount5_ws24_dims300,opferangehörigen,0.7725834846496582
brillanter_zoran_training_data_lower_cbow_lr0.05_epochs1_mincount5_ws24_dims300,zivilopfer,0.7703046798706055
brillanter_zoran_training_data_lower_cbow_lr0.05_epochs1_mincount5_ws24_dims300,opfermesser,0.7700024843215942
brillanter_zoran_training_data_lower_cbow_lr0.05_epochs1_mincount5_ws24_dims300,opfertier,0.7693016529083252
brillanter_zoran_training_data_lower_cbow_lr0.05_epochs1_mincount5_ws24_dims300,opfergestus,0.7691900134086609
brillanter_zoran_training_data_lower_cbow_lr0.05_epochs1_mincount5_ws24_dims300,sexopfer,0.765808641910553
brillanter_zoran_training_data_lower_cbow_lr0.05_epochs1_mincount5_ws24_dims300,notopfer,0.765056848526001
brillanter_zoran_training_data_lower_cbow_lr0.05_epochs1_mincount5_ws24_dims300,mordopfer,0.764983594417572
brillanter_zoran_training_data_lower_cbow_lr0.05_epochs1_mincount5_ws24_dims300,opferstocks,0.764430582523346
brillanter_zoran_training_data_lower_cbow_lr0.05_epochs1_mincount5_ws24_dims300,opferaltäre,0.7632819414138794
brillanter_zoran_training_data_lower_cbow_lr0.05_epochs1_mincount5_ws24_dims300,opferlamm,0.7632198929786682
brillanter_zoran_training_data_lower_cbow_lr0.05_epochs1_mincount5_ws24_dims300,opferwitwe,0.7630581259727478
brillanter_zoran_training_data_lower_cbow_lr0.05_epochs1_mincount5_ws24_dims300,opferte,0.7622692584991455
brillanter_zoran_training_data_lower_cbow_lr0.05_epochs1_mincount5_ws24_dims300,hauptopfer,0.7616530060768127
brillanter_zoran_training_data_lower_cbow_lr0.05_epochs1_mincount5_ws24_dims300,opferseite,0.7614240050315857
brillanter_zoran_training_data_lower_cbow_lr0.05_epochs1_mincount5_ws24_dims300,opferrenten,0.7605449557304382
brillanter_zoran_training_data_lower_cbow_lr0.05_epochs1_mincount5_ws24_dims300,traumaopfer,0.7587774991989136
brillanter_zoran_training_data_lower_cbow_lr0.05_epochs1_mincount5_ws24_dims300,opferkult,0.7587748169898987
brillanter_zoran_training_data_lower_cbow_lr0.05_epochs1_mincount5_ws24_dims300,opferstick,0.7584327459335327
brillanter_zoran_training_data_lower_cbow_lr0.05_epochs1_mincount5_ws24_dims300,vergewaltigungsopfer,0.7579666972160339
brillanter_zoran_training_data_lower_cbow_lr0.05_epochs1_mincount5_ws24_dims300,opferten,0.7554454207420349
brillanter_zoran_training_data_lower_cbow_lr0.05_epochs1_mincount5_ws24_dims300,kleopfer,0.7539260983467102
brillanter_zoran_training_data_lower_cbow_lr0.05_epochs1_mincount5_ws24_dims300,opferstock,0.7537744045257568
brillanter_zoran_training_data_lower_cbow_lr0.05_epochs1_mincount5_ws24_dims300,opfertyp,0.7536097168922424
brillanter_zoran_training_data_lower_cbow_lr0.05_epochs1_mincount5_ws24_dims300,massakeropfer,0.7522096037864685
brillanter_zoran_training_data_lower_cbow_lr0.05_epochs1_mincount5_ws24_dims300,opferschützern,0.7513559460639954
brillanter_zoran_training_data_lower_cbow_lr0.05_epochs1_mincount5_ws24_dims300,opfersuche,0.7509445548057556
brillanter_zoran_training_data_lower_cbow_lr0.05_epochs1_mincount5_ws24_dims300,opferumkehr,0.7508960962295532
brillanter_zoran_training_data_lower_cbow_lr0.05_epochs1_mincount5_ws24_dims300,opferreich,0.7495078444480896
brillanter_zoran_training_data_lower_cbow_lr0.05_epochs1_mincount5_ws24_dims300,opferstöcke,0.7483753561973572
brillanter_zoran_training_data_lower_cbow_lr0.05_epochs1_mincount5_ws24_dims300,opferbild,0.7482463717460632
brillanter_zoran_training_data_lower_cbow_lr0.05_epochs1_mincount5_ws24_dims300,opfersicht,0.7471526265144348
brillanter_zoran_training_data_lower_cbow_lr0.05_epochs1_mincount5_ws24_dims300,opferreiche,0.7466592192649841
brillanter_zoran_training_data_lower_cbow_lr0.05_epochs1_mincount5_ws24_dims300,opferlichter,0.7465452551841736
brillanter_zoran_training_data_lower_cbow_lr0.05_epochs1_mincount5_ws24_dims300,opferstockdieben,0.7464183568954468
brillanter_zoran_training_data_lower_cbow_lr0.05_epochs1_mincount5_ws24_dims300,opferlegende,0.7454890012741089
brillanter_zoran_training_data_lower_cbow_lr0.05_epochs1_mincount5_ws24_dims300,opfers,0.7454640865325928
brillanter_zoran_training_data_lower_cbow_lr0.05_epochs1_mincount5_ws24_dims300,opferkerze,0.7451586127281189
brillanter_zoran_training_data_lower_cbow_lr0.05_epochs1_mincount5_ws24_dims300,opferkreis,0.7436292767524719
brillanter_zoran_training_data_lower_cbow_lr0.05_epochs1_mincount5_ws24_dims300,opferschema,0.7436177134513855
brillanter_zoran_training_data_lower_cbow_lr0.05_epochs1_mincount5_ws24_dims300,überfallopfer,0.7410249710083008
brillanter_zoran_training_data_lower_cbow_lr0.05_epochs1_mincount5_ws24_dims300,sühneopfer,0.7407459616661072
brillanter_zoran_training_data_lower_cbow_lr0.05_epochs1_mincount5_ws24_dims300,opferwagen,0.7399432063102722
brillanter_zoran_training_data_lower_cbow_lr0.05_epochs1_mincount5_ws24_dims300,opferstockdieb,0.7396911382675171
brillanter_zoran_training_data_lower_cbow_lr0.05_epochs1_mincount5_ws24_dims300,opferaltar,0.7390718460083008
brillanter_zoran_training_data_lower_cbow_lr0.05_epochs1_mincount5_ws24_dims300,opferwurst,0.7386572360992432
brillanter_zoran_training_data_lower_cbow_lr0.05_epochs1_mincount5_ws24_dims300,opferschaft,0.7385107278823853
brillanter_zoran_training_data_lower_cbow_lr0.05_epochs1_mincount5_ws24_dims300,dopfer,0.7380205392837524
brillanter_zoran_training_data_lower_cbow_lr0.05_epochs1_mincount5_ws24_dims300,opferritual,0.7366580367088318
brillanter_zoran_training_data_lower_cbow_lr0.05_epochs1_mincount5_ws24_dims300,opferstelle,0.735561728477478
brillanter_zoran_training_data_lower_cbow_lr0.05_epochs1_mincount5_ws24_dims300,opfertum,0.7354544997215271
brillanter_zoran_training_data_lower_cbow_lr0.05_epochs1_mincount5_ws24_dims300,opferkerzen,0.7352983355522156
brillanter_zoran_training_data_lower_cbow_lr0.05_epochs1_mincount5_ws24_dims300,opferschale,0.7352777719497681
brillanter_zoran_training_data_lower_cbow_lr0.05_epochs1_mincount5_ws24_dims300,angriffsopfer,0.7348415851593018
brillanter_zoran_training_data_lower_cbow_lr0.05_epochs1_mincount5_ws24_dims300,zufallsopfer,0.7343389987945557
reizvoller_khalid_training_data_cbow_lr0.05_epochs1_mincount100_ws6_dims300,opfern,0.7878442406654358
reizvoller_khalid_training_data_cbow_lr0.05_epochs1_mincount100_ws6_dims300,opferlamm,0.7640514373779297
reizvoller_khalid_training_data_cbow_lr0.05_epochs1_mincount100_ws6_dims300,opferthese,0.7619104981422424
reizvoller_khalid_training_data_cbow_lr0.05_epochs1_mincount100_ws6_dims300,raubopfer,0.7593574523925781
reizvoller_khalid_training_data_cbow_lr0.05_epochs1_mincount100_ws6_dims300,opferstock,0.755944550037384
reizvoller_khalid_training_data_cbow_lr0.05_epochs1_mincount100_ws6_dims300,verbrechensopfer,0.7489796876907349
reizvoller_khalid_training_data_cbow_lr0.05_epochs1_mincount100_ws6_dims300,mordopfer,0.7488456964492798
reizvoller_khalid_training_data_cbow_lr0.05_epochs1_mincount100_ws6_dims300,vergewaltigungsopfer,0.7449464797973633
reizvoller_khalid_training_data_cbow_lr0.05_epochs1_mincount100_ws6_dims300,opferstöcke,0.7347791194915771
reizvoller_khalid_training_data_cbow_lr0.05_epochs1_mincount100_ws6_dims300,opfermythos,0.7333580851554871
reizvoller_khalid_training_data_cbow_lr0.05_epochs1_mincount100_ws6_dims300,entführungsopfer,0.7309613823890686
reizvoller_khalid_training_data_cbow_lr0.05_epochs1_mincount100_ws6_dims300,gewaltopfer,0.7306521534919739
reizvoller_khalid_training_data_cbow_lr0.05_epochs1_mincount100_ws6_dims300,opferstockdieb,0.7267974615097046
reizvoller_khalid_training_data_cbow_lr0.05_epochs1_mincount100_ws6_dims300,bissopfer,0.7151591181755066
reizvoller_khalid_training_data_cbow_lr0.05_epochs1_mincount100_ws6_dims300,hauptopfer,0.7115092873573303
reizvoller_khalid_training_data_cbow_lr0.05_epochs1_mincount100_ws6_dims300,opferhilfe,0.7064019441604614
reizvoller_khalid_training_data_cbow_lr0.05_epochs1_mincount100_ws6_dims300,anschlagsopfer,0.7062470316886902
reizvoller_khalid_training_data_cbow_lr0.05_epochs1_mincount100_ws6_dims300,todesopfer,0.7059539556503296
reizvoller_khalid_training_data_cbow_lr0.05_epochs1_mincount100_ws6_dims300,zufallsopfer,0.7053590416908264
reizvoller_khalid_training_data_cbow_lr0.05_epochs1_mincount100_ws6_dims300,opferstöcken,0.704681932926178
reizvoller_khalid_training_data_cbow_lr0.05_epochs1_mincount100_ws6_dims300,opferung,0.6982864141464233
reizvoller_khalid_training_data_cbow_lr0.05_epochs1_mincount100_ws6_dims300,opferfest,0.6980359554290771
reizvoller_khalid_training_data_cbow_lr0.05_epochs1_mincount100_ws6_dims300,kriegsopfer,0.6976943016052246
reizvoller_khalid_training_data_cbow_lr0.05_epochs1_mincount100_ws6_dims300,schussopfer,0.6921823024749756
reizvoller_khalid_training_data_cbow_lr0.05_epochs1_mincount100_ws6_dims300,opferfamilien,0.6885721683502197
reizvoller_khalid_training_data_cbow_lr0.05_epochs1_mincount100_ws6_dims300,folteropfer,0.6883765459060669
reizvoller_khalid_training_data_cbow_lr0.05_epochs1_mincount100_ws6_dims300,opferfamilie,0.6883014440536499
reizvoller_khalid_training_data_cbow_lr0.05_epochs1_mincount100_ws6_dims300,opfergruppe,0.6878101825714111
reizvoller_khalid_training_data_cbow_lr0.05_epochs1_mincount100_ws6_dims300,einbruchsopfer,0.687011182308197
reizvoller_khalid_training_data_cbow_lr0.05_epochs1_mincount100_ws6_dims300,opferanwälte,0.6857727766036987
reizvoller_khalid_training_data_cbow_lr0.05_epochs1_mincount100_ws6_dims300,opfers,0.6853007674217224
reizvoller_khalid_training_data_cbow_lr0.05_epochs1_mincount100_ws6_dims300,missbrauchsopfer,0.6828737258911133
reizvoller_khalid_training_data_cbow_lr0.05_epochs1_mincount100_ws6_dims300,prügelopfer,0.6777995824813843
reizvoller_khalid_training_data_cbow_lr0.05_epochs1_mincount100_ws6_dims300,menschenopfer,0.6768356561660767
reizvoller_khalid_training_data_cbow_lr0.05_epochs1_mincount100_ws6_dims300,betrugsopfer,0.6747497320175171
reizvoller_khalid_training_data_cbow_lr0.05_epochs1_mincount100_ws6_dims300,opfergaben,0.6740646958351135
reizvoller_khalid_training_data_cbow_lr0.05_epochs1_mincount100_ws6_dims300,terroropfer,0.6728479862213135
reizvoller_khalid_training_data_cbow_lr0.05_epochs1_mincount100_ws6_dims300,vergewaltigungsopfern,0.6715396046638489
reizvoller_khalid_training_data_cbow_lr0.05_epochs1_mincount100_ws6_dims300,opfergabe,0.6713778376579285
reizvoller_khalid_training_data_cbow_lr0.05_epochs1_mincount100_ws6_dims300,opfervertreter,0.6705093383789062
reizvoller_khalid_training_data_cbow_lr0.05_epochs1_mincount100_ws6_dims300,opferanwalt,0.667518675327301
reizvoller_khalid_training_data_cbow_lr0.05_epochs1_mincount100_ws6_dims300,opfergruppen,0.6640325784683228
reizvoller_khalid_training_data_cbow_lr0.05_epochs1_mincount100_ws6_dims300,opferrolle,0.6623092293739319
reizvoller_khalid_training_data_cbow_lr0.05_epochs1_mincount100_ws6_dims300,brandopfer,0.6545341610908508
reizvoller_khalid_training_data_cbow_lr0.05_epochs1_mincount100_ws6_dims300,verbrechensopfern,0.6534268856048584
reizvoller_khalid_training_data_cbow_lr0.05_epochs1_mincount100_ws6_dims300,justizopfer,0.6527949571609497
reizvoller_khalid_training_data_cbow_lr0.05_epochs1_mincount100_ws6_dims300,vergewaltigungsopfers,0.6512743830680847
reizvoller_khalid_training_data_cbow_lr0.05_epochs1_mincount100_ws6_dims300,mobbingopfer,0.6477132439613342
reizvoller_khalid_training_data_cbow_lr0.05_epochs1_mincount100_ws6_dims300,opferrechte,0.6469004154205322
reizvoller_khalid_training_data_cbow_lr0.05_epochs1_mincount100_ws6_dims300,opferfonds,0.6465662121772766
reizvoller_khalid_training_data_cbow_lr0.05_epochs1_mincount100_ws6_dims300,mordopfern,0.641560971736908
reizvoller_khalid_training_data_cbow_lr0.05_epochs1_mincount100_ws6_dims300,opferfests,0.6401611566543579
reizvoller_khalid_training_data_cbow_lr0.05_epochs1_mincount100_ws6_dims300,opferstatus,0.6373089551925659
reizvoller_khalid_training_data_cbow_lr0.05_epochs1_mincount100_ws6_dims300,drogenopfer,0.6355822682380676
reizvoller_khalid_training_data_cbow_lr0.05_epochs1_mincount100_ws6_dims300,sturzopfer,0.6338050961494446
reizvoller_khalid_training_data_cbow_lr0.05_epochs1_mincount100_ws6_dims300,opferanwältin,0.6329883933067322
reizvoller_khalid_training_data_cbow_lr0.05_epochs1_mincount100_ws6_dims300,täter,0.6325851678848267
reizvoller_khalid_training_data_cbow_lr0.05_epochs1_mincount100_ws6_dims300,opferverbände,0.6320094466209412
reizvoller_khalid_training_data_cbow_lr0.05_epochs1_mincount100_ws6_dims300,getöteten,0.6290086507797241
reizvoller_khalid_training_data_cbow_lr0.05_epochs1_mincount100_ws6_dims300,todesopfern,0.628563642501831
reizvoller_khalid_training_data_cbow_lr0.05_epochs1_mincount100_ws6_dims300,unfallopfer,0.6268776059150696
reizvoller_khalid_training_data_cbow_lr0.05_epochs1_mincount100_ws6_dims300,todesopfers,0.6230529546737671
reizvoller_khalid_training_data_cbow_lr0.05_epochs1_mincount100_ws6_dims300,absturzopfer,0.6176934838294983
reizvoller_khalid_training_data_cbow_lr0.05_epochs1_mincount100_ws6_dims300,überlebende,0.6166699528694153
reizvoller_khalid_training_data_cbow_lr0.05_epochs1_mincount100_ws6_dims300,opferbilanz,0.6129872798919678
reizvoller_khalid_training_data_cbow_lr0.05_epochs1_mincount100_ws6_dims300,gewalttäter,0.6127264499664307
reizvoller_khalid_training_data_cbow_lr0.05_epochs1_mincount100_ws6_dims300,überlebenden,0.612099826335907
reizvoller_khalid_training_data_cbow_lr0.05_epochs1_mincount100_ws6_dims300,klopfer,0.6111910939216614
reizvoller_khalid_training_data_cbow_lr0.05_epochs1_mincount100_ws6_dims300,opferfestes,0.6095472574234009
reizvoller_khalid_training_data_cbow_lr0.05_epochs1_mincount100_ws6_dims300,opferbereitschaft,0.6083322167396545
reizvoller_khalid_training_data_cbow_lr0.05_epochs1_mincount100_ws6_dims300,anschlagsopfern,0.607809841632843
reizvoller_khalid_training_data_cbow_lr0.05_epochs1_mincount100_ws6_dims300,gewaltopfern,0.6063086986541748
reizvoller_khalid_training_data_cbow_lr0.05_epochs1_mincount100_ws6_dims300,flutopfer,0.6060507297515869
reizvoller_khalid_training_data_cbow_lr0.05_epochs1_mincount100_ws6_dims300,tatzeugen,0.6047417521476746
reizvoller_khalid_training_data_cbow_lr0.05_epochs1_mincount100_ws6_dims300,missbrauchsopfern,0.6002735495567322
reizvoller_khalid_training_data_cbow_lr0.05_epochs1_mincount100_ws6_dims300,täterinnen,0.5980215072631836
reizvoller_khalid_training_data_cbow_lr0.05_epochs1_mincount100_ws6_dims300,opferschutz,0.5966552495956421
reizvoller_khalid_training_data_cbow_lr0.05_epochs1_mincount100_ws6_dims300,vergewaltigt,0.5953809022903442
reizvoller_khalid_training_data_cbow_lr0.05_epochs1_mincount100_ws6_dims300,zeugen,0.5950223207473755
reizvoller_khalid_training_data_cbow_lr0.05_epochs1_mincount100_ws6_dims300,mädchenmord,0.5943588018417358
reizvoller_khalid_training_data_cbow_lr0.05_epochs1_mincount100_ws6_dims300,gewaltverbrecher,0.593899667263031
reizvoller_khalid_training_data_cbow_lr0.05_epochs1_mincount100_ws6_dims300,opferverbänden,0.5928527116775513
reizvoller_khalid_training_data_cbow_lr0.05_epochs1_mincount100_ws6_dims300,übeltäter,0.592343270778656
reizvoller_khalid_training_data_cbow_lr0.05_epochs1_mincount100_ws6_dims300,toten,0.5921798944473267
reizvoller_khalid_training_data_cbow_lr0.05_epochs1_mincount100_ws6_dims300,todesschützen,0.5904561877250671
reizvoller_khalid_training_data_cbow_lr0.05_epochs1_mincount100_ws6_dims300,opferschutzgründen,0.5898410081863403
reizvoller_khalid_training_data_cbow_lr0.05_epochs1_mincount100_ws6_dims300,verbrechensopferhilfe,0.5897613763809204
reizvoller_khalid_training_data_cbow_lr0.05_epochs1_mincount100_ws6_dims300,getöteter,0.5896461606025696
reizvoller_khalid_training_data_cbow_lr0.05_epochs1_mincount100_ws6_dims300,vergewaltigte,0.5895047783851624
reizvoller_khalid_training_data_cbow_lr0.05_epochs1_mincount100_ws6_dims300,dopfer,0.5885492563247681
reizvoller_khalid_training_data_cbow_lr0.05_epochs1_mincount100_ws6_dims300,tatverdächtigen,0.5866042971611023
reizvoller_khalid_training_data_cbow_lr0.05_epochs1_mincount100_ws6_dims300,gewaltverbrechen,0.5856273770332336
reizvoller_khalid_training_data_cbow_lr0.05_epochs1_mincount100_ws6_dims300,tatverdächtige,0.5851661562919617
reizvoller_khalid_training_data_cbow_lr0.05_epochs1_mincount100_ws6_dims300,verdächtigen,0.5840954780578613
reizvoller_khalid_training_data_cbow_lr0.05_epochs1_mincount100_ws6_dims300,vergewaltiger,0.584011971950531
reizvoller_khalid_training_data_cbow_lr0.05_epochs1_mincount100_ws6_dims300,opferzahl,0.5836625695228577
reizvoller_khalid_training_data_cbow_lr0.05_epochs1_mincount100_ws6_dims300,überlebender,0.5830634832382202
reizvoller_khalid_training_data_cbow_lr0.05_epochs1_mincount100_ws6_dims300,verdächtigten,0.5826725363731384
reizvoller_khalid_training_data_cbow_lr0.05_epochs1_mincount100_ws6_dims300,angeschuldigten,0.5820280313491821
reizvoller_khalid_training_data_cbow_lr0.05_epochs1_mincount100_ws6_dims300,verdächtig,0.5816397070884705
grantiger_patric_training_data_cbow_lr0.05_epochs1_mincount5_ws12_dims300,opfere,0.8768139481544495
grantiger_patric_training_data_cbow_lr0.05_epochs1_mincount5_ws12_dims300,opfert,0.8673439621925354
grantiger_patric_training_data_cbow_lr0.05_epochs1_mincount5_ws12_dims300,opferort,0.8555771708488464
grantiger_patric_training_data_cbow_lr0.05_epochs1_mincount5_ws12_dims300,opferwidder,0.8508949875831604
grantiger_patric_training_data_cbow_lr0.05_epochs1_mincount5_ws12_dims300,opferlämmer,0.8454766273498535
grantiger_patric_training_data_cbow_lr0.05_epochs1_mincount5_ws12_dims300,opfe,0.8430410623550415
grantiger_patric_training_data_cbow_lr0.05_epochs1_mincount5_ws12_dims300,opferpose,0.8421326875686646
grantiger_patric_training_data_cbow_lr0.05_epochs1_mincount5_ws12_dims300,opferkuch,0.8400388360023499
grantiger_patric_training_data_cbow_lr0.05_epochs1_mincount5_ws12_dims300,opferkorb,0.8353172540664673
grantiger_patric_training_data_cbow_lr0.05_epochs1_mincount5_ws12_dims300,opferfalle,0.8329700231552124
grantiger_patric_training_data_cbow_lr0.05_epochs1_mincount5_ws12_dims300,opferwitwen,0.8320779800415039
grantiger_patric_training_data_cbow_lr0.05_epochs1_mincount5_ws12_dims300,opfern,0.8313121795654297
grantiger_patric_training_data_cbow_lr0.05_epochs1_mincount5_ws12_dims300,opferorte,0.8305398225784302
grantiger_patric_training_data_cbow_lr0.05_epochs1_mincount5_ws12_dims300,opferkind,0.8278242945671082
grantiger_patric_training_data_cbow_lr0.05_epochs1_mincount5_ws12_dims300,opfertier,0.823898196220398
grantiger_patric_training_data_cbow_lr0.05_epochs1_mincount5_ws12_dims300,opferte,0.8224702477455139
grantiger_patric_training_data_cbow_lr0.05_epochs1_mincount5_ws12_dims300,opfersein,0.8202759027481079
grantiger_patric_training_data_cbow_lr0.05_epochs1_mincount5_ws12_dims300,opfermut,0.819266676902771
grantiger_patric_training_data_cbow_lr0.05_epochs1_mincount5_ws12_dims300,opfermesser,0.8180835843086243
grantiger_patric_training_data_cbow_lr0.05_epochs1_mincount5_ws12_dims300,opfernacht,0.817539393901825
grantiger_patric_training_data_cbow_lr0.05_epochs1_mincount5_ws12_dims300,opferfang,0.816460371017456
grantiger_patric_training_data_cbow_lr0.05_epochs1_mincount5_ws12_dims300,opfermann,0.8095187544822693
grantiger_patric_training_data_cbow_lr0.05_epochs1_mincount5_ws12_dims300,opferputz,0.8094694018363953
grantiger_patric_training_data_cbow_lr0.05_epochs1_mincount5_ws12_dims300,opferkerze,0.8094043731689453
grantiger_patric_training_data_cbow_lr0.05_epochs1_mincount5_ws12_dims300,opfermahl,0.8092837929725647
grantiger_patric_training_data_cbow_lr0.05_epochs1_mincount5_ws12_dims300,opfertod,0.8091541528701782
grantiger_patric_training_data_cbow_lr0.05_epochs1_mincount5_ws12_dims300,opferlüge,0.8079316020011902
grantiger_patric_training_data_cbow_lr0.05_epochs1_mincount5_ws12_dims300,opferkult,0.8071721196174622
grantiger_patric_training_data_cbow_lr0.05_epochs1_mincount5_ws12_dims300,opferlämmlein,0.8068205714225769
grantiger_patric_training_data_cbow_lr0.05_epochs1_mincount5_ws12_dims300,opferland,0.8030857443809509
grantiger_patric_training_data_cbow_lr0.05_epochs1_mincount5_ws12_dims300,opferwitwe,0.8023626804351807
grantiger_patric_training_data_cbow_lr0.05_epochs1_mincount5_ws12_dims300,opfertyp,0.8010129928588867
grantiger_patric_training_data_cbow_lr0.05_epochs1_mincount5_ws12_dims300,opferbögen,0.799100935459137
grantiger_patric_training_data_cbow_lr0.05_epochs1_mincount5_ws12_dims300,opferriten,0.796877384185791
grantiger_patric_training_data_cbow_lr0.05_epochs1_mincount5_ws12_dims300,opfergang,0.7943928837776184
grantiger_patric_training_data_cbow_lr0.05_epochs1_mincount5_ws12_dims300,opferrente,0.7938699722290039
grantiger_patric_training_data_cbow_lr0.05_epochs1_mincount5_ws12_dims300,opferschützer,0.7878993153572083
grantiger_patric_training_data_cbow_lr0.05_epochs1_mincount5_ws12_dims300,opferumkehr,0.7859195470809937
grantiger_patric_training_data_cbow_lr0.05_epochs1_mincount5_ws12_dims300,opferangehörige,0.7855679988861084
grantiger_patric_training_data_cbow_lr0.05_epochs1_mincount5_ws12_dims300,opferlamm,0.7852106690406799
grantiger_patric_training_data_cbow_lr0.05_epochs1_mincount5_ws12_dims300,opfergestus,0.7835499048233032
grantiger_patric_training_data_cbow_lr0.05_epochs1_mincount5_ws12_dims300,opferkerzen,0.779790997505188
grantiger_patric_training_data_cbow_lr0.05_epochs1_mincount5_ws12_dims300,opfertum,0.7794834971427917
grantiger_patric_training_data_cbow_lr0.05_epochs1_mincount5_ws12_dims300,opferstock,0.7785046100616455
grantiger_patric_training_data_cbow_lr0.05_epochs1_mincount5_ws12_dims300,opferbild,0.777445375919342
grantiger_patric_training_data_cbow_lr0.05_epochs1_mincount5_ws12_dims300,opferrate,0.7760028839111328
grantiger_patric_training_data_cbow_lr0.05_epochs1_mincount5_ws12_dims300,opferlegende,0.7752369046211243
grantiger_patric_training_data_cbow_lr0.05_epochs1_mincount5_ws12_dims300,opferaltäre,0.7751380205154419
grantiger_patric_training_data_cbow_lr0.05_epochs1_mincount5_ws12_dims300,opferaltar,0.7750374674797058
grantiger_patric_training_data_cbow_lr0.05_epochs1_mincount5_ws12_dims300,opferwagen,0.7742640972137451
grantiger_patric_training_data_cbow_lr0.05_epochs1_mincount5_ws12_dims300,opferwurst,0.7739240527153015
grantiger_patric_training_data_cbow_lr0.05_epochs1_mincount5_ws12_dims300,opferbegriff,0.7721742391586304
grantiger_patric_training_data_cbow_lr0.05_epochs1_mincount5_ws12_dims300,opfermythen,0.7720178961753845
grantiger_patric_training_data_cbow_lr0.05_epochs1_mincount5_ws12_dims300,opferrenten,0.7717781662940979
grantiger_patric_training_data_cbow_lr0.05_epochs1_mincount5_ws12_dims300,opfernarrativ,0.7717761993408203
grantiger_patric_training_data_cbow_lr0.05_epochs1_mincount5_ws12_dims300,verbrechensopfer,0.7706537246704102
grantiger_patric_training_data_cbow_lr0.05_epochs1_mincount5_ws12_dims300,opfertypen,0.7703179121017456
grantiger_patric_training_data_cbow_lr0.05_epochs1_mincount5_ws12_dims300,opferlisten,0.7675533890724182
grantiger_patric_training_data_cbow_lr0.05_epochs1_mincount5_ws12_dims300,opferkreis,0.7660219073295593
grantiger_patric_training_data_cbow_lr0.05_epochs1_mincount5_ws12_dims300,opferzeuginnen,0.7658032774925232
grantiger_patric_training_data_cbow_lr0.05_epochs1_mincount5_ws12_dims300,opferstocks,0.7653049230575562
grantiger_patric_training_data_cbow_lr0.05_epochs1_mincount5_ws12_dims300,opferangehörigen,0.7643808126449585
grantiger_patric_training_data_cbow_lr0.05_epochs1_mincount5_ws12_dims300,opfersuche,0.7643048167228699
grantiger_patric_training_data_cbow_lr0.05_epochs1_mincount5_ws12_dims300,opferlichter,0.7638087272644043
grantiger_patric_training_data_cbow_lr0.05_epochs1_mincount5_ws12_dims300,opfertiere,0.7629297375679016
grantiger_patric_training_data_cbow_lr0.05_epochs1_mincount5_ws12_dims300,opferritual,0.7625200748443604
grantiger_patric_training_data_cbow_lr0.05_epochs1_mincount5_ws12_dims300,opferschale,0.7613546252250671
grantiger_patric_training_data_cbow_lr0.05_epochs1_mincount5_ws12_dims300,opferseite,0.7612633109092712
grantiger_patric_training_data_cbow_lr0.05_epochs1_mincount5_ws12_dims300,vergewaltigungsopfer,0.760362982749939
grantiger_patric_training_data_cbow_lr0.05_epochs1_mincount5_ws12_dims300,opferstein,0.7602161765098572
grantiger_patric_training_data_cbow_lr0.05_epochs1_mincount5_ws12_dims300,opfernamen,0.7602115869522095
grantiger_patric_training_data_cbow_lr0.05_epochs1_mincount5_ws12_dims300,opferstelle,0.7598814964294434
grantiger_patric_training_data_cbow_lr0.05_epochs1_mincount5_ws12_dims300,opferstick,0.7593209743499756
grantiger_patric_training_data_cbow_lr0.05_epochs1_mincount5_ws12_dims300,opfertisch,0.7590397596359253
grantiger_patric_training_data_cbow_lr0.05_epochs1_mincount5_ws12_dims300,überfallsopfer,0.758655309677124
grantiger_patric_training_data_cbow_lr0.05_epochs1_mincount5_ws12_dims300,opferstöcke,0.758165717124939
grantiger_patric_training_data_cbow_lr0.05_epochs1_mincount5_ws12_dims300,opferschema,0.7581608295440674
grantiger_patric_training_data_cbow_lr0.05_epochs1_mincount5_ws12_dims300,tatopfer,0.7564687132835388
grantiger_patric_training_data_cbow_lr0.05_epochs1_mincount5_ws12_dims300,opferthese,0.7543461918830872
grantiger_patric_training_data_cbow_lr0.05_epochs1_mincount5_ws12_dims300,opferstockdieben,0.7536635994911194
grantiger_patric_training_data_cbow_lr0.05_epochs1_mincount5_ws12_dims300,opferkollektiv,0.7529438734054565
grantiger_patric_training_data_cbow_lr0.05_epochs1_mincount5_ws12_dims300,opferhilfe,0.7523037195205688
grantiger_patric_training_data_cbow_lr0.05_epochs1_mincount5_ws12_dims300,opferaussage,0.7521582841873169
grantiger_patric_training_data_cbow_lr0.05_epochs1_mincount5_ws12_dims300,opfergeld,0.7513683438301086
grantiger_patric_training_data_cbow_lr0.05_epochs1_mincount5_ws12_dims300,raubopfer,0.7510810494422913
grantiger_patric_training_data_cbow_lr0.05_epochs1_mincount5_ws12_dims300,opferstockbande,0.7505415678024292
grantiger_patric_training_data_cbow_lr0.05_epochs1_mincount5_ws12_dims300,mordopfer,0.7504684329032898
grantiger_patric_training_data_cbow_lr0.05_epochs1_mincount5_ws12_dims300,opferstockdiebe,0.7493705749511719
grantiger_patric_training_data_cbow_lr0.05_epochs1_mincount5_ws12_dims300,opferkuchen,0.7492934465408325
grantiger_patric_training_data_cbow_lr0.05_epochs1_mincount5_ws12_dims300,opferstockdieb,0.7489222884178162
grantiger_patric_training_data_cbow_lr0.05_epochs1_mincount5_ws12_dims300,opferaltären,0.7479085922241211
grantiger_patric_training_data_cbow_lr0.05_epochs1_mincount5_ws12_dims300,opfersteine,0.7476404309272766
grantiger_patric_training_data_cbow_lr0.05_epochs1_mincount5_ws12_dims300,opferplatz,0.7475510239601135
grantiger_patric_training_data_cbow_lr0.05_epochs1_mincount5_ws12_dims300,gewaltopfer,0.7474882006645203
grantiger_patric_training_data_cbow_lr0.05_epochs1_mincount5_ws12_dims300,opferung,0.7447252869606018
grantiger_patric_training_data_cbow_lr0.05_epochs1_mincount5_ws12_dims300,opferschützern,0.7439892888069153
grantiger_patric_training_data_cbow_lr0.05_epochs1_mincount5_ws12_dims300,opferschalen,0.7428079843521118
grantiger_patric_training_data_cbow_lr0.05_epochs1_mincount5_ws12_dims300,opferstöcken,0.7417150735855103
grantiger_patric_training_data_cbow_lr0.05_epochs1_mincount5_ws12_dims300,opferaussagen,0.7387267351150513
grantiger_patric_training_data_cbow_lr0.05_epochs1_mincount5_ws12_dims300,opferbilder,0.7378127574920654
muntere_ashley_training_data_lower_cbow_lr0.05_epochs1_mincount5_ws12_dims300,opfere,0.8624014854431152
muntere_ashley_training_data_lower_cbow_lr0.05_epochs1_mincount5_ws12_dims300,opferort,0.8534254431724548
muntere_ashley_training_data_lower_cbow_lr0.05_epochs1_mincount5_ws12_dims300,opfernd,0.8514198064804077
muntere_ashley_training_data_lower_cbow_lr0.05_epochs1_mincount5_ws12_dims300,tatopfer,0.8475338816642761
muntere_ashley_training_data_lower_cbow_lr0.05_epochs1_mincount5_ws12_dims300,opferst,0.8459763526916504
muntere_ashley_training_data_lower_cbow_lr0.05_epochs1_mincount5_ws12_dims300,raubopfer,0.844286322593689
muntere_ashley_training_data_lower_cbow_lr0.05_epochs1_mincount5_ws12_dims300,haiopfer,0.8421451449394226
muntere_ashley_training_data_lower_cbow_lr0.05_epochs1_mincount5_ws12_dims300,opferorte,0.8291828632354736
muntere_ashley_training_data_lower_cbow_lr0.05_epochs1_mincount5_ws12_dims300,opferlämmer,0.8273991346359253
muntere_ashley_training_data_lower_cbow_lr0.05_epochs1_mincount5_ws12_dims300,stasiopfer,0.8260144591331482
muntere_ashley_training_data_lower_cbow_lr0.05_epochs1_mincount5_ws12_dims300,opfern,0.8213937282562256
muntere_ashley_training_data_lower_cbow_lr0.05_epochs1_mincount5_ws12_dims300,opfernde,0.8203914165496826
muntere_ashley_training_data_lower_cbow_lr0.05_epochs1_mincount5_ws12_dims300,opferpose,0.8198895454406738
muntere_ashley_training_data_lower_cbow_lr0.05_epochs1_mincount5_ws12_dims300,opferfalle,0.8188790082931519
muntere_ashley_training_data_lower_cbow_lr0.05_epochs1_mincount5_ws12_dims300,opferkuch,0.8171209096908569
muntere_ashley_training_data_lower_cbow_lr0.05_epochs1_mincount5_ws12_dims300,opferlüge,0.8147645592689514
muntere_ashley_training_data_lower_cbow_lr0.05_epochs1_mincount5_ws12_dims300,opfersein,0.8136336803436279
muntere_ashley_training_data_lower_cbow_lr0.05_epochs1_mincount5_ws12_dims300,opferkind,0.8109275102615356
muntere_ashley_training_data_lower_cbow_lr0.05_epochs1_mincount5_ws12_dims300,opferkorb,0.8098243474960327
muntere_ashley_training_data_lower_cbow_lr0.05_epochs1_mincount5_ws12_dims300,opferwidder,0.809420108795166
muntere_ashley_training_data_lower_cbow_lr0.05_epochs1_mincount5_ws12_dims300,überfallsopfer,0.8064911365509033
muntere_ashley_training_data_lower_cbow_lr0.05_epochs1_mincount5_ws12_dims300,racheopfer,0.8042786121368408
muntere_ashley_training_data_lower_cbow_lr0.05_epochs1_mincount5_ws12_dims300,opferfang,0.803722083568573
muntere_ashley_training_data_lower_cbow_lr0.05_epochs1_mincount5_ws12_dims300,kopfer,0.8031970858573914
muntere_ashley_training_data_lower_cbow_lr0.05_epochs1_mincount5_ws12_dims300,todeopfer,0.8031626343727112
muntere_ashley_training_data_lower_cbow_lr0.05_epochs1_mincount5_ws12_dims300,opfernacht,0.7969003915786743
muntere_ashley_training_data_lower_cbow_lr0.05_epochs1_mincount5_ws12_dims300,opfermut,0.7965829372406006
muntere_ashley_training_data_lower_cbow_lr0.05_epochs1_mincount5_ws12_dims300,verbrechensopfer,0.7957323789596558
muntere_ashley_training_data_lower_cbow_lr0.05_epochs1_mincount5_ws12_dims300,notopfer,0.794848620891571
muntere_ashley_training_data_lower_cbow_lr0.05_epochs1_mincount5_ws12_dims300,sexopfer,0.794426679611206
muntere_ashley_training_data_lower_cbow_lr0.05_epochs1_mincount5_ws12_dims300,opferangehörige,0.7942972183227539
muntere_ashley_training_data_lower_cbow_lr0.05_epochs1_mincount5_ws12_dims300,opferland,0.7930046319961548
muntere_ashley_training_data_lower_cbow_lr0.05_epochs1_mincount5_ws12_dims300,mordopfer,0.7922394275665283
muntere_ashley_training_data_lower_cbow_lr0.05_epochs1_mincount5_ws12_dims300,opfert,0.7891470789909363
muntere_ashley_training_data_lower_cbow_lr0.05_epochs1_mincount5_ws12_dims300,opfertier,0.7863921523094177
muntere_ashley_training_data_lower_cbow_lr0.05_epochs1_mincount5_ws12_dims300,opfernden,0.7852018475532532
muntere_ashley_training_data_lower_cbow_lr0.05_epochs1_mincount5_ws12_dims300,opfermann,0.7848360538482666
muntere_ashley_training_data_lower_cbow_lr0.05_epochs1_mincount5_ws12_dims300,opferriten,0.7843117117881775
muntere_ashley_training_data_lower_cbow_lr0.05_epochs1_mincount5_ws12_dims300,hauptopfer,0.7838440537452698
muntere_ashley_training_data_lower_cbow_lr0.05_epochs1_mincount5_ws12_dims300,opferschützer,0.782446026802063
muntere_ashley_training_data_lower_cbow_lr0.05_epochs1_mincount5_ws12_dims300,opferwitwen,0.78226637840271
muntere_ashley_training_data_lower_cbow_lr0.05_epochs1_mincount5_ws12_dims300,gewaltopfer,0.7819006443023682
muntere_ashley_training_data_lower_cbow_lr0.05_epochs1_mincount5_ws12_dims300,opferputz,0.7817266583442688
muntere_ashley_training_data_lower_cbow_lr0.05_epochs1_mincount5_ws12_dims300,opferrente,0.781173050403595
muntere_ashley_training_data_lower_cbow_lr0.05_epochs1_mincount5_ws12_dims300,opferbögen,0.7793554663658142
muntere_ashley_training_data_lower_cbow_lr0.05_epochs1_mincount5_ws12_dims300,opferlämmlein,0.7790409326553345
muntere_ashley_training_data_lower_cbow_lr0.05_epochs1_mincount5_ws12_dims300,zufallsopfer,0.7760226130485535
muntere_ashley_training_data_lower_cbow_lr0.05_epochs1_mincount5_ws12_dims300,opferkult,0.7750739455223083
muntere_ashley_training_data_lower_cbow_lr0.05_epochs1_mincount5_ws12_dims300,zivilopfer,0.7745097279548645
muntere_ashley_training_data_lower_cbow_lr0.05_epochs1_mincount5_ws12_dims300,dopfer,0.7744235992431641
muntere_ashley_training_data_lower_cbow_lr0.05_epochs1_mincount5_ws12_dims300,überfallopfer,0.7736329436302185
muntere_ashley_training_data_lower_cbow_lr0.05_epochs1_mincount5_ws12_dims300,opferangehörigen,0.7731596827507019
muntere_ashley_training_data_lower_cbow_lr0.05_epochs1_mincount5_ws12_dims300,blutopfer,0.7712015509605408
muntere_ashley_training_data_lower_cbow_lr0.05_epochs1_mincount5_ws12_dims300,opferlamm,0.7709320187568665
muntere_ashley_training_data_lower_cbow_lr0.05_epochs1_mincount5_ws12_dims300,opferumkehr,0.7698632478713989
muntere_ashley_training_data_lower_cbow_lr0.05_epochs1_mincount5_ws12_dims300,opfermesser,0.7689706087112427
muntere_ashley_training_data_lower_cbow_lr0.05_epochs1_mincount5_ws12_dims300,opfertod,0.7688059210777283
muntere_ashley_training_data_lower_cbow_lr0.05_epochs1_mincount5_ws12_dims300,opfergang,0.7682949900627136
muntere_ashley_training_data_lower_cbow_lr0.05_epochs1_mincount5_ws12_dims300,traumaopfer,0.7682938575744629
muntere_ashley_training_data_lower_cbow_lr0.05_epochs1_mincount5_ws12_dims300,opfe,0.7661470174789429
muntere_ashley_training_data_lower_cbow_lr0.05_epochs1_mincount5_ws12_dims300,stalkingopfer,0.7656197547912598
muntere_ashley_training_data_lower_cbow_lr0.05_epochs1_mincount5_ws12_dims300,vergewaltigungsopfer,0.7652849555015564
muntere_ashley_training_data_lower_cbow_lr0.05_epochs1_mincount5_ws12_dims300,opfermahl,0.7645589709281921
muntere_ashley_training_data_lower_cbow_lr0.05_epochs1_mincount5_ws12_dims300,kleopfer,0.7630924582481384
muntere_ashley_training_data_lower_cbow_lr0.05_epochs1_mincount5_ws12_dims300,opfergestus,0.7625200748443604
muntere_ashley_training_data_lower_cbow_lr0.05_epochs1_mincount5_ws12_dims300,opferlichter,0.7624362707138062
muntere_ashley_training_data_lower_cbow_lr0.05_epochs1_mincount5_ws12_dims300,opfertyp,0.7620401978492737
muntere_ashley_training_data_lower_cbow_lr0.05_epochs1_mincount5_ws12_dims300,massakeropfer,0.7619280815124512
muntere_ashley_training_data_lower_cbow_lr0.05_epochs1_mincount5_ws12_dims300,totesopfer,0.7597353458404541
muntere_ashley_training_data_lower_cbow_lr0.05_epochs1_mincount5_ws12_dims300,opferbild,0.7591527700424194
muntere_ashley_training_data_lower_cbow_lr0.05_epochs1_mincount5_ws12_dims300,opferzeuginnen,0.757120668888092
muntere_ashley_training_data_lower_cbow_lr0.05_epochs1_mincount5_ws12_dims300,opferwurst,0.7568129897117615
muntere_ashley_training_data_lower_cbow_lr0.05_epochs1_mincount5_ws12_dims300,polizeiopfer,0.7567727565765381
muntere_ashley_training_data_lower_cbow_lr0.05_epochs1_mincount5_ws12_dims300,opferte,0.7566826343536377
muntere_ashley_training_data_lower_cbow_lr0.05_epochs1_mincount5_ws12_dims300,bissopfer,0.7561448216438293
muntere_ashley_training_data_lower_cbow_lr0.05_epochs1_mincount5_ws12_dims300,opferaltäre,0.754646360874176
muntere_ashley_training_data_lower_cbow_lr0.05_epochs1_mincount5_ws12_dims300,opferrenten,0.7541518211364746
muntere_ashley_training_data_lower_cbow_lr0.05_epochs1_mincount5_ws12_dims300,naziopfer,0.7534852027893066
muntere_ashley_training_data_lower_cbow_lr0.05_epochs1_mincount5_ws12_dims300,opferstick,0.75328129529953
muntere_ashley_training_data_lower_cbow_lr0.05_epochs1_mincount5_ws12_dims300,opferkerze,0.7531148791313171
muntere_ashley_training_data_lower_cbow_lr0.05_epochs1_mincount5_ws12_dims300,sturzopfer,0.7528043389320374
muntere_ashley_training_data_lower_cbow_lr0.05_epochs1_mincount5_ws12_dims300,opferaltar,0.7520569562911987
muntere_ashley_training_data_lower_cbow_lr0.05_epochs1_mincount5_ws12_dims300,opferkreis,0.7518289089202881
muntere_ashley_training_data_lower_cbow_lr0.05_epochs1_mincount5_ws12_dims300,opferlegende,0.7514132261276245
muntere_ashley_training_data_lower_cbow_lr0.05_epochs1_mincount5_ws12_dims300,opferreich,0.7507593035697937
muntere_ashley_training_data_lower_cbow_lr0.05_epochs1_mincount5_ws12_dims300,opfersuche,0.7500602602958679
muntere_ashley_training_data_lower_cbow_lr0.05_epochs1_mincount5_ws12_dims300,schussopfer,0.7498408555984497
muntere_ashley_training_data_lower_cbow_lr0.05_epochs1_mincount5_ws12_dims300,anschlagsopfer,0.7494675517082214
muntere_ashley_training_data_lower_cbow_lr0.05_epochs1_mincount5_ws12_dims300,opferstocks,0.7494217157363892
muntere_ashley_training_data_lower_cbow_lr0.05_epochs1_mincount5_ws12_dims300,misshandlungsopfer,0.749005138874054
muntere_ashley_training_data_lower_cbow_lr0.05_epochs1_mincount5_ws12_dims300,opferlisten,0.7485338449478149
muntere_ashley_training_data_lower_cbow_lr0.05_epochs1_mincount5_ws12_dims300,anschlagopfer,0.7477902770042419
muntere_ashley_training_data_lower_cbow_lr0.05_epochs1_mincount5_ws12_dims300,sühneopfer,0.7475423216819763
muntere_ashley_training_data_lower_cbow_lr0.05_epochs1_mincount5_ws12_dims300,opferwitwe,0.747157871723175
muntere_ashley_training_data_lower_cbow_lr0.05_epochs1_mincount5_ws12_dims300,opferseite,0.746729850769043
muntere_ashley_training_data_lower_cbow_lr0.05_epochs1_mincount5_ws12_dims300,opferstock,0.7460119724273682
muntere_ashley_training_data_lower_cbow_lr0.05_epochs1_mincount5_ws12_dims300,gasopfer,0.7453850507736206
muntere_ashley_training_data_lower_cbow_lr0.05_epochs1_mincount5_ws12_dims300,angriffsopfer,0.7452192306518555
muntere_ashley_training_data_lower_cbow_lr0.05_epochs1_mincount5_ws12_dims300,attentatsopfer,0.7449344396591187
muntere_ashley_training_data_lower_cbow_lr0.05_epochs1_mincount5_ws12_dims300,opfernamen,0.7437612414360046
vitaler_nelio_training_data_lower_cbow_lr0.05_epochs1_mincount50_ws12_dims300,opfere,0.851064920425415
vitaler_nelio_training_data_lower_cbow_lr0.05_epochs1_mincount50_ws12_dims300,raubopfer,0.8251851201057434
vitaler_nelio_training_data_lower_cbow_lr0.05_epochs1_mincount50_ws12_dims300,opfern,0.8090171217918396
vitaler_nelio_training_data_lower_cbow_lr0.05_epochs1_mincount50_ws12_dims300,opferkuch,0.7969019412994385
vitaler_nelio_training_data_lower_cbow_lr0.05_epochs1_mincount50_ws12_dims300,kopfer,0.7960497736930847
vitaler_nelio_training_data_lower_cbow_lr0.05_epochs1_mincount50_ws12_dims300,hauptopfer,0.7880290150642395
vitaler_nelio_training_data_lower_cbow_lr0.05_epochs1_mincount50_ws12_dims300,gewaltopfer,0.7853029370307922
vitaler_nelio_training_data_lower_cbow_lr0.05_epochs1_mincount50_ws12_dims300,überfallsopfer,0.7842967510223389
vitaler_nelio_training_data_lower_cbow_lr0.05_epochs1_mincount50_ws12_dims300,mordopfer,0.7841241955757141
vitaler_nelio_training_data_lower_cbow_lr0.05_epochs1_mincount50_ws12_dims300,verbrechensopfer,0.7801908850669861
vitaler_nelio_training_data_lower_cbow_lr0.05_epochs1_mincount50_ws12_dims300,opfertier,0.7738320231437683
vitaler_nelio_training_data_lower_cbow_lr0.05_epochs1_mincount50_ws12_dims300,opfertod,0.7714160084724426
vitaler_nelio_training_data_lower_cbow_lr0.05_epochs1_mincount50_ws12_dims300,zivilopfer,0.7689595222473145
vitaler_nelio_training_data_lower_cbow_lr0.05_epochs1_mincount50_ws12_dims300,opferrente,0.7619879245758057
vitaler_nelio_training_data_lower_cbow_lr0.05_epochs1_mincount50_ws12_dims300,opfert,0.7599467635154724
vitaler_nelio_training_data_lower_cbow_lr0.05_epochs1_mincount50_ws12_dims300,opferangehörige,0.7573153972625732
vitaler_nelio_training_data_lower_cbow_lr0.05_epochs1_mincount50_ws12_dims300,überfallopfer,0.7568042874336243
vitaler_nelio_training_data_lower_cbow_lr0.05_epochs1_mincount50_ws12_dims300,opferlamm,0.7567868828773499
vitaler_nelio_training_data_lower_cbow_lr0.05_epochs1_mincount50_ws12_dims300,opferkult,0.7558468580245972
vitaler_nelio_training_data_lower_cbow_lr0.05_epochs1_mincount50_ws12_dims300,opfergang,0.7525168061256409
vitaler_nelio_training_data_lower_cbow_lr0.05_epochs1_mincount50_ws12_dims300,polizeiopfer,0.7522855997085571
vitaler_nelio_training_data_lower_cbow_lr0.05_epochs1_mincount50_ws12_dims300,zufallsopfer,0.7493510246276855
vitaler_nelio_training_data_lower_cbow_lr0.05_epochs1_mincount50_ws12_dims300,opferstock,0.7464423775672913
vitaler_nelio_training_data_lower_cbow_lr0.05_epochs1_mincount50_ws12_dims300,vergewaltigungsopfer,0.7462789416313171
vitaler_nelio_training_data_lower_cbow_lr0.05_epochs1_mincount50_ws12_dims300,bissopfer,0.7450981140136719
vitaler_nelio_training_data_lower_cbow_lr0.05_epochs1_mincount50_ws12_dims300,opferstöcke,0.744461715221405
vitaler_nelio_training_data_lower_cbow_lr0.05_epochs1_mincount50_ws12_dims300,dopfer,0.7423810958862305
vitaler_nelio_training_data_lower_cbow_lr0.05_epochs1_mincount50_ws12_dims300,opferangehörigen,0.7407478094100952
vitaler_nelio_training_data_lower_cbow_lr0.05_epochs1_mincount50_ws12_dims300,naziopfer,0.7371401190757751
vitaler_nelio_training_data_lower_cbow_lr0.05_epochs1_mincount50_ws12_dims300,prügelopfer,0.7364493012428284
vitaler_nelio_training_data_lower_cbow_lr0.05_epochs1_mincount50_ws12_dims300,anschlagsopfer,0.7353647351264954
vitaler_nelio_training_data_lower_cbow_lr0.05_epochs1_mincount50_ws12_dims300,schussopfer,0.7347897887229919
vitaler_nelio_training_data_lower_cbow_lr0.05_epochs1_mincount50_ws12_dims300,opferte,0.7286821007728577
vitaler_nelio_training_data_lower_cbow_lr0.05_epochs1_mincount50_ws12_dims300,massakeropfer,0.7278472781181335
vitaler_nelio_training_data_lower_cbow_lr0.05_epochs1_mincount50_ws12_dims300,opferseite,0.7275410294532776
vitaler_nelio_training_data_lower_cbow_lr0.05_epochs1_mincount50_ws12_dims300,heimopfer,0.7218633890151978
vitaler_nelio_training_data_lower_cbow_lr0.05_epochs1_mincount50_ws12_dims300,terroropfer,0.7215234637260437
vitaler_nelio_training_data_lower_cbow_lr0.05_epochs1_mincount50_ws12_dims300,attentatsopfer,0.7214220762252808
vitaler_nelio_training_data_lower_cbow_lr0.05_epochs1_mincount50_ws12_dims300,opferhilfe,0.7200551629066467
vitaler_nelio_training_data_lower_cbow_lr0.05_epochs1_mincount50_ws12_dims300,opferstöcken,0.7187969088554382
vitaler_nelio_training_data_lower_cbow_lr0.05_epochs1_mincount50_ws12_dims300,opfers,0.7177279591560364
vitaler_nelio_training_data_lower_cbow_lr0.05_epochs1_mincount50_ws12_dims300,opferten,0.713054358959198
vitaler_nelio_training_data_lower_cbow_lr0.05_epochs1_mincount50_ws12_dims300,opferstockdiebe,0.7127197980880737
vitaler_nelio_training_data_lower_cbow_lr0.05_epochs1_mincount50_ws12_dims300,opferstockdieb,0.7119554281234741
vitaler_nelio_training_data_lower_cbow_lr0.05_epochs1_mincount50_ws12_dims300,kriegsopfer,0.7103551030158997
vitaler_nelio_training_data_lower_cbow_lr0.05_epochs1_mincount50_ws12_dims300,brandopfer,0.7089874744415283
vitaler_nelio_training_data_lower_cbow_lr0.05_epochs1_mincount50_ws12_dims300,sturzopfer,0.707491934299469
vitaler_nelio_training_data_lower_cbow_lr0.05_epochs1_mincount50_ws12_dims300,blitzopfer,0.7071337103843689
vitaler_nelio_training_data_lower_cbow_lr0.05_epochs1_mincount50_ws12_dims300,folteropfer,0.7067378759384155
vitaler_nelio_training_data_lower_cbow_lr0.05_epochs1_mincount50_ws12_dims300,opfermythos,0.7052679657936096
vitaler_nelio_training_data_lower_cbow_lr0.05_epochs1_mincount50_ws12_dims300,opfertiere,0.7028573751449585
vitaler_nelio_training_data_lower_cbow_lr0.05_epochs1_mincount50_ws12_dims300,entführungsopfer,0.7010291218757629
vitaler_nelio_training_data_lower_cbow_lr0.05_epochs1_mincount50_ws12_dims300,opferung,0.6958175301551819
vitaler_nelio_training_data_lower_cbow_lr0.05_epochs1_mincount50_ws12_dims300,unglücksopfer,0.6942029595375061
vitaler_nelio_training_data_lower_cbow_lr0.05_epochs1_mincount50_ws12_dims300,erpressungsopfer,0.6930121779441833
vitaler_nelio_training_data_lower_cbow_lr0.05_epochs1_mincount50_ws12_dims300,opferfamilien,0.6926676630973816
vitaler_nelio_training_data_lower_cbow_lr0.05_epochs1_mincount50_ws12_dims300,einbruchsopfer,0.691487729549408
vitaler_nelio_training_data_lower_cbow_lr0.05_epochs1_mincount50_ws12_dims300,justizopfer,0.6906861662864685
vitaler_nelio_training_data_lower_cbow_lr0.05_epochs1_mincount50_ws12_dims300,euthanasieopfer,0.6900148391723633
vitaler_nelio_training_data_lower_cbow_lr0.05_epochs1_mincount50_ws12_dims300,sonderopfer,0.6897311806678772
vitaler_nelio_training_data_lower_cbow_lr0.05_epochs1_mincount50_ws12_dims300,hopfer,0.6889353394508362
vitaler_nelio_training_data_lower_cbow_lr0.05_epochs1_mincount50_ws12_dims300,opfernotruf,0.6878451108932495
vitaler_nelio_training_data_lower_cbow_lr0.05_epochs1_mincount50_ws12_dims300,missbrauchsopfer,0.6874570250511169
vitaler_nelio_training_data_lower_cbow_lr0.05_epochs1_mincount50_ws12_dims300,todesopfer,0.6857630610466003
vitaler_nelio_training_data_lower_cbow_lr0.05_epochs1_mincount50_ws12_dims300,mobbingopfer,0.6856829524040222
vitaler_nelio_training_data_lower_cbow_lr0.05_epochs1_mincount50_ws12_dims300,menschenopfer,0.684924840927124
vitaler_nelio_training_data_lower_cbow_lr0.05_epochs1_mincount50_ws12_dims300,opfergaben,0.684422492980957
vitaler_nelio_training_data_lower_cbow_lr0.05_epochs1_mincount50_ws12_dims300,opferfamilie,0.6815527081489563
vitaler_nelio_training_data_lower_cbow_lr0.05_epochs1_mincount50_ws12_dims300,opfergruppe,0.6803181171417236
vitaler_nelio_training_data_lower_cbow_lr0.05_epochs1_mincount50_ws12_dims300,verbrechensopfern,0.6791935563087463
vitaler_nelio_training_data_lower_cbow_lr0.05_epochs1_mincount50_ws12_dims300,vergewaltigungsopfern,0.6766635775566101
vitaler_nelio_training_data_lower_cbow_lr0.05_epochs1_mincount50_ws12_dims300,gewaltopfern,0.676488995552063
vitaler_nelio_training_data_lower_cbow_lr0.05_epochs1_mincount50_ws12_dims300,sturmopfer,0.6764126420021057
vitaler_nelio_training_data_lower_cbow_lr0.05_epochs1_mincount50_ws12_dims300,mordopfern,0.6763975024223328
vitaler_nelio_training_data_lower_cbow_lr0.05_epochs1_mincount50_ws12_dims300,opferanwalt,0.6762816309928894
vitaler_nelio_training_data_lower_cbow_lr0.05_epochs1_mincount50_ws12_dims300,opferfest,0.6748843193054199
vitaler_nelio_training_data_lower_cbow_lr0.05_epochs1_mincount50_ws12_dims300,bombenopfer,0.6730471849441528
vitaler_nelio_training_data_lower_cbow_lr0.05_epochs1_mincount50_ws12_dims300,opferanwälte,0.6726958155632019
vitaler_nelio_training_data_lower_cbow_lr0.05_epochs1_mincount50_ws12_dims300,opfergabe,0.6705770492553711
vitaler_nelio_training_data_lower_cbow_lr0.05_epochs1_mincount50_ws12_dims300,opferangaben,0.6686628460884094
vitaler_nelio_training_data_lower_cbow_lr0.05_epochs1_mincount50_ws12_dims300,opferverein,0.6634365916252136
vitaler_nelio_training_data_lower_cbow_lr0.05_epochs1_mincount50_ws12_dims300,opferthese,0.662297248840332
vitaler_nelio_training_data_lower_cbow_lr0.05_epochs1_mincount50_ws12_dims300,flutopfer,0.6607449650764465
vitaler_nelio_training_data_lower_cbow_lr0.05_epochs1_mincount50_ws12_dims300,betrugsopfer,0.660013735294342
vitaler_nelio_training_data_lower_cbow_lr0.05_epochs1_mincount50_ws12_dims300,opfergruppen,0.6574531197547913
vitaler_nelio_training_data_lower_cbow_lr0.05_epochs1_mincount50_ws12_dims300,opfervertreter,0.656408429145813
vitaler_nelio_training_data_lower_cbow_lr0.05_epochs1_mincount50_ws12_dims300,opferliste,0.6556320786476135
vitaler_nelio_training_data_lower_cbow_lr0.05_epochs1_mincount50_ws12_dims300,verletzungsopfer,0.6530517935752869
vitaler_nelio_training_data_lower_cbow_lr0.05_epochs1_mincount50_ws12_dims300,vergewaltigungsopfers,0.6520524024963379
vitaler_nelio_training_data_lower_cbow_lr0.05_epochs1_mincount50_ws12_dims300,bebenopfer,0.649734377861023
vitaler_nelio_training_data_lower_cbow_lr0.05_epochs1_mincount50_ws12_dims300,unfallopfer,0.6479156613349915
vitaler_nelio_training_data_lower_cbow_lr0.05_epochs1_mincount50_ws12_dims300,absturzopfer,0.6473384499549866
vitaler_nelio_training_data_lower_cbow_lr0.05_epochs1_mincount50_ws12_dims300,klopfer,0.6467041969299316
vitaler_nelio_training_data_lower_cbow_lr0.05_epochs1_mincount50_ws12_dims300,drogenopfer,0.6462003588676453
vitaler_nelio_training_data_lower_cbow_lr0.05_epochs1_mincount50_ws12_dims300,verbrennungsopfer,0.6424614191055298
vitaler_nelio_training_data_lower_cbow_lr0.05_epochs1_mincount50_ws12_dims300,schlachtopfer,0.6388094425201416
vitaler_nelio_training_data_lower_cbow_lr0.05_epochs1_mincount50_ws12_dims300,täter,0.6360522508621216
vitaler_nelio_training_data_lower_cbow_lr0.05_epochs1_mincount50_ws12_dims300,opferrolle,0.6347845792770386
vitaler_nelio_training_data_lower_cbow_lr0.05_epochs1_mincount50_ws12_dims300,opferentschädigung,0.6338789463043213
vitaler_nelio_training_data_lower_cbow_lr0.05_epochs1_mincount50_ws12_dims300,opferverbände,0.6337542533874512
spontaner_gideon_training_data_lower_cbow_lr0.05_epochs1_mincount100_ws24_dims300,opfere,0.8585677146911621
spontaner_gideon_training_data_lower_cbow_lr0.05_epochs1_mincount100_ws24_dims300,opfern,0.8265672922134399
spontaner_gideon_training_data_lower_cbow_lr0.05_epochs1_mincount100_ws24_dims300,raubopfer,0.8163527846336365
spontaner_gideon_training_data_lower_cbow_lr0.05_epochs1_mincount100_ws24_dims300,gewaltopfer,0.8012268543243408
spontaner_gideon_training_data_lower_cbow_lr0.05_epochs1_mincount100_ws24_dims300,verbrechensopfer,0.7793738842010498
spontaner_gideon_training_data_lower_cbow_lr0.05_epochs1_mincount100_ws24_dims300,hauptopfer,0.7718760967254639
spontaner_gideon_training_data_lower_cbow_lr0.05_epochs1_mincount100_ws24_dims300,mordopfer,0.7596416473388672
spontaner_gideon_training_data_lower_cbow_lr0.05_epochs1_mincount100_ws24_dims300,opferstöcke,0.7556538581848145
spontaner_gideon_training_data_lower_cbow_lr0.05_epochs1_mincount100_ws24_dims300,opfert,0.7549970746040344
spontaner_gideon_training_data_lower_cbow_lr0.05_epochs1_mincount100_ws24_dims300,opferlamm,0.7545769214630127
spontaner_gideon_training_data_lower_cbow_lr0.05_epochs1_mincount100_ws24_dims300,opferstock,0.7519981265068054
spontaner_gideon_training_data_lower_cbow_lr0.05_epochs1_mincount100_ws24_dims300,opfers,0.7369629144668579
spontaner_gideon_training_data_lower_cbow_lr0.05_epochs1_mincount100_ws24_dims300,opferstöcken,0.7338101863861084
spontaner_gideon_training_data_lower_cbow_lr0.05_epochs1_mincount100_ws24_dims300,vergewaltigungsopfer,0.7289096713066101
spontaner_gideon_training_data_lower_cbow_lr0.05_epochs1_mincount100_ws24_dims300,zufallsopfer,0.7279319167137146
spontaner_gideon_training_data_lower_cbow_lr0.05_epochs1_mincount100_ws24_dims300,bissopfer,0.7273533940315247
spontaner_gideon_training_data_lower_cbow_lr0.05_epochs1_mincount100_ws24_dims300,prügelopfer,0.7267866730690002
spontaner_gideon_training_data_lower_cbow_lr0.05_epochs1_mincount100_ws24_dims300,schussopfer,0.7254806160926819
spontaner_gideon_training_data_lower_cbow_lr0.05_epochs1_mincount100_ws24_dims300,opferten,0.721795916557312
spontaner_gideon_training_data_lower_cbow_lr0.05_epochs1_mincount100_ws24_dims300,opferte,0.7206097841262817
spontaner_gideon_training_data_lower_cbow_lr0.05_epochs1_mincount100_ws24_dims300,opfergruppe,0.7201568484306335
spontaner_gideon_training_data_lower_cbow_lr0.05_epochs1_mincount100_ws24_dims300,opferstockdieb,0.7181009650230408
spontaner_gideon_training_data_lower_cbow_lr0.05_epochs1_mincount100_ws24_dims300,opfermythos,0.7131707668304443
spontaner_gideon_training_data_lower_cbow_lr0.05_epochs1_mincount100_ws24_dims300,gewaltopfern,0.7115663290023804
spontaner_gideon_training_data_lower_cbow_lr0.05_epochs1_mincount100_ws24_dims300,dopfer,0.7111407518386841
spontaner_gideon_training_data_lower_cbow_lr0.05_epochs1_mincount100_ws24_dims300,anschlagsopfer,0.708141028881073
spontaner_gideon_training_data_lower_cbow_lr0.05_epochs1_mincount100_ws24_dims300,opfergabe,0.6970780491828918
spontaner_gideon_training_data_lower_cbow_lr0.05_epochs1_mincount100_ws24_dims300,opfergaben,0.6968197822570801
spontaner_gideon_training_data_lower_cbow_lr0.05_epochs1_mincount100_ws24_dims300,opfergruppen,0.6849777698516846
spontaner_gideon_training_data_lower_cbow_lr0.05_epochs1_mincount100_ws24_dims300,opferhilfe,0.6839129328727722
spontaner_gideon_training_data_lower_cbow_lr0.05_epochs1_mincount100_ws24_dims300,opferfamilien,0.6839112043380737
spontaner_gideon_training_data_lower_cbow_lr0.05_epochs1_mincount100_ws24_dims300,verbrechensopfern,0.6830934286117554
spontaner_gideon_training_data_lower_cbow_lr0.05_epochs1_mincount100_ws24_dims300,menschenopfer,0.6823872327804565
spontaner_gideon_training_data_lower_cbow_lr0.05_epochs1_mincount100_ws24_dims300,opferfamilie,0.6811721920967102
spontaner_gideon_training_data_lower_cbow_lr0.05_epochs1_mincount100_ws24_dims300,opferung,0.6810316443443298
spontaner_gideon_training_data_lower_cbow_lr0.05_epochs1_mincount100_ws24_dims300,sturzopfer,0.6809167861938477
spontaner_gideon_training_data_lower_cbow_lr0.05_epochs1_mincount100_ws24_dims300,mobbingopfer,0.6782610416412354
spontaner_gideon_training_data_lower_cbow_lr0.05_epochs1_mincount100_ws24_dims300,justizopfer,0.6767758727073669
spontaner_gideon_training_data_lower_cbow_lr0.05_epochs1_mincount100_ws24_dims300,mordopfern,0.6755852699279785
spontaner_gideon_training_data_lower_cbow_lr0.05_epochs1_mincount100_ws24_dims300,kriegsopfer,0.6745616793632507
spontaner_gideon_training_data_lower_cbow_lr0.05_epochs1_mincount100_ws24_dims300,hopfer,0.6724750399589539
spontaner_gideon_training_data_lower_cbow_lr0.05_epochs1_mincount100_ws24_dims300,terroropfer,0.6722962856292725
spontaner_gideon_training_data_lower_cbow_lr0.05_epochs1_mincount100_ws24_dims300,folteropfer,0.670353889465332
spontaner_gideon_training_data_lower_cbow_lr0.05_epochs1_mincount100_ws24_dims300,opferfest,0.6675460934638977
spontaner_gideon_training_data_lower_cbow_lr0.05_epochs1_mincount100_ws24_dims300,vergewaltigungsopfern,0.666773796081543
spontaner_gideon_training_data_lower_cbow_lr0.05_epochs1_mincount100_ws24_dims300,missbrauchsopfer,0.6661140322685242
spontaner_gideon_training_data_lower_cbow_lr0.05_epochs1_mincount100_ws24_dims300,einbruchsopfer,0.6644394397735596
spontaner_gideon_training_data_lower_cbow_lr0.05_epochs1_mincount100_ws24_dims300,opferanwälte,0.6629775166511536
spontaner_gideon_training_data_lower_cbow_lr0.05_epochs1_mincount100_ws24_dims300,todesopfer,0.6623826622962952
spontaner_gideon_training_data_lower_cbow_lr0.05_epochs1_mincount100_ws24_dims300,opferanwalt,0.6612718105316162
spontaner_gideon_training_data_lower_cbow_lr0.05_epochs1_mincount100_ws24_dims300,opferthese,0.6492302417755127
spontaner_gideon_training_data_lower_cbow_lr0.05_epochs1_mincount100_ws24_dims300,täter,0.6466162204742432
spontaner_gideon_training_data_lower_cbow_lr0.05_epochs1_mincount100_ws24_dims300,vergewaltigungsopfers,0.6459728479385376
spontaner_gideon_training_data_lower_cbow_lr0.05_epochs1_mincount100_ws24_dims300,gewalttäter,0.6420156359672546
spontaner_gideon_training_data_lower_cbow_lr0.05_epochs1_mincount100_ws24_dims300,entführungsopfer,0.6386179327964783
spontaner_gideon_training_data_lower_cbow_lr0.05_epochs1_mincount100_ws24_dims300,opfervertreter,0.6382813453674316
spontaner_gideon_training_data_lower_cbow_lr0.05_epochs1_mincount100_ws24_dims300,brandopfer,0.635299563407898
spontaner_gideon_training_data_lower_cbow_lr0.05_epochs1_mincount100_ws24_dims300,opferrechte,0.629065990447998
spontaner_gideon_training_data_lower_cbow_lr0.05_epochs1_mincount100_ws24_dims300,klopfer,0.6264516115188599
spontaner_gideon_training_data_lower_cbow_lr0.05_epochs1_mincount100_ws24_dims300,flutopfer,0.625824511051178
spontaner_gideon_training_data_lower_cbow_lr0.05_epochs1_mincount100_ws24_dims300,betrugsopfer,0.6231431365013123
spontaner_gideon_training_data_lower_cbow_lr0.05_epochs1_mincount100_ws24_dims300,opferanwältin,0.6218709945678711
spontaner_gideon_training_data_lower_cbow_lr0.05_epochs1_mincount100_ws24_dims300,unfallopfer,0.6162140369415283
spontaner_gideon_training_data_lower_cbow_lr0.05_epochs1_mincount100_ws24_dims300,opferfonds,0.6153818368911743
spontaner_gideon_training_data_lower_cbow_lr0.05_epochs1_mincount100_ws24_dims300,anschlagsopfern,0.6135801076889038
spontaner_gideon_training_data_lower_cbow_lr0.05_epochs1_mincount100_ws24_dims300,opferschutz,0.6134045124053955
spontaner_gideon_training_data_lower_cbow_lr0.05_epochs1_mincount100_ws24_dims300,opferrolle,0.6117743849754333
spontaner_gideon_training_data_lower_cbow_lr0.05_epochs1_mincount100_ws24_dims300,opferstatus,0.6115850806236267
spontaner_gideon_training_data_lower_cbow_lr0.05_epochs1_mincount100_ws24_dims300,tätern,0.6113438606262207
spontaner_gideon_training_data_lower_cbow_lr0.05_epochs1_mincount100_ws24_dims300,opferfests,0.6107432842254639
spontaner_gideon_training_data_lower_cbow_lr0.05_epochs1_mincount100_ws24_dims300,verbrechensopferhilfe,0.6073906421661377
spontaner_gideon_training_data_lower_cbow_lr0.05_epochs1_mincount100_ws24_dims300,opferfestes,0.6072489023208618
spontaner_gideon_training_data_lower_cbow_lr0.05_epochs1_mincount100_ws24_dims300,gewalttätern,0.6059114336967468
spontaner_gideon_training_data_lower_cbow_lr0.05_epochs1_mincount100_ws24_dims300,absturzopfer,0.6052896976470947
spontaner_gideon_training_data_lower_cbow_lr0.05_epochs1_mincount100_ws24_dims300,opferverbände,0.6018438935279846
spontaner_gideon_training_data_lower_cbow_lr0.05_epochs1_mincount100_ws24_dims300,todesopfers,0.6012641787528992
spontaner_gideon_training_data_lower_cbow_lr0.05_epochs1_mincount100_ws24_dims300,opferschutzgründen,0.6001192927360535
spontaner_gideon_training_data_lower_cbow_lr0.05_epochs1_mincount100_ws24_dims300,missbrauchsopfern,0.5950260162353516
spontaner_gideon_training_data_lower_cbow_lr0.05_epochs1_mincount100_ws24_dims300,drogenopfer,0.5945843458175659
spontaner_gideon_training_data_lower_cbow_lr0.05_epochs1_mincount100_ws24_dims300,todesopfern,0.5882421731948853
spontaner_gideon_training_data_lower_cbow_lr0.05_epochs1_mincount100_ws24_dims300,mordopfers,0.5868418216705322
spontaner_gideon_training_data_lower_cbow_lr0.05_epochs1_mincount100_ws24_dims300,ersttäter,0.5853404402732849
spontaner_gideon_training_data_lower_cbow_lr0.05_epochs1_mincount100_ws24_dims300,übeltäter,0.5800036191940308
spontaner_gideon_training_data_lower_cbow_lr0.05_epochs1_mincount100_ws24_dims300,ermordeten,0.5796958208084106
spontaner_gideon_training_data_lower_cbow_lr0.05_epochs1_mincount100_ws24_dims300,opferverbänden,0.5785056948661804
spontaner_gideon_training_data_lower_cbow_lr0.05_epochs1_mincount100_ws24_dims300,vergewaltigten,0.577425479888916
spontaner_gideon_training_data_lower_cbow_lr0.05_epochs1_mincount100_ws24_dims300,sextäter,0.5768160820007324
spontaner_gideon_training_data_lower_cbow_lr0.05_epochs1_mincount100_ws24_dims300,mordeten,0.5756180882453918
spontaner_gideon_training_data_lower_cbow_lr0.05_epochs1_mincount100_ws24_dims300,folteropfern,0.5748848915100098
spontaner_gideon_training_data_lower_cbow_lr0.05_epochs1_mincount100_ws24_dims300,opferschutzes,0.5743458867073059
spontaner_gideon_training_data_lower_cbow_lr0.05_epochs1_mincount100_ws24_dims300,bluttaten,0.567665696144104
spontaner_gideon_training_data_lower_cbow_lr0.05_epochs1_mincount100_ws24_dims300,kriegsopfern,0.5669401288032532
spontaner_gideon_training_data_lower_cbow_lr0.05_epochs1_mincount100_ws24_dims300,getöteten,0.5665867924690247
spontaner_gideon_training_data_lower_cbow_lr0.05_epochs1_mincount100_ws24_dims300,opferschutzanwältin,0.5662212371826172
spontaner_gideon_training_data_lower_cbow_lr0.05_epochs1_mincount100_ws24_dims300,mädchenmord,0.5653428435325623
spontaner_gideon_training_data_lower_cbow_lr0.05_epochs1_mincount100_ws24_dims300,gewalttat,0.5651965737342834
spontaner_gideon_training_data_lower_cbow_lr0.05_epochs1_mincount100_ws24_dims300,gewaltverbrecher,0.5641322731971741
spontaner_gideon_training_data_lower_cbow_lr0.05_epochs1_mincount100_ws24_dims300,schenkelklopfer,0.5639345645904541
spontaner_gideon_training_data_lower_cbow_lr0.05_epochs1_mincount100_ws24_dims300,tatzeugen,0.5635885000228882
spontaner_gideon_training_data_lower_cbow_lr0.05_epochs1_mincount100_ws24_dims300,täters,0.5621402859687805
angeregter_armin_training_data_cbow_lr0.05_epochs1_mincount10_ws5_dims300,opfert,0.8800800442695618
angeregter_armin_training_data_cbow_lr0.05_epochs1_mincount10_ws5_dims300,opfere,0.8657325506210327
angeregter_armin_training_data_cbow_lr0.05_epochs1_mincount10_ws5_dims300,opferlämmer,0.8512377738952637
angeregter_armin_training_data_cbow_lr0.05_epochs1_mincount10_ws5_dims300,opferwidder,0.8471074104309082
angeregter_armin_training_data_cbow_lr0.05_epochs1_mincount10_ws5_dims300,opferkuch,0.8400734066963196
angeregter_armin_training_data_cbow_lr0.05_epochs1_mincount10_ws5_dims300,opferpose,0.8347457051277161
angeregter_armin_training_data_cbow_lr0.05_epochs1_mincount10_ws5_dims300,opfertier,0.8257179856300354
angeregter_armin_training_data_cbow_lr0.05_epochs1_mincount10_ws5_dims300,opfermut,0.8142329454421997
angeregter_armin_training_data_cbow_lr0.05_epochs1_mincount10_ws5_dims300,opfern,0.8104811310768127
angeregter_armin_training_data_cbow_lr0.05_epochs1_mincount10_ws5_dims300,opfertod,0.8081384301185608
angeregter_armin_training_data_cbow_lr0.05_epochs1_mincount10_ws5_dims300,opfersein,0.8023757934570312
angeregter_armin_training_data_cbow_lr0.05_epochs1_mincount10_ws5_dims300,opferbögen,0.7990562915802002
angeregter_armin_training_data_cbow_lr0.05_epochs1_mincount10_ws5_dims300,opferkult,0.7986058592796326
angeregter_armin_training_data_cbow_lr0.05_epochs1_mincount10_ws5_dims300,opferriten,0.7951061129570007
angeregter_armin_training_data_cbow_lr0.05_epochs1_mincount10_ws5_dims300,tatopfer,0.7937772274017334
angeregter_armin_training_data_cbow_lr0.05_epochs1_mincount10_ws5_dims300,opfergang,0.7921105027198792
angeregter_armin_training_data_cbow_lr0.05_epochs1_mincount10_ws5_dims300,opferlamm,0.7912847399711609
angeregter_armin_training_data_cbow_lr0.05_epochs1_mincount10_ws5_dims300,raubopfer,0.7906953692436218
angeregter_armin_training_data_cbow_lr0.05_epochs1_mincount10_ws5_dims300,opfermann,0.7905725240707397
angeregter_armin_training_data_cbow_lr0.05_epochs1_mincount10_ws5_dims300,opferaltar,0.7887056469917297
angeregter_armin_training_data_cbow_lr0.05_epochs1_mincount10_ws5_dims300,opferrente,0.7842538356781006
angeregter_armin_training_data_cbow_lr0.05_epochs1_mincount10_ws5_dims300,opferbild,0.7823817729949951
angeregter_armin_training_data_cbow_lr0.05_epochs1_mincount10_ws5_dims300,opfertiere,0.7783949971199036
angeregter_armin_training_data_cbow_lr0.05_epochs1_mincount10_ws5_dims300,opferkerzen,0.7780525088310242
angeregter_armin_training_data_cbow_lr0.05_epochs1_mincount10_ws5_dims300,verbrechensopfer,0.7775089740753174
angeregter_armin_training_data_cbow_lr0.05_epochs1_mincount10_ws5_dims300,opferrate,0.7759804725646973
angeregter_armin_training_data_cbow_lr0.05_epochs1_mincount10_ws5_dims300,opfernarrativ,0.7732149958610535
angeregter_armin_training_data_cbow_lr0.05_epochs1_mincount10_ws5_dims300,mordopfer,0.7731386423110962
angeregter_armin_training_data_cbow_lr0.05_epochs1_mincount10_ws5_dims300,opferangehörige,0.7720770835876465
angeregter_armin_training_data_cbow_lr0.05_epochs1_mincount10_ws5_dims300,opferwitwen,0.7713353037834167
angeregter_armin_training_data_cbow_lr0.05_epochs1_mincount10_ws5_dims300,opferlichter,0.7709575891494751
angeregter_armin_training_data_cbow_lr0.05_epochs1_mincount10_ws5_dims300,opferwurst,0.7703439593315125
angeregter_armin_training_data_cbow_lr0.05_epochs1_mincount10_ws5_dims300,opferstock,0.7686659097671509
angeregter_armin_training_data_cbow_lr0.05_epochs1_mincount10_ws5_dims300,überfallsopfer,0.7674344778060913
angeregter_armin_training_data_cbow_lr0.05_epochs1_mincount10_ws5_dims300,gewaltopfer,0.7671259641647339
angeregter_armin_training_data_cbow_lr0.05_epochs1_mincount10_ws5_dims300,opferrenten,0.7669227123260498
angeregter_armin_training_data_cbow_lr0.05_epochs1_mincount10_ws5_dims300,opferlisten,0.7668964266777039
angeregter_armin_training_data_cbow_lr0.05_epochs1_mincount10_ws5_dims300,opfersuche,0.7652733325958252
angeregter_armin_training_data_cbow_lr0.05_epochs1_mincount10_ws5_dims300,opferritual,0.7648267149925232
angeregter_armin_training_data_cbow_lr0.05_epochs1_mincount10_ws5_dims300,opferbegriff,0.7635707259178162
angeregter_armin_training_data_cbow_lr0.05_epochs1_mincount10_ws5_dims300,opferstöcke,0.7616333961486816
angeregter_armin_training_data_cbow_lr0.05_epochs1_mincount10_ws5_dims300,opfermythen,0.7613857388496399
angeregter_armin_training_data_cbow_lr0.05_epochs1_mincount10_ws5_dims300,vergewaltigungsopfer,0.761025607585907
angeregter_armin_training_data_cbow_lr0.05_epochs1_mincount10_ws5_dims300,entführungsopfer,0.7582674622535706
angeregter_armin_training_data_cbow_lr0.05_epochs1_mincount10_ws5_dims300,opfernamen,0.7570387721061707
angeregter_armin_training_data_cbow_lr0.05_epochs1_mincount10_ws5_dims300,opferthese,0.7562622427940369
angeregter_armin_training_data_cbow_lr0.05_epochs1_mincount10_ws5_dims300,opferung,0.7515583634376526
angeregter_armin_training_data_cbow_lr0.05_epochs1_mincount10_ws5_dims300,opferangehörigen,0.7511022686958313
angeregter_armin_training_data_cbow_lr0.05_epochs1_mincount10_ws5_dims300,opferplatz,0.7510011196136475
angeregter_armin_training_data_cbow_lr0.05_epochs1_mincount10_ws5_dims300,opfergedenken,0.7506327629089355
angeregter_armin_training_data_cbow_lr0.05_epochs1_mincount10_ws5_dims300,opferschema,0.7494844198226929
angeregter_armin_training_data_cbow_lr0.05_epochs1_mincount10_ws5_dims300,opfergeld,0.7481691241264343
angeregter_armin_training_data_cbow_lr0.05_epochs1_mincount10_ws5_dims300,hauptopfer,0.7468296885490417
angeregter_armin_training_data_cbow_lr0.05_epochs1_mincount10_ws5_dims300,opferstein,0.7465377449989319
angeregter_armin_training_data_cbow_lr0.05_epochs1_mincount10_ws5_dims300,bissopfer,0.7447535395622253
angeregter_armin_training_data_cbow_lr0.05_epochs1_mincount10_ws5_dims300,sexopfer,0.7441189289093018
angeregter_armin_training_data_cbow_lr0.05_epochs1_mincount10_ws5_dims300,opfergaben,0.7438779473304749
angeregter_armin_training_data_cbow_lr0.05_epochs1_mincount10_ws5_dims300,opferschützer,0.7436014413833618
angeregter_armin_training_data_cbow_lr0.05_epochs1_mincount10_ws5_dims300,überfallopfer,0.7412906289100647
angeregter_armin_training_data_cbow_lr0.05_epochs1_mincount10_ws5_dims300,opferrituale,0.7409092783927917
angeregter_armin_training_data_cbow_lr0.05_epochs1_mincount10_ws5_dims300,kopfer,0.7402877807617188
angeregter_armin_training_data_cbow_lr0.05_epochs1_mincount10_ws5_dims300,zivilopfer,0.7401801347732544
angeregter_armin_training_data_cbow_lr0.05_epochs1_mincount10_ws5_dims300,totesopfer,0.7399691343307495
angeregter_armin_training_data_cbow_lr0.05_epochs1_mincount10_ws5_dims300,opferstockdiebe,0.7388904690742493
angeregter_armin_training_data_cbow_lr0.05_epochs1_mincount10_ws5_dims300,opferseite,0.7377811074256897
angeregter_armin_training_data_cbow_lr0.05_epochs1_mincount10_ws5_dims300,opferstöcken,0.7376164197921753
angeregter_armin_training_data_cbow_lr0.05_epochs1_mincount10_ws5_dims300,massakeropfer,0.7373208999633789
angeregter_armin_training_data_cbow_lr0.05_epochs1_mincount10_ws5_dims300,opferstätte,0.7370371222496033
angeregter_armin_training_data_cbow_lr0.05_epochs1_mincount10_ws5_dims300,erpressungsopfer,0.7359035015106201
angeregter_armin_training_data_cbow_lr0.05_epochs1_mincount10_ws5_dims300,opfersteine,0.7351541519165039
angeregter_armin_training_data_cbow_lr0.05_epochs1_mincount10_ws5_dims300,todesopfer,0.7348091006278992
angeregter_armin_training_data_cbow_lr0.05_epochs1_mincount10_ws5_dims300,schussopfer,0.7340618968009949
angeregter_armin_training_data_cbow_lr0.05_epochs1_mincount10_ws5_dims300,anschlagsopfer,0.7338680624961853
angeregter_armin_training_data_cbow_lr0.05_epochs1_mincount10_ws5_dims300,polizeiopfer,0.7334891557693481
angeregter_armin_training_data_cbow_lr0.05_epochs1_mincount10_ws5_dims300,opferungen,0.7334661483764648
angeregter_armin_training_data_cbow_lr0.05_epochs1_mincount10_ws5_dims300,opferritualen,0.7332589030265808
angeregter_armin_training_data_cbow_lr0.05_epochs1_mincount10_ws5_dims300,opferaussagen,0.7319090366363525
angeregter_armin_training_data_cbow_lr0.05_epochs1_mincount10_ws5_dims300,misshandlungsopfer,0.7315080761909485
angeregter_armin_training_data_cbow_lr0.05_epochs1_mincount10_ws5_dims300,opferhilfe,0.7308924198150635
angeregter_armin_training_data_cbow_lr0.05_epochs1_mincount10_ws5_dims300,attentatsopfer,0.7302358746528625
angeregter_armin_training_data_cbow_lr0.05_epochs1_mincount10_ws5_dims300,opfermythos,0.7286500930786133
angeregter_armin_training_data_cbow_lr0.05_epochs1_mincount10_ws5_dims300,opferfest,0.7285953760147095
angeregter_armin_training_data_cbow_lr0.05_epochs1_mincount10_ws5_dims300,kriegsopfer,0.7280927300453186
angeregter_armin_training_data_cbow_lr0.05_epochs1_mincount10_ws5_dims300,opferaussage,0.7280027270317078
angeregter_armin_training_data_cbow_lr0.05_epochs1_mincount10_ws5_dims300,opferfamilien,0.7276151180267334
angeregter_armin_training_data_cbow_lr0.05_epochs1_mincount10_ws5_dims300,angriffsopfer,0.7269769310951233
angeregter_armin_training_data_cbow_lr0.05_epochs1_mincount10_ws5_dims300,opferangaben,0.7263529300689697
angeregter_armin_training_data_cbow_lr0.05_epochs1_mincount10_ws5_dims300,opferstockdieb,0.7262840867042542
angeregter_armin_training_data_cbow_lr0.05_epochs1_mincount10_ws5_dims300,opferfotos,0.7259993553161621
angeregter_armin_training_data_cbow_lr0.05_epochs1_mincount10_ws5_dims300,opfergabe,0.7246181964874268
angeregter_armin_training_data_cbow_lr0.05_epochs1_mincount10_ws5_dims300,opfertieren,0.72458815574646
angeregter_armin_training_data_cbow_lr0.05_epochs1_mincount10_ws5_dims300,betrugsopfer,0.7236313819885254
angeregter_armin_training_data_cbow_lr0.05_epochs1_mincount10_ws5_dims300,messeropfer,0.7228022813796997
angeregter_armin_training_data_cbow_lr0.05_epochs1_mincount10_ws5_dims300,hinrichtungsopfer,0.7216753363609314
angeregter_armin_training_data_cbow_lr0.05_epochs1_mincount10_ws5_dims300,opferstätten,0.7213746905326843
angeregter_armin_training_data_cbow_lr0.05_epochs1_mincount10_ws5_dims300,opferstockes,0.7207979559898376
angeregter_armin_training_data_cbow_lr0.05_epochs1_mincount10_ws5_dims300,einbruchsopfer,0.7201768159866333
angeregter_armin_training_data_cbow_lr0.05_epochs1_mincount10_ws5_dims300,opfersicht,0.7198819518089294
angeregter_armin_training_data_cbow_lr0.05_epochs1_mincount10_ws5_dims300,opferschalen,0.719200074672699
angeregter_armin_training_data_cbow_lr0.05_epochs1_mincount10_ws5_dims300,unglücksopfer,0.7191358208656311
aktiver_vasilije_training_data_lower_cbow_lr0.05_epochs1_mincount10_ws5_dims300,raubopfer,0.8659116625785828
aktiver_vasilije_training_data_lower_cbow_lr0.05_epochs1_mincount10_ws5_dims300,tatopfer,0.8549796342849731
aktiver_vasilije_training_data_lower_cbow_lr0.05_epochs1_mincount10_ws5_dims300,opferst,0.8416079878807068
aktiver_vasilije_training_data_lower_cbow_lr0.05_epochs1_mincount10_ws5_dims300,opferwidder,0.8387914299964905
aktiver_vasilije_training_data_lower_cbow_lr0.05_epochs1_mincount10_ws5_dims300,opfere,0.8370910882949829
aktiver_vasilije_training_data_lower_cbow_lr0.05_epochs1_mincount10_ws5_dims300,opferlämmer,0.8230496644973755
aktiver_vasilije_training_data_lower_cbow_lr0.05_epochs1_mincount10_ws5_dims300,opferkuch,0.8221738934516907
aktiver_vasilije_training_data_lower_cbow_lr0.05_epochs1_mincount10_ws5_dims300,sexopfer,0.8183027505874634
aktiver_vasilije_training_data_lower_cbow_lr0.05_epochs1_mincount10_ws5_dims300,kopfer,0.8143696784973145
aktiver_vasilije_training_data_lower_cbow_lr0.05_epochs1_mincount10_ws5_dims300,hauptopfer,0.8119584918022156
aktiver_vasilije_training_data_lower_cbow_lr0.05_epochs1_mincount10_ws5_dims300,opfern,0.8064818382263184
aktiver_vasilije_training_data_lower_cbow_lr0.05_epochs1_mincount10_ws5_dims300,opferwitwen,0.8055189251899719
aktiver_vasilije_training_data_lower_cbow_lr0.05_epochs1_mincount10_ws5_dims300,opfernde,0.8036106824874878
aktiver_vasilije_training_data_lower_cbow_lr0.05_epochs1_mincount10_ws5_dims300,opfertier,0.8029571771621704
aktiver_vasilije_training_data_lower_cbow_lr0.05_epochs1_mincount10_ws5_dims300,opfersein,0.8027414679527283
aktiver_vasilije_training_data_lower_cbow_lr0.05_epochs1_mincount10_ws5_dims300,gewaltopfer,0.8026461005210876
aktiver_vasilije_training_data_lower_cbow_lr0.05_epochs1_mincount10_ws5_dims300,opferpose,0.8016306757926941
aktiver_vasilije_training_data_lower_cbow_lr0.05_epochs1_mincount10_ws5_dims300,mordopfer,0.801480770111084
aktiver_vasilije_training_data_lower_cbow_lr0.05_epochs1_mincount10_ws5_dims300,verbrechensopfer,0.8012736439704895
aktiver_vasilije_training_data_lower_cbow_lr0.05_epochs1_mincount10_ws5_dims300,zivilopfer,0.7986634373664856
aktiver_vasilije_training_data_lower_cbow_lr0.05_epochs1_mincount10_ws5_dims300,überfallsopfer,0.7975308895111084
aktiver_vasilije_training_data_lower_cbow_lr0.05_epochs1_mincount10_ws5_dims300,opfert,0.7958167195320129
aktiver_vasilije_training_data_lower_cbow_lr0.05_epochs1_mincount10_ws5_dims300,schussopfer,0.7858081459999084
aktiver_vasilije_training_data_lower_cbow_lr0.05_epochs1_mincount10_ws5_dims300,opferlamm,0.7847508788108826
aktiver_vasilije_training_data_lower_cbow_lr0.05_epochs1_mincount10_ws5_dims300,opfermut,0.7839214205741882
aktiver_vasilije_training_data_lower_cbow_lr0.05_epochs1_mincount10_ws5_dims300,bissopfer,0.783562958240509
aktiver_vasilije_training_data_lower_cbow_lr0.05_epochs1_mincount10_ws5_dims300,zufallsopfer,0.783050537109375
aktiver_vasilije_training_data_lower_cbow_lr0.05_epochs1_mincount10_ws5_dims300,blutopfer,0.781901478767395
aktiver_vasilije_training_data_lower_cbow_lr0.05_epochs1_mincount10_ws5_dims300,opferriten,0.7792138457298279
aktiver_vasilije_training_data_lower_cbow_lr0.05_epochs1_mincount10_ws5_dims300,opferbögen,0.7790570855140686
aktiver_vasilije_training_data_lower_cbow_lr0.05_epochs1_mincount10_ws5_dims300,opfertod,0.7765032052993774
aktiver_vasilije_training_data_lower_cbow_lr0.05_epochs1_mincount10_ws5_dims300,opferangehörige,0.7756626009941101
aktiver_vasilije_training_data_lower_cbow_lr0.05_epochs1_mincount10_ws5_dims300,polizeiopfer,0.7754145264625549
aktiver_vasilije_training_data_lower_cbow_lr0.05_epochs1_mincount10_ws5_dims300,vergewaltigungsopfer,0.7752512097358704
aktiver_vasilije_training_data_lower_cbow_lr0.05_epochs1_mincount10_ws5_dims300,giftopfer,0.7750017046928406
aktiver_vasilije_training_data_lower_cbow_lr0.05_epochs1_mincount10_ws5_dims300,überfallopfer,0.7730464935302734
aktiver_vasilije_training_data_lower_cbow_lr0.05_epochs1_mincount10_ws5_dims300,dopfer,0.7719688415527344
aktiver_vasilije_training_data_lower_cbow_lr0.05_epochs1_mincount10_ws5_dims300,opferkult,0.7694299221038818
aktiver_vasilije_training_data_lower_cbow_lr0.05_epochs1_mincount10_ws5_dims300,opferreich,0.7673836946487427
aktiver_vasilije_training_data_lower_cbow_lr0.05_epochs1_mincount10_ws5_dims300,opfergang,0.7661492228507996
aktiver_vasilije_training_data_lower_cbow_lr0.05_epochs1_mincount10_ws5_dims300,anschlagsopfer,0.7660589218139648
aktiver_vasilije_training_data_lower_cbow_lr0.05_epochs1_mincount10_ws5_dims300,terroropfer,0.7649449110031128
aktiver_vasilije_training_data_lower_cbow_lr0.05_epochs1_mincount10_ws5_dims300,naziopfer,0.7642772197723389
aktiver_vasilije_training_data_lower_cbow_lr0.05_epochs1_mincount10_ws5_dims300,stopfer,0.7641958594322205
aktiver_vasilije_training_data_lower_cbow_lr0.05_epochs1_mincount10_ws5_dims300,stalkingopfer,0.7640097141265869
aktiver_vasilije_training_data_lower_cbow_lr0.05_epochs1_mincount10_ws5_dims300,opfermann,0.7636460065841675
aktiver_vasilije_training_data_lower_cbow_lr0.05_epochs1_mincount10_ws5_dims300,messopfer,0.7631801962852478
aktiver_vasilije_training_data_lower_cbow_lr0.05_epochs1_mincount10_ws5_dims300,blitzopfer,0.7607495784759521
aktiver_vasilije_training_data_lower_cbow_lr0.05_epochs1_mincount10_ws5_dims300,prügelopfer,0.7598549723625183
aktiver_vasilije_training_data_lower_cbow_lr0.05_epochs1_mincount10_ws5_dims300,massakeropfer,0.7597537636756897
aktiver_vasilije_training_data_lower_cbow_lr0.05_epochs1_mincount10_ws5_dims300,abhöropfer,0.7597180008888245
aktiver_vasilije_training_data_lower_cbow_lr0.05_epochs1_mincount10_ws5_dims300,entführungsopfer,0.7594573497772217
aktiver_vasilije_training_data_lower_cbow_lr0.05_epochs1_mincount10_ws5_dims300,opferbild,0.7589580416679382
aktiver_vasilije_training_data_lower_cbow_lr0.05_epochs1_mincount10_ws5_dims300,opferwurst,0.7588974237442017
aktiver_vasilije_training_data_lower_cbow_lr0.05_epochs1_mincount10_ws5_dims300,opferangehörigen,0.7583619356155396
aktiver_vasilije_training_data_lower_cbow_lr0.05_epochs1_mincount10_ws5_dims300,opferrente,0.7583127617835999
aktiver_vasilije_training_data_lower_cbow_lr0.05_epochs1_mincount10_ws5_dims300,sturzopfer,0.7577174305915833
aktiver_vasilije_training_data_lower_cbow_lr0.05_epochs1_mincount10_ws5_dims300,misshandlungsopfer,0.7576907873153687
aktiver_vasilije_training_data_lower_cbow_lr0.05_epochs1_mincount10_ws5_dims300,kriegsopfer,0.7574003338813782
aktiver_vasilije_training_data_lower_cbow_lr0.05_epochs1_mincount10_ws5_dims300,opferlichter,0.7571479678153992
aktiver_vasilije_training_data_lower_cbow_lr0.05_epochs1_mincount10_ws5_dims300,diebstahlsopfer,0.7563504576683044
aktiver_vasilije_training_data_lower_cbow_lr0.05_epochs1_mincount10_ws5_dims300,totesopfer,0.7543864250183105
aktiver_vasilije_training_data_lower_cbow_lr0.05_epochs1_mincount10_ws5_dims300,folteropfer,0.7539352178573608
aktiver_vasilije_training_data_lower_cbow_lr0.05_epochs1_mincount10_ws5_dims300,unglücksopfer,0.7532497644424438
aktiver_vasilije_training_data_lower_cbow_lr0.05_epochs1_mincount10_ws5_dims300,angriffsopfer,0.7530770897865295
aktiver_vasilije_training_data_lower_cbow_lr0.05_epochs1_mincount10_ws5_dims300,stauopfer,0.7529897689819336
aktiver_vasilije_training_data_lower_cbow_lr0.05_epochs1_mincount10_ws5_dims300,euthanasieopfer,0.7514790892601013
aktiver_vasilije_training_data_lower_cbow_lr0.05_epochs1_mincount10_ws5_dims300,opferte,0.7509459257125854
aktiver_vasilije_training_data_lower_cbow_lr0.05_epochs1_mincount10_ws5_dims300,suizidopfer,0.7508142590522766
aktiver_vasilije_training_data_lower_cbow_lr0.05_epochs1_mincount10_ws5_dims300,messeropfer,0.7506590485572815
aktiver_vasilije_training_data_lower_cbow_lr0.05_epochs1_mincount10_ws5_dims300,opferschützer,0.7498246431350708
aktiver_vasilije_training_data_lower_cbow_lr0.05_epochs1_mincount10_ws5_dims300,erpressungsopfer,0.747510552406311
aktiver_vasilije_training_data_lower_cbow_lr0.05_epochs1_mincount10_ws5_dims300,bergopfer,0.74720299243927
aktiver_vasilije_training_data_lower_cbow_lr0.05_epochs1_mincount10_ws5_dims300,opfernarrativ,0.7469086050987244
aktiver_vasilije_training_data_lower_cbow_lr0.05_epochs1_mincount10_ws5_dims300,sonderopfer,0.7468017935752869
aktiver_vasilije_training_data_lower_cbow_lr0.05_epochs1_mincount10_ws5_dims300,attentatsopfer,0.7467619776725769
aktiver_vasilije_training_data_lower_cbow_lr0.05_epochs1_mincount10_ws5_dims300,feueropfer,0.7464410662651062
aktiver_vasilije_training_data_lower_cbow_lr0.05_epochs1_mincount10_ws5_dims300,opferritual,0.7464272379875183
aktiver_vasilije_training_data_lower_cbow_lr0.05_epochs1_mincount10_ws5_dims300,justizopfer,0.7459433078765869
aktiver_vasilije_training_data_lower_cbow_lr0.05_epochs1_mincount10_ws5_dims300,opferstock,0.745499312877655
aktiver_vasilije_training_data_lower_cbow_lr0.05_epochs1_mincount10_ws5_dims300,opferten,0.745444118976593
aktiver_vasilije_training_data_lower_cbow_lr0.05_epochs1_mincount10_ws5_dims300,opferrenten,0.7450664639472961
aktiver_vasilije_training_data_lower_cbow_lr0.05_epochs1_mincount10_ws5_dims300,menschenopfer,0.7449913620948792
aktiver_vasilije_training_data_lower_cbow_lr0.05_epochs1_mincount10_ws5_dims300,mobbingopfer,0.7443209886550903
aktiver_vasilije_training_data_lower_cbow_lr0.05_epochs1_mincount10_ws5_dims300,opfersuche,0.7438536286354065
aktiver_vasilije_training_data_lower_cbow_lr0.05_epochs1_mincount10_ws5_dims300,einbruchsopfer,0.7434533834457397
aktiver_vasilije_training_data_lower_cbow_lr0.05_epochs1_mincount10_ws5_dims300,heimopfer,0.7427996397018433
aktiver_vasilije_training_data_lower_cbow_lr0.05_epochs1_mincount10_ws5_dims300,opferaltar,0.7424077391624451
aktiver_vasilije_training_data_lower_cbow_lr0.05_epochs1_mincount10_ws5_dims300,windopfer,0.7419700622558594
aktiver_vasilije_training_data_lower_cbow_lr0.05_epochs1_mincount10_ws5_dims300,hinrichtungsopfer,0.7407019138336182
aktiver_vasilije_training_data_lower_cbow_lr0.05_epochs1_mincount10_ws5_dims300,opferreiche,0.7393688559532166
aktiver_vasilije_training_data_lower_cbow_lr0.05_epochs1_mincount10_ws5_dims300,opferbereit,0.7393113970756531
aktiver_vasilije_training_data_lower_cbow_lr0.05_epochs1_mincount10_ws5_dims300,bebenopfer,0.7388404607772827
aktiver_vasilije_training_data_lower_cbow_lr0.05_epochs1_mincount10_ws5_dims300,opferschema,0.7382673025131226
aktiver_vasilije_training_data_lower_cbow_lr0.05_epochs1_mincount10_ws5_dims300,brandopfer,0.7382436990737915
aktiver_vasilije_training_data_lower_cbow_lr0.05_epochs1_mincount10_ws5_dims300,opferstöcke,0.7375709414482117
aktiver_vasilije_training_data_lower_cbow_lr0.05_epochs1_mincount10_ws5_dims300,opfernamen,0.7364311218261719
aktiver_vasilije_training_data_lower_cbow_lr0.05_epochs1_mincount10_ws5_dims300,betrugsopfer,0.7361966967582703
aktiver_vasilije_training_data_lower_cbow_lr0.05_epochs1_mincount10_ws5_dims300,opfertiere,0.7352811694145203
aktiver_vasilije_training_data_lower_cbow_lr0.05_epochs1_mincount10_ws5_dims300,opferkerzen,0.7349045276641846
entzückende_ravza_training_data_lower_cbow_lr0.05_epochs1_mincount5_ws6_dims300,tatopfer,0.8512213230133057
entzückende_ravza_training_data_lower_cbow_lr0.05_epochs1_mincount5_ws6_dims300,opfere,0.8493638634681702
entzückende_ravza_training_data_lower_cbow_lr0.05_epochs1_mincount5_ws6_dims300,raubopfer,0.8476276397705078
entzückende_ravza_training_data_lower_cbow_lr0.05_epochs1_mincount5_ws6_dims300,opferst,0.8473811149597168
entzückende_ravza_training_data_lower_cbow_lr0.05_epochs1_mincount5_ws6_dims300,haiopfer,0.8460546135902405
entzückende_ravza_training_data_lower_cbow_lr0.05_epochs1_mincount5_ws6_dims300,opferort,0.8436152338981628
entzückende_ravza_training_data_lower_cbow_lr0.05_epochs1_mincount5_ws6_dims300,opfernd,0.8359067440032959
entzückende_ravza_training_data_lower_cbow_lr0.05_epochs1_mincount5_ws6_dims300,todeopfer,0.8338534832000732
entzückende_ravza_training_data_lower_cbow_lr0.05_epochs1_mincount5_ws6_dims300,stasiopfer,0.8273401856422424
entzückende_ravza_training_data_lower_cbow_lr0.05_epochs1_mincount5_ws6_dims300,opferorte,0.827244222164154
entzückende_ravza_training_data_lower_cbow_lr0.05_epochs1_mincount5_ws6_dims300,sexopfer,0.818346381187439
entzückende_ravza_training_data_lower_cbow_lr0.05_epochs1_mincount5_ws6_dims300,kopfer,0.817818284034729
entzückende_ravza_training_data_lower_cbow_lr0.05_epochs1_mincount5_ws6_dims300,opfern,0.8173581957817078
entzückende_ravza_training_data_lower_cbow_lr0.05_epochs1_mincount5_ws6_dims300,opferlämmer,0.8162070512771606
entzückende_ravza_training_data_lower_cbow_lr0.05_epochs1_mincount5_ws6_dims300,opfernde,0.8147034645080566
entzückende_ravza_training_data_lower_cbow_lr0.05_epochs1_mincount5_ws6_dims300,gewaltopfer,0.8142698407173157
entzückende_ravza_training_data_lower_cbow_lr0.05_epochs1_mincount5_ws6_dims300,opferlüge,0.8142661452293396
entzückende_ravza_training_data_lower_cbow_lr0.05_epochs1_mincount5_ws6_dims300,opferwidder,0.8142633438110352
entzückende_ravza_training_data_lower_cbow_lr0.05_epochs1_mincount5_ws6_dims300,opferkind,0.8140013217926025
entzückende_ravza_training_data_lower_cbow_lr0.05_epochs1_mincount5_ws6_dims300,racheopfer,0.8133823275566101
entzückende_ravza_training_data_lower_cbow_lr0.05_epochs1_mincount5_ws6_dims300,opferkuch,0.8132519721984863
entzückende_ravza_training_data_lower_cbow_lr0.05_epochs1_mincount5_ws6_dims300,opferkorb,0.8131510615348816
entzückende_ravza_training_data_lower_cbow_lr0.05_epochs1_mincount5_ws6_dims300,opfersein,0.8101805448532104
entzückende_ravza_training_data_lower_cbow_lr0.05_epochs1_mincount5_ws6_dims300,notopfer,0.8094406127929688
entzückende_ravza_training_data_lower_cbow_lr0.05_epochs1_mincount5_ws6_dims300,opferwitwen,0.8086776733398438
entzückende_ravza_training_data_lower_cbow_lr0.05_epochs1_mincount5_ws6_dims300,mordopfer,0.8085885643959045
entzückende_ravza_training_data_lower_cbow_lr0.05_epochs1_mincount5_ws6_dims300,zivilopfer,0.8084049820899963
entzückende_ravza_training_data_lower_cbow_lr0.05_epochs1_mincount5_ws6_dims300,opferfang,0.8071482181549072
entzückende_ravza_training_data_lower_cbow_lr0.05_epochs1_mincount5_ws6_dims300,opferfalle,0.804564356803894
entzückende_ravza_training_data_lower_cbow_lr0.05_epochs1_mincount5_ws6_dims300,verbrechensopfer,0.8033571839332581
entzückende_ravza_training_data_lower_cbow_lr0.05_epochs1_mincount5_ws6_dims300,hauptopfer,0.8027456402778625
entzückende_ravza_training_data_lower_cbow_lr0.05_epochs1_mincount5_ws6_dims300,überfallsopfer,0.7987630367279053
entzückende_ravza_training_data_lower_cbow_lr0.05_epochs1_mincount5_ws6_dims300,opfernacht,0.7976177334785461
entzückende_ravza_training_data_lower_cbow_lr0.05_epochs1_mincount5_ws6_dims300,opferpose,0.7975276112556458
entzückende_ravza_training_data_lower_cbow_lr0.05_epochs1_mincount5_ws6_dims300,opferlämmlein,0.7967129945755005
entzückende_ravza_training_data_lower_cbow_lr0.05_epochs1_mincount5_ws6_dims300,opferland,0.7956944108009338
entzückende_ravza_training_data_lower_cbow_lr0.05_epochs1_mincount5_ws6_dims300,opfertier,0.7951539158821106
entzückende_ravza_training_data_lower_cbow_lr0.05_epochs1_mincount5_ws6_dims300,opfermut,0.7928524613380432
entzückende_ravza_training_data_lower_cbow_lr0.05_epochs1_mincount5_ws6_dims300,opferbögen,0.792686402797699
entzückende_ravza_training_data_lower_cbow_lr0.05_epochs1_mincount5_ws6_dims300,opfert,0.7901096940040588
entzückende_ravza_training_data_lower_cbow_lr0.05_epochs1_mincount5_ws6_dims300,bissopfer,0.7881772518157959
entzückende_ravza_training_data_lower_cbow_lr0.05_epochs1_mincount5_ws6_dims300,opferputz,0.7871074080467224
entzückende_ravza_training_data_lower_cbow_lr0.05_epochs1_mincount5_ws6_dims300,blutopfer,0.7855358719825745
entzückende_ravza_training_data_lower_cbow_lr0.05_epochs1_mincount5_ws6_dims300,kleopfer,0.7853939533233643
entzückende_ravza_training_data_lower_cbow_lr0.05_epochs1_mincount5_ws6_dims300,opferlamm,0.7851701378822327
entzückende_ravza_training_data_lower_cbow_lr0.05_epochs1_mincount5_ws6_dims300,opferangehörige,0.7844488024711609
entzückende_ravza_training_data_lower_cbow_lr0.05_epochs1_mincount5_ws6_dims300,traumaopfer,0.7817472815513611
entzückende_ravza_training_data_lower_cbow_lr0.05_epochs1_mincount5_ws6_dims300,sühneopfer,0.7811648845672607
entzückende_ravza_training_data_lower_cbow_lr0.05_epochs1_mincount5_ws6_dims300,vergewaltigungsopfer,0.7803403735160828
entzückende_ravza_training_data_lower_cbow_lr0.05_epochs1_mincount5_ws6_dims300,opferriten,0.7798988223075867
entzückende_ravza_training_data_lower_cbow_lr0.05_epochs1_mincount5_ws6_dims300,zufallsopfer,0.7791492342948914
entzückende_ravza_training_data_lower_cbow_lr0.05_epochs1_mincount5_ws6_dims300,schussopfer,0.778607189655304
entzückende_ravza_training_data_lower_cbow_lr0.05_epochs1_mincount5_ws6_dims300,überfallopfer,0.7784751653671265
entzückende_ravza_training_data_lower_cbow_lr0.05_epochs1_mincount5_ws6_dims300,misshandlungsopfer,0.7783569693565369
entzückende_ravza_training_data_lower_cbow_lr0.05_epochs1_mincount5_ws6_dims300,opfermann,0.7772689461708069
entzückende_ravza_training_data_lower_cbow_lr0.05_epochs1_mincount5_ws6_dims300,opfergang,0.7757017612457275
entzückende_ravza_training_data_lower_cbow_lr0.05_epochs1_mincount5_ws6_dims300,opfernden,0.775556206703186
entzückende_ravza_training_data_lower_cbow_lr0.05_epochs1_mincount5_ws6_dims300,opfermesser,0.7754598259925842
entzückende_ravza_training_data_lower_cbow_lr0.05_epochs1_mincount5_ws6_dims300,opferkerze,0.7747286558151245
entzückende_ravza_training_data_lower_cbow_lr0.05_epochs1_mincount5_ws6_dims300,opferrente,0.7738090753555298
entzückende_ravza_training_data_lower_cbow_lr0.05_epochs1_mincount5_ws6_dims300,opfertod,0.7735682725906372
entzückende_ravza_training_data_lower_cbow_lr0.05_epochs1_mincount5_ws6_dims300,angriffsopfer,0.7732716202735901
entzückende_ravza_training_data_lower_cbow_lr0.05_epochs1_mincount5_ws6_dims300,naziopfer,0.7729846835136414
entzückende_ravza_training_data_lower_cbow_lr0.05_epochs1_mincount5_ws6_dims300,messeropfer,0.7726244926452637
entzückende_ravza_training_data_lower_cbow_lr0.05_epochs1_mincount5_ws6_dims300,massakeropfer,0.7720345854759216
entzückende_ravza_training_data_lower_cbow_lr0.05_epochs1_mincount5_ws6_dims300,dopfer,0.7719693183898926
entzückende_ravza_training_data_lower_cbow_lr0.05_epochs1_mincount5_ws6_dims300,anschlagsopfer,0.7714725136756897
entzückende_ravza_training_data_lower_cbow_lr0.05_epochs1_mincount5_ws6_dims300,opferschützer,0.7704329490661621
entzückende_ravza_training_data_lower_cbow_lr0.05_epochs1_mincount5_ws6_dims300,opferlichter,0.7697720527648926
entzückende_ravza_training_data_lower_cbow_lr0.05_epochs1_mincount5_ws6_dims300,opferreich,0.7684603929519653
entzückende_ravza_training_data_lower_cbow_lr0.05_epochs1_mincount5_ws6_dims300,blitzopfer,0.7670749425888062
entzückende_ravza_training_data_lower_cbow_lr0.05_epochs1_mincount5_ws6_dims300,giftopfer,0.7669841051101685
entzückende_ravza_training_data_lower_cbow_lr0.05_epochs1_mincount5_ws6_dims300,polizeiopfer,0.7666136622428894
entzückende_ravza_training_data_lower_cbow_lr0.05_epochs1_mincount5_ws6_dims300,opferwurst,0.7662463188171387
entzückende_ravza_training_data_lower_cbow_lr0.05_epochs1_mincount5_ws6_dims300,opferangehörigen,0.7658692598342896
entzückende_ravza_training_data_lower_cbow_lr0.05_epochs1_mincount5_ws6_dims300,geiselopfer,0.7658519744873047
entzückende_ravza_training_data_lower_cbow_lr0.05_epochs1_mincount5_ws6_dims300,opferwitwe,0.7657268047332764
entzückende_ravza_training_data_lower_cbow_lr0.05_epochs1_mincount5_ws6_dims300,opferkult,0.764644205570221
entzückende_ravza_training_data_lower_cbow_lr0.05_epochs1_mincount5_ws6_dims300,gasopfer,0.7643892765045166
entzückende_ravza_training_data_lower_cbow_lr0.05_epochs1_mincount5_ws6_dims300,opfermahl,0.7641182541847229
entzückende_ravza_training_data_lower_cbow_lr0.05_epochs1_mincount5_ws6_dims300,messopfer,0.762688159942627
entzückende_ravza_training_data_lower_cbow_lr0.05_epochs1_mincount5_ws6_dims300,totesopfer,0.7626335620880127
entzückende_ravza_training_data_lower_cbow_lr0.05_epochs1_mincount5_ws6_dims300,stalkingopfer,0.7618533372879028
entzückende_ravza_training_data_lower_cbow_lr0.05_epochs1_mincount5_ws6_dims300,geldopfer,0.7615448832511902
entzückende_ravza_training_data_lower_cbow_lr0.05_epochs1_mincount5_ws6_dims300,prügelopfer,0.761482298374176
entzückende_ravza_training_data_lower_cbow_lr0.05_epochs1_mincount5_ws6_dims300,terroropfer,0.7614027261734009
entzückende_ravza_training_data_lower_cbow_lr0.05_epochs1_mincount5_ws6_dims300,entführungsopfer,0.7613049149513245
entzückende_ravza_training_data_lower_cbow_lr0.05_epochs1_mincount5_ws6_dims300,opferstick,0.7608374953269958
entzückende_ravza_training_data_lower_cbow_lr0.05_epochs1_mincount5_ws6_dims300,folteropfer,0.760503351688385
entzückende_ravza_training_data_lower_cbow_lr0.05_epochs1_mincount5_ws6_dims300,attentatsopfer,0.7601596117019653
entzückende_ravza_training_data_lower_cbow_lr0.05_epochs1_mincount5_ws6_dims300,unglücksopfer,0.7591341137886047
entzückende_ravza_training_data_lower_cbow_lr0.05_epochs1_mincount5_ws6_dims300,opfersuche,0.7589122653007507
entzückende_ravza_training_data_lower_cbow_lr0.05_epochs1_mincount5_ws6_dims300,euthanasieopfer,0.758752167224884
entzückende_ravza_training_data_lower_cbow_lr0.05_epochs1_mincount5_ws6_dims300,opferumkehr,0.758287250995636
entzückende_ravza_training_data_lower_cbow_lr0.05_epochs1_mincount5_ws6_dims300,opferzeuginnen,0.7577760219573975
entzückende_ravza_training_data_lower_cbow_lr0.05_epochs1_mincount5_ws6_dims300,choleraopfer,0.7572289705276489
entzückende_ravza_training_data_lower_cbow_lr0.05_epochs1_mincount5_ws6_dims300,anschlagopfer,0.7568475604057312
entzückende_ravza_training_data_lower_cbow_lr0.05_epochs1_mincount5_ws6_dims300,opferte,0.7564113736152649
entzückende_ravza_training_data_lower_cbow_lr0.05_epochs1_mincount5_ws6_dims300,opferaltar,0.7557937502861023
entzückende_ravza_training_data_lower_cbow_lr0.05_epochs1_mincount5_ws6_dims300,opferaltäre,0.7556883096694946
geniale_doreen_training_data_lower_cbow_lr0.05_epochs1_mincount50_ws24_dims300,opfere,0.8597676753997803
geniale_doreen_training_data_lower_cbow_lr0.05_epochs1_mincount50_ws24_dims300,opfern,0.8242204189300537
geniale_doreen_training_data_lower_cbow_lr0.05_epochs1_mincount50_ws24_dims300,raubopfer,0.810667872428894
geniale_doreen_training_data_lower_cbow_lr0.05_epochs1_mincount50_ws24_dims300,opferkuch,0.7927253842353821
geniale_doreen_training_data_lower_cbow_lr0.05_epochs1_mincount50_ws24_dims300,überfallsopfer,0.7878056764602661
geniale_doreen_training_data_lower_cbow_lr0.05_epochs1_mincount50_ws24_dims300,gewaltopfer,0.7855567932128906
geniale_doreen_training_data_lower_cbow_lr0.05_epochs1_mincount50_ws24_dims300,hauptopfer,0.7843071818351746
geniale_doreen_training_data_lower_cbow_lr0.05_epochs1_mincount50_ws24_dims300,opferangehörige,0.7826279997825623
geniale_doreen_training_data_lower_cbow_lr0.05_epochs1_mincount50_ws24_dims300,verbrechensopfer,0.7811557054519653
geniale_doreen_training_data_lower_cbow_lr0.05_epochs1_mincount50_ws24_dims300,opfertod,0.7765287756919861
geniale_doreen_training_data_lower_cbow_lr0.05_epochs1_mincount50_ws24_dims300,opfergang,0.7693579792976379
geniale_doreen_training_data_lower_cbow_lr0.05_epochs1_mincount50_ws24_dims300,kopfer,0.7664605975151062
geniale_doreen_training_data_lower_cbow_lr0.05_epochs1_mincount50_ws24_dims300,opfert,0.7646422982215881
geniale_doreen_training_data_lower_cbow_lr0.05_epochs1_mincount50_ws24_dims300,opferrente,0.7645865082740784
geniale_doreen_training_data_lower_cbow_lr0.05_epochs1_mincount50_ws24_dims300,opferlamm,0.7633169889450073
geniale_doreen_training_data_lower_cbow_lr0.05_epochs1_mincount50_ws24_dims300,opferangehörigen,0.762169599533081
geniale_doreen_training_data_lower_cbow_lr0.05_epochs1_mincount50_ws24_dims300,opfertier,0.7620011568069458
geniale_doreen_training_data_lower_cbow_lr0.05_epochs1_mincount50_ws24_dims300,opferkult,0.7598046660423279
geniale_doreen_training_data_lower_cbow_lr0.05_epochs1_mincount50_ws24_dims300,mordopfer,0.7549276351928711
geniale_doreen_training_data_lower_cbow_lr0.05_epochs1_mincount50_ws24_dims300,vergewaltigungsopfer,0.7494729161262512
geniale_doreen_training_data_lower_cbow_lr0.05_epochs1_mincount50_ws24_dims300,opferstock,0.7493471503257751
geniale_doreen_training_data_lower_cbow_lr0.05_epochs1_mincount50_ws24_dims300,überfallopfer,0.7466692924499512
geniale_doreen_training_data_lower_cbow_lr0.05_epochs1_mincount50_ws24_dims300,zivilopfer,0.7440178394317627
geniale_doreen_training_data_lower_cbow_lr0.05_epochs1_mincount50_ws24_dims300,opfers,0.7424634099006653
geniale_doreen_training_data_lower_cbow_lr0.05_epochs1_mincount50_ws24_dims300,opferseite,0.7356481552124023
geniale_doreen_training_data_lower_cbow_lr0.05_epochs1_mincount50_ws24_dims300,bissopfer,0.7325594425201416
geniale_doreen_training_data_lower_cbow_lr0.05_epochs1_mincount50_ws24_dims300,opferte,0.7322166562080383
geniale_doreen_training_data_lower_cbow_lr0.05_epochs1_mincount50_ws24_dims300,prügelopfer,0.7282162308692932
geniale_doreen_training_data_lower_cbow_lr0.05_epochs1_mincount50_ws24_dims300,polizeiopfer,0.7268648147583008
geniale_doreen_training_data_lower_cbow_lr0.05_epochs1_mincount50_ws24_dims300,opferten,0.721677839756012
geniale_doreen_training_data_lower_cbow_lr0.05_epochs1_mincount50_ws24_dims300,schussopfer,0.7182887196540833
geniale_doreen_training_data_lower_cbow_lr0.05_epochs1_mincount50_ws24_dims300,opferstöcke,0.7178934812545776
geniale_doreen_training_data_lower_cbow_lr0.05_epochs1_mincount50_ws24_dims300,zufallsopfer,0.7167328000068665
geniale_doreen_training_data_lower_cbow_lr0.05_epochs1_mincount50_ws24_dims300,opfermythos,0.7160231471061707
geniale_doreen_training_data_lower_cbow_lr0.05_epochs1_mincount50_ws24_dims300,opfergaben,0.715736985206604
geniale_doreen_training_data_lower_cbow_lr0.05_epochs1_mincount50_ws24_dims300,opferstockdieb,0.7147173285484314
geniale_doreen_training_data_lower_cbow_lr0.05_epochs1_mincount50_ws24_dims300,opfergabe,0.7146216630935669
geniale_doreen_training_data_lower_cbow_lr0.05_epochs1_mincount50_ws24_dims300,anschlagsopfer,0.7140880823135376
geniale_doreen_training_data_lower_cbow_lr0.05_epochs1_mincount50_ws24_dims300,massakeropfer,0.7119088172912598
geniale_doreen_training_data_lower_cbow_lr0.05_epochs1_mincount50_ws24_dims300,opferstöcken,0.7073542475700378
geniale_doreen_training_data_lower_cbow_lr0.05_epochs1_mincount50_ws24_dims300,naziopfer,0.7072257995605469
geniale_doreen_training_data_lower_cbow_lr0.05_epochs1_mincount50_ws24_dims300,opfergruppe,0.7063648104667664
geniale_doreen_training_data_lower_cbow_lr0.05_epochs1_mincount50_ws24_dims300,opferhilfe,0.7063521146774292
geniale_doreen_training_data_lower_cbow_lr0.05_epochs1_mincount50_ws24_dims300,opferstockdiebe,0.7061221599578857
geniale_doreen_training_data_lower_cbow_lr0.05_epochs1_mincount50_ws24_dims300,opferung,0.7055112719535828
geniale_doreen_training_data_lower_cbow_lr0.05_epochs1_mincount50_ws24_dims300,dopfer,0.7035771608352661
geniale_doreen_training_data_lower_cbow_lr0.05_epochs1_mincount50_ws24_dims300,attentatsopfer,0.7003086805343628
geniale_doreen_training_data_lower_cbow_lr0.05_epochs1_mincount50_ws24_dims300,gewaltopfern,0.6997315883636475
geniale_doreen_training_data_lower_cbow_lr0.05_epochs1_mincount50_ws24_dims300,heimopfer,0.6962939500808716
geniale_doreen_training_data_lower_cbow_lr0.05_epochs1_mincount50_ws24_dims300,opferfamilie,0.6948853135108948
geniale_doreen_training_data_lower_cbow_lr0.05_epochs1_mincount50_ws24_dims300,verbrechensopfern,0.694548487663269
geniale_doreen_training_data_lower_cbow_lr0.05_epochs1_mincount50_ws24_dims300,euthanasieopfer,0.6942237019538879
geniale_doreen_training_data_lower_cbow_lr0.05_epochs1_mincount50_ws24_dims300,opferanwälte,0.6892452836036682
geniale_doreen_training_data_lower_cbow_lr0.05_epochs1_mincount50_ws24_dims300,sturzopfer,0.6879606246948242
geniale_doreen_training_data_lower_cbow_lr0.05_epochs1_mincount50_ws24_dims300,vergewaltigungsopfern,0.6878759264945984
geniale_doreen_training_data_lower_cbow_lr0.05_epochs1_mincount50_ws24_dims300,opfernotruf,0.6869422793388367
geniale_doreen_training_data_lower_cbow_lr0.05_epochs1_mincount50_ws24_dims300,opferfamilien,0.6869111061096191
geniale_doreen_training_data_lower_cbow_lr0.05_epochs1_mincount50_ws24_dims300,missbrauchsopfer,0.6830353736877441
geniale_doreen_training_data_lower_cbow_lr0.05_epochs1_mincount50_ws24_dims300,opfertiere,0.6816236972808838
geniale_doreen_training_data_lower_cbow_lr0.05_epochs1_mincount50_ws24_dims300,entführungsopfer,0.6809517741203308
geniale_doreen_training_data_lower_cbow_lr0.05_epochs1_mincount50_ws24_dims300,mobbingopfer,0.6804789304733276
geniale_doreen_training_data_lower_cbow_lr0.05_epochs1_mincount50_ws24_dims300,opferfest,0.6792382597923279
geniale_doreen_training_data_lower_cbow_lr0.05_epochs1_mincount50_ws24_dims300,opfergruppen,0.6792263388633728
geniale_doreen_training_data_lower_cbow_lr0.05_epochs1_mincount50_ws24_dims300,folteropfer,0.6783270835876465
geniale_doreen_training_data_lower_cbow_lr0.05_epochs1_mincount50_ws24_dims300,terroropfer,0.6773766875267029
geniale_doreen_training_data_lower_cbow_lr0.05_epochs1_mincount50_ws24_dims300,mordopfern,0.6765989661216736
geniale_doreen_training_data_lower_cbow_lr0.05_epochs1_mincount50_ws24_dims300,opferanwalt,0.6724645495414734
geniale_doreen_training_data_lower_cbow_lr0.05_epochs1_mincount50_ws24_dims300,opferangaben,0.6723658442497253
geniale_doreen_training_data_lower_cbow_lr0.05_epochs1_mincount50_ws24_dims300,kriegsopfer,0.67145836353302
geniale_doreen_training_data_lower_cbow_lr0.05_epochs1_mincount50_ws24_dims300,menschenopfer,0.6712824106216431
geniale_doreen_training_data_lower_cbow_lr0.05_epochs1_mincount50_ws24_dims300,blitzopfer,0.6703199744224548
geniale_doreen_training_data_lower_cbow_lr0.05_epochs1_mincount50_ws24_dims300,erpressungsopfer,0.6671120524406433
geniale_doreen_training_data_lower_cbow_lr0.05_epochs1_mincount50_ws24_dims300,todesopfer,0.6667009592056274
geniale_doreen_training_data_lower_cbow_lr0.05_epochs1_mincount50_ws24_dims300,vergewaltigungsopfers,0.6659799218177795
geniale_doreen_training_data_lower_cbow_lr0.05_epochs1_mincount50_ws24_dims300,sonderopfer,0.6655094027519226
geniale_doreen_training_data_lower_cbow_lr0.05_epochs1_mincount50_ws24_dims300,einbruchsopfer,0.6626169085502625
geniale_doreen_training_data_lower_cbow_lr0.05_epochs1_mincount50_ws24_dims300,opferthese,0.6594431400299072
geniale_doreen_training_data_lower_cbow_lr0.05_epochs1_mincount50_ws24_dims300,justizopfer,0.6590366959571838
geniale_doreen_training_data_lower_cbow_lr0.05_epochs1_mincount50_ws24_dims300,opferverein,0.6582551598548889
geniale_doreen_training_data_lower_cbow_lr0.05_epochs1_mincount50_ws24_dims300,unglücksopfer,0.6570394039154053
geniale_doreen_training_data_lower_cbow_lr0.05_epochs1_mincount50_ws24_dims300,opferfürsorge,0.6524932980537415
geniale_doreen_training_data_lower_cbow_lr0.05_epochs1_mincount50_ws24_dims300,opfervertreter,0.6489172577857971
geniale_doreen_training_data_lower_cbow_lr0.05_epochs1_mincount50_ws24_dims300,opferliste,0.6478171944618225
geniale_doreen_training_data_lower_cbow_lr0.05_epochs1_mincount50_ws24_dims300,brandopfer,0.6476752161979675
geniale_doreen_training_data_lower_cbow_lr0.05_epochs1_mincount50_ws24_dims300,opferanwältin,0.6474289894104004
geniale_doreen_training_data_lower_cbow_lr0.05_epochs1_mincount50_ws24_dims300,täter,0.6457710266113281
geniale_doreen_training_data_lower_cbow_lr0.05_epochs1_mincount50_ws24_dims300,klopfer,0.6433796882629395
geniale_doreen_training_data_lower_cbow_lr0.05_epochs1_mincount50_ws24_dims300,opferschutz,0.6417030692100525
geniale_doreen_training_data_lower_cbow_lr0.05_epochs1_mincount50_ws24_dims300,verletzungsopfer,0.6389831900596619
geniale_doreen_training_data_lower_cbow_lr0.05_epochs1_mincount50_ws24_dims300,hopfer,0.6382623314857483
geniale_doreen_training_data_lower_cbow_lr0.05_epochs1_mincount50_ws24_dims300,gewalttäter,0.6344970464706421
geniale_doreen_training_data_lower_cbow_lr0.05_epochs1_mincount50_ws24_dims300,flutopfer,0.6344908475875854
geniale_doreen_training_data_lower_cbow_lr0.05_epochs1_mincount50_ws24_dims300,verbrennungsopfer,0.6337341666221619
geniale_doreen_training_data_lower_cbow_lr0.05_epochs1_mincount50_ws24_dims300,bebenopfer,0.633533775806427
geniale_doreen_training_data_lower_cbow_lr0.05_epochs1_mincount50_ws24_dims300,betrugsopfer,0.6332000494003296
geniale_doreen_training_data_lower_cbow_lr0.05_epochs1_mincount50_ws24_dims300,verbrechensopferhilfe,0.6326030492782593
geniale_doreen_training_data_lower_cbow_lr0.05_epochs1_mincount50_ws24_dims300,sturmopfer,0.6309981346130371
geniale_doreen_training_data_lower_cbow_lr0.05_epochs1_mincount50_ws24_dims300,opferrechte,0.6302374005317688
geniale_doreen_training_data_lower_cbow_lr0.05_epochs1_mincount50_ws24_dims300,bombenopfer,0.6294870972633362
geniale_doreen_training_data_lower_cbow_lr0.05_epochs1_mincount50_ws24_dims300,opferstatus,0.6277199983596802
vitaler_kay_training_data_cbow_lr0.05_epochs1_mincount50_ws24_dims300,opferkuch,0.8217689394950867
vitaler_kay_training_data_cbow_lr0.05_epochs1_mincount50_ws24_dims300,opfertod,0.8210124373435974
vitaler_kay_training_data_cbow_lr0.05_epochs1_mincount50_ws24_dims300,opfern,0.8114402294158936
vitaler_kay_training_data_cbow_lr0.05_epochs1_mincount50_ws24_dims300,opfertier,0.8028162717819214
vitaler_kay_training_data_cbow_lr0.05_epochs1_mincount50_ws24_dims300,opferrente,0.7973873615264893
vitaler_kay_training_data_cbow_lr0.05_epochs1_mincount50_ws24_dims300,opfergang,0.7956613898277283
vitaler_kay_training_data_cbow_lr0.05_epochs1_mincount50_ws24_dims300,opferangehörige,0.7829450964927673
vitaler_kay_training_data_cbow_lr0.05_epochs1_mincount50_ws24_dims300,opferkult,0.7676371335983276
vitaler_kay_training_data_cbow_lr0.05_epochs1_mincount50_ws24_dims300,opferstock,0.7670450210571289
vitaler_kay_training_data_cbow_lr0.05_epochs1_mincount50_ws24_dims300,opferlamm,0.7590329647064209
vitaler_kay_training_data_cbow_lr0.05_epochs1_mincount50_ws24_dims300,opferangehörigen,0.7566377520561218
vitaler_kay_training_data_cbow_lr0.05_epochs1_mincount50_ws24_dims300,opferstöcke,0.7527795433998108
vitaler_kay_training_data_cbow_lr0.05_epochs1_mincount50_ws24_dims300,opfermythos,0.7502389550209045
vitaler_kay_training_data_cbow_lr0.05_epochs1_mincount50_ws24_dims300,opferseite,0.7452859878540039
vitaler_kay_training_data_cbow_lr0.05_epochs1_mincount50_ws24_dims300,überfallsopfer,0.7397143840789795
vitaler_kay_training_data_cbow_lr0.05_epochs1_mincount50_ws24_dims300,opferstöcken,0.7387458086013794
vitaler_kay_training_data_cbow_lr0.05_epochs1_mincount50_ws24_dims300,opfergruppe,0.7379519939422607
vitaler_kay_training_data_cbow_lr0.05_epochs1_mincount50_ws24_dims300,verbrechensopfer,0.7349838018417358
vitaler_kay_training_data_cbow_lr0.05_epochs1_mincount50_ws24_dims300,opfers,0.7313886284828186
vitaler_kay_training_data_cbow_lr0.05_epochs1_mincount50_ws24_dims300,mordopfer,0.7298141717910767
vitaler_kay_training_data_cbow_lr0.05_epochs1_mincount50_ws24_dims300,opferstockdiebe,0.7291030883789062
vitaler_kay_training_data_cbow_lr0.05_epochs1_mincount50_ws24_dims300,opfertiere,0.7282153367996216
vitaler_kay_training_data_cbow_lr0.05_epochs1_mincount50_ws24_dims300,gewaltopfer,0.7258747220039368
vitaler_kay_training_data_cbow_lr0.05_epochs1_mincount50_ws24_dims300,opfergaben,0.7258395552635193
vitaler_kay_training_data_cbow_lr0.05_epochs1_mincount50_ws24_dims300,raubopfer,0.7245200276374817
vitaler_kay_training_data_cbow_lr0.05_epochs1_mincount50_ws24_dims300,opferstockdieb,0.724061906337738
vitaler_kay_training_data_cbow_lr0.05_epochs1_mincount50_ws24_dims300,opferthese,0.7228866815567017
vitaler_kay_training_data_cbow_lr0.05_epochs1_mincount50_ws24_dims300,opfergabe,0.7218356728553772
vitaler_kay_training_data_cbow_lr0.05_epochs1_mincount50_ws24_dims300,vergewaltigungsopfer,0.7217229008674622
vitaler_kay_training_data_cbow_lr0.05_epochs1_mincount50_ws24_dims300,opferhilfe,0.7175420522689819
vitaler_kay_training_data_cbow_lr0.05_epochs1_mincount50_ws24_dims300,opferanwälte,0.7156903743743896
vitaler_kay_training_data_cbow_lr0.05_epochs1_mincount50_ws24_dims300,opferung,0.7151637673377991
vitaler_kay_training_data_cbow_lr0.05_epochs1_mincount50_ws24_dims300,opferanwalt,0.7051203846931458
vitaler_kay_training_data_cbow_lr0.05_epochs1_mincount50_ws24_dims300,opferfamilien,0.7047181725502014
vitaler_kay_training_data_cbow_lr0.05_epochs1_mincount50_ws24_dims300,opfernotruf,0.7027478218078613
vitaler_kay_training_data_cbow_lr0.05_epochs1_mincount50_ws24_dims300,opfergruppen,0.7025074362754822
vitaler_kay_training_data_cbow_lr0.05_epochs1_mincount50_ws24_dims300,opferangaben,0.7007792592048645
vitaler_kay_training_data_cbow_lr0.05_epochs1_mincount50_ws24_dims300,überfallopfer,0.6998263597488403
vitaler_kay_training_data_cbow_lr0.05_epochs1_mincount50_ws24_dims300,opferfamilie,0.6996429562568665
vitaler_kay_training_data_cbow_lr0.05_epochs1_mincount50_ws24_dims300,opferfest,0.6989156603813171
vitaler_kay_training_data_cbow_lr0.05_epochs1_mincount50_ws24_dims300,opferverein,0.6950395703315735
vitaler_kay_training_data_cbow_lr0.05_epochs1_mincount50_ws24_dims300,opferliste,0.6900716423988342
vitaler_kay_training_data_cbow_lr0.05_epochs1_mincount50_ws24_dims300,opferfürsorge,0.6800634860992432
vitaler_kay_training_data_cbow_lr0.05_epochs1_mincount50_ws24_dims300,opferrolle,0.6785864233970642
vitaler_kay_training_data_cbow_lr0.05_epochs1_mincount50_ws24_dims300,opfervertreter,0.677054762840271
vitaler_kay_training_data_cbow_lr0.05_epochs1_mincount50_ws24_dims300,opferanwältin,0.6689226627349854
vitaler_kay_training_data_cbow_lr0.05_epochs1_mincount50_ws24_dims300,massakeropfer,0.6686660647392273
vitaler_kay_training_data_cbow_lr0.05_epochs1_mincount50_ws24_dims300,polizeiopfer,0.6685356497764587
vitaler_kay_training_data_cbow_lr0.05_epochs1_mincount50_ws24_dims300,opferfonds,0.6681031584739685
vitaler_kay_training_data_cbow_lr0.05_epochs1_mincount50_ws24_dims300,vergewaltigungsopfern,0.6616925597190857
vitaler_kay_training_data_cbow_lr0.05_epochs1_mincount50_ws24_dims300,anschlagsopfer,0.660874605178833
vitaler_kay_training_data_cbow_lr0.05_epochs1_mincount50_ws24_dims300,zivilopfer,0.6597797870635986
vitaler_kay_training_data_cbow_lr0.05_epochs1_mincount50_ws24_dims300,opferverband,0.6581475138664246
vitaler_kay_training_data_cbow_lr0.05_epochs1_mincount50_ws24_dims300,opferrechte,0.6576017737388611
vitaler_kay_training_data_cbow_lr0.05_epochs1_mincount50_ws24_dims300,bissopfer,0.6561672687530518
vitaler_kay_training_data_cbow_lr0.05_epochs1_mincount50_ws24_dims300,opferverbände,0.6550250053405762
vitaler_kay_training_data_cbow_lr0.05_epochs1_mincount50_ws24_dims300,verbrechensopfern,0.6536191701889038
vitaler_kay_training_data_cbow_lr0.05_epochs1_mincount50_ws24_dims300,attentatsopfer,0.6503589749336243
vitaler_kay_training_data_cbow_lr0.05_epochs1_mincount50_ws24_dims300,entführungsopfer,0.6492255330085754
vitaler_kay_training_data_cbow_lr0.05_epochs1_mincount50_ws24_dims300,opferentschädigung,0.6452409029006958
vitaler_kay_training_data_cbow_lr0.05_epochs1_mincount50_ws24_dims300,hauptopfer,0.6448788642883301
vitaler_kay_training_data_cbow_lr0.05_epochs1_mincount50_ws24_dims300,opferanwaltschaft,0.6441125869750977
vitaler_kay_training_data_cbow_lr0.05_epochs1_mincount50_ws24_dims300,opferhaltung,0.6420578956604004
vitaler_kay_training_data_cbow_lr0.05_epochs1_mincount50_ws24_dims300,opferschutz,0.6417304277420044
vitaler_kay_training_data_cbow_lr0.05_epochs1_mincount50_ws24_dims300,täter,0.6416091322898865
vitaler_kay_training_data_cbow_lr0.05_epochs1_mincount50_ws24_dims300,opferfestes,0.6412332653999329
vitaler_kay_training_data_cbow_lr0.05_epochs1_mincount50_ws24_dims300,todesopfer,0.6409372687339783
vitaler_kay_training_data_cbow_lr0.05_epochs1_mincount50_ws24_dims300,vergewaltigungsopfers,0.6399846076965332
vitaler_kay_training_data_cbow_lr0.05_epochs1_mincount50_ws24_dims300,mordopfern,0.6398510336875916
vitaler_kay_training_data_cbow_lr0.05_epochs1_mincount50_ws24_dims300,gewaltopfern,0.638170063495636
vitaler_kay_training_data_cbow_lr0.05_epochs1_mincount50_ws24_dims300,kriegsopfer,0.6376100182533264
vitaler_kay_training_data_cbow_lr0.05_epochs1_mincount50_ws24_dims300,opferstatus,0.6373534798622131
vitaler_kay_training_data_cbow_lr0.05_epochs1_mincount50_ws24_dims300,zufallsopfer,0.6352213025093079
vitaler_kay_training_data_cbow_lr0.05_epochs1_mincount50_ws24_dims300,schussopfer,0.6350939273834229
vitaler_kay_training_data_cbow_lr0.05_epochs1_mincount50_ws24_dims300,opferfests,0.6345633864402771
vitaler_kay_training_data_cbow_lr0.05_epochs1_mincount50_ws24_dims300,prügelopfer,0.629135251045227
vitaler_kay_training_data_cbow_lr0.05_epochs1_mincount50_ws24_dims300,kopfer,0.6290656328201294
vitaler_kay_training_data_cbow_lr0.05_epochs1_mincount50_ws24_dims300,opferverbänden,0.629011869430542
vitaler_kay_training_data_cbow_lr0.05_epochs1_mincount50_ws24_dims300,erpressungsopfer,0.6242983341217041
vitaler_kay_training_data_cbow_lr0.05_epochs1_mincount50_ws24_dims300,gewalttäter,0.6231178641319275
vitaler_kay_training_data_cbow_lr0.05_epochs1_mincount50_ws24_dims300,opferschutzgruppen,0.622459888458252
vitaler_kay_training_data_cbow_lr0.05_epochs1_mincount50_ws24_dims300,terroropfer,0.6216629147529602
vitaler_kay_training_data_cbow_lr0.05_epochs1_mincount50_ws24_dims300,missbrauchsopfer,0.6200288534164429
vitaler_kay_training_data_cbow_lr0.05_epochs1_mincount50_ws24_dims300,opferorganisation,0.6182461380958557
vitaler_kay_training_data_cbow_lr0.05_epochs1_mincount50_ws24_dims300,opferschutzgründen,0.6182257533073425
vitaler_kay_training_data_cbow_lr0.05_epochs1_mincount50_ws24_dims300,menschenopfer,0.6170248985290527
vitaler_kay_training_data_cbow_lr0.05_epochs1_mincount50_ws24_dims300,einbruchsopfer,0.6110632419586182
vitaler_kay_training_data_cbow_lr0.05_epochs1_mincount50_ws24_dims300,tätern,0.609654426574707
vitaler_kay_training_data_cbow_lr0.05_epochs1_mincount50_ws24_dims300,opfervertretern,0.603477954864502
vitaler_kay_training_data_cbow_lr0.05_epochs1_mincount50_ws24_dims300,mobbingopfer,0.6007353663444519
vitaler_kay_training_data_cbow_lr0.05_epochs1_mincount50_ws24_dims300,vergewaltigte,0.5994661450386047
vitaler_kay_training_data_cbow_lr0.05_epochs1_mincount50_ws24_dims300,folteropfer,0.5994271636009216
vitaler_kay_training_data_cbow_lr0.05_epochs1_mincount50_ws24_dims300,naziopfer,0.5993377566337585
vitaler_kay_training_data_cbow_lr0.05_epochs1_mincount50_ws24_dims300,unglücksopfer,0.5987563133239746
vitaler_kay_training_data_cbow_lr0.05_epochs1_mincount50_ws24_dims300,brandopfer,0.5983237624168396
vitaler_kay_training_data_cbow_lr0.05_epochs1_mincount50_ws24_dims300,opferschutzes,0.5974069237709045
vitaler_kay_training_data_cbow_lr0.05_epochs1_mincount50_ws24_dims300,ermordeten,0.5933657288551331
vitaler_kay_training_data_cbow_lr0.05_epochs1_mincount50_ws24_dims300,getöteten,0.5925146341323853
vitaler_kay_training_data_cbow_lr0.05_epochs1_mincount50_ws24_dims300,verletzungsopfer,0.5921499133110046
vitaler_kay_training_data_cbow_lr0.05_epochs1_mincount50_ws24_dims300,euthanasieopfer,0.5891802310943604
grandioser_teoman_training_data_lower_cbow_lr0.05_epochs1_mincount100_ws6_dims300,opfere,0.8359262943267822
grandioser_teoman_training_data_lower_cbow_lr0.05_epochs1_mincount100_ws6_dims300,raubopfer,0.8310526609420776
grandioser_teoman_training_data_lower_cbow_lr0.05_epochs1_mincount100_ws6_dims300,opfern,0.7934269905090332
grandioser_teoman_training_data_lower_cbow_lr0.05_epochs1_mincount100_ws6_dims300,mordopfer,0.7832919359207153
grandioser_teoman_training_data_lower_cbow_lr0.05_epochs1_mincount100_ws6_dims300,verbrechensopfer,0.7818193435668945
grandioser_teoman_training_data_lower_cbow_lr0.05_epochs1_mincount100_ws6_dims300,gewaltopfer,0.7774985432624817
grandioser_teoman_training_data_lower_cbow_lr0.05_epochs1_mincount100_ws6_dims300,zufallsopfer,0.7717312574386597
grandioser_teoman_training_data_lower_cbow_lr0.05_epochs1_mincount100_ws6_dims300,hauptopfer,0.7643144726753235
grandioser_teoman_training_data_lower_cbow_lr0.05_epochs1_mincount100_ws6_dims300,vergewaltigungsopfer,0.7604016661643982
grandioser_teoman_training_data_lower_cbow_lr0.05_epochs1_mincount100_ws6_dims300,opferlamm,0.7598538398742676
grandioser_teoman_training_data_lower_cbow_lr0.05_epochs1_mincount100_ws6_dims300,schussopfer,0.7560796141624451
grandioser_teoman_training_data_lower_cbow_lr0.05_epochs1_mincount100_ws6_dims300,opfert,0.7475758790969849
grandioser_teoman_training_data_lower_cbow_lr0.05_epochs1_mincount100_ws6_dims300,bissopfer,0.742712676525116
grandioser_teoman_training_data_lower_cbow_lr0.05_epochs1_mincount100_ws6_dims300,dopfer,0.7365719676017761
grandioser_teoman_training_data_lower_cbow_lr0.05_epochs1_mincount100_ws6_dims300,anschlagsopfer,0.7352868318557739
grandioser_teoman_training_data_lower_cbow_lr0.05_epochs1_mincount100_ws6_dims300,sturzopfer,0.7302852272987366
grandioser_teoman_training_data_lower_cbow_lr0.05_epochs1_mincount100_ws6_dims300,prügelopfer,0.7298981547355652
grandioser_teoman_training_data_lower_cbow_lr0.05_epochs1_mincount100_ws6_dims300,entführungsopfer,0.7281058430671692
grandioser_teoman_training_data_lower_cbow_lr0.05_epochs1_mincount100_ws6_dims300,mobbingopfer,0.7270722985267639
grandioser_teoman_training_data_lower_cbow_lr0.05_epochs1_mincount100_ws6_dims300,folteropfer,0.7219317555427551
grandioser_teoman_training_data_lower_cbow_lr0.05_epochs1_mincount100_ws6_dims300,kriegsopfer,0.7187092304229736
grandioser_teoman_training_data_lower_cbow_lr0.05_epochs1_mincount100_ws6_dims300,terroropfer,0.7179611921310425
grandioser_teoman_training_data_lower_cbow_lr0.05_epochs1_mincount100_ws6_dims300,justizopfer,0.7179107069969177
grandioser_teoman_training_data_lower_cbow_lr0.05_epochs1_mincount100_ws6_dims300,opferstöcke,0.7160375118255615
grandioser_teoman_training_data_lower_cbow_lr0.05_epochs1_mincount100_ws6_dims300,menschenopfer,0.7111255526542664
grandioser_teoman_training_data_lower_cbow_lr0.05_epochs1_mincount100_ws6_dims300,opferstock,0.7074117064476013
grandioser_teoman_training_data_lower_cbow_lr0.05_epochs1_mincount100_ws6_dims300,todesopfer,0.7014291882514954
grandioser_teoman_training_data_lower_cbow_lr0.05_epochs1_mincount100_ws6_dims300,opferte,0.6986235976219177
grandioser_teoman_training_data_lower_cbow_lr0.05_epochs1_mincount100_ws6_dims300,einbruchsopfer,0.6965274810791016
grandioser_teoman_training_data_lower_cbow_lr0.05_epochs1_mincount100_ws6_dims300,opferstockdieb,0.696398913860321
grandioser_teoman_training_data_lower_cbow_lr0.05_epochs1_mincount100_ws6_dims300,betrugsopfer,0.6963415741920471
grandioser_teoman_training_data_lower_cbow_lr0.05_epochs1_mincount100_ws6_dims300,missbrauchsopfer,0.6952117681503296
grandioser_teoman_training_data_lower_cbow_lr0.05_epochs1_mincount100_ws6_dims300,opfermythos,0.6940990686416626
grandioser_teoman_training_data_lower_cbow_lr0.05_epochs1_mincount100_ws6_dims300,vergewaltigungsopfern,0.6928924918174744
grandioser_teoman_training_data_lower_cbow_lr0.05_epochs1_mincount100_ws6_dims300,brandopfer,0.6928136348724365
grandioser_teoman_training_data_lower_cbow_lr0.05_epochs1_mincount100_ws6_dims300,opferten,0.6885765194892883
grandioser_teoman_training_data_lower_cbow_lr0.05_epochs1_mincount100_ws6_dims300,opferstöcken,0.6879287362098694
grandioser_teoman_training_data_lower_cbow_lr0.05_epochs1_mincount100_ws6_dims300,verbrechensopfern,0.6847665905952454
grandioser_teoman_training_data_lower_cbow_lr0.05_epochs1_mincount100_ws6_dims300,opferfamilien,0.6841773986816406
grandioser_teoman_training_data_lower_cbow_lr0.05_epochs1_mincount100_ws6_dims300,drogenopfer,0.6816462874412537
grandioser_teoman_training_data_lower_cbow_lr0.05_epochs1_mincount100_ws6_dims300,opfergaben,0.6814191341400146
grandioser_teoman_training_data_lower_cbow_lr0.05_epochs1_mincount100_ws6_dims300,opfers,0.6807932257652283
grandioser_teoman_training_data_lower_cbow_lr0.05_epochs1_mincount100_ws6_dims300,opferung,0.6805227398872375
grandioser_teoman_training_data_lower_cbow_lr0.05_epochs1_mincount100_ws6_dims300,opferanwälte,0.6767770648002625
grandioser_teoman_training_data_lower_cbow_lr0.05_epochs1_mincount100_ws6_dims300,opferthese,0.6767690181732178
grandioser_teoman_training_data_lower_cbow_lr0.05_epochs1_mincount100_ws6_dims300,opferhilfe,0.6743450164794922
grandioser_teoman_training_data_lower_cbow_lr0.05_epochs1_mincount100_ws6_dims300,opferfamilie,0.6734389662742615
grandioser_teoman_training_data_lower_cbow_lr0.05_epochs1_mincount100_ws6_dims300,opferfest,0.6703854203224182
grandioser_teoman_training_data_lower_cbow_lr0.05_epochs1_mincount100_ws6_dims300,klopfer,0.6683343648910522
grandioser_teoman_training_data_lower_cbow_lr0.05_epochs1_mincount100_ws6_dims300,mordopfern,0.6663630604743958
grandioser_teoman_training_data_lower_cbow_lr0.05_epochs1_mincount100_ws6_dims300,absturzopfer,0.6645870208740234
grandioser_teoman_training_data_lower_cbow_lr0.05_epochs1_mincount100_ws6_dims300,opfergabe,0.659598708152771
grandioser_teoman_training_data_lower_cbow_lr0.05_epochs1_mincount100_ws6_dims300,hopfer,0.658939003944397
grandioser_teoman_training_data_lower_cbow_lr0.05_epochs1_mincount100_ws6_dims300,unfallopfer,0.657972514629364
grandioser_teoman_training_data_lower_cbow_lr0.05_epochs1_mincount100_ws6_dims300,flutopfer,0.6579312682151794
grandioser_teoman_training_data_lower_cbow_lr0.05_epochs1_mincount100_ws6_dims300,opferanwalt,0.6575859785079956
grandioser_teoman_training_data_lower_cbow_lr0.05_epochs1_mincount100_ws6_dims300,opfergruppe,0.6556894779205322
grandioser_teoman_training_data_lower_cbow_lr0.05_epochs1_mincount100_ws6_dims300,gewaltopfern,0.6544010639190674
grandioser_teoman_training_data_lower_cbow_lr0.05_epochs1_mincount100_ws6_dims300,vergewaltigungsopfers,0.6531451940536499
grandioser_teoman_training_data_lower_cbow_lr0.05_epochs1_mincount100_ws6_dims300,opfergruppen,0.6503243446350098
grandioser_teoman_training_data_lower_cbow_lr0.05_epochs1_mincount100_ws6_dims300,opfervertreter,0.6332111954689026
grandioser_teoman_training_data_lower_cbow_lr0.05_epochs1_mincount100_ws6_dims300,anschlagsopfern,0.6316338181495667
grandioser_teoman_training_data_lower_cbow_lr0.05_epochs1_mincount100_ws6_dims300,opferanwältin,0.6293586492538452
grandioser_teoman_training_data_lower_cbow_lr0.05_epochs1_mincount100_ws6_dims300,täter,0.6272394061088562
grandioser_teoman_training_data_lower_cbow_lr0.05_epochs1_mincount100_ws6_dims300,gewalttäter,0.6228422522544861
grandioser_teoman_training_data_lower_cbow_lr0.05_epochs1_mincount100_ws6_dims300,todesopfern,0.6201404929161072
grandioser_teoman_training_data_lower_cbow_lr0.05_epochs1_mincount100_ws6_dims300,opferrolle,0.619699239730835
grandioser_teoman_training_data_lower_cbow_lr0.05_epochs1_mincount100_ws6_dims300,opferverbände,0.6154403686523438
grandioser_teoman_training_data_lower_cbow_lr0.05_epochs1_mincount100_ws6_dims300,verbrechensopferhilfe,0.6148778796195984
grandioser_teoman_training_data_lower_cbow_lr0.05_epochs1_mincount100_ws6_dims300,opferstatus,0.613085150718689
grandioser_teoman_training_data_lower_cbow_lr0.05_epochs1_mincount100_ws6_dims300,missbrauchsopfern,0.6100388169288635
grandioser_teoman_training_data_lower_cbow_lr0.05_epochs1_mincount100_ws6_dims300,todesopfers,0.603911280632019
grandioser_teoman_training_data_lower_cbow_lr0.05_epochs1_mincount100_ws6_dims300,opferfonds,0.6031569242477417
grandioser_teoman_training_data_lower_cbow_lr0.05_epochs1_mincount100_ws6_dims300,erdbebenopfer,0.6015432476997375
grandioser_teoman_training_data_lower_cbow_lr0.05_epochs1_mincount100_ws6_dims300,bauernopfer,0.5992106199264526
grandioser_teoman_training_data_lower_cbow_lr0.05_epochs1_mincount100_ws6_dims300,opferfests,0.5970900654792786
grandioser_teoman_training_data_lower_cbow_lr0.05_epochs1_mincount100_ws6_dims300,opferrechte,0.5965418219566345
grandioser_teoman_training_data_lower_cbow_lr0.05_epochs1_mincount100_ws6_dims300,folteropfern,0.5960476398468018
grandioser_teoman_training_data_lower_cbow_lr0.05_epochs1_mincount100_ws6_dims300,kriegsopfern,0.5934510231018066
grandioser_teoman_training_data_lower_cbow_lr0.05_epochs1_mincount100_ws6_dims300,opferschutzgründen,0.5920622944831848
grandioser_teoman_training_data_lower_cbow_lr0.05_epochs1_mincount100_ws6_dims300,sextäter,0.5913122296333313
grandioser_teoman_training_data_lower_cbow_lr0.05_epochs1_mincount100_ws6_dims300,opferverbänden,0.5903496146202087
grandioser_teoman_training_data_lower_cbow_lr0.05_epochs1_mincount100_ws6_dims300,terroropfern,0.589702844619751
grandioser_teoman_training_data_lower_cbow_lr0.05_epochs1_mincount100_ws6_dims300,opferschutz,0.5888199210166931
grandioser_teoman_training_data_lower_cbow_lr0.05_epochs1_mincount100_ws6_dims300,verbrechensopfergesetz,0.5854628682136536
grandioser_teoman_training_data_lower_cbow_lr0.05_epochs1_mincount100_ws6_dims300,täterinnen,0.5844817757606506
grandioser_teoman_training_data_lower_cbow_lr0.05_epochs1_mincount100_ws6_dims300,mittäter,0.5839067101478577
grandioser_teoman_training_data_lower_cbow_lr0.05_epochs1_mincount100_ws6_dims300,ersttäter,0.5832704305648804
grandioser_teoman_training_data_lower_cbow_lr0.05_epochs1_mincount100_ws6_dims300,gewalttätern,0.5829845666885376
grandioser_teoman_training_data_lower_cbow_lr0.05_epochs1_mincount100_ws6_dims300,übeltäter,0.5822793841362
grandioser_teoman_training_data_lower_cbow_lr0.05_epochs1_mincount100_ws6_dims300,tatzeugen,0.5806746482849121
grandioser_teoman_training_data_lower_cbow_lr0.05_epochs1_mincount100_ws6_dims300,opferbereitschaft,0.5803771615028381
grandioser_teoman_training_data_lower_cbow_lr0.05_epochs1_mincount100_ws6_dims300,tätern,0.5787143707275391
grandioser_teoman_training_data_lower_cbow_lr0.05_epochs1_mincount100_ws6_dims300,opferfestes,0.5785850882530212
grandioser_teoman_training_data_lower_cbow_lr0.05_epochs1_mincount100_ws6_dims300,toten,0.5776444673538208
grandioser_teoman_training_data_lower_cbow_lr0.05_epochs1_mincount100_ws6_dims300,schenkelklopfer,0.5769299268722534
grandioser_teoman_training_data_lower_cbow_lr0.05_epochs1_mincount100_ws6_dims300,haupttäter,0.574968695640564
grandioser_teoman_training_data_lower_cbow_lr0.05_epochs1_mincount100_ws6_dims300,gewaltverbrecher,0.5744604468345642
grandioser_teoman_training_data_lower_cbow_lr0.05_epochs1_mincount100_ws6_dims300,vergewaltigten,0.5740434527397156
grandioser_teoman_training_data_lower_cbow_lr0.05_epochs1_mincount100_ws6_dims300,unfallopfern,0.5732473731040955
wachsamer_nikolaj_training_data_cbow_lr0.05_epochs1_mincount100_ws5_dims300,opferlamm,0.7973405122756958
wachsamer_nikolaj_training_data_cbow_lr0.05_epochs1_mincount100_ws5_dims300,opfern,0.7840198278427124
wachsamer_nikolaj_training_data_cbow_lr0.05_epochs1_mincount100_ws5_dims300,opferstock,0.7679947018623352
wachsamer_nikolaj_training_data_cbow_lr0.05_epochs1_mincount100_ws5_dims300,mordopfer,0.7649708986282349
wachsamer_nikolaj_training_data_cbow_lr0.05_epochs1_mincount100_ws5_dims300,raubopfer,0.7588402032852173
wachsamer_nikolaj_training_data_cbow_lr0.05_epochs1_mincount100_ws5_dims300,verbrechensopfer,0.7571434378623962
wachsamer_nikolaj_training_data_cbow_lr0.05_epochs1_mincount100_ws5_dims300,opferthese,0.7553651332855225
wachsamer_nikolaj_training_data_cbow_lr0.05_epochs1_mincount100_ws5_dims300,opferstöcke,0.7460370659828186
wachsamer_nikolaj_training_data_cbow_lr0.05_epochs1_mincount100_ws5_dims300,vergewaltigungsopfer,0.741096556186676
wachsamer_nikolaj_training_data_cbow_lr0.05_epochs1_mincount100_ws5_dims300,gewaltopfer,0.7342743873596191
wachsamer_nikolaj_training_data_cbow_lr0.05_epochs1_mincount100_ws5_dims300,entführungsopfer,0.7331365346908569
wachsamer_nikolaj_training_data_cbow_lr0.05_epochs1_mincount100_ws5_dims300,opferstockdieb,0.7287505865097046
wachsamer_nikolaj_training_data_cbow_lr0.05_epochs1_mincount100_ws5_dims300,opfermythos,0.7251718044281006
wachsamer_nikolaj_training_data_cbow_lr0.05_epochs1_mincount100_ws5_dims300,opferstöcken,0.7144331932067871
wachsamer_nikolaj_training_data_cbow_lr0.05_epochs1_mincount100_ws5_dims300,todesopfer,0.7142434120178223
wachsamer_nikolaj_training_data_cbow_lr0.05_epochs1_mincount100_ws5_dims300,bissopfer,0.7133941650390625
wachsamer_nikolaj_training_data_cbow_lr0.05_epochs1_mincount100_ws5_dims300,anschlagsopfer,0.7130382657051086
wachsamer_nikolaj_training_data_cbow_lr0.05_epochs1_mincount100_ws5_dims300,zufallsopfer,0.7093847393989563
wachsamer_nikolaj_training_data_cbow_lr0.05_epochs1_mincount100_ws5_dims300,hauptopfer,0.7066710591316223
wachsamer_nikolaj_training_data_cbow_lr0.05_epochs1_mincount100_ws5_dims300,schussopfer,0.7042773962020874
wachsamer_nikolaj_training_data_cbow_lr0.05_epochs1_mincount100_ws5_dims300,einbruchsopfer,0.6996027231216431
wachsamer_nikolaj_training_data_cbow_lr0.05_epochs1_mincount100_ws5_dims300,opferung,0.6977589726448059
wachsamer_nikolaj_training_data_cbow_lr0.05_epochs1_mincount100_ws5_dims300,opferfest,0.6976829767227173
wachsamer_nikolaj_training_data_cbow_lr0.05_epochs1_mincount100_ws5_dims300,opfergruppe,0.6963518857955933
wachsamer_nikolaj_training_data_cbow_lr0.05_epochs1_mincount100_ws5_dims300,betrugsopfer,0.6954925656318665
wachsamer_nikolaj_training_data_cbow_lr0.05_epochs1_mincount100_ws5_dims300,kriegsopfer,0.6948845982551575
wachsamer_nikolaj_training_data_cbow_lr0.05_epochs1_mincount100_ws5_dims300,prügelopfer,0.6940475106239319
wachsamer_nikolaj_training_data_cbow_lr0.05_epochs1_mincount100_ws5_dims300,opferfamilien,0.6936705708503723
wachsamer_nikolaj_training_data_cbow_lr0.05_epochs1_mincount100_ws5_dims300,opfers,0.6921555399894714
wachsamer_nikolaj_training_data_cbow_lr0.05_epochs1_mincount100_ws5_dims300,opferanwälte,0.6921214461326599
wachsamer_nikolaj_training_data_cbow_lr0.05_epochs1_mincount100_ws5_dims300,opferfamilie,0.6916602849960327
wachsamer_nikolaj_training_data_cbow_lr0.05_epochs1_mincount100_ws5_dims300,terroropfer,0.6905649304389954
wachsamer_nikolaj_training_data_cbow_lr0.05_epochs1_mincount100_ws5_dims300,opferhilfe,0.6896353363990784
wachsamer_nikolaj_training_data_cbow_lr0.05_epochs1_mincount100_ws5_dims300,opfergaben,0.6888525485992432
wachsamer_nikolaj_training_data_cbow_lr0.05_epochs1_mincount100_ws5_dims300,missbrauchsopfer,0.6846120953559875
wachsamer_nikolaj_training_data_cbow_lr0.05_epochs1_mincount100_ws5_dims300,opfergabe,0.6790966987609863
wachsamer_nikolaj_training_data_cbow_lr0.05_epochs1_mincount100_ws5_dims300,menschenopfer,0.6775761246681213
wachsamer_nikolaj_training_data_cbow_lr0.05_epochs1_mincount100_ws5_dims300,vergewaltigungsopfern,0.6731703877449036
wachsamer_nikolaj_training_data_cbow_lr0.05_epochs1_mincount100_ws5_dims300,opfervertreter,0.66962730884552
wachsamer_nikolaj_training_data_cbow_lr0.05_epochs1_mincount100_ws5_dims300,opfergruppen,0.6692015528678894
wachsamer_nikolaj_training_data_cbow_lr0.05_epochs1_mincount100_ws5_dims300,brandopfer,0.6688898801803589
wachsamer_nikolaj_training_data_cbow_lr0.05_epochs1_mincount100_ws5_dims300,folteropfer,0.6673354506492615
wachsamer_nikolaj_training_data_cbow_lr0.05_epochs1_mincount100_ws5_dims300,opferanwalt,0.6666430234909058
wachsamer_nikolaj_training_data_cbow_lr0.05_epochs1_mincount100_ws5_dims300,verbrechensopfern,0.6653371453285217
wachsamer_nikolaj_training_data_cbow_lr0.05_epochs1_mincount100_ws5_dims300,mordopfern,0.6595325469970703
wachsamer_nikolaj_training_data_cbow_lr0.05_epochs1_mincount100_ws5_dims300,drogenopfer,0.6583636999130249
wachsamer_nikolaj_training_data_cbow_lr0.05_epochs1_mincount100_ws5_dims300,justizopfer,0.6565588116645813
wachsamer_nikolaj_training_data_cbow_lr0.05_epochs1_mincount100_ws5_dims300,vergewaltigungsopfers,0.6560573577880859
wachsamer_nikolaj_training_data_cbow_lr0.05_epochs1_mincount100_ws5_dims300,sturzopfer,0.6555994153022766
wachsamer_nikolaj_training_data_cbow_lr0.05_epochs1_mincount100_ws5_dims300,mobbingopfer,0.651322066783905
wachsamer_nikolaj_training_data_cbow_lr0.05_epochs1_mincount100_ws5_dims300,unfallopfer,0.6439326405525208
wachsamer_nikolaj_training_data_cbow_lr0.05_epochs1_mincount100_ws5_dims300,opferstatus,0.643500030040741
wachsamer_nikolaj_training_data_cbow_lr0.05_epochs1_mincount100_ws5_dims300,opferfonds,0.6430248618125916
wachsamer_nikolaj_training_data_cbow_lr0.05_epochs1_mincount100_ws5_dims300,todesopfers,0.6425853967666626
wachsamer_nikolaj_training_data_cbow_lr0.05_epochs1_mincount100_ws5_dims300,todesopfern,0.6382818222045898
wachsamer_nikolaj_training_data_cbow_lr0.05_epochs1_mincount100_ws5_dims300,klopfer,0.635752260684967
wachsamer_nikolaj_training_data_cbow_lr0.05_epochs1_mincount100_ws5_dims300,opferanwältin,0.6356469988822937
wachsamer_nikolaj_training_data_cbow_lr0.05_epochs1_mincount100_ws5_dims300,opferfests,0.6348156929016113
wachsamer_nikolaj_training_data_cbow_lr0.05_epochs1_mincount100_ws5_dims300,täter,0.632270872592926
wachsamer_nikolaj_training_data_cbow_lr0.05_epochs1_mincount100_ws5_dims300,absturzopfer,0.6322481036186218
wachsamer_nikolaj_training_data_cbow_lr0.05_epochs1_mincount100_ws5_dims300,opferrolle,0.6314438581466675
wachsamer_nikolaj_training_data_cbow_lr0.05_epochs1_mincount100_ws5_dims300,opferverbände,0.63108229637146
wachsamer_nikolaj_training_data_cbow_lr0.05_epochs1_mincount100_ws5_dims300,opferrechte,0.6308284401893616
wachsamer_nikolaj_training_data_cbow_lr0.05_epochs1_mincount100_ws5_dims300,flutopfer,0.6301511526107788
wachsamer_nikolaj_training_data_cbow_lr0.05_epochs1_mincount100_ws5_dims300,anschlagsopfern,0.6203844547271729
wachsamer_nikolaj_training_data_cbow_lr0.05_epochs1_mincount100_ws5_dims300,gewaltopfern,0.6185729503631592
wachsamer_nikolaj_training_data_cbow_lr0.05_epochs1_mincount100_ws5_dims300,überlebende,0.6156588792800903
wachsamer_nikolaj_training_data_cbow_lr0.05_epochs1_mincount100_ws5_dims300,gewalttäter,0.6147382259368896
wachsamer_nikolaj_training_data_cbow_lr0.05_epochs1_mincount100_ws5_dims300,getöteten,0.6122801899909973
wachsamer_nikolaj_training_data_cbow_lr0.05_epochs1_mincount100_ws5_dims300,opferbereitschaft,0.6105777621269226
wachsamer_nikolaj_training_data_cbow_lr0.05_epochs1_mincount100_ws5_dims300,täterinnen,0.6103541254997253
wachsamer_nikolaj_training_data_cbow_lr0.05_epochs1_mincount100_ws5_dims300,überlebenden,0.6093370318412781
wachsamer_nikolaj_training_data_cbow_lr0.05_epochs1_mincount100_ws5_dims300,missbrauchsopfern,0.6085169911384583
wachsamer_nikolaj_training_data_cbow_lr0.05_epochs1_mincount100_ws5_dims300,opferfestes,0.6048207879066467
wachsamer_nikolaj_training_data_cbow_lr0.05_epochs1_mincount100_ws5_dims300,opferschutz,0.6038283705711365
wachsamer_nikolaj_training_data_cbow_lr0.05_epochs1_mincount100_ws5_dims300,opferbilanz,0.6006556153297424
wachsamer_nikolaj_training_data_cbow_lr0.05_epochs1_mincount100_ws5_dims300,tatzeugen,0.6001520752906799
wachsamer_nikolaj_training_data_cbow_lr0.05_epochs1_mincount100_ws5_dims300,verbrechensopferhilfe,0.5989064574241638
wachsamer_nikolaj_training_data_cbow_lr0.05_epochs1_mincount100_ws5_dims300,angeklagten,0.5976964235305786
wachsamer_nikolaj_training_data_cbow_lr0.05_epochs1_mincount100_ws5_dims300,verdächtigten,0.5967579483985901
wachsamer_nikolaj_training_data_cbow_lr0.05_epochs1_mincount100_ws5_dims300,verdächtigen,0.5958633422851562
wachsamer_nikolaj_training_data_cbow_lr0.05_epochs1_mincount100_ws5_dims300,verdächtig,0.5946953892707825
wachsamer_nikolaj_training_data_cbow_lr0.05_epochs1_mincount100_ws5_dims300,opferverbänden,0.5938935875892639
wachsamer_nikolaj_training_data_cbow_lr0.05_epochs1_mincount100_ws5_dims300,toten,0.5938432216644287
wachsamer_nikolaj_training_data_cbow_lr0.05_epochs1_mincount100_ws5_dims300,mittäter,0.5938336253166199
wachsamer_nikolaj_training_data_cbow_lr0.05_epochs1_mincount100_ws5_dims300,verdächtige,0.5935433506965637
wachsamer_nikolaj_training_data_cbow_lr0.05_epochs1_mincount100_ws5_dims300,dopfer,0.5915740728378296
wachsamer_nikolaj_training_data_cbow_lr0.05_epochs1_mincount100_ws5_dims300,attentäterinnen,0.5912249684333801
wachsamer_nikolaj_training_data_cbow_lr0.05_epochs1_mincount100_ws5_dims300,tatverdächtigen,0.5909342169761658
wachsamer_nikolaj_training_data_cbow_lr0.05_epochs1_mincount100_ws5_dims300,gewaltverbrecher,0.5905652046203613
wachsamer_nikolaj_training_data_cbow_lr0.05_epochs1_mincount100_ws5_dims300,opferschutzgründen,0.5905519723892212
wachsamer_nikolaj_training_data_cbow_lr0.05_epochs1_mincount100_ws5_dims300,schwerverbrecher,0.5905288457870483
wachsamer_nikolaj_training_data_cbow_lr0.05_epochs1_mincount100_ws5_dims300,haupttäter,0.5869227051734924
wachsamer_nikolaj_training_data_cbow_lr0.05_epochs1_mincount100_ws5_dims300,zeugen,0.5868936777114868
wachsamer_nikolaj_training_data_cbow_lr0.05_epochs1_mincount100_ws5_dims300,tatverdächtige,0.5853425860404968
wachsamer_nikolaj_training_data_cbow_lr0.05_epochs1_mincount100_ws5_dims300,angeschuldigten,0.5848116278648376
wachsamer_nikolaj_training_data_cbow_lr0.05_epochs1_mincount100_ws5_dims300,todesschützen,0.5843179821968079
wachsamer_nikolaj_training_data_cbow_lr0.05_epochs1_mincount100_ws5_dims300,erdbebenopfer,0.5840083956718445
wachsamer_nikolaj_training_data_cbow_lr0.05_epochs1_mincount100_ws5_dims300,todeslager,0.5839152932167053
wachsamer_nikolaj_training_data_cbow_lr0.05_epochs1_mincount100_ws5_dims300,tatverdächtig,0.5833225250244141
griawiger_niki_training_data_cbow_lr0.05_epochs1_mincount5_ws6_dims300,opfert,0.8836923837661743
griawiger_niki_training_data_cbow_lr0.05_epochs1_mincount5_ws6_dims300,opfere,0.8772568106651306
griawiger_niki_training_data_cbow_lr0.05_epochs1_mincount5_ws6_dims300,opferwidder,0.858902633190155
griawiger_niki_training_data_cbow_lr0.05_epochs1_mincount5_ws6_dims300,opferort,0.8585246205329895
griawiger_niki_training_data_cbow_lr0.05_epochs1_mincount5_ws6_dims300,opferpose,0.8534045815467834
griawiger_niki_training_data_cbow_lr0.05_epochs1_mincount5_ws6_dims300,opferlämmer,0.8510702848434448
griawiger_niki_training_data_cbow_lr0.05_epochs1_mincount5_ws6_dims300,opferkind,0.8505646586418152
griawiger_niki_training_data_cbow_lr0.05_epochs1_mincount5_ws6_dims300,opfertier,0.8454415798187256
griawiger_niki_training_data_cbow_lr0.05_epochs1_mincount5_ws6_dims300,opfe,0.8423912525177002
griawiger_niki_training_data_cbow_lr0.05_epochs1_mincount5_ws6_dims300,opferorte,0.841672956943512
griawiger_niki_training_data_cbow_lr0.05_epochs1_mincount5_ws6_dims300,opferkuch,0.841243326663971
griawiger_niki_training_data_cbow_lr0.05_epochs1_mincount5_ws6_dims300,opferfalle,0.8380417823791504
griawiger_niki_training_data_cbow_lr0.05_epochs1_mincount5_ws6_dims300,opferkorb,0.8370883464813232
griawiger_niki_training_data_cbow_lr0.05_epochs1_mincount5_ws6_dims300,opferfang,0.8357850313186646
griawiger_niki_training_data_cbow_lr0.05_epochs1_mincount5_ws6_dims300,opferte,0.8273952007293701
griawiger_niki_training_data_cbow_lr0.05_epochs1_mincount5_ws6_dims300,opferlüge,0.8273181319236755
griawiger_niki_training_data_cbow_lr0.05_epochs1_mincount5_ws6_dims300,opfern,0.823660135269165
griawiger_niki_training_data_cbow_lr0.05_epochs1_mincount5_ws6_dims300,opfertod,0.8233104944229126
griawiger_niki_training_data_cbow_lr0.05_epochs1_mincount5_ws6_dims300,opfermut,0.8222082853317261
griawiger_niki_training_data_cbow_lr0.05_epochs1_mincount5_ws6_dims300,opfernacht,0.8211633563041687
griawiger_niki_training_data_cbow_lr0.05_epochs1_mincount5_ws6_dims300,opferwitwen,0.8198539018630981
griawiger_niki_training_data_cbow_lr0.05_epochs1_mincount5_ws6_dims300,opferlamm,0.8158937692642212
griawiger_niki_training_data_cbow_lr0.05_epochs1_mincount5_ws6_dims300,opfersein,0.8156609535217285
griawiger_niki_training_data_cbow_lr0.05_epochs1_mincount5_ws6_dims300,opferlämmlein,0.8154297471046448
griawiger_niki_training_data_cbow_lr0.05_epochs1_mincount5_ws6_dims300,opferbögen,0.814927339553833
griawiger_niki_training_data_cbow_lr0.05_epochs1_mincount5_ws6_dims300,opferwitwe,0.8136231899261475
griawiger_niki_training_data_cbow_lr0.05_epochs1_mincount5_ws6_dims300,opfertyp,0.8117165565490723
griawiger_niki_training_data_cbow_lr0.05_epochs1_mincount5_ws6_dims300,opferkult,0.8112691640853882
griawiger_niki_training_data_cbow_lr0.05_epochs1_mincount5_ws6_dims300,opferputz,0.8102374076843262
griawiger_niki_training_data_cbow_lr0.05_epochs1_mincount5_ws6_dims300,opferriten,0.8080528378486633
griawiger_niki_training_data_cbow_lr0.05_epochs1_mincount5_ws6_dims300,opfermann,0.8077865839004517
griawiger_niki_training_data_cbow_lr0.05_epochs1_mincount5_ws6_dims300,opferkerze,0.8072389960289001
griawiger_niki_training_data_cbow_lr0.05_epochs1_mincount5_ws6_dims300,opferland,0.8064663410186768
griawiger_niki_training_data_cbow_lr0.05_epochs1_mincount5_ws6_dims300,opferrente,0.8046563863754272
griawiger_niki_training_data_cbow_lr0.05_epochs1_mincount5_ws6_dims300,opfermesser,0.8032683730125427
griawiger_niki_training_data_cbow_lr0.05_epochs1_mincount5_ws6_dims300,opfermahl,0.8023669123649597
griawiger_niki_training_data_cbow_lr0.05_epochs1_mincount5_ws6_dims300,opfergang,0.8023155927658081
griawiger_niki_training_data_cbow_lr0.05_epochs1_mincount5_ws6_dims300,opferbild,0.8019229173660278
griawiger_niki_training_data_cbow_lr0.05_epochs1_mincount5_ws6_dims300,opfertum,0.7972378730773926
griawiger_niki_training_data_cbow_lr0.05_epochs1_mincount5_ws6_dims300,opferaltar,0.7958536148071289
griawiger_niki_training_data_cbow_lr0.05_epochs1_mincount5_ws6_dims300,opferwurst,0.795445442199707
griawiger_niki_training_data_cbow_lr0.05_epochs1_mincount5_ws6_dims300,verbrechensopfer,0.7954334616661072
griawiger_niki_training_data_cbow_lr0.05_epochs1_mincount5_ws6_dims300,opferritual,0.7912255525588989
griawiger_niki_training_data_cbow_lr0.05_epochs1_mincount5_ws6_dims300,tatopfer,0.7896910905838013
griawiger_niki_training_data_cbow_lr0.05_epochs1_mincount5_ws6_dims300,mordopfer,0.7887607216835022
griawiger_niki_training_data_cbow_lr0.05_epochs1_mincount5_ws6_dims300,opferaltäre,0.7878732085227966
griawiger_niki_training_data_cbow_lr0.05_epochs1_mincount5_ws6_dims300,opferrate,0.7867981791496277
griawiger_niki_training_data_cbow_lr0.05_epochs1_mincount5_ws6_dims300,opfergestus,0.785858154296875
griawiger_niki_training_data_cbow_lr0.05_epochs1_mincount5_ws6_dims300,opferrenten,0.7844352722167969
griawiger_niki_training_data_cbow_lr0.05_epochs1_mincount5_ws6_dims300,opferumkehr,0.783686637878418
griawiger_niki_training_data_cbow_lr0.05_epochs1_mincount5_ws6_dims300,überfallsopfer,0.7824898362159729
griawiger_niki_training_data_cbow_lr0.05_epochs1_mincount5_ws6_dims300,opferstick,0.7818813323974609
griawiger_niki_training_data_cbow_lr0.05_epochs1_mincount5_ws6_dims300,opferlegende,0.7815958857536316
griawiger_niki_training_data_cbow_lr0.05_epochs1_mincount5_ws6_dims300,opferkreis,0.7815771698951721
griawiger_niki_training_data_cbow_lr0.05_epochs1_mincount5_ws6_dims300,raubopfer,0.7810490727424622
griawiger_niki_training_data_cbow_lr0.05_epochs1_mincount5_ws6_dims300,opferlichter,0.7806689739227295
griawiger_niki_training_data_cbow_lr0.05_epochs1_mincount5_ws6_dims300,opfernarrativ,0.78004390001297
griawiger_niki_training_data_cbow_lr0.05_epochs1_mincount5_ws6_dims300,opferangehörige,0.7789127230644226
griawiger_niki_training_data_cbow_lr0.05_epochs1_mincount5_ws6_dims300,opferlisten,0.7785894870758057
griawiger_niki_training_data_cbow_lr0.05_epochs1_mincount5_ws6_dims300,opfermythen,0.7785179615020752
griawiger_niki_training_data_cbow_lr0.05_epochs1_mincount5_ws6_dims300,opfertiere,0.7769503593444824
griawiger_niki_training_data_cbow_lr0.05_epochs1_mincount5_ws6_dims300,opferbegriff,0.7758617401123047
griawiger_niki_training_data_cbow_lr0.05_epochs1_mincount5_ws6_dims300,vergewaltigungsopfer,0.7739675641059875
griawiger_niki_training_data_cbow_lr0.05_epochs1_mincount5_ws6_dims300,opferzeuginnen,0.7735969424247742
griawiger_niki_training_data_cbow_lr0.05_epochs1_mincount5_ws6_dims300,opfertisch,0.7732571363449097
griawiger_niki_training_data_cbow_lr0.05_epochs1_mincount5_ws6_dims300,opferkollektiv,0.7732310891151428
griawiger_niki_training_data_cbow_lr0.05_epochs1_mincount5_ws6_dims300,opferkerzen,0.7728973031044006
griawiger_niki_training_data_cbow_lr0.05_epochs1_mincount5_ws6_dims300,opferbilder,0.7724322080612183
griawiger_niki_training_data_cbow_lr0.05_epochs1_mincount5_ws6_dims300,opferschützer,0.7716463208198547
griawiger_niki_training_data_cbow_lr0.05_epochs1_mincount5_ws6_dims300,opferschema,0.7701950669288635
griawiger_niki_training_data_cbow_lr0.05_epochs1_mincount5_ws6_dims300,opferwagen,0.7699633836746216
griawiger_niki_training_data_cbow_lr0.05_epochs1_mincount5_ws6_dims300,opferstock,0.7694353461265564
griawiger_niki_training_data_cbow_lr0.05_epochs1_mincount5_ws6_dims300,opfernamen,0.7684696912765503
griawiger_niki_training_data_cbow_lr0.05_epochs1_mincount5_ws6_dims300,opfersuche,0.7684113383293152
griawiger_niki_training_data_cbow_lr0.05_epochs1_mincount5_ws6_dims300,opferstocks,0.7667630910873413
griawiger_niki_training_data_cbow_lr0.05_epochs1_mincount5_ws6_dims300,opferstöcke,0.7667590379714966
griawiger_niki_training_data_cbow_lr0.05_epochs1_mincount5_ws6_dims300,opferthese,0.7662713527679443
griawiger_niki_training_data_cbow_lr0.05_epochs1_mincount5_ws6_dims300,gewaltopfer,0.7656733393669128
griawiger_niki_training_data_cbow_lr0.05_epochs1_mincount5_ws6_dims300,opfertypen,0.7652945518493652
griawiger_niki_training_data_cbow_lr0.05_epochs1_mincount5_ws6_dims300,opfergeld,0.7644606232643127
griawiger_niki_training_data_cbow_lr0.05_epochs1_mincount5_ws6_dims300,opferkuchen,0.7636249661445618
griawiger_niki_training_data_cbow_lr0.05_epochs1_mincount5_ws6_dims300,todeopfer,0.7633679509162903
griawiger_niki_training_data_cbow_lr0.05_epochs1_mincount5_ws6_dims300,entführungsopfer,0.7617733478546143
griawiger_niki_training_data_cbow_lr0.05_epochs1_mincount5_ws6_dims300,opferung,0.7614864110946655
griawiger_niki_training_data_cbow_lr0.05_epochs1_mincount5_ws6_dims300,opferaltären,0.7610942721366882
griawiger_niki_training_data_cbow_lr0.05_epochs1_mincount5_ws6_dims300,opferstein,0.7601154446601868
griawiger_niki_training_data_cbow_lr0.05_epochs1_mincount5_ws6_dims300,opferstelle,0.7596220970153809
griawiger_niki_training_data_cbow_lr0.05_epochs1_mincount5_ws6_dims300,opferangehörigen,0.7594910860061646
griawiger_niki_training_data_cbow_lr0.05_epochs1_mincount5_ws6_dims300,opfermythos,0.7564638257026672
griawiger_niki_training_data_cbow_lr0.05_epochs1_mincount5_ws6_dims300,opfergedenken,0.7559517621994019
griawiger_niki_training_data_cbow_lr0.05_epochs1_mincount5_ws6_dims300,opferplatz,0.7551500201225281
griawiger_niki_training_data_cbow_lr0.05_epochs1_mincount5_ws6_dims300,opferstockdieben,0.752877950668335
griawiger_niki_training_data_cbow_lr0.05_epochs1_mincount5_ws6_dims300,massakeropfer,0.7520264983177185
griawiger_niki_training_data_cbow_lr0.05_epochs1_mincount5_ws6_dims300,opferschale,0.7515620589256287
griawiger_niki_training_data_cbow_lr0.05_epochs1_mincount5_ws6_dims300,opferaussage,0.7509672045707703
griawiger_niki_training_data_cbow_lr0.05_epochs1_mincount5_ws6_dims300,opferstockdiebe,0.7492678761482239
griawiger_niki_training_data_cbow_lr0.05_epochs1_mincount5_ws6_dims300,totesopfer,0.7491900324821472
griawiger_niki_training_data_cbow_lr0.05_epochs1_mincount5_ws6_dims300,opferseite,0.7488946914672852
griawiger_niki_training_data_cbow_lr0.05_epochs1_mincount5_ws6_dims300,überfallopfer,0.7488446235656738
griawiger_niki_training_data_cbow_lr0.05_epochs1_mincount5_ws6_dims300,opfersteine,0.7482883334159851
topfiter_theodor_training_data_cbow_lr0.05_epochs1_mincount50_ws6_dims300,opferkuch,0.8304520845413208
topfiter_theodor_training_data_cbow_lr0.05_epochs1_mincount50_ws6_dims300,opfertier,0.8264577388763428
topfiter_theodor_training_data_cbow_lr0.05_epochs1_mincount50_ws6_dims300,opferlamm,0.8005122542381287
topfiter_theodor_training_data_cbow_lr0.05_epochs1_mincount50_ws6_dims300,opfertod,0.7981663942337036
topfiter_theodor_training_data_cbow_lr0.05_epochs1_mincount50_ws6_dims300,opfern,0.7954105734825134
topfiter_theodor_training_data_cbow_lr0.05_epochs1_mincount50_ws6_dims300,opferrente,0.7903719544410706
topfiter_theodor_training_data_cbow_lr0.05_epochs1_mincount50_ws6_dims300,opferkult,0.7832829356193542
topfiter_theodor_training_data_cbow_lr0.05_epochs1_mincount50_ws6_dims300,mordopfer,0.7736023664474487
topfiter_theodor_training_data_cbow_lr0.05_epochs1_mincount50_ws6_dims300,verbrechensopfer,0.7724564075469971
topfiter_theodor_training_data_cbow_lr0.05_epochs1_mincount50_ws6_dims300,opferstock,0.7710319757461548
topfiter_theodor_training_data_cbow_lr0.05_epochs1_mincount50_ws6_dims300,opfergang,0.7708288431167603
topfiter_theodor_training_data_cbow_lr0.05_epochs1_mincount50_ws6_dims300,raubopfer,0.770466685295105
topfiter_theodor_training_data_cbow_lr0.05_epochs1_mincount50_ws6_dims300,opferangehörige,0.7690215110778809
topfiter_theodor_training_data_cbow_lr0.05_epochs1_mincount50_ws6_dims300,überfallsopfer,0.7656165361404419
topfiter_theodor_training_data_cbow_lr0.05_epochs1_mincount50_ws6_dims300,opferthese,0.7635893225669861
topfiter_theodor_training_data_cbow_lr0.05_epochs1_mincount50_ws6_dims300,vergewaltigungsopfer,0.7635732293128967
topfiter_theodor_training_data_cbow_lr0.05_epochs1_mincount50_ws6_dims300,opfertiere,0.7624274492263794
topfiter_theodor_training_data_cbow_lr0.05_epochs1_mincount50_ws6_dims300,gewaltopfer,0.7583075761795044
topfiter_theodor_training_data_cbow_lr0.05_epochs1_mincount50_ws6_dims300,opferseite,0.7516226768493652
topfiter_theodor_training_data_cbow_lr0.05_epochs1_mincount50_ws6_dims300,opferangehörigen,0.7491234540939331
topfiter_theodor_training_data_cbow_lr0.05_epochs1_mincount50_ws6_dims300,opferstöcke,0.7433002591133118
topfiter_theodor_training_data_cbow_lr0.05_epochs1_mincount50_ws6_dims300,opferstockdiebe,0.7401683330535889
topfiter_theodor_training_data_cbow_lr0.05_epochs1_mincount50_ws6_dims300,entführungsopfer,0.7393526434898376
topfiter_theodor_training_data_cbow_lr0.05_epochs1_mincount50_ws6_dims300,opfermythos,0.7381170988082886
topfiter_theodor_training_data_cbow_lr0.05_epochs1_mincount50_ws6_dims300,überfallopfer,0.7358381152153015
topfiter_theodor_training_data_cbow_lr0.05_epochs1_mincount50_ws6_dims300,opferstockdieb,0.7326879501342773
topfiter_theodor_training_data_cbow_lr0.05_epochs1_mincount50_ws6_dims300,anschlagsopfer,0.7280467748641968
topfiter_theodor_training_data_cbow_lr0.05_epochs1_mincount50_ws6_dims300,todesopfer,0.7238414883613586
topfiter_theodor_training_data_cbow_lr0.05_epochs1_mincount50_ws6_dims300,zivilopfer,0.7236608266830444
topfiter_theodor_training_data_cbow_lr0.05_epochs1_mincount50_ws6_dims300,hauptopfer,0.7233484387397766
topfiter_theodor_training_data_cbow_lr0.05_epochs1_mincount50_ws6_dims300,opferstöcken,0.7211158275604248
topfiter_theodor_training_data_cbow_lr0.05_epochs1_mincount50_ws6_dims300,polizeiopfer,0.7209084033966064
topfiter_theodor_training_data_cbow_lr0.05_epochs1_mincount50_ws6_dims300,attentatsopfer,0.7203618884086609
topfiter_theodor_training_data_cbow_lr0.05_epochs1_mincount50_ws6_dims300,opferhilfe,0.7168020606040955
topfiter_theodor_training_data_cbow_lr0.05_epochs1_mincount50_ws6_dims300,opferung,0.7164942026138306
topfiter_theodor_training_data_cbow_lr0.05_epochs1_mincount50_ws6_dims300,terroropfer,0.7160300016403198
topfiter_theodor_training_data_cbow_lr0.05_epochs1_mincount50_ws6_dims300,opferfamilien,0.7142878174781799
topfiter_theodor_training_data_cbow_lr0.05_epochs1_mincount50_ws6_dims300,opfergaben,0.7127588987350464
topfiter_theodor_training_data_cbow_lr0.05_epochs1_mincount50_ws6_dims300,opferangaben,0.711438775062561
topfiter_theodor_training_data_cbow_lr0.05_epochs1_mincount50_ws6_dims300,massakeropfer,0.7111682295799255
topfiter_theodor_training_data_cbow_lr0.05_epochs1_mincount50_ws6_dims300,opferfest,0.7106557488441467
topfiter_theodor_training_data_cbow_lr0.05_epochs1_mincount50_ws6_dims300,schussopfer,0.7065780162811279
topfiter_theodor_training_data_cbow_lr0.05_epochs1_mincount50_ws6_dims300,opfers,0.7065565586090088
topfiter_theodor_training_data_cbow_lr0.05_epochs1_mincount50_ws6_dims300,bissopfer,0.7059601545333862
topfiter_theodor_training_data_cbow_lr0.05_epochs1_mincount50_ws6_dims300,erpressungsopfer,0.7051712870597839
topfiter_theodor_training_data_cbow_lr0.05_epochs1_mincount50_ws6_dims300,kriegsopfer,0.7037453651428223
topfiter_theodor_training_data_cbow_lr0.05_epochs1_mincount50_ws6_dims300,kopfer,0.7009420990943909
topfiter_theodor_training_data_cbow_lr0.05_epochs1_mincount50_ws6_dims300,prügelopfer,0.699292004108429
topfiter_theodor_training_data_cbow_lr0.05_epochs1_mincount50_ws6_dims300,opfergabe,0.6987999677658081
topfiter_theodor_training_data_cbow_lr0.05_epochs1_mincount50_ws6_dims300,vergewaltigungsopfern,0.6974494457244873
topfiter_theodor_training_data_cbow_lr0.05_epochs1_mincount50_ws6_dims300,opfernotruf,0.697281539440155
topfiter_theodor_training_data_cbow_lr0.05_epochs1_mincount50_ws6_dims300,opferverein,0.6965582370758057
topfiter_theodor_training_data_cbow_lr0.05_epochs1_mincount50_ws6_dims300,folteropfer,0.695791482925415
topfiter_theodor_training_data_cbow_lr0.05_epochs1_mincount50_ws6_dims300,opferanwälte,0.6954860687255859
topfiter_theodor_training_data_cbow_lr0.05_epochs1_mincount50_ws6_dims300,einbruchsopfer,0.6943974494934082
topfiter_theodor_training_data_cbow_lr0.05_epochs1_mincount50_ws6_dims300,opferfamilie,0.6940793395042419
topfiter_theodor_training_data_cbow_lr0.05_epochs1_mincount50_ws6_dims300,betrugsopfer,0.6910785436630249
topfiter_theodor_training_data_cbow_lr0.05_epochs1_mincount50_ws6_dims300,menschenopfer,0.6896900534629822
topfiter_theodor_training_data_cbow_lr0.05_epochs1_mincount50_ws6_dims300,opferliste,0.6879544258117676
topfiter_theodor_training_data_cbow_lr0.05_epochs1_mincount50_ws6_dims300,unglücksopfer,0.6873180270195007
topfiter_theodor_training_data_cbow_lr0.05_epochs1_mincount50_ws6_dims300,vergewaltigungsopfers,0.686378002166748
topfiter_theodor_training_data_cbow_lr0.05_epochs1_mincount50_ws6_dims300,opfergruppe,0.6845715641975403
topfiter_theodor_training_data_cbow_lr0.05_epochs1_mincount50_ws6_dims300,missbrauchsopfer,0.684305727481842
topfiter_theodor_training_data_cbow_lr0.05_epochs1_mincount50_ws6_dims300,opfergruppen,0.68013596534729
topfiter_theodor_training_data_cbow_lr0.05_epochs1_mincount50_ws6_dims300,justizopfer,0.6792685985565186
topfiter_theodor_training_data_cbow_lr0.05_epochs1_mincount50_ws6_dims300,verbrechensopfern,0.6777811050415039
topfiter_theodor_training_data_cbow_lr0.05_epochs1_mincount50_ws6_dims300,opferanwalt,0.677089512348175
topfiter_theodor_training_data_cbow_lr0.05_epochs1_mincount50_ws6_dims300,opfervertreter,0.6758849620819092
topfiter_theodor_training_data_cbow_lr0.05_epochs1_mincount50_ws6_dims300,opferfonds,0.6756892204284668
topfiter_theodor_training_data_cbow_lr0.05_epochs1_mincount50_ws6_dims300,zufallsopfer,0.6756353378295898
topfiter_theodor_training_data_cbow_lr0.05_epochs1_mincount50_ws6_dims300,verbrennungsopfer,0.6717995405197144
topfiter_theodor_training_data_cbow_lr0.05_epochs1_mincount50_ws6_dims300,opferrechte,0.6707349419593811
topfiter_theodor_training_data_cbow_lr0.05_epochs1_mincount50_ws6_dims300,opferentschädigung,0.6697195172309875
topfiter_theodor_training_data_cbow_lr0.05_epochs1_mincount50_ws6_dims300,naziopfer,0.669719398021698
topfiter_theodor_training_data_cbow_lr0.05_epochs1_mincount50_ws6_dims300,opferfürsorge,0.6653217673301697
topfiter_theodor_training_data_cbow_lr0.05_epochs1_mincount50_ws6_dims300,brandopfer,0.6635806560516357
topfiter_theodor_training_data_cbow_lr0.05_epochs1_mincount50_ws6_dims300,mobbingopfer,0.6634060740470886
topfiter_theodor_training_data_cbow_lr0.05_epochs1_mincount50_ws6_dims300,opferrolle,0.6633797287940979
topfiter_theodor_training_data_cbow_lr0.05_epochs1_mincount50_ws6_dims300,mordopfern,0.6596787571907043
topfiter_theodor_training_data_cbow_lr0.05_epochs1_mincount50_ws6_dims300,sturzopfer,0.6578937768936157
topfiter_theodor_training_data_cbow_lr0.05_epochs1_mincount50_ws6_dims300,opferanwältin,0.6567595601081848
topfiter_theodor_training_data_cbow_lr0.05_epochs1_mincount50_ws6_dims300,opferverbände,0.6565771698951721
topfiter_theodor_training_data_cbow_lr0.05_epochs1_mincount50_ws6_dims300,verletzungsopfer,0.6548792719841003
topfiter_theodor_training_data_cbow_lr0.05_epochs1_mincount50_ws6_dims300,täter,0.6513907313346863
topfiter_theodor_training_data_cbow_lr0.05_epochs1_mincount50_ws6_dims300,opferfests,0.6498394012451172
topfiter_theodor_training_data_cbow_lr0.05_epochs1_mincount50_ws6_dims300,todesopfers,0.6487616300582886
topfiter_theodor_training_data_cbow_lr0.05_epochs1_mincount50_ws6_dims300,entführungsopfern,0.6477324366569519
topfiter_theodor_training_data_cbow_lr0.05_epochs1_mincount50_ws6_dims300,bombenopfer,0.6452116966247559
topfiter_theodor_training_data_cbow_lr0.05_epochs1_mincount50_ws6_dims300,todesopfern,0.6444648504257202
topfiter_theodor_training_data_cbow_lr0.05_epochs1_mincount50_ws6_dims300,opferverband,0.6439144611358643
topfiter_theodor_training_data_cbow_lr0.05_epochs1_mincount50_ws6_dims300,absturzopfer,0.6427834033966064
topfiter_theodor_training_data_cbow_lr0.05_epochs1_mincount50_ws6_dims300,opferstatus,0.640171468257904
topfiter_theodor_training_data_cbow_lr0.05_epochs1_mincount50_ws6_dims300,drogenopfer,0.6400232315063477
topfiter_theodor_training_data_cbow_lr0.05_epochs1_mincount50_ws6_dims300,anschlagsopfern,0.6395083069801331
topfiter_theodor_training_data_cbow_lr0.05_epochs1_mincount50_ws6_dims300,klopfer,0.6380254626274109
topfiter_theodor_training_data_cbow_lr0.05_epochs1_mincount50_ws6_dims300,opferanwaltschaft,0.6372361183166504
topfiter_theodor_training_data_cbow_lr0.05_epochs1_mincount50_ws6_dims300,gewaltopfern,0.6366072297096252
topfiter_theodor_training_data_cbow_lr0.05_epochs1_mincount50_ws6_dims300,gewalttäter,0.6344931721687317
topfiter_theodor_training_data_cbow_lr0.05_epochs1_mincount50_ws6_dims300,opferschutzgruppen,0.6337093710899353
topfiter_theodor_training_data_cbow_lr0.05_epochs1_mincount50_ws6_dims300,überlebende,0.6332807540893555
lebendige_stella_training_data_cbow_lr0.05_epochs1_mincount50_ws5_dims300,opferkuch,0.83856600522995
lebendige_stella_training_data_cbow_lr0.05_epochs1_mincount50_ws5_dims300,opfertier,0.8270177841186523
lebendige_stella_training_data_cbow_lr0.05_epochs1_mincount50_ws5_dims300,opfertod,0.8066547513008118
lebendige_stella_training_data_cbow_lr0.05_epochs1_mincount50_ws5_dims300,opfern,0.7994625568389893
lebendige_stella_training_data_cbow_lr0.05_epochs1_mincount50_ws5_dims300,opferkult,0.7924239039421082
lebendige_stella_training_data_cbow_lr0.05_epochs1_mincount50_ws5_dims300,opferlamm,0.7914060950279236
lebendige_stella_training_data_cbow_lr0.05_epochs1_mincount50_ws5_dims300,opferrente,0.7810372114181519
lebendige_stella_training_data_cbow_lr0.05_epochs1_mincount50_ws5_dims300,opfergang,0.7760950326919556
lebendige_stella_training_data_cbow_lr0.05_epochs1_mincount50_ws5_dims300,opferstock,0.7728742361068726
lebendige_stella_training_data_cbow_lr0.05_epochs1_mincount50_ws5_dims300,mordopfer,0.7684308290481567
lebendige_stella_training_data_cbow_lr0.05_epochs1_mincount50_ws5_dims300,raubopfer,0.7666674852371216
lebendige_stella_training_data_cbow_lr0.05_epochs1_mincount50_ws5_dims300,opferangehörige,0.7598500847816467
lebendige_stella_training_data_cbow_lr0.05_epochs1_mincount50_ws5_dims300,verbrechensopfer,0.7594581842422485
lebendige_stella_training_data_cbow_lr0.05_epochs1_mincount50_ws5_dims300,opfertiere,0.753953218460083
lebendige_stella_training_data_cbow_lr0.05_epochs1_mincount50_ws5_dims300,vergewaltigungsopfer,0.7513244152069092
lebendige_stella_training_data_cbow_lr0.05_epochs1_mincount50_ws5_dims300,überfallsopfer,0.7503170967102051
lebendige_stella_training_data_cbow_lr0.05_epochs1_mincount50_ws5_dims300,gewaltopfer,0.7472309470176697
lebendige_stella_training_data_cbow_lr0.05_epochs1_mincount50_ws5_dims300,opfermythos,0.7471669316291809
lebendige_stella_training_data_cbow_lr0.05_epochs1_mincount50_ws5_dims300,opferstöcke,0.7434097528457642
lebendige_stella_training_data_cbow_lr0.05_epochs1_mincount50_ws5_dims300,opferstockdiebe,0.742866039276123
lebendige_stella_training_data_cbow_lr0.05_epochs1_mincount50_ws5_dims300,entführungsopfer,0.7420254349708557
lebendige_stella_training_data_cbow_lr0.05_epochs1_mincount50_ws5_dims300,opferthese,0.7388784885406494
lebendige_stella_training_data_cbow_lr0.05_epochs1_mincount50_ws5_dims300,opferangehörigen,0.7380400896072388
lebendige_stella_training_data_cbow_lr0.05_epochs1_mincount50_ws5_dims300,überfallopfer,0.7356387972831726
lebendige_stella_training_data_cbow_lr0.05_epochs1_mincount50_ws5_dims300,opferstockdieb,0.7354708909988403
lebendige_stella_training_data_cbow_lr0.05_epochs1_mincount50_ws5_dims300,anschlagsopfer,0.7309206128120422
lebendige_stella_training_data_cbow_lr0.05_epochs1_mincount50_ws5_dims300,opferseite,0.730839192867279
lebendige_stella_training_data_cbow_lr0.05_epochs1_mincount50_ws5_dims300,zivilopfer,0.7231931686401367
lebendige_stella_training_data_cbow_lr0.05_epochs1_mincount50_ws5_dims300,opferstöcken,0.7227463126182556
lebendige_stella_training_data_cbow_lr0.05_epochs1_mincount50_ws5_dims300,opferung,0.7226126790046692
lebendige_stella_training_data_cbow_lr0.05_epochs1_mincount50_ws5_dims300,opfergaben,0.7204586863517761
lebendige_stella_training_data_cbow_lr0.05_epochs1_mincount50_ws5_dims300,hauptopfer,0.7175503373146057
lebendige_stella_training_data_cbow_lr0.05_epochs1_mincount50_ws5_dims300,opferhilfe,0.7130741477012634
lebendige_stella_training_data_cbow_lr0.05_epochs1_mincount50_ws5_dims300,opferfamilien,0.7127171754837036
lebendige_stella_training_data_cbow_lr0.05_epochs1_mincount50_ws5_dims300,opferfest,0.7117361426353455
lebendige_stella_training_data_cbow_lr0.05_epochs1_mincount50_ws5_dims300,schussopfer,0.7116714715957642
lebendige_stella_training_data_cbow_lr0.05_epochs1_mincount50_ws5_dims300,bissopfer,0.7101341485977173
lebendige_stella_training_data_cbow_lr0.05_epochs1_mincount50_ws5_dims300,kriegsopfer,0.7096623778343201
lebendige_stella_training_data_cbow_lr0.05_epochs1_mincount50_ws5_dims300,attentatsopfer,0.709510087966919
lebendige_stella_training_data_cbow_lr0.05_epochs1_mincount50_ws5_dims300,opferverein,0.7084079384803772
lebendige_stella_training_data_cbow_lr0.05_epochs1_mincount50_ws5_dims300,polizeiopfer,0.7061141133308411
lebendige_stella_training_data_cbow_lr0.05_epochs1_mincount50_ws5_dims300,massakeropfer,0.7039216756820679
lebendige_stella_training_data_cbow_lr0.05_epochs1_mincount50_ws5_dims300,opferfamilie,0.7036164402961731
lebendige_stella_training_data_cbow_lr0.05_epochs1_mincount50_ws5_dims300,opfergabe,0.703423261642456
lebendige_stella_training_data_cbow_lr0.05_epochs1_mincount50_ws5_dims300,todesopfer,0.702937126159668
lebendige_stella_training_data_cbow_lr0.05_epochs1_mincount50_ws5_dims300,erpressungsopfer,0.7027503252029419
lebendige_stella_training_data_cbow_lr0.05_epochs1_mincount50_ws5_dims300,opfergruppe,0.7010393738746643
lebendige_stella_training_data_cbow_lr0.05_epochs1_mincount50_ws5_dims300,prügelopfer,0.7008237242698669
lebendige_stella_training_data_cbow_lr0.05_epochs1_mincount50_ws5_dims300,opferangaben,0.6947938799858093
lebendige_stella_training_data_cbow_lr0.05_epochs1_mincount50_ws5_dims300,vergewaltigungsopfern,0.6923573017120361
lebendige_stella_training_data_cbow_lr0.05_epochs1_mincount50_ws5_dims300,opfers,0.6919460892677307
lebendige_stella_training_data_cbow_lr0.05_epochs1_mincount50_ws5_dims300,opfergruppen,0.6916605830192566
lebendige_stella_training_data_cbow_lr0.05_epochs1_mincount50_ws5_dims300,missbrauchsopfer,0.6916088461875916
lebendige_stella_training_data_cbow_lr0.05_epochs1_mincount50_ws5_dims300,kopfer,0.690893828868866
lebendige_stella_training_data_cbow_lr0.05_epochs1_mincount50_ws5_dims300,folteropfer,0.6905335187911987
lebendige_stella_training_data_cbow_lr0.05_epochs1_mincount50_ws5_dims300,terroropfer,0.6892293691635132
lebendige_stella_training_data_cbow_lr0.05_epochs1_mincount50_ws5_dims300,betrugsopfer,0.6881268620491028
lebendige_stella_training_data_cbow_lr0.05_epochs1_mincount50_ws5_dims300,unglücksopfer,0.6873339414596558
lebendige_stella_training_data_cbow_lr0.05_epochs1_mincount50_ws5_dims300,opferanwalt,0.6860089302062988
lebendige_stella_training_data_cbow_lr0.05_epochs1_mincount50_ws5_dims300,menschenopfer,0.6858803629875183
lebendige_stella_training_data_cbow_lr0.05_epochs1_mincount50_ws5_dims300,einbruchsopfer,0.6854845285415649
lebendige_stella_training_data_cbow_lr0.05_epochs1_mincount50_ws5_dims300,opfernotruf,0.6839969158172607
lebendige_stella_training_data_cbow_lr0.05_epochs1_mincount50_ws5_dims300,opferanwälte,0.6806507110595703
lebendige_stella_training_data_cbow_lr0.05_epochs1_mincount50_ws5_dims300,verbrennungsopfer,0.6799957156181335
lebendige_stella_training_data_cbow_lr0.05_epochs1_mincount50_ws5_dims300,opferfonds,0.6790996193885803
lebendige_stella_training_data_cbow_lr0.05_epochs1_mincount50_ws5_dims300,verbrechensopfern,0.678990364074707
lebendige_stella_training_data_cbow_lr0.05_epochs1_mincount50_ws5_dims300,zufallsopfer,0.6774128675460815
lebendige_stella_training_data_cbow_lr0.05_epochs1_mincount50_ws5_dims300,justizopfer,0.6759735345840454
lebendige_stella_training_data_cbow_lr0.05_epochs1_mincount50_ws5_dims300,opfervertreter,0.6755965352058411
lebendige_stella_training_data_cbow_lr0.05_epochs1_mincount50_ws5_dims300,mordopfern,0.6739285588264465
lebendige_stella_training_data_cbow_lr0.05_epochs1_mincount50_ws5_dims300,opferliste,0.6717836260795593
lebendige_stella_training_data_cbow_lr0.05_epochs1_mincount50_ws5_dims300,verletzungsopfer,0.6713694334030151
lebendige_stella_training_data_cbow_lr0.05_epochs1_mincount50_ws5_dims300,vergewaltigungsopfers,0.6685690879821777
lebendige_stella_training_data_cbow_lr0.05_epochs1_mincount50_ws5_dims300,brandopfer,0.6684842109680176
lebendige_stella_training_data_cbow_lr0.05_epochs1_mincount50_ws5_dims300,opferrolle,0.6655709743499756
lebendige_stella_training_data_cbow_lr0.05_epochs1_mincount50_ws5_dims300,mobbingopfer,0.6641901731491089
lebendige_stella_training_data_cbow_lr0.05_epochs1_mincount50_ws5_dims300,opferentschädigung,0.6634123921394348
lebendige_stella_training_data_cbow_lr0.05_epochs1_mincount50_ws5_dims300,opferrechte,0.6616158485412598
lebendige_stella_training_data_cbow_lr0.05_epochs1_mincount50_ws5_dims300,naziopfer,0.6589805483818054
lebendige_stella_training_data_cbow_lr0.05_epochs1_mincount50_ws5_dims300,bombenopfer,0.6571334004402161
lebendige_stella_training_data_cbow_lr0.05_epochs1_mincount50_ws5_dims300,entführungsopfern,0.6565596461296082
lebendige_stella_training_data_cbow_lr0.05_epochs1_mincount50_ws5_dims300,opferstatus,0.6533329486846924
lebendige_stella_training_data_cbow_lr0.05_epochs1_mincount50_ws5_dims300,opferfests,0.6526411771774292
lebendige_stella_training_data_cbow_lr0.05_epochs1_mincount50_ws5_dims300,opferfürsorge,0.6525452733039856
lebendige_stella_training_data_cbow_lr0.05_epochs1_mincount50_ws5_dims300,opferhaltung,0.6519789695739746
lebendige_stella_training_data_cbow_lr0.05_epochs1_mincount50_ws5_dims300,sturzopfer,0.6506402492523193
lebendige_stella_training_data_cbow_lr0.05_epochs1_mincount50_ws5_dims300,anschlagsopfern,0.6500992774963379
lebendige_stella_training_data_cbow_lr0.05_epochs1_mincount50_ws5_dims300,unfallopfer,0.6490962505340576
lebendige_stella_training_data_cbow_lr0.05_epochs1_mincount50_ws5_dims300,opferanwältin,0.6487576365470886
lebendige_stella_training_data_cbow_lr0.05_epochs1_mincount50_ws5_dims300,drogenopfer,0.6477316617965698
lebendige_stella_training_data_cbow_lr0.05_epochs1_mincount50_ws5_dims300,absturzopfer,0.6475163698196411
lebendige_stella_training_data_cbow_lr0.05_epochs1_mincount50_ws5_dims300,opferverband,0.647072434425354
lebendige_stella_training_data_cbow_lr0.05_epochs1_mincount50_ws5_dims300,gewaltopfern,0.6427114605903625
lebendige_stella_training_data_cbow_lr0.05_epochs1_mincount50_ws5_dims300,opferanwaltschaft,0.6419684290885925
lebendige_stella_training_data_cbow_lr0.05_epochs1_mincount50_ws5_dims300,opferverbände,0.6385542154312134
lebendige_stella_training_data_cbow_lr0.05_epochs1_mincount50_ws5_dims300,bebenopfer,0.6373124718666077
lebendige_stella_training_data_cbow_lr0.05_epochs1_mincount50_ws5_dims300,flutopfer,0.6340333819389343
lebendige_stella_training_data_cbow_lr0.05_epochs1_mincount50_ws5_dims300,überlebende,0.6319487690925598
lebendige_stella_training_data_cbow_lr0.05_epochs1_mincount50_ws5_dims300,bürgerkriegsopfer,0.6313621401786804
lebendige_stella_training_data_cbow_lr0.05_epochs1_mincount50_ws5_dims300,todesopfern,0.6311652660369873
cc.de.300,opfern,0.7836316823959351
cc.de.300,opfers,0.6608915328979492
cc.de.300,täter,0.645698606967926
cc.de.300,todesopfer,0.6345182061195374
cc.de.300,mordopfer,0.6242199540138245
cc.de.300,opfer.,0.611423909664154
cc.de.300,gewaltopfer,0.6063642501831055
cc.de.300,hauptopfer,0.6003177762031555
cc.de.300,opfersein,0.593828022480011
cc.de.300,täterinnen,0.5894466638565063
cc.de.300,tätern,0.5872248411178589
cc.de.300,verbrechensopfer,0.5852764844894409
cc.de.300,verbrechen,0.5820968747138977
cc.de.300,getöteten,0.5808152556419373
cc.de.300,vergewaltigten,0.5769804120063782
cc.de.300,opfererfahrungen,0.5746169686317444
cc.de.300,mörder,0.5737255215644836
cc.de.300,opferns,0.5733404755592346
cc.de.300,gewaltverbrechens,0.5730777978897095
cc.de.300,opfer,0.5665271878242493
cc.de.300,opferstatus,0.565447986125946
cc.de.300,anschlagsopfer,0.5647689700126648
cc.de.300,täter-opfer,0.5642572641372681
cc.de.300,täterinnen,0.5639528632164001
cc.de.300,opfere,0.5639311075210571
cc.de.300,ermordeten,0.5617606043815613
cc.de.300,-opfer,0.5615218877792358
cc.de.300,opferinteressen,0.5609282851219177
cc.de.300,mordopfern,0.5602717995643616
cc.de.300,täterin,0.5596977472305298
cc.de.300,todesopfers,0.5543487071990967
cc.de.300,opferseite,0.5531011819839478
cc.de.300,vergewaltigungsopfer,0.5509933829307556
cc.de.300,tatopfer,0.5500373244285583
cc.de.300,übergriffs,0.5496129393577576
cc.de.300,gewaltverbrechen,0.5493810772895813
cc.de.300,verbrechensopfern,0.5477790236473083
cc.de.300,verbrechens,0.5473493933677673
cc.de.300,täterrolle,0.5462582111358643
cc.de.300,opfergruppe,0.5462018847465515
cc.de.300,getöteten,0.5443099737167358
cc.de.300,opfernden,0.54405277967453
cc.de.300,prügelopfer,0.5429040789604187
cc.de.300,peiniger,0.5428441762924194
cc.de.300,übergriffes,0.5409188866615295
cc.de.300,peinigers,0.5397672653198242
cc.de.300,täters,0.5394672751426697
cc.de.300,opfergruppen,0.5389625430107117
cc.de.300,hinterbliebenden,0.5374945998191833
cc.de.300,missbrauchten,0.535798966884613
cc.de.300,gewalttaten,0.535535454750061
cc.de.300,identitätsdiebstahls,0.5352256894111633
cc.de.300,opfernde,0.5345129370689392
cc.de.300,opfervertreter,0.5331789255142212
cc.de.300,schreckenstaten,0.5322151184082031
cc.de.300,serientäters,0.5310179591178894
cc.de.300,mitschuldige,0.5266311764717102
cc.de.300,kriegsopfer,0.5261310935020447
cc.de.300,mörderinnen,0.5251139402389526
cc.de.300,sexualverbrechens,0.5251138210296631
cc.de.300,hinrichtungsopfer,0.524658739566803
cc.de.300,todesopfern,0.5236088633537292
cc.de.300,amoklaufes,0.5235261917114258
cc.de.300,betrugsopfer,0.522809624671936
cc.de.300,nsu-opfer,0.5215206146240234
cc.de.300,opfer-,0.5214121341705322
cc.de.300,mörderhand,0.5199981331825256
cc.de.300,misshandelten,0.5195133090019226
cc.de.300,unfallopfer,0.5194485783576965
cc.de.300,angriffs,0.5183577537536621
cc.de.300,gewaltopfern,0.5183190107345581
cc.de.300,mordanschlages,0.5181808471679688
cc.de.300,täterseite,0.5163405537605286
cc.de.300,toten,0.5162485241889954
cc.de.300,katastrophenopfer,0.5152955055236816
cc.de.300,terrorangriffs,0.5152190327644348
cc.de.300,opferbegriff,0.5149113535881042
cc.de.300,hauptleidtragende,0.5136938691139221
cc.de.300,opferangehörige,0.512627124786377
cc.de.300,gewalttat,0.5122401714324951
cc.de.300,opferrechte,0.5121402144432068
cc.de.300,getöteter,0.5107848644256592
cc.de.300,absturzopfer,0.5103303790092468
cc.de.300,kinderopfer,0.5094394683837891
cc.de.300,tote,0.5086488723754883
cc.de.300,euthanasieopfer,0.5083367824554443
cc.de.300,opferrente,0.5080711245536804
cc.de.300,weltkriegsopfer,0.5078291893005371
cc.de.300,nazi-opfern,0.5072969794273376
cc.de.300,geschädigten,0.5063766837120056
cc.de.300,opferfamilien,0.5061937570571899
cc.de.300,-opfern,0.5058214664459229
cc.de.300,verkehrsopfer,0.5054436326026917
cc.de.300,missbrauchsopfer,0.5048280358314514
cc.de.300,vertreibungsopfer,0.5043971538543701
cc.de.300,gefallenen,0.5038286447525024
cc.de.300,vergewaltigers,0.5031789541244507
cc.de.300,überlebenden,0.5016863346099854
cc.de.300,blutopfer,0.501596987247467
cc.de.300,mordanschlags,0.501583456993103
