Model,Neighbor,Similarity
spritzige_jara_training_data_cbow_lr0.05_epochs1_mincount50_ws12_dims300,tätern,0.8625684380531311
spritzige_jara_training_data_cbow_lr0.05_epochs1_mincount50_ws12_dims300,täte,0.8621169328689575
spritzige_jara_training_data_cbow_lr0.05_epochs1_mincount50_ws12_dims300,täterkreis,0.8298578262329102
spritzige_jara_training_data_cbow_lr0.05_epochs1_mincount50_ws12_dims300,täters,0.7909203171730042
spritzige_jara_training_data_cbow_lr0.05_epochs1_mincount50_ws12_dims300,tatverdächtige,0.7907871007919312
spritzige_jara_training_data_cbow_lr0.05_epochs1_mincount50_ws12_dims300,täterseite,0.7892807722091675
spritzige_jara_training_data_cbow_lr0.05_epochs1_mincount50_ws12_dims300,täten,0.7852649092674255
spritzige_jara_training_data_cbow_lr0.05_epochs1_mincount50_ws12_dims300,tatverdächtig,0.7828167080879211
spritzige_jara_training_data_cbow_lr0.05_epochs1_mincount50_ws12_dims300,einbrecher,0.778769850730896
spritzige_jara_training_data_cbow_lr0.05_epochs1_mincount50_ws12_dims300,verdächtig,0.778120756149292
spritzige_jara_training_data_cbow_lr0.05_epochs1_mincount50_ws12_dims300,verdächtige,0.7756354808807373
spritzige_jara_training_data_cbow_lr0.05_epochs1_mincount50_ws12_dims300,täterwissen,0.7736365795135498
spritzige_jara_training_data_cbow_lr0.05_epochs1_mincount50_ws12_dims300,tatverdächtigen,0.7722299098968506
spritzige_jara_training_data_cbow_lr0.05_epochs1_mincount50_ws12_dims300,täterprofile,0.7713143825531006
spritzige_jara_training_data_cbow_lr0.05_epochs1_mincount50_ws12_dims300,täterschaft,0.7685280442237854
spritzige_jara_training_data_cbow_lr0.05_epochs1_mincount50_ws12_dims300,opferstockdieb,0.7682183384895325
spritzige_jara_training_data_cbow_lr0.05_epochs1_mincount50_ws12_dims300,opferstockdiebe,0.7673625349998474
spritzige_jara_training_data_cbow_lr0.05_epochs1_mincount50_ws12_dims300,tätergruppe,0.763791561126709
spritzige_jara_training_data_cbow_lr0.05_epochs1_mincount50_ws12_dims300,verdächtigen,0.76176917552948
spritzige_jara_training_data_cbow_lr0.05_epochs1_mincount50_ws12_dims300,tätersuche,0.7561485767364502
spritzige_jara_training_data_cbow_lr0.05_epochs1_mincount50_ws12_dims300,täterprofil,0.7557582259178162
spritzige_jara_training_data_cbow_lr0.05_epochs1_mincount50_ws12_dims300,täterinnen,0.754051923751831
spritzige_jara_training_data_cbow_lr0.05_epochs1_mincount50_ws12_dims300,mittäter,0.7521113753318787
spritzige_jara_training_data_cbow_lr0.05_epochs1_mincount50_ws12_dims300,ersttäter,0.7498970031738281
spritzige_jara_training_data_cbow_lr0.05_epochs1_mincount50_ws12_dims300,tatverdächtiger,0.7493496537208557
spritzige_jara_training_data_cbow_lr0.05_epochs1_mincount50_ws12_dims300,haupttäter,0.7484300136566162
spritzige_jara_training_data_cbow_lr0.05_epochs1_mincount50_ws12_dims300,täterfahrzeug,0.7458208203315735
spritzige_jara_training_data_cbow_lr0.05_epochs1_mincount50_ws12_dims300,täterhinweise,0.745711088180542
spritzige_jara_training_data_cbow_lr0.05_epochs1_mincount50_ws12_dims300,unbekannten,0.7438644170761108
spritzige_jara_training_data_cbow_lr0.05_epochs1_mincount50_ws12_dims300,täterin,0.7424752116203308
spritzige_jara_training_data_cbow_lr0.05_epochs1_mincount50_ws12_dims300,tätergruppen,0.7423962354660034
spritzige_jara_training_data_cbow_lr0.05_epochs1_mincount50_ws12_dims300,verdächtiger,0.7387981414794922
spritzige_jara_training_data_cbow_lr0.05_epochs1_mincount50_ws12_dims300,täterrolle,0.7362143397331238
spritzige_jara_training_data_cbow_lr0.05_epochs1_mincount50_ws12_dims300,überfallsopfer,0.734512209892273
spritzige_jara_training_data_cbow_lr0.05_epochs1_mincount50_ws12_dims300,übeltäter,0.7331492900848389
spritzige_jara_training_data_cbow_lr0.05_epochs1_mincount50_ws12_dims300,überfallopfer,0.7316552996635437
spritzige_jara_training_data_cbow_lr0.05_epochs1_mincount50_ws12_dims300,einzeltäter,0.7310460805892944
spritzige_jara_training_data_cbow_lr0.05_epochs1_mincount50_ws12_dims300,räuber,0.7273731827735901
spritzige_jara_training_data_cbow_lr0.05_epochs1_mincount50_ws12_dims300,verdächtigte,0.7227975130081177
spritzige_jara_training_data_cbow_lr0.05_epochs1_mincount50_ws12_dims300,verdächtigt,0.7180292010307312
spritzige_jara_training_data_cbow_lr0.05_epochs1_mincount50_ws12_dims300,verdächtigter,0.7154432535171509
spritzige_jara_training_data_cbow_lr0.05_epochs1_mincount50_ws12_dims300,komplizen,0.712963879108429
spritzige_jara_training_data_cbow_lr0.05_epochs1_mincount50_ws12_dims300,einbrecherkönig,0.7128751277923584
spritzige_jara_training_data_cbow_lr0.05_epochs1_mincount50_ws12_dims300,gewalttäter,0.7125428318977356
spritzige_jara_training_data_cbow_lr0.05_epochs1_mincount50_ws12_dims300,verdächtiges,0.7124054431915283
spritzige_jara_training_data_cbow_lr0.05_epochs1_mincount50_ws12_dims300,polizeiopfer,0.7113602757453918
spritzige_jara_training_data_cbow_lr0.05_epochs1_mincount50_ws12_dims300,verdächtigten,0.7098389267921448
spritzige_jara_training_data_cbow_lr0.05_epochs1_mincount50_ws12_dims300,täterschutz,0.709659218788147
spritzige_jara_training_data_cbow_lr0.05_epochs1_mincount50_ws12_dims300,überfalle,0.7085214257240295
spritzige_jara_training_data_cbow_lr0.05_epochs1_mincount50_ws12_dims300,täterbeschreibung,0.7060965895652771
spritzige_jara_training_data_cbow_lr0.05_epochs1_mincount50_ws12_dims300,serientäter,0.7053380012512207
spritzige_jara_training_data_cbow_lr0.05_epochs1_mincount50_ws12_dims300,messerattentäter,0.7044886946678162
spritzige_jara_training_data_cbow_lr0.05_epochs1_mincount50_ws12_dims300,sextäter,0.7044661045074463
spritzige_jara_training_data_cbow_lr0.05_epochs1_mincount50_ws12_dims300,einbrecherduo,0.7036346793174744
spritzige_jara_training_data_cbow_lr0.05_epochs1_mincount50_ws12_dims300,tatortermittler,0.7032922506332397
spritzige_jara_training_data_cbow_lr0.05_epochs1_mincount50_ws12_dims300,verdächtigem,0.7024670839309692
spritzige_jara_training_data_cbow_lr0.05_epochs1_mincount50_ws12_dims300,unbekannte,0.7018483877182007
spritzige_jara_training_data_cbow_lr0.05_epochs1_mincount50_ws12_dims300,opferstock,0.6976674795150757
spritzige_jara_training_data_cbow_lr0.05_epochs1_mincount50_ws12_dims300,täter_innen,0.6891457438468933
spritzige_jara_training_data_cbow_lr0.05_epochs1_mincount50_ws12_dims300,einbruchsopfer,0.6886129975318909
spritzige_jara_training_data_cbow_lr0.05_epochs1_mincount50_ws12_dims300,komplize,0.6867950558662415
spritzige_jara_training_data_cbow_lr0.05_epochs1_mincount50_ws12_dims300,tatverdächtig,0.6850692629814148
spritzige_jara_training_data_cbow_lr0.05_epochs1_mincount50_ws12_dims300,tatverdächtige,0.6845849752426147
spritzige_jara_training_data_cbow_lr0.05_epochs1_mincount50_ws12_dims300,haupttatverdächtigen,0.6845635175704956
spritzige_jara_training_data_cbow_lr0.05_epochs1_mincount50_ws12_dims300,verdächtigung,0.6835078001022339
spritzige_jara_training_data_cbow_lr0.05_epochs1_mincount50_ws12_dims300,einbrechern,0.6807219982147217
spritzige_jara_training_data_cbow_lr0.05_epochs1_mincount50_ws12_dims300,diebesbanden,0.6792811155319214
spritzige_jara_training_data_cbow_lr0.05_epochs1_mincount50_ws12_dims300,attentäter,0.6790938973426819
spritzige_jara_training_data_cbow_lr0.05_epochs1_mincount50_ws12_dims300,tätergruppierung,0.6789913177490234
spritzige_jara_training_data_cbow_lr0.05_epochs1_mincount50_ws12_dims300,tatverdächtigen,0.6781429648399353
spritzige_jara_training_data_cbow_lr0.05_epochs1_mincount50_ws12_dims300,dieber,0.6760658621788025
spritzige_jara_training_data_cbow_lr0.05_epochs1_mincount50_ws12_dims300,tatorte,0.6758725047111511
spritzige_jara_training_data_cbow_lr0.05_epochs1_mincount50_ws12_dims300,raubopfer,0.6754614114761353
spritzige_jara_training_data_cbow_lr0.05_epochs1_mincount50_ws12_dims300,täterarbeit,0.6753353476524353
spritzige_jara_training_data_cbow_lr0.05_epochs1_mincount50_ws12_dims300,nachahmungstäter,0.6751344203948975
spritzige_jara_training_data_cbow_lr0.05_epochs1_mincount50_ws12_dims300,einbrechers,0.6740007996559143
spritzige_jara_training_data_cbow_lr0.05_epochs1_mincount50_ws12_dims300,kriminalpolizisten,0.673940122127533
spritzige_jara_training_data_cbow_lr0.05_epochs1_mincount50_ws12_dims300,polizeiermittler,0.6738839149475098
spritzige_jara_training_data_cbow_lr0.05_epochs1_mincount50_ws12_dims300,triebtäter,0.6736904382705688
spritzige_jara_training_data_cbow_lr0.05_epochs1_mincount50_ws12_dims300,polizistenmörder,0.6717627644538879
spritzige_jara_training_data_cbow_lr0.05_epochs1_mincount50_ws12_dims300,räuberleiter,0.6717183589935303
spritzige_jara_training_data_cbow_lr0.05_epochs1_mincount50_ws12_dims300,raubüberfalles,0.6715169548988342
spritzige_jara_training_data_cbow_lr0.05_epochs1_mincount50_ws12_dims300,haupttätern,0.67137610912323
spritzige_jara_training_data_cbow_lr0.05_epochs1_mincount50_ws12_dims300,mittätern,0.6702096462249756
spritzige_jara_training_data_cbow_lr0.05_epochs1_mincount50_ws12_dims300,hauptverdächtige,0.6697645783424377
spritzige_jara_training_data_cbow_lr0.05_epochs1_mincount50_ws12_dims300,täterbeschreibungen,0.6685693264007568
spritzige_jara_training_data_cbow_lr0.05_epochs1_mincount50_ws12_dims300,polizeiübergriff,0.6684012413024902
spritzige_jara_training_data_cbow_lr0.05_epochs1_mincount50_ws12_dims300,raubmörder,0.6683429479598999
spritzige_jara_training_data_cbow_lr0.05_epochs1_mincount50_ws12_dims300,opferstöcke,0.6674128770828247
spritzige_jara_training_data_cbow_lr0.05_epochs1_mincount50_ws12_dims300,diebesbande,0.6667991280555725
spritzige_jara_training_data_cbow_lr0.05_epochs1_mincount50_ws12_dims300,einbrecherbande,0.6664575934410095
spritzige_jara_training_data_cbow_lr0.05_epochs1_mincount50_ws12_dims300,tatnacht,0.666411817073822
spritzige_jara_training_data_cbow_lr0.05_epochs1_mincount50_ws12_dims300,einbrecherbanden,0.665945291519165
spritzige_jara_training_data_cbow_lr0.05_epochs1_mincount50_ws12_dims300,mordverdächtigen,0.663256824016571
spritzige_jara_training_data_cbow_lr0.05_epochs1_mincount50_ws12_dims300,rückfalltäter,0.6623780727386475
spritzige_jara_training_data_cbow_lr0.05_epochs1_mincount50_ws12_dims300,missetäter,0.6612319350242615
spritzige_jara_training_data_cbow_lr0.05_epochs1_mincount50_ws12_dims300,fluchtfahrer,0.6611423492431641
spritzige_jara_training_data_cbow_lr0.05_epochs1_mincount50_ws12_dims300,polizeibeamten,0.6606483459472656
spritzige_jara_training_data_cbow_lr0.05_epochs1_mincount50_ws12_dims300,hauptverdächtigen,0.6601331830024719
spritzige_jara_training_data_cbow_lr0.05_epochs1_mincount50_ws12_dims300,dieben,0.6598686575889587
grantiger_baris_training_data_lower_cbow_lr0.05_epochs1_mincount10_ws24_dims300,tätern,0.8926050066947937
grantiger_baris_training_data_lower_cbow_lr0.05_epochs1_mincount10_ws24_dims300,täterort,0.8706751465797424
grantiger_baris_training_data_lower_cbow_lr0.05_epochs1_mincount10_ws24_dims300,täterpaar,0.8477599024772644
grantiger_baris_training_data_lower_cbow_lr0.05_epochs1_mincount10_ws24_dims300,täterduo,0.8439982533454895
grantiger_baris_training_data_lower_cbow_lr0.05_epochs1_mincount10_ws24_dims300,tätertrio,0.8334211111068726
grantiger_baris_training_data_lower_cbow_lr0.05_epochs1_mincount10_ws24_dims300,tätertyp,0.8276044726371765
grantiger_baris_training_data_lower_cbow_lr0.05_epochs1_mincount10_ws24_dims300,täterkreis,0.8236791491508484
grantiger_baris_training_data_lower_cbow_lr0.05_epochs1_mincount10_ws24_dims300,täterschaft,0.8123034834861755
grantiger_baris_training_data_lower_cbow_lr0.05_epochs1_mincount10_ws24_dims300,fremdtäter,0.8086671233177185
grantiger_baris_training_data_lower_cbow_lr0.05_epochs1_mincount10_ws24_dims300,täters,0.8067309856414795
grantiger_baris_training_data_lower_cbow_lr0.05_epochs1_mincount10_ws24_dims300,täterbande,0.80582594871521
grantiger_baris_training_data_lower_cbow_lr0.05_epochs1_mincount10_ws24_dims300,täterbanden,0.8042773008346558
grantiger_baris_training_data_lower_cbow_lr0.05_epochs1_mincount10_ws24_dims300,tätertypus,0.8026710748672485
grantiger_baris_training_data_lower_cbow_lr0.05_epochs1_mincount10_ws24_dims300,täterspuren,0.8021438717842102
grantiger_baris_training_data_lower_cbow_lr0.05_epochs1_mincount10_ws24_dims300,ersttäter,0.8019503951072693
grantiger_baris_training_data_lower_cbow_lr0.05_epochs1_mincount10_ws24_dims300,mehrtäter,0.801506757736206
grantiger_baris_training_data_lower_cbow_lr0.05_epochs1_mincount10_ws24_dims300,täterfahndung,0.8003963828086853
grantiger_baris_training_data_lower_cbow_lr0.05_epochs1_mincount10_ws24_dims300,tätertypen,0.7937197089195251
grantiger_baris_training_data_lower_cbow_lr0.05_epochs1_mincount10_ws24_dims300,täterland,0.7923887968063354
grantiger_baris_training_data_lower_cbow_lr0.05_epochs1_mincount10_ws24_dims300,täterjagd,0.7922138571739197
grantiger_baris_training_data_lower_cbow_lr0.05_epochs1_mincount10_ws24_dims300,täterseite,0.7918219566345215
grantiger_baris_training_data_lower_cbow_lr0.05_epochs1_mincount10_ws24_dims300,opferstockdiebe,0.79073166847229
grantiger_baris_training_data_lower_cbow_lr0.05_epochs1_mincount10_ws24_dims300,amoktäter,0.7874181866645813
grantiger_baris_training_data_lower_cbow_lr0.05_epochs1_mincount10_ws24_dims300,täterwissen,0.7867656946182251
grantiger_baris_training_data_lower_cbow_lr0.05_epochs1_mincount10_ws24_dims300,opferstockdieb,0.7866774797439575
grantiger_baris_training_data_lower_cbow_lr0.05_epochs1_mincount10_ws24_dims300,täterhund,0.786114513874054
grantiger_baris_training_data_lower_cbow_lr0.05_epochs1_mincount10_ws24_dims300,mittäter,0.7858157157897949
grantiger_baris_training_data_lower_cbow_lr0.05_epochs1_mincount10_ws24_dims300,inzesttäter,0.7820460796356201
grantiger_baris_training_data_lower_cbow_lr0.05_epochs1_mincount10_ws24_dims300,täterhinweise,0.778235137462616
grantiger_baris_training_data_lower_cbow_lr0.05_epochs1_mincount10_ws24_dims300,täternamen,0.7778899669647217
grantiger_baris_training_data_lower_cbow_lr0.05_epochs1_mincount10_ws24_dims300,täterrollen,0.7760233879089355
grantiger_baris_training_data_lower_cbow_lr0.05_epochs1_mincount10_ws24_dims300,haupttäter,0.7724810242652893
grantiger_baris_training_data_lower_cbow_lr0.05_epochs1_mincount10_ws24_dims300,täterbild,0.7706272602081299
grantiger_baris_training_data_lower_cbow_lr0.05_epochs1_mincount10_ws24_dims300,täterhinweis,0.7685295343399048
grantiger_baris_training_data_lower_cbow_lr0.05_epochs1_mincount10_ws24_dims300,täterfamilie,0.7663782238960266
grantiger_baris_training_data_lower_cbow_lr0.05_epochs1_mincount10_ws24_dims300,tätergruppe,0.7660690546035767
grantiger_baris_training_data_lower_cbow_lr0.05_epochs1_mincount10_ws24_dims300,innentäter,0.7636743187904358
grantiger_baris_training_data_lower_cbow_lr0.05_epochs1_mincount10_ws24_dims300,opferstockdiebstahl,0.7607032060623169
grantiger_baris_training_data_lower_cbow_lr0.05_epochs1_mincount10_ws24_dims300,datteltäter,0.7605124115943909
grantiger_baris_training_data_lower_cbow_lr0.05_epochs1_mincount10_ws24_dims300,tätersuche,0.7591836452484131
grantiger_baris_training_data_lower_cbow_lr0.05_epochs1_mincount10_ws24_dims300,tatverdächtige,0.757662296295166
grantiger_baris_training_data_lower_cbow_lr0.05_epochs1_mincount10_ws24_dims300,täterthese,0.7567871809005737
grantiger_baris_training_data_lower_cbow_lr0.05_epochs1_mincount10_ws24_dims300,tätergruppen,0.7555180191993713
grantiger_baris_training_data_lower_cbow_lr0.05_epochs1_mincount10_ws24_dims300,missetäter,0.7545195817947388
grantiger_baris_training_data_lower_cbow_lr0.05_epochs1_mincount10_ws24_dims300,täterfamilien,0.7542233467102051
grantiger_baris_training_data_lower_cbow_lr0.05_epochs1_mincount10_ws24_dims300,tatverdächtigen,0.753846287727356
grantiger_baris_training_data_lower_cbow_lr0.05_epochs1_mincount10_ws24_dims300,täterinnen,0.7534046769142151
grantiger_baris_training_data_lower_cbow_lr0.05_epochs1_mincount10_ws24_dims300,sextäter,0.7519310116767883
grantiger_baris_training_data_lower_cbow_lr0.05_epochs1_mincount10_ws24_dims300,triebtäter,0.7515977621078491
grantiger_baris_training_data_lower_cbow_lr0.05_epochs1_mincount10_ws24_dims300,einzeltäter,0.7491875290870667
grantiger_baris_training_data_lower_cbow_lr0.05_epochs1_mincount10_ws24_dims300,opferstockdiebstähle,0.7480663061141968
grantiger_baris_training_data_lower_cbow_lr0.05_epochs1_mincount10_ws24_dims300,täterschaften,0.7475413680076599
grantiger_baris_training_data_lower_cbow_lr0.05_epochs1_mincount10_ws24_dims300,verdächtige,0.74659663438797
grantiger_baris_training_data_lower_cbow_lr0.05_epochs1_mincount10_ws24_dims300,täterbeschreibung,0.7458352446556091
grantiger_baris_training_data_lower_cbow_lr0.05_epochs1_mincount10_ws24_dims300,täterprofil,0.7456296682357788
grantiger_baris_training_data_lower_cbow_lr0.05_epochs1_mincount10_ws24_dims300,täterprofile,0.7434061169624329
grantiger_baris_training_data_lower_cbow_lr0.05_epochs1_mincount10_ws24_dims300,raubverdächtigen,0.7420127987861633
grantiger_baris_training_data_lower_cbow_lr0.05_epochs1_mincount10_ws24_dims300,täterverfolgung,0.7410047650337219
grantiger_baris_training_data_lower_cbow_lr0.05_epochs1_mincount10_ws24_dims300,zweittäter,0.7409645318984985
grantiger_baris_training_data_lower_cbow_lr0.05_epochs1_mincount10_ws24_dims300,vorsatztäter,0.739782452583313
grantiger_baris_training_data_lower_cbow_lr0.05_epochs1_mincount10_ws24_dims300,tatverdächtig,0.738935649394989
grantiger_baris_training_data_lower_cbow_lr0.05_epochs1_mincount10_ws24_dims300,verdächtigen,0.7388351559638977
grantiger_baris_training_data_lower_cbow_lr0.05_epochs1_mincount10_ws24_dims300,tatverdächtiger,0.73573899269104
grantiger_baris_training_data_lower_cbow_lr0.05_epochs1_mincount10_ws24_dims300,gewalttäter,0.7349550724029541
grantiger_baris_training_data_lower_cbow_lr0.05_epochs1_mincount10_ws24_dims300,täterin,0.7348999977111816
grantiger_baris_training_data_lower_cbow_lr0.05_epochs1_mincount10_ws24_dims300,täterschutz,0.7340958118438721
grantiger_baris_training_data_lower_cbow_lr0.05_epochs1_mincount10_ws24_dims300,täterbekleidung,0.7335730791091919
grantiger_baris_training_data_lower_cbow_lr0.05_epochs1_mincount10_ws24_dims300,täterrolle,0.7332667112350464
grantiger_baris_training_data_lower_cbow_lr0.05_epochs1_mincount10_ws24_dims300,übeltäter,0.7331896424293518
grantiger_baris_training_data_lower_cbow_lr0.05_epochs1_mincount10_ws24_dims300,überfallsopfer,0.7313022017478943
grantiger_baris_training_data_lower_cbow_lr0.05_epochs1_mincount10_ws24_dims300,täterstellung,0.7299526929855347
grantiger_baris_training_data_lower_cbow_lr0.05_epochs1_mincount10_ws24_dims300,täterfahrzeug,0.7292929291725159
grantiger_baris_training_data_lower_cbow_lr0.05_epochs1_mincount10_ws24_dims300,opferstockdiebstählen,0.7277301549911499
grantiger_baris_training_data_lower_cbow_lr0.05_epochs1_mincount10_ws24_dims300,tatverdächtigte,0.7264882326126099
grantiger_baris_training_data_lower_cbow_lr0.05_epochs1_mincount10_ws24_dims300,ersttätern,0.7258404493331909
grantiger_baris_training_data_lower_cbow_lr0.05_epochs1_mincount10_ws24_dims300,täterfotos,0.7244831323623657
grantiger_baris_training_data_lower_cbow_lr0.05_epochs1_mincount10_ws24_dims300,brandstäter,0.7234921455383301
grantiger_baris_training_data_lower_cbow_lr0.05_epochs1_mincount10_ws24_dims300,tatverdächtigten,0.7228994965553284
grantiger_baris_training_data_lower_cbow_lr0.05_epochs1_mincount10_ws24_dims300,einbrecher,0.7189077138900757
grantiger_baris_training_data_lower_cbow_lr0.05_epochs1_mincount10_ws24_dims300,täterdaten,0.7178436517715454
grantiger_baris_training_data_lower_cbow_lr0.05_epochs1_mincount10_ws24_dims300,täterbeschreibungen,0.7178135514259338
grantiger_baris_training_data_lower_cbow_lr0.05_epochs1_mincount10_ws24_dims300,alleintäter,0.7167856097221375
grantiger_baris_training_data_lower_cbow_lr0.05_epochs1_mincount10_ws24_dims300,polizeiopfer,0.7166464924812317
grantiger_baris_training_data_lower_cbow_lr0.05_epochs1_mincount10_ws24_dims300,tatverdächtigem,0.7156543135643005
grantiger_baris_training_data_lower_cbow_lr0.05_epochs1_mincount10_ws24_dims300,täterverhalten,0.715641438961029
grantiger_baris_training_data_lower_cbow_lr0.05_epochs1_mincount10_ws24_dims300,serientäter,0.714630126953125
grantiger_baris_training_data_lower_cbow_lr0.05_epochs1_mincount10_ws24_dims300,terrortäter,0.7144786715507507
grantiger_baris_training_data_lower_cbow_lr0.05_epochs1_mincount10_ws24_dims300,mittätern,0.7142295837402344
grantiger_baris_training_data_lower_cbow_lr0.05_epochs1_mincount10_ws24_dims300,diebstahlsopfer,0.7131573557853699
grantiger_baris_training_data_lower_cbow_lr0.05_epochs1_mincount10_ws24_dims300,täte,0.7111517786979675
grantiger_baris_training_data_lower_cbow_lr0.05_epochs1_mincount10_ws24_dims300,nachahmungstäter,0.7105478048324585
grantiger_baris_training_data_lower_cbow_lr0.05_epochs1_mincount10_ws24_dims300,verdächtig,0.7099796533584595
grantiger_baris_training_data_lower_cbow_lr0.05_epochs1_mincount10_ws24_dims300,mehrfachtäter,0.7097231149673462
grantiger_baris_training_data_lower_cbow_lr0.05_epochs1_mincount10_ws24_dims300,täterfahrzeuge,0.7090702056884766
grantiger_baris_training_data_lower_cbow_lr0.05_epochs1_mincount10_ws24_dims300,haupttatverdächtige,0.7089385986328125
grantiger_baris_training_data_lower_cbow_lr0.05_epochs1_mincount10_ws24_dims300,verdächtiger,0.7079302668571472
grantiger_baris_training_data_lower_cbow_lr0.05_epochs1_mincount10_ws24_dims300,tätergeschichte,0.7075000405311584
grantiger_baris_training_data_lower_cbow_lr0.05_epochs1_mincount10_ws24_dims300,haupttätern,0.7070487141609192
grantiger_baris_training_data_lower_cbow_lr0.05_epochs1_mincount10_ws24_dims300,tätergeneration,0.7067484855651855
grantiger_baris_training_data_lower_cbow_lr0.05_epochs1_mincount10_ws24_dims300,täterarbeit,0.7065694332122803
sinnlicher_andre_training_data_lower_cbow_lr0.05_epochs1_mincount5_ws5_dims300,täterort,0.8688668608665466
sinnlicher_andre_training_data_lower_cbow_lr0.05_epochs1_mincount5_ws5_dims300,mitttäter,0.8644261956214905
sinnlicher_andre_training_data_lower_cbow_lr0.05_epochs1_mincount5_ws5_dims300,täterpärchen,0.853337287902832
sinnlicher_andre_training_data_lower_cbow_lr0.05_epochs1_mincount5_ws5_dims300,tätertrio,0.8494347929954529
sinnlicher_andre_training_data_lower_cbow_lr0.05_epochs1_mincount5_ws5_dims300,amoktäter,0.847930371761322
sinnlicher_andre_training_data_lower_cbow_lr0.05_epochs1_mincount5_ws5_dims300,täterorte,0.846610426902771
sinnlicher_andre_training_data_lower_cbow_lr0.05_epochs1_mincount5_ws5_dims300,tätern,0.8425330519676208
sinnlicher_andre_training_data_lower_cbow_lr0.05_epochs1_mincount5_ws5_dims300,ersttäter,0.8393842577934265
sinnlicher_andre_training_data_lower_cbow_lr0.05_epochs1_mincount5_ws5_dims300,mittäter,0.8384222388267517
sinnlicher_andre_training_data_lower_cbow_lr0.05_epochs1_mincount5_ws5_dims300,mehrtäter,0.8346659541130066
sinnlicher_andre_training_data_lower_cbow_lr0.05_epochs1_mincount5_ws5_dims300,haupttäter,0.8342558741569519
sinnlicher_andre_training_data_lower_cbow_lr0.05_epochs1_mincount5_ws5_dims300,fremdtäter,0.8339073061943054
sinnlicher_andre_training_data_lower_cbow_lr0.05_epochs1_mincount5_ws5_dims300,hauptäter,0.8336607217788696
sinnlicher_andre_training_data_lower_cbow_lr0.05_epochs1_mincount5_ws5_dims300,täterspur,0.8317721486091614
sinnlicher_andre_training_data_lower_cbow_lr0.05_epochs1_mincount5_ws5_dims300,täterpaar,0.8310842514038086
sinnlicher_andre_training_data_lower_cbow_lr0.05_epochs1_mincount5_ws5_dims300,tätertrios,0.8286960124969482
sinnlicher_andre_training_data_lower_cbow_lr0.05_epochs1_mincount5_ws5_dims300,täterduo,0.8230401277542114
sinnlicher_andre_training_data_lower_cbow_lr0.05_epochs1_mincount5_ws5_dims300,inzesttäter,0.8229188323020935
sinnlicher_andre_training_data_lower_cbow_lr0.05_epochs1_mincount5_ws5_dims300,täterbanden,0.8219852447509766
sinnlicher_andre_training_data_lower_cbow_lr0.05_epochs1_mincount5_ws5_dims300,sextäter,0.8216421604156494
sinnlicher_andre_training_data_lower_cbow_lr0.05_epochs1_mincount5_ws5_dims300,tätervolk,0.8209008574485779
sinnlicher_andre_training_data_lower_cbow_lr0.05_epochs1_mincount5_ws5_dims300,täterbande,0.8198638558387756
sinnlicher_andre_training_data_lower_cbow_lr0.05_epochs1_mincount5_ws5_dims300,innentäter,0.8196045160293579
sinnlicher_andre_training_data_lower_cbow_lr0.05_epochs1_mincount5_ws5_dims300,täterkreis,0.8185466527938843
sinnlicher_andre_training_data_lower_cbow_lr0.05_epochs1_mincount5_ws5_dims300,täterspuren,0.8170133233070374
sinnlicher_andre_training_data_lower_cbow_lr0.05_epochs1_mincount5_ws5_dims300,opferstockdiebe,0.8167221546173096
sinnlicher_andre_training_data_lower_cbow_lr0.05_epochs1_mincount5_ws5_dims300,täterauto,0.8119733929634094
sinnlicher_andre_training_data_lower_cbow_lr0.05_epochs1_mincount5_ws5_dims300,tätertyp,0.8098173141479492
sinnlicher_andre_training_data_lower_cbow_lr0.05_epochs1_mincount5_ws5_dims300,täterhund,0.8069526553153992
sinnlicher_andre_training_data_lower_cbow_lr0.05_epochs1_mincount5_ws5_dims300,opferstockdieb,0.8056213855743408
sinnlicher_andre_training_data_lower_cbow_lr0.05_epochs1_mincount5_ws5_dims300,tätertypus,0.7993924021720886
sinnlicher_andre_training_data_lower_cbow_lr0.05_epochs1_mincount5_ws5_dims300,täterinnen,0.7991859912872314
sinnlicher_andre_training_data_lower_cbow_lr0.05_epochs1_mincount5_ws5_dims300,täterfahndung,0.7979926466941833
sinnlicher_andre_training_data_lower_cbow_lr0.05_epochs1_mincount5_ws5_dims300,triebtäter,0.797315776348114
sinnlicher_andre_training_data_lower_cbow_lr0.05_epochs1_mincount5_ws5_dims300,opferstockdieben,0.7960789203643799
sinnlicher_andre_training_data_lower_cbow_lr0.05_epochs1_mincount5_ws5_dims300,terrortäter,0.7957234382629395
sinnlicher_andre_training_data_lower_cbow_lr0.05_epochs1_mincount5_ws5_dims300,täterherkunft,0.795324444770813
sinnlicher_andre_training_data_lower_cbow_lr0.05_epochs1_mincount5_ws5_dims300,tatverdächtige,0.7947619557380676
sinnlicher_andre_training_data_lower_cbow_lr0.05_epochs1_mincount5_ws5_dims300,gewalttäter,0.7946704626083374
sinnlicher_andre_training_data_lower_cbow_lr0.05_epochs1_mincount5_ws5_dims300,datteltäter,0.7940061092376709
sinnlicher_andre_training_data_lower_cbow_lr0.05_epochs1_mincount5_ws5_dims300,serientäter,0.7939589023590088
sinnlicher_andre_training_data_lower_cbow_lr0.05_epochs1_mincount5_ws5_dims300,tätertypen,0.7917193174362183
sinnlicher_andre_training_data_lower_cbow_lr0.05_epochs1_mincount5_ws5_dims300,täterschaft,0.7915526032447815
sinnlicher_andre_training_data_lower_cbow_lr0.05_epochs1_mincount5_ws5_dims300,hauptübeltäter,0.7912106513977051
sinnlicher_andre_training_data_lower_cbow_lr0.05_epochs1_mincount5_ws5_dims300,tätverdächtige,0.7900740504264832
sinnlicher_andre_training_data_lower_cbow_lr0.05_epochs1_mincount5_ws5_dims300,übeltäter,0.7895022630691528
sinnlicher_andre_training_data_lower_cbow_lr0.05_epochs1_mincount5_ws5_dims300,täterumkehr,0.7893816232681274
sinnlicher_andre_training_data_lower_cbow_lr0.05_epochs1_mincount5_ws5_dims300,täterseite,0.7887496948242188
sinnlicher_andre_training_data_lower_cbow_lr0.05_epochs1_mincount5_ws5_dims300,vorsatztäter,0.7884057760238647
sinnlicher_andre_training_data_lower_cbow_lr0.05_epochs1_mincount5_ws5_dims300,täterjagd,0.7878576517105103
sinnlicher_andre_training_data_lower_cbow_lr0.05_epochs1_mincount5_ws5_dims300,missetäter,0.7869089841842651
sinnlicher_andre_training_data_lower_cbow_lr0.05_epochs1_mincount5_ws5_dims300,übertäter,0.7858596444129944
sinnlicher_andre_training_data_lower_cbow_lr0.05_epochs1_mincount5_ws5_dims300,täterkreise,0.7854516506195068
sinnlicher_andre_training_data_lower_cbow_lr0.05_epochs1_mincount5_ws5_dims300,täterland,0.784478485584259
sinnlicher_andre_training_data_lower_cbow_lr0.05_epochs1_mincount5_ws5_dims300,einzeltäter,0.7837011218070984
sinnlicher_andre_training_data_lower_cbow_lr0.05_epochs1_mincount5_ws5_dims300,dritttäter,0.7834135293960571
sinnlicher_andre_training_data_lower_cbow_lr0.05_epochs1_mincount5_ws5_dims300,tatverdächtigen,0.7828077077865601
sinnlicher_andre_training_data_lower_cbow_lr0.05_epochs1_mincount5_ws5_dims300,täterthese,0.7812991142272949
sinnlicher_andre_training_data_lower_cbow_lr0.05_epochs1_mincount5_ws5_dims300,einbrecher,0.7812092304229736
sinnlicher_andre_training_data_lower_cbow_lr0.05_epochs1_mincount5_ws5_dims300,täterrollen,0.7810810208320618
sinnlicher_andre_training_data_lower_cbow_lr0.05_epochs1_mincount5_ws5_dims300,täterkleidung,0.780017614364624
sinnlicher_andre_training_data_lower_cbow_lr0.05_epochs1_mincount5_ws5_dims300,täterbilder,0.7789061069488525
sinnlicher_andre_training_data_lower_cbow_lr0.05_epochs1_mincount5_ws5_dims300,täters,0.7773351073265076
sinnlicher_andre_training_data_lower_cbow_lr0.05_epochs1_mincount5_ws5_dims300,opferstockdiebstahl,0.7751631736755371
sinnlicher_andre_training_data_lower_cbow_lr0.05_epochs1_mincount5_ws5_dims300,brandstäter,0.7745329141616821
sinnlicher_andre_training_data_lower_cbow_lr0.05_epochs1_mincount5_ws5_dims300,täternamen,0.7735753655433655
sinnlicher_andre_training_data_lower_cbow_lr0.05_epochs1_mincount5_ws5_dims300,identitäter,0.7734851837158203
sinnlicher_andre_training_data_lower_cbow_lr0.05_epochs1_mincount5_ws5_dims300,tatverdächtig,0.7734102606773376
sinnlicher_andre_training_data_lower_cbow_lr0.05_epochs1_mincount5_ws5_dims300,mutmaßlichentäter,0.7731199264526367
sinnlicher_andre_training_data_lower_cbow_lr0.05_epochs1_mincount5_ws5_dims300,zweittäter,0.7729130983352661
sinnlicher_andre_training_data_lower_cbow_lr0.05_epochs1_mincount5_ws5_dims300,tatverdächtiger,0.7721620798110962
sinnlicher_andre_training_data_lower_cbow_lr0.05_epochs1_mincount5_ws5_dims300,tatverdächte,0.7717839479446411
sinnlicher_andre_training_data_lower_cbow_lr0.05_epochs1_mincount5_ws5_dims300,täterwissen,0.7705519199371338
sinnlicher_andre_training_data_lower_cbow_lr0.05_epochs1_mincount5_ws5_dims300,messerattentäter,0.7690647840499878
sinnlicher_andre_training_data_lower_cbow_lr0.05_epochs1_mincount5_ws5_dims300,täterbekleidung,0.7686317563056946
sinnlicher_andre_training_data_lower_cbow_lr0.05_epochs1_mincount5_ws5_dims300,täterbild,0.7685608863830566
sinnlicher_andre_training_data_lower_cbow_lr0.05_epochs1_mincount5_ws5_dims300,täterhinweise,0.7685297131538391
sinnlicher_andre_training_data_lower_cbow_lr0.05_epochs1_mincount5_ws5_dims300,alleintäter,0.7664962410926819
sinnlicher_andre_training_data_lower_cbow_lr0.05_epochs1_mincount5_ws5_dims300,tätersicht,0.7663570642471313
sinnlicher_andre_training_data_lower_cbow_lr0.05_epochs1_mincount5_ws5_dims300,räuber,0.7655067443847656
sinnlicher_andre_training_data_lower_cbow_lr0.05_epochs1_mincount5_ws5_dims300,täterwohnung,0.7649742960929871
sinnlicher_andre_training_data_lower_cbow_lr0.05_epochs1_mincount5_ws5_dims300,suchtgifttäter,0.7644076943397522
sinnlicher_andre_training_data_lower_cbow_lr0.05_epochs1_mincount5_ws5_dims300,täterfamilien,0.7640995979309082
sinnlicher_andre_training_data_lower_cbow_lr0.05_epochs1_mincount5_ws5_dims300,opferstockdiebstähle,0.7637217044830322
sinnlicher_andre_training_data_lower_cbow_lr0.05_epochs1_mincount5_ws5_dims300,tätergruppen,0.7627027034759521
sinnlicher_andre_training_data_lower_cbow_lr0.05_epochs1_mincount5_ws5_dims300,drogentäter,0.7614926695823669
sinnlicher_andre_training_data_lower_cbow_lr0.05_epochs1_mincount5_ws5_dims300,täterhinweis,0.761021077632904
sinnlicher_andre_training_data_lower_cbow_lr0.05_epochs1_mincount5_ws5_dims300,raubverdächtigen,0.7600205540657043
sinnlicher_andre_training_data_lower_cbow_lr0.05_epochs1_mincount5_ws5_dims300,zugattentäter,0.7589387893676758
sinnlicher_andre_training_data_lower_cbow_lr0.05_epochs1_mincount5_ws5_dims300,spontantäter,0.7586409449577332
sinnlicher_andre_training_data_lower_cbow_lr0.05_epochs1_mincount5_ws5_dims300,tätergruppe,0.7572241425514221
sinnlicher_andre_training_data_lower_cbow_lr0.05_epochs1_mincount5_ws5_dims300,tätersuche,0.7563887238502502
sinnlicher_andre_training_data_lower_cbow_lr0.05_epochs1_mincount5_ws5_dims300,täterprofils,0.7558231949806213
sinnlicher_andre_training_data_lower_cbow_lr0.05_epochs1_mincount5_ws5_dims300,verdächtige,0.7557570338249207
sinnlicher_andre_training_data_lower_cbow_lr0.05_epochs1_mincount5_ws5_dims300,täterprofile,0.7556752562522888
sinnlicher_andre_training_data_lower_cbow_lr0.05_epochs1_mincount5_ws5_dims300,attentäter,0.7554848790168762
sinnlicher_andre_training_data_lower_cbow_lr0.05_epochs1_mincount5_ws5_dims300,tätersprache,0.7543030977249146
sinnlicher_andre_training_data_lower_cbow_lr0.05_epochs1_mincount5_ws5_dims300,opferstockdiebstählen,0.7540284395217896
sinnlicher_andre_training_data_lower_cbow_lr0.05_epochs1_mincount5_ws5_dims300,straftatverdächtigen,0.7540175914764404
sinnlicher_andre_training_data_lower_cbow_lr0.05_epochs1_mincount5_ws5_dims300,täterlagen,0.7537801861763
angeregte_friederike_training_data_cbow_lr0.05_epochs1_mincount5_ws24_dims300,tätern,0.8971010446548462
angeregte_friederike_training_data_cbow_lr0.05_epochs1_mincount5_ws24_dims300,täterort,0.8875255584716797
angeregte_friederike_training_data_cbow_lr0.05_epochs1_mincount5_ws24_dims300,täte,0.8722867965698242
angeregte_friederike_training_data_cbow_lr0.05_epochs1_mincount5_ws24_dims300,tätervolk,0.8673539757728577
angeregte_friederike_training_data_cbow_lr0.05_epochs1_mincount5_ws24_dims300,tätertyp,0.8606864809989929
angeregte_friederike_training_data_cbow_lr0.05_epochs1_mincount5_ws24_dims300,täterorte,0.8606792092323303
angeregte_friederike_training_data_cbow_lr0.05_epochs1_mincount5_ws24_dims300,täterspur,0.8598328232765198
angeregte_friederike_training_data_cbow_lr0.05_epochs1_mincount5_ws24_dims300,täterpaar,0.8512715697288513
angeregte_friederike_training_data_cbow_lr0.05_epochs1_mincount5_ws24_dims300,tätertypus,0.8479709029197693
angeregte_friederike_training_data_cbow_lr0.05_epochs1_mincount5_ws24_dims300,tätertrio,0.8462749123573303
angeregte_friederike_training_data_cbow_lr0.05_epochs1_mincount5_ws24_dims300,täterpärchen,0.8460031151771545
angeregte_friederike_training_data_cbow_lr0.05_epochs1_mincount5_ws24_dims300,täterkreis,0.8447852730751038
angeregte_friederike_training_data_cbow_lr0.05_epochs1_mincount5_ws24_dims300,tätertrios,0.8427168130874634
angeregte_friederike_training_data_cbow_lr0.05_epochs1_mincount5_ws24_dims300,täterduo,0.839448094367981
angeregte_friederike_training_data_cbow_lr0.05_epochs1_mincount5_ws24_dims300,täterherkunft,0.8355439901351929
angeregte_friederike_training_data_cbow_lr0.05_epochs1_mincount5_ws24_dims300,täterumkehr,0.8286905288696289
angeregte_friederike_training_data_cbow_lr0.05_epochs1_mincount5_ws24_dims300,täterauto,0.8233511447906494
angeregte_friederike_training_data_cbow_lr0.05_epochs1_mincount5_ws24_dims300,täters,0.8196065425872803
angeregte_friederike_training_data_cbow_lr0.05_epochs1_mincount5_ws24_dims300,täterbande,0.8184677958488464
angeregte_friederike_training_data_cbow_lr0.05_epochs1_mincount5_ws24_dims300,täterspuren,0.8151202201843262
angeregte_friederike_training_data_cbow_lr0.05_epochs1_mincount5_ws24_dims300,täterschaft,0.8149190545082092
angeregte_friederike_training_data_cbow_lr0.05_epochs1_mincount5_ws24_dims300,täterfahndung,0.8146783113479614
angeregte_friederike_training_data_cbow_lr0.05_epochs1_mincount5_ws24_dims300,täterland,0.8119778037071228
angeregte_friederike_training_data_cbow_lr0.05_epochs1_mincount5_ws24_dims300,täterkreise,0.8110063076019287
angeregte_friederike_training_data_cbow_lr0.05_epochs1_mincount5_ws24_dims300,täterthese,0.8102829456329346
angeregte_friederike_training_data_cbow_lr0.05_epochs1_mincount5_ws24_dims300,tätertypen,0.8089814186096191
angeregte_friederike_training_data_cbow_lr0.05_epochs1_mincount5_ws24_dims300,täterhund,0.8034520745277405
angeregte_friederike_training_data_cbow_lr0.05_epochs1_mincount5_ws24_dims300,tätersicht,0.8012174963951111
angeregte_friederike_training_data_cbow_lr0.05_epochs1_mincount5_ws24_dims300,täterseite,0.8006312847137451
angeregte_friederike_training_data_cbow_lr0.05_epochs1_mincount5_ws24_dims300,täterbanden,0.7957656383514404
angeregte_friederike_training_data_cbow_lr0.05_epochs1_mincount5_ws24_dims300,täterprofile,0.7937257885932922
angeregte_friederike_training_data_cbow_lr0.05_epochs1_mincount5_ws24_dims300,täten,0.7921062111854553
angeregte_friederike_training_data_cbow_lr0.05_epochs1_mincount5_ws24_dims300,täterbild,0.7899237275123596
angeregte_friederike_training_data_cbow_lr0.05_epochs1_mincount5_ws24_dims300,täterprofilen,0.7897976636886597
angeregte_friederike_training_data_cbow_lr0.05_epochs1_mincount5_ws24_dims300,täternamen,0.7893999814987183
angeregte_friederike_training_data_cbow_lr0.05_epochs1_mincount5_ws24_dims300,täterhinweise,0.7871538400650024
angeregte_friederike_training_data_cbow_lr0.05_epochs1_mincount5_ws24_dims300,täterfamilie,0.787006676197052
angeregte_friederike_training_data_cbow_lr0.05_epochs1_mincount5_ws24_dims300,täterjagd,0.7869871258735657
angeregte_friederike_training_data_cbow_lr0.05_epochs1_mincount5_ws24_dims300,täterwissen,0.7852039337158203
angeregte_friederike_training_data_cbow_lr0.05_epochs1_mincount5_ws24_dims300,täterbilder,0.7848293781280518
angeregte_friederike_training_data_cbow_lr0.05_epochs1_mincount5_ws24_dims300,täterprofils,0.7844573259353638
angeregte_friederike_training_data_cbow_lr0.05_epochs1_mincount5_ws24_dims300,tätersuche,0.7791315913200378
angeregte_friederike_training_data_cbow_lr0.05_epochs1_mincount5_ws24_dims300,täterrollen,0.7789682149887085
angeregte_friederike_training_data_cbow_lr0.05_epochs1_mincount5_ws24_dims300,tätergruppe,0.7785851955413818
angeregte_friederike_training_data_cbow_lr0.05_epochs1_mincount5_ws24_dims300,täterprofil,0.7766069769859314
angeregte_friederike_training_data_cbow_lr0.05_epochs1_mincount5_ws24_dims300,mitttäter,0.7753056287765503
angeregte_friederike_training_data_cbow_lr0.05_epochs1_mincount5_ws24_dims300,täterlagen,0.7744844555854797
angeregte_friederike_training_data_cbow_lr0.05_epochs1_mincount5_ws24_dims300,täterkleidung,0.7742016911506653
angeregte_friederike_training_data_cbow_lr0.05_epochs1_mincount5_ws24_dims300,opferstockdieb,0.7729976773262024
angeregte_friederike_training_data_cbow_lr0.05_epochs1_mincount5_ws24_dims300,tätverdächtige,0.7723501324653625
angeregte_friederike_training_data_cbow_lr0.05_epochs1_mincount5_ws24_dims300,tätergruppen,0.7717057466506958
angeregte_friederike_training_data_cbow_lr0.05_epochs1_mincount5_ws24_dims300,täterbekleidung,0.7715573310852051
angeregte_friederike_training_data_cbow_lr0.05_epochs1_mincount5_ws24_dims300,opferstockdiebe,0.7679232954978943
angeregte_friederike_training_data_cbow_lr0.05_epochs1_mincount5_ws24_dims300,täterinnen,0.7668962478637695
angeregte_friederike_training_data_cbow_lr0.05_epochs1_mincount5_ws24_dims300,tatverdächtige,0.7660033702850342
angeregte_friederike_training_data_cbow_lr0.05_epochs1_mincount5_ws24_dims300,täterfamilien,0.7652013301849365
angeregte_friederike_training_data_cbow_lr0.05_epochs1_mincount5_ws24_dims300,opferstockdiebstahl,0.7633997797966003
angeregte_friederike_training_data_cbow_lr0.05_epochs1_mincount5_ws24_dims300,täterschutz,0.7629162669181824
angeregte_friederike_training_data_cbow_lr0.05_epochs1_mincount5_ws24_dims300,tätersprache,0.7612232565879822
angeregte_friederike_training_data_cbow_lr0.05_epochs1_mincount5_ws24_dims300,tätertypologie,0.7593655586242676
angeregte_friederike_training_data_cbow_lr0.05_epochs1_mincount5_ws24_dims300,mittäter,0.758563220500946
angeregte_friederike_training_data_cbow_lr0.05_epochs1_mincount5_ws24_dims300,opferstockdieben,0.758209764957428
angeregte_friederike_training_data_cbow_lr0.05_epochs1_mincount5_ws24_dims300,tatverdächtigen,0.7577669620513916
angeregte_friederike_training_data_cbow_lr0.05_epochs1_mincount5_ws24_dims300,täterwohnung,0.757688581943512
angeregte_friederike_training_data_cbow_lr0.05_epochs1_mincount5_ws24_dims300,verdächtige,0.7558974027633667
angeregte_friederike_training_data_cbow_lr0.05_epochs1_mincount5_ws24_dims300,täterkontakt,0.7554861307144165
angeregte_friederike_training_data_cbow_lr0.05_epochs1_mincount5_ws24_dims300,täternation,0.7542732357978821
angeregte_friederike_training_data_cbow_lr0.05_epochs1_mincount5_ws24_dims300,täterfotos,0.7542390823364258
angeregte_friederike_training_data_cbow_lr0.05_epochs1_mincount5_ws24_dims300,täterdaten,0.7541294693946838
angeregte_friederike_training_data_cbow_lr0.05_epochs1_mincount5_ws24_dims300,unbekannten,0.7529497146606445
angeregte_friederike_training_data_cbow_lr0.05_epochs1_mincount5_ws24_dims300,täterverfolgung,0.7520105838775635
angeregte_friederike_training_data_cbow_lr0.05_epochs1_mincount5_ws24_dims300,verdächtigen,0.7516079545021057
angeregte_friederike_training_data_cbow_lr0.05_epochs1_mincount5_ws24_dims300,tatverdächtig,0.7514962553977966
angeregte_friederike_training_data_cbow_lr0.05_epochs1_mincount5_ws24_dims300,täterschaften,0.7510867714881897
angeregte_friederike_training_data_cbow_lr0.05_epochs1_mincount5_ws24_dims300,täterrolle,0.7500675916671753
angeregte_friederike_training_data_cbow_lr0.05_epochs1_mincount5_ws24_dims300,verdächtig,0.7479081153869629
angeregte_friederike_training_data_cbow_lr0.05_epochs1_mincount5_ws24_dims300,täterfahrzeug,0.7477506995201111
angeregte_friederike_training_data_cbow_lr0.05_epochs1_mincount5_ws24_dims300,mutmaßlichentäter,0.7467986345291138
angeregte_friederike_training_data_cbow_lr0.05_epochs1_mincount5_ws24_dims300,täterbeschreibung,0.7461903691291809
angeregte_friederike_training_data_cbow_lr0.05_epochs1_mincount5_ws24_dims300,täterhinweis,0.7456541061401367
angeregte_friederike_training_data_cbow_lr0.05_epochs1_mincount5_ws24_dims300,täterin,0.7441379427909851
angeregte_friederike_training_data_cbow_lr0.05_epochs1_mincount5_ws24_dims300,täterstaat,0.7441243529319763
angeregte_friederike_training_data_cbow_lr0.05_epochs1_mincount5_ws24_dims300,opferstockdiebstähle,0.743842363357544
angeregte_friederike_training_data_cbow_lr0.05_epochs1_mincount5_ws24_dims300,haupttäter,0.7408791780471802
angeregte_friederike_training_data_cbow_lr0.05_epochs1_mincount5_ws24_dims300,täterverhalten,0.7400503754615784
angeregte_friederike_training_data_cbow_lr0.05_epochs1_mincount5_ws24_dims300,täterfiguren,0.7394400835037231
angeregte_friederike_training_data_cbow_lr0.05_epochs1_mincount5_ws24_dims300,ersttäter,0.7390139698982239
angeregte_friederike_training_data_cbow_lr0.05_epochs1_mincount5_ws24_dims300,täterstellung,0.7389366030693054
angeregte_friederike_training_data_cbow_lr0.05_epochs1_mincount5_ws24_dims300,tatverdächtiger,0.7375028133392334
angeregte_friederike_training_data_cbow_lr0.05_epochs1_mincount5_ws24_dims300,hauptäter,0.7311646342277527
angeregte_friederike_training_data_cbow_lr0.05_epochs1_mincount5_ws24_dims300,raubverdächtigen,0.7303226590156555
angeregte_friederike_training_data_cbow_lr0.05_epochs1_mincount5_ws24_dims300,einbrecher,0.7298079133033752
angeregte_friederike_training_data_cbow_lr0.05_epochs1_mincount5_ws24_dims300,täterperspektive,0.729699969291687
angeregte_friederike_training_data_cbow_lr0.05_epochs1_mincount5_ws24_dims300,tatverdächtigte,0.7290198802947998
angeregte_friederike_training_data_cbow_lr0.05_epochs1_mincount5_ws24_dims300,verdächtiger,0.7288151979446411
angeregte_friederike_training_data_cbow_lr0.05_epochs1_mincount5_ws24_dims300,täterschuld,0.7284764051437378
angeregte_friederike_training_data_cbow_lr0.05_epochs1_mincount5_ws24_dims300,tatverdächte,0.7283520102500916
angeregte_friederike_training_data_cbow_lr0.05_epochs1_mincount5_ws24_dims300,täterfrage,0.7278296947479248
angeregte_friederike_training_data_cbow_lr0.05_epochs1_mincount5_ws24_dims300,opferstockdiebstählen,0.7273408770561218
angeregte_friederike_training_data_cbow_lr0.05_epochs1_mincount5_ws24_dims300,tätergeschichten,0.7265318632125854
angeregter_lucca_training_data_lower_cbow_lr0.05_epochs1_mincount100_ws5_dims300,ersttäter,0.8361004590988159
angeregter_lucca_training_data_lower_cbow_lr0.05_epochs1_mincount100_ws5_dims300,tätern,0.8330260515213013
angeregter_lucca_training_data_lower_cbow_lr0.05_epochs1_mincount100_ws5_dims300,mittäter,0.8182300925254822
angeregter_lucca_training_data_lower_cbow_lr0.05_epochs1_mincount100_ws5_dims300,sextäter,0.8147156238555908
angeregter_lucca_training_data_lower_cbow_lr0.05_epochs1_mincount100_ws5_dims300,haupttäter,0.8070809245109558
angeregter_lucca_training_data_lower_cbow_lr0.05_epochs1_mincount100_ws5_dims300,triebtäter,0.7856095433235168
angeregter_lucca_training_data_lower_cbow_lr0.05_epochs1_mincount100_ws5_dims300,täterinnen,0.7746820449829102
angeregter_lucca_training_data_lower_cbow_lr0.05_epochs1_mincount100_ws5_dims300,gewalttäter,0.7739656567573547
angeregter_lucca_training_data_lower_cbow_lr0.05_epochs1_mincount100_ws5_dims300,tatverdächtige,0.7735874652862549
angeregter_lucca_training_data_lower_cbow_lr0.05_epochs1_mincount100_ws5_dims300,serientäter,0.7729930281639099
angeregter_lucca_training_data_lower_cbow_lr0.05_epochs1_mincount100_ws5_dims300,opferstockdieb,0.7712929844856262
angeregter_lucca_training_data_lower_cbow_lr0.05_epochs1_mincount100_ws5_dims300,einbrecher,0.7692634463310242
angeregter_lucca_training_data_lower_cbow_lr0.05_epochs1_mincount100_ws5_dims300,täterschaft,0.7658051252365112
angeregter_lucca_training_data_lower_cbow_lr0.05_epochs1_mincount100_ws5_dims300,tatverdächtigen,0.76438307762146
angeregter_lucca_training_data_lower_cbow_lr0.05_epochs1_mincount100_ws5_dims300,übeltäter,0.7616038918495178
angeregter_lucca_training_data_lower_cbow_lr0.05_epochs1_mincount100_ws5_dims300,täters,0.7612677812576294
angeregter_lucca_training_data_lower_cbow_lr0.05_epochs1_mincount100_ws5_dims300,einzeltäter,0.7607907652854919
angeregter_lucca_training_data_lower_cbow_lr0.05_epochs1_mincount100_ws5_dims300,täterwissen,0.7526150941848755
angeregter_lucca_training_data_lower_cbow_lr0.05_epochs1_mincount100_ws5_dims300,missetäter,0.7525767087936401
angeregter_lucca_training_data_lower_cbow_lr0.05_epochs1_mincount100_ws5_dims300,räuber,0.7522565722465515
angeregter_lucca_training_data_lower_cbow_lr0.05_epochs1_mincount100_ws5_dims300,tatverdächtig,0.7483446002006531
angeregter_lucca_training_data_lower_cbow_lr0.05_epochs1_mincount100_ws5_dims300,täterin,0.7456890940666199
angeregter_lucca_training_data_lower_cbow_lr0.05_epochs1_mincount100_ws5_dims300,tatverdächtiger,0.7420501112937927
angeregter_lucca_training_data_lower_cbow_lr0.05_epochs1_mincount100_ws5_dims300,tätergruppe,0.739126443862915
angeregter_lucca_training_data_lower_cbow_lr0.05_epochs1_mincount100_ws5_dims300,nachahmungstäter,0.7349913120269775
angeregter_lucca_training_data_lower_cbow_lr0.05_epochs1_mincount100_ws5_dims300,verdächtige,0.7324804067611694
angeregter_lucca_training_data_lower_cbow_lr0.05_epochs1_mincount100_ws5_dims300,tätersuche,0.7318557500839233
angeregter_lucca_training_data_lower_cbow_lr0.05_epochs1_mincount100_ws5_dims300,tätergruppen,0.7285696864128113
angeregter_lucca_training_data_lower_cbow_lr0.05_epochs1_mincount100_ws5_dims300,attentäter,0.7251178026199341
angeregter_lucca_training_data_lower_cbow_lr0.05_epochs1_mincount100_ws5_dims300,täterprofil,0.7227605581283569
angeregter_lucca_training_data_lower_cbow_lr0.05_epochs1_mincount100_ws5_dims300,verdächtigen,0.7224685549736023
angeregter_lucca_training_data_lower_cbow_lr0.05_epochs1_mincount100_ws5_dims300,täter_innen,0.717894971370697
angeregter_lucca_training_data_lower_cbow_lr0.05_epochs1_mincount100_ws5_dims300,sexualtäter,0.7176787257194519
angeregter_lucca_training_data_lower_cbow_lr0.05_epochs1_mincount100_ws5_dims300,haupttätern,0.7164198160171509
angeregter_lucca_training_data_lower_cbow_lr0.05_epochs1_mincount100_ws5_dims300,täterfahrzeug,0.715701699256897
angeregter_lucca_training_data_lower_cbow_lr0.05_epochs1_mincount100_ws5_dims300,komplizen,0.7142223715782166
angeregter_lucca_training_data_lower_cbow_lr0.05_epochs1_mincount100_ws5_dims300,mittätern,0.7101852297782898
angeregter_lucca_training_data_lower_cbow_lr0.05_epochs1_mincount100_ws5_dims300,intensivtäter,0.7094891667366028
angeregter_lucca_training_data_lower_cbow_lr0.05_epochs1_mincount100_ws5_dims300,komplize,0.7082073092460632
angeregter_lucca_training_data_lower_cbow_lr0.05_epochs1_mincount100_ws5_dims300,täterbeschreibung,0.7065989375114441
angeregter_lucca_training_data_lower_cbow_lr0.05_epochs1_mincount100_ws5_dims300,tatortermittler,0.70562744140625
angeregter_lucca_training_data_lower_cbow_lr0.05_epochs1_mincount100_ws5_dims300,raubopfer,0.7032476663589478
angeregter_lucca_training_data_lower_cbow_lr0.05_epochs1_mincount100_ws5_dims300,straftäter,0.7021610140800476
angeregter_lucca_training_data_lower_cbow_lr0.05_epochs1_mincount100_ws5_dims300,verdächtiger,0.7012706398963928
angeregter_lucca_training_data_lower_cbow_lr0.05_epochs1_mincount100_ws5_dims300,trafikräuber,0.6986022591590881
angeregter_lucca_training_data_lower_cbow_lr0.05_epochs1_mincount100_ws5_dims300,dieber,0.6984846591949463
angeregter_lucca_training_data_lower_cbow_lr0.05_epochs1_mincount100_ws5_dims300,raubmörder,0.6975194811820984
angeregter_lucca_training_data_lower_cbow_lr0.05_epochs1_mincount100_ws5_dims300,diebe,0.696581244468689
angeregter_lucca_training_data_lower_cbow_lr0.05_epochs1_mincount100_ws5_dims300,diebesbande,0.6945660710334778
angeregter_lucca_training_data_lower_cbow_lr0.05_epochs1_mincount100_ws5_dims300,verdächtig,0.6944010257720947
angeregter_lucca_training_data_lower_cbow_lr0.05_epochs1_mincount100_ws5_dims300,bankräuber,0.6924755573272705
angeregter_lucca_training_data_lower_cbow_lr0.05_epochs1_mincount100_ws5_dims300,rückfalltäter,0.6918512582778931
angeregter_lucca_training_data_lower_cbow_lr0.05_epochs1_mincount100_ws5_dims300,autoeinbrecher,0.691471517086029
angeregter_lucca_training_data_lower_cbow_lr0.05_epochs1_mincount100_ws5_dims300,diebesbanden,0.6895574331283569
angeregter_lucca_training_data_lower_cbow_lr0.05_epochs1_mincount100_ws5_dims300,polizistenmörder,0.6863515973091125
angeregter_lucca_training_data_lower_cbow_lr0.05_epochs1_mincount100_ws5_dims300,auftragstäter,0.6859721541404724
angeregter_lucca_training_data_lower_cbow_lr0.05_epochs1_mincount100_ws5_dims300,juwelierräuber,0.6856764554977417
angeregter_lucca_training_data_lower_cbow_lr0.05_epochs1_mincount100_ws5_dims300,täterschutz,0.6850650906562805
angeregter_lucca_training_data_lower_cbow_lr0.05_epochs1_mincount100_ws5_dims300,tatwaffe,0.6839216351509094
angeregter_lucca_training_data_lower_cbow_lr0.05_epochs1_mincount100_ws5_dims300,angreifer,0.6830729842185974
angeregter_lucca_training_data_lower_cbow_lr0.05_epochs1_mincount100_ws5_dims300,serieneinbrecher,0.6828851699829102
angeregter_lucca_training_data_lower_cbow_lr0.05_epochs1_mincount100_ws5_dims300,täterbeschreibungen,0.6821374297142029
angeregter_lucca_training_data_lower_cbow_lr0.05_epochs1_mincount100_ws5_dims300,ladendiebe,0.6813459396362305
angeregter_lucca_training_data_lower_cbow_lr0.05_epochs1_mincount100_ws5_dims300,gewalttätern,0.68022221326828
angeregter_lucca_training_data_lower_cbow_lr0.05_epochs1_mincount100_ws5_dims300,polizeiermittler,0.6795787215232849
angeregter_lucca_training_data_lower_cbow_lr0.05_epochs1_mincount100_ws5_dims300,tätergruppierung,0.6791848540306091
angeregter_lucca_training_data_lower_cbow_lr0.05_epochs1_mincount100_ws5_dims300,tatzeugen,0.6769895553588867
angeregter_lucca_training_data_lower_cbow_lr0.05_epochs1_mincount100_ws5_dims300,einbrechern,0.6758331060409546
angeregter_lucca_training_data_lower_cbow_lr0.05_epochs1_mincount100_ws5_dims300,polizeibekannten,0.6749659180641174
angeregter_lucca_training_data_lower_cbow_lr0.05_epochs1_mincount100_ws5_dims300,täterarbeit,0.6746785044670105
angeregter_lucca_training_data_lower_cbow_lr0.05_epochs1_mincount100_ws5_dims300,räuberleiter,0.6735996007919312
angeregter_lucca_training_data_lower_cbow_lr0.05_epochs1_mincount100_ws5_dims300,missbrauchstäter,0.6730024814605713
angeregter_lucca_training_data_lower_cbow_lr0.05_epochs1_mincount100_ws5_dims300,hauptverdächtige,0.6726046204566956
angeregter_lucca_training_data_lower_cbow_lr0.05_epochs1_mincount100_ws5_dims300,messerangreifer,0.6724967956542969
angeregter_lucca_training_data_lower_cbow_lr0.05_epochs1_mincount100_ws5_dims300,polizeibekannte,0.6721474528312683
angeregter_lucca_training_data_lower_cbow_lr0.05_epochs1_mincount100_ws5_dims300,hauptverdächtigen,0.671319842338562
angeregter_lucca_training_data_lower_cbow_lr0.05_epochs1_mincount100_ws5_dims300,mordverdächtigen,0.6711500287055969
angeregter_lucca_training_data_lower_cbow_lr0.05_epochs1_mincount100_ws5_dims300,dieben,0.6708589792251587
angeregter_lucca_training_data_lower_cbow_lr0.05_epochs1_mincount100_ws5_dims300,unverdächtige,0.6701866388320923
angeregter_lucca_training_data_lower_cbow_lr0.05_epochs1_mincount100_ws5_dims300,unverdächtigen,0.6697221398353577
angeregter_lucca_training_data_lower_cbow_lr0.05_epochs1_mincount100_ws5_dims300,opferstöcke,0.668471097946167
angeregter_lucca_training_data_lower_cbow_lr0.05_epochs1_mincount100_ws5_dims300,autodiebe,0.6680892705917358
angeregter_lucca_training_data_lower_cbow_lr0.05_epochs1_mincount100_ws5_dims300,handtaschenräuber,0.6659327149391174
angeregter_lucca_training_data_lower_cbow_lr0.05_epochs1_mincount100_ws5_dims300,polizeibeamten,0.6653738617897034
angeregter_lucca_training_data_lower_cbow_lr0.05_epochs1_mincount100_ws5_dims300,hintermänner,0.664627730846405
angeregter_lucca_training_data_lower_cbow_lr0.05_epochs1_mincount100_ws5_dims300,autodieben,0.6634992361068726
angeregter_lucca_training_data_lower_cbow_lr0.05_epochs1_mincount100_ws5_dims300,opferstock,0.6628453135490417
angeregter_lucca_training_data_lower_cbow_lr0.05_epochs1_mincount100_ws5_dims300,verdächtigem,0.6622056365013123
angeregter_lucca_training_data_lower_cbow_lr0.05_epochs1_mincount100_ws5_dims300,kriminalpolizisten,0.6619104146957397
angeregter_lucca_training_data_lower_cbow_lr0.05_epochs1_mincount100_ws5_dims300,identitätsdiebstahl,0.6616431474685669
angeregter_lucca_training_data_lower_cbow_lr0.05_epochs1_mincount100_ws5_dims300,einschleichdieb,0.6613559722900391
angeregter_lucca_training_data_lower_cbow_lr0.05_epochs1_mincount100_ws5_dims300,haupttäters,0.6603490114212036
angeregter_lucca_training_data_lower_cbow_lr0.05_epochs1_mincount100_ws5_dims300,kriminalbeamten,0.6603397727012634
angeregter_lucca_training_data_lower_cbow_lr0.05_epochs1_mincount100_ws5_dims300,autodiebstahl,0.6591809988021851
angeregter_lucca_training_data_lower_cbow_lr0.05_epochs1_mincount100_ws5_dims300,tatortnähe,0.6589391231536865
angeregter_lucca_training_data_lower_cbow_lr0.05_epochs1_mincount100_ws5_dims300,tatnacht,0.6586205959320068
angeregter_lucca_training_data_lower_cbow_lr0.05_epochs1_mincount100_ws5_dims300,attentäterinnen,0.6583394408226013
angeregter_lucca_training_data_lower_cbow_lr0.05_epochs1_mincount100_ws5_dims300,polizeibekannter,0.6581884026527405
angeregter_lucca_training_data_lower_cbow_lr0.05_epochs1_mincount100_ws5_dims300,dieb,0.6566901803016663
angeregter_lucca_training_data_lower_cbow_lr0.05_epochs1_mincount100_ws5_dims300,einbrecherbanden,0.6561300754547119
lebendiger_paul_training_data_cbow_lr0.05_epochs1_mincount10_ws12_dims300,täterort,0.8897622227668762
lebendiger_paul_training_data_cbow_lr0.05_epochs1_mincount10_ws12_dims300,tätern,0.882426917552948
lebendiger_paul_training_data_cbow_lr0.05_epochs1_mincount10_ws12_dims300,täte,0.8708164095878601
lebendiger_paul_training_data_cbow_lr0.05_epochs1_mincount10_ws12_dims300,täterpaar,0.870252251625061
lebendiger_paul_training_data_cbow_lr0.05_epochs1_mincount10_ws12_dims300,tätertrio,0.8647035956382751
lebendiger_paul_training_data_cbow_lr0.05_epochs1_mincount10_ws12_dims300,tätertyp,0.8585056066513062
lebendiger_paul_training_data_cbow_lr0.05_epochs1_mincount10_ws12_dims300,täterduo,0.8521018028259277
lebendiger_paul_training_data_cbow_lr0.05_epochs1_mincount10_ws12_dims300,tätertypus,0.8493094444274902
lebendiger_paul_training_data_cbow_lr0.05_epochs1_mincount10_ws12_dims300,täterkreis,0.8426111340522766
lebendiger_paul_training_data_cbow_lr0.05_epochs1_mincount10_ws12_dims300,täterhund,0.8267098665237427
lebendiger_paul_training_data_cbow_lr0.05_epochs1_mincount10_ws12_dims300,täterland,0.823148787021637
lebendiger_paul_training_data_cbow_lr0.05_epochs1_mincount10_ws12_dims300,täterthese,0.8214852213859558
lebendiger_paul_training_data_cbow_lr0.05_epochs1_mincount10_ws12_dims300,täterspuren,0.8200646638870239
lebendiger_paul_training_data_cbow_lr0.05_epochs1_mincount10_ws12_dims300,täterbande,0.8127412796020508
lebendiger_paul_training_data_cbow_lr0.05_epochs1_mincount10_ws12_dims300,täters,0.8090223073959351
lebendiger_paul_training_data_cbow_lr0.05_epochs1_mincount10_ws12_dims300,täterseite,0.806325376033783
lebendiger_paul_training_data_cbow_lr0.05_epochs1_mincount10_ws12_dims300,tätertypen,0.8050013184547424
lebendiger_paul_training_data_cbow_lr0.05_epochs1_mincount10_ws12_dims300,täterbanden,0.8037958145141602
lebendiger_paul_training_data_cbow_lr0.05_epochs1_mincount10_ws12_dims300,täten,0.8013046383857727
lebendiger_paul_training_data_cbow_lr0.05_epochs1_mincount10_ws12_dims300,täterschaft,0.7988318800926208
lebendiger_paul_training_data_cbow_lr0.05_epochs1_mincount10_ws12_dims300,tatverdächtige,0.7946804761886597
lebendiger_paul_training_data_cbow_lr0.05_epochs1_mincount10_ws12_dims300,täterwissen,0.7923552989959717
lebendiger_paul_training_data_cbow_lr0.05_epochs1_mincount10_ws12_dims300,täternamen,0.7922642230987549
lebendiger_paul_training_data_cbow_lr0.05_epochs1_mincount10_ws12_dims300,täterbild,0.7914549708366394
lebendiger_paul_training_data_cbow_lr0.05_epochs1_mincount10_ws12_dims300,opferstockdiebe,0.7891250252723694
lebendiger_paul_training_data_cbow_lr0.05_epochs1_mincount10_ws12_dims300,täterinnen,0.7877229452133179
lebendiger_paul_training_data_cbow_lr0.05_epochs1_mincount10_ws12_dims300,täterfahndung,0.7876557111740112
lebendiger_paul_training_data_cbow_lr0.05_epochs1_mincount10_ws12_dims300,opferstockdieb,0.7864944934844971
lebendiger_paul_training_data_cbow_lr0.05_epochs1_mincount10_ws12_dims300,täterrollen,0.7858563661575317
lebendiger_paul_training_data_cbow_lr0.05_epochs1_mincount10_ws12_dims300,verdächtige,0.7853699922561646
lebendiger_paul_training_data_cbow_lr0.05_epochs1_mincount10_ws12_dims300,täterhinweise,0.7838294506072998
lebendiger_paul_training_data_cbow_lr0.05_epochs1_mincount10_ws12_dims300,täterjagd,0.7819178104400635
lebendiger_paul_training_data_cbow_lr0.05_epochs1_mincount10_ws12_dims300,tatverdächtigen,0.7801523208618164
lebendiger_paul_training_data_cbow_lr0.05_epochs1_mincount10_ws12_dims300,einbrecher,0.7776858806610107
lebendiger_paul_training_data_cbow_lr0.05_epochs1_mincount10_ws12_dims300,tätergruppe,0.7770928144454956
lebendiger_paul_training_data_cbow_lr0.05_epochs1_mincount10_ws12_dims300,tatverdächtig,0.777014434337616
lebendiger_paul_training_data_cbow_lr0.05_epochs1_mincount10_ws12_dims300,täterprofile,0.7758244276046753
lebendiger_paul_training_data_cbow_lr0.05_epochs1_mincount10_ws12_dims300,täterbekleidung,0.7747238874435425
lebendiger_paul_training_data_cbow_lr0.05_epochs1_mincount10_ws12_dims300,opferstockdiebstahl,0.7743551135063171
lebendiger_paul_training_data_cbow_lr0.05_epochs1_mincount10_ws12_dims300,tätersuche,0.7738324999809265
lebendiger_paul_training_data_cbow_lr0.05_epochs1_mincount10_ws12_dims300,tätergruppen,0.7732548117637634
lebendiger_paul_training_data_cbow_lr0.05_epochs1_mincount10_ws12_dims300,verdächtigen,0.7729800343513489
lebendiger_paul_training_data_cbow_lr0.05_epochs1_mincount10_ws12_dims300,täterprofil,0.7718285918235779
lebendiger_paul_training_data_cbow_lr0.05_epochs1_mincount10_ws12_dims300,täterfamilien,0.7691610455513
lebendiger_paul_training_data_cbow_lr0.05_epochs1_mincount10_ws12_dims300,täterfamilie,0.7690077424049377
lebendiger_paul_training_data_cbow_lr0.05_epochs1_mincount10_ws12_dims300,täterrolle,0.7675601840019226
lebendiger_paul_training_data_cbow_lr0.05_epochs1_mincount10_ws12_dims300,verdächtig,0.7672978639602661
lebendiger_paul_training_data_cbow_lr0.05_epochs1_mincount10_ws12_dims300,mittäter,0.764574408531189
lebendiger_paul_training_data_cbow_lr0.05_epochs1_mincount10_ws12_dims300,tatverdächtiger,0.7628676891326904
lebendiger_paul_training_data_cbow_lr0.05_epochs1_mincount10_ws12_dims300,haupttäter,0.7623562812805176
lebendiger_paul_training_data_cbow_lr0.05_epochs1_mincount10_ws12_dims300,täterdaten,0.756786048412323
lebendiger_paul_training_data_cbow_lr0.05_epochs1_mincount10_ws12_dims300,opferstockdiebstähle,0.7563936114311218
lebendiger_paul_training_data_cbow_lr0.05_epochs1_mincount10_ws12_dims300,täterhinweis,0.7551974654197693
lebendiger_paul_training_data_cbow_lr0.05_epochs1_mincount10_ws12_dims300,ersttäter,0.7549533843994141
lebendiger_paul_training_data_cbow_lr0.05_epochs1_mincount10_ws12_dims300,täterin,0.7543896436691284
lebendiger_paul_training_data_cbow_lr0.05_epochs1_mincount10_ws12_dims300,diebstahlsopfer,0.754163384437561
lebendiger_paul_training_data_cbow_lr0.05_epochs1_mincount10_ws12_dims300,einzeltäter,0.7539695501327515
lebendiger_paul_training_data_cbow_lr0.05_epochs1_mincount10_ws12_dims300,täterfotos,0.7527754902839661
lebendiger_paul_training_data_cbow_lr0.05_epochs1_mincount10_ws12_dims300,tatverdächtigte,0.7513156533241272
lebendiger_paul_training_data_cbow_lr0.05_epochs1_mincount10_ws12_dims300,fremdtäter,0.7490984797477722
lebendiger_paul_training_data_cbow_lr0.05_epochs1_mincount10_ws12_dims300,tatverdächtigem,0.7488126754760742
lebendiger_paul_training_data_cbow_lr0.05_epochs1_mincount10_ws12_dims300,überfallsopfer,0.7484891414642334
lebendiger_paul_training_data_cbow_lr0.05_epochs1_mincount10_ws12_dims300,verdächtiger,0.7470827102661133
lebendiger_paul_training_data_cbow_lr0.05_epochs1_mincount10_ws12_dims300,übeltäter,0.7458503842353821
lebendiger_paul_training_data_cbow_lr0.05_epochs1_mincount10_ws12_dims300,opferstockdiebstählen,0.7446593642234802
lebendiger_paul_training_data_cbow_lr0.05_epochs1_mincount10_ws12_dims300,täterschutz,0.7445921897888184
lebendiger_paul_training_data_cbow_lr0.05_epochs1_mincount10_ws12_dims300,räuber,0.744297981262207
lebendiger_paul_training_data_cbow_lr0.05_epochs1_mincount10_ws12_dims300,täterschaften,0.7431391477584839
lebendiger_paul_training_data_cbow_lr0.05_epochs1_mincount10_ws12_dims300,raubverdächtigen,0.7425099611282349
lebendiger_paul_training_data_cbow_lr0.05_epochs1_mincount10_ws12_dims300,zweittäter,0.7422512173652649
lebendiger_paul_training_data_cbow_lr0.05_epochs1_mincount10_ws12_dims300,überfallopfer,0.7419646978378296
lebendiger_paul_training_data_cbow_lr0.05_epochs1_mincount10_ws12_dims300,täterverfolgung,0.7396384477615356
lebendiger_paul_training_data_cbow_lr0.05_epochs1_mincount10_ws12_dims300,täterbeschreibung,0.7390315532684326
lebendiger_paul_training_data_cbow_lr0.05_epochs1_mincount10_ws12_dims300,unbekannten,0.7385428547859192
lebendiger_paul_training_data_cbow_lr0.05_epochs1_mincount10_ws12_dims300,täterfahrzeug,0.7382860779762268
lebendiger_paul_training_data_cbow_lr0.05_epochs1_mincount10_ws12_dims300,innentäter,0.7379653453826904
lebendiger_paul_training_data_cbow_lr0.05_epochs1_mincount10_ws12_dims300,täterverhalten,0.7376920580863953
lebendiger_paul_training_data_cbow_lr0.05_epochs1_mincount10_ws12_dims300,näter,0.7374463081359863
lebendiger_paul_training_data_cbow_lr0.05_epochs1_mincount10_ws12_dims300,diebstahlopfer,0.7342930436134338
lebendiger_paul_training_data_cbow_lr0.05_epochs1_mincount10_ws12_dims300,mehrtäter,0.7339057326316833
lebendiger_paul_training_data_cbow_lr0.05_epochs1_mincount10_ws12_dims300,datteltäter,0.7338815331459045
lebendiger_paul_training_data_cbow_lr0.05_epochs1_mincount10_ws12_dims300,täter_innen,0.7334951162338257
lebendiger_paul_training_data_cbow_lr0.05_epochs1_mincount10_ws12_dims300,täterstellung,0.7318102717399597
lebendiger_paul_training_data_cbow_lr0.05_epochs1_mincount10_ws12_dims300,tätergeneration,0.7318035364151001
lebendiger_paul_training_data_cbow_lr0.05_epochs1_mincount10_ws12_dims300,täterperspektive,0.7301831841468811
lebendiger_paul_training_data_cbow_lr0.05_epochs1_mincount10_ws12_dims300,inzesttäter,0.7287390232086182
lebendiger_paul_training_data_cbow_lr0.05_epochs1_mincount10_ws12_dims300,überfalle,0.7282375693321228
lebendiger_paul_training_data_cbow_lr0.05_epochs1_mincount10_ws12_dims300,verdächte,0.7281993627548218
lebendiger_paul_training_data_cbow_lr0.05_epochs1_mincount10_ws12_dims300,serientäter,0.7258598804473877
lebendiger_paul_training_data_cbow_lr0.05_epochs1_mincount10_ws12_dims300,täterschuld,0.7257398366928101
lebendiger_paul_training_data_cbow_lr0.05_epochs1_mincount10_ws12_dims300,amoktäter,0.725121796131134
lebendiger_paul_training_data_cbow_lr0.05_epochs1_mincount10_ws12_dims300,täteransprache,0.7242623567581177
lebendiger_paul_training_data_cbow_lr0.05_epochs1_mincount10_ws12_dims300,tätergruppierung,0.7236526608467102
lebendiger_paul_training_data_cbow_lr0.05_epochs1_mincount10_ws12_dims300,einbrecherkönig,0.7235755920410156
lebendiger_paul_training_data_cbow_lr0.05_epochs1_mincount10_ws12_dims300,raubüberfalle,0.7223997116088867
lebendiger_paul_training_data_cbow_lr0.05_epochs1_mincount10_ws12_dims300,gewalttäter,0.7219716906547546
lebendiger_paul_training_data_cbow_lr0.05_epochs1_mincount10_ws12_dims300,verdächtigte,0.721625030040741
lebendiger_paul_training_data_cbow_lr0.05_epochs1_mincount10_ws12_dims300,verdächtigten,0.7216161489486694
lebendiger_paul_training_data_cbow_lr0.05_epochs1_mincount10_ws12_dims300,einbruchsopfer,0.7206933498382568
lebendiger_paul_training_data_cbow_lr0.05_epochs1_mincount10_ws12_dims300,komplizen,0.7206417322158813
vitale_stella_training_data_lower_cbow_lr0.05_epochs1_mincount10_ws6_dims300,täterort,0.8650165796279907
vitale_stella_training_data_lower_cbow_lr0.05_epochs1_mincount10_ws6_dims300,tätern,0.8521909713745117
vitale_stella_training_data_lower_cbow_lr0.05_epochs1_mincount10_ws6_dims300,amoktäter,0.8509725332260132
vitale_stella_training_data_lower_cbow_lr0.05_epochs1_mincount10_ws6_dims300,fremdtäter,0.8449886441230774
vitale_stella_training_data_lower_cbow_lr0.05_epochs1_mincount10_ws6_dims300,tätertrio,0.8440362215042114
vitale_stella_training_data_lower_cbow_lr0.05_epochs1_mincount10_ws6_dims300,ersttäter,0.8377867341041565
vitale_stella_training_data_lower_cbow_lr0.05_epochs1_mincount10_ws6_dims300,täterpaar,0.8369802236557007
vitale_stella_training_data_lower_cbow_lr0.05_epochs1_mincount10_ws6_dims300,mittäter,0.8326342701911926
vitale_stella_training_data_lower_cbow_lr0.05_epochs1_mincount10_ws6_dims300,täterduo,0.8261408805847168
vitale_stella_training_data_lower_cbow_lr0.05_epochs1_mincount10_ws6_dims300,mehrtäter,0.8242124319076538
vitale_stella_training_data_lower_cbow_lr0.05_epochs1_mincount10_ws6_dims300,innentäter,0.8205450177192688
vitale_stella_training_data_lower_cbow_lr0.05_epochs1_mincount10_ws6_dims300,haupttäter,0.8198953866958618
vitale_stella_training_data_lower_cbow_lr0.05_epochs1_mincount10_ws6_dims300,täterspuren,0.818215548992157
vitale_stella_training_data_lower_cbow_lr0.05_epochs1_mincount10_ws6_dims300,täterhund,0.8176329135894775
vitale_stella_training_data_lower_cbow_lr0.05_epochs1_mincount10_ws6_dims300,inzesttäter,0.8154879808425903
vitale_stella_training_data_lower_cbow_lr0.05_epochs1_mincount10_ws6_dims300,opferstockdiebe,0.8143450021743774
vitale_stella_training_data_lower_cbow_lr0.05_epochs1_mincount10_ws6_dims300,sextäter,0.8130914568901062
vitale_stella_training_data_lower_cbow_lr0.05_epochs1_mincount10_ws6_dims300,täterkreis,0.8095535635948181
vitale_stella_training_data_lower_cbow_lr0.05_epochs1_mincount10_ws6_dims300,tätertyp,0.8083228468894958
vitale_stella_training_data_lower_cbow_lr0.05_epochs1_mincount10_ws6_dims300,täterbanden,0.8076571226119995
vitale_stella_training_data_lower_cbow_lr0.05_epochs1_mincount10_ws6_dims300,täterbande,0.8056429624557495
vitale_stella_training_data_lower_cbow_lr0.05_epochs1_mincount10_ws6_dims300,datteltäter,0.8004086017608643
vitale_stella_training_data_lower_cbow_lr0.05_epochs1_mincount10_ws6_dims300,tatverdächtige,0.7984347343444824
vitale_stella_training_data_lower_cbow_lr0.05_epochs1_mincount10_ws6_dims300,täterschaft,0.7982942461967468
vitale_stella_training_data_lower_cbow_lr0.05_epochs1_mincount10_ws6_dims300,triebtäter,0.7958207726478577
vitale_stella_training_data_lower_cbow_lr0.05_epochs1_mincount10_ws6_dims300,opferstockdieb,0.7955948710441589
vitale_stella_training_data_lower_cbow_lr0.05_epochs1_mincount10_ws6_dims300,tätertypen,0.7951921820640564
vitale_stella_training_data_lower_cbow_lr0.05_epochs1_mincount10_ws6_dims300,einbrecher,0.7903998494148254
vitale_stella_training_data_lower_cbow_lr0.05_epochs1_mincount10_ws6_dims300,einzeltäter,0.790359616279602
vitale_stella_training_data_lower_cbow_lr0.05_epochs1_mincount10_ws6_dims300,gewalttäter,0.7897792458534241
vitale_stella_training_data_lower_cbow_lr0.05_epochs1_mincount10_ws6_dims300,brandstäter,0.7881275415420532
vitale_stella_training_data_lower_cbow_lr0.05_epochs1_mincount10_ws6_dims300,täterfahndung,0.7867777943611145
vitale_stella_training_data_lower_cbow_lr0.05_epochs1_mincount10_ws6_dims300,tatverdächtigen,0.7864542007446289
vitale_stella_training_data_lower_cbow_lr0.05_epochs1_mincount10_ws6_dims300,täterland,0.7863272428512573
vitale_stella_training_data_lower_cbow_lr0.05_epochs1_mincount10_ws6_dims300,terrortäter,0.7834509015083313
vitale_stella_training_data_lower_cbow_lr0.05_epochs1_mincount10_ws6_dims300,tätertypus,0.7831301689147949
vitale_stella_training_data_lower_cbow_lr0.05_epochs1_mincount10_ws6_dims300,tatverdächtig,0.783050537109375
vitale_stella_training_data_lower_cbow_lr0.05_epochs1_mincount10_ws6_dims300,täterseite,0.7819428443908691
vitale_stella_training_data_lower_cbow_lr0.05_epochs1_mincount10_ws6_dims300,täternamen,0.7803586721420288
vitale_stella_training_data_lower_cbow_lr0.05_epochs1_mincount10_ws6_dims300,täters,0.780134379863739
vitale_stella_training_data_lower_cbow_lr0.05_epochs1_mincount10_ws6_dims300,übeltäter,0.7796632647514343
vitale_stella_training_data_lower_cbow_lr0.05_epochs1_mincount10_ws6_dims300,täterinnen,0.7796434164047241
vitale_stella_training_data_lower_cbow_lr0.05_epochs1_mincount10_ws6_dims300,vorsatztäter,0.7795569896697998
vitale_stella_training_data_lower_cbow_lr0.05_epochs1_mincount10_ws6_dims300,täterthese,0.7786584496498108
vitale_stella_training_data_lower_cbow_lr0.05_epochs1_mincount10_ws6_dims300,serientäter,0.7771902084350586
vitale_stella_training_data_lower_cbow_lr0.05_epochs1_mincount10_ws6_dims300,zweittäter,0.7770151495933533
vitale_stella_training_data_lower_cbow_lr0.05_epochs1_mincount10_ws6_dims300,raubverdächtigen,0.776677668094635
vitale_stella_training_data_lower_cbow_lr0.05_epochs1_mincount10_ws6_dims300,missetäter,0.774398922920227
vitale_stella_training_data_lower_cbow_lr0.05_epochs1_mincount10_ws6_dims300,täterwissen,0.7721960544586182
vitale_stella_training_data_lower_cbow_lr0.05_epochs1_mincount10_ws6_dims300,alleintäter,0.7716033458709717
vitale_stella_training_data_lower_cbow_lr0.05_epochs1_mincount10_ws6_dims300,tatverdächtiger,0.7713249325752258
vitale_stella_training_data_lower_cbow_lr0.05_epochs1_mincount10_ws6_dims300,identitäter,0.7687553763389587
vitale_stella_training_data_lower_cbow_lr0.05_epochs1_mincount10_ws6_dims300,täterjagd,0.7666558623313904
vitale_stella_training_data_lower_cbow_lr0.05_epochs1_mincount10_ws6_dims300,täterrollen,0.765159547328949
vitale_stella_training_data_lower_cbow_lr0.05_epochs1_mincount10_ws6_dims300,messerattentäter,0.7632840275764465
vitale_stella_training_data_lower_cbow_lr0.05_epochs1_mincount10_ws6_dims300,opferstockdiebstähle,0.7631266117095947
vitale_stella_training_data_lower_cbow_lr0.05_epochs1_mincount10_ws6_dims300,nachahmungstäter,0.7621597647666931
vitale_stella_training_data_lower_cbow_lr0.05_epochs1_mincount10_ws6_dims300,räuber,0.7617237567901611
vitale_stella_training_data_lower_cbow_lr0.05_epochs1_mincount10_ws6_dims300,täterfamilien,0.7612143158912659
vitale_stella_training_data_lower_cbow_lr0.05_epochs1_mincount10_ws6_dims300,tätergruppen,0.7604612112045288
vitale_stella_training_data_lower_cbow_lr0.05_epochs1_mincount10_ws6_dims300,opferstockdiebstahl,0.7591719031333923
vitale_stella_training_data_lower_cbow_lr0.05_epochs1_mincount10_ws6_dims300,verdächtige,0.7590566277503967
vitale_stella_training_data_lower_cbow_lr0.05_epochs1_mincount10_ws6_dims300,tatverdächtigte,0.7587257027626038
vitale_stella_training_data_lower_cbow_lr0.05_epochs1_mincount10_ws6_dims300,drogentäter,0.7583524584770203
vitale_stella_training_data_lower_cbow_lr0.05_epochs1_mincount10_ws6_dims300,tätergruppe,0.7580940127372742
vitale_stella_training_data_lower_cbow_lr0.05_epochs1_mincount10_ws6_dims300,tatverdächtigem,0.7562344074249268
vitale_stella_training_data_lower_cbow_lr0.05_epochs1_mincount10_ws6_dims300,überfallopfer,0.7554660439491272
vitale_stella_training_data_lower_cbow_lr0.05_epochs1_mincount10_ws6_dims300,täterhinweise,0.7551904320716858
vitale_stella_training_data_lower_cbow_lr0.05_epochs1_mincount10_ws6_dims300,überfallsopfer,0.7537514567375183
vitale_stella_training_data_lower_cbow_lr0.05_epochs1_mincount10_ws6_dims300,tatverdächtigten,0.7524804472923279
vitale_stella_training_data_lower_cbow_lr0.05_epochs1_mincount10_ws6_dims300,täterbekleidung,0.7510033249855042
vitale_stella_training_data_lower_cbow_lr0.05_epochs1_mincount10_ws6_dims300,opferstockdiebstählen,0.750786304473877
vitale_stella_training_data_lower_cbow_lr0.05_epochs1_mincount10_ws6_dims300,täterfamilie,0.7507252097129822
vitale_stella_training_data_lower_cbow_lr0.05_epochs1_mincount10_ws6_dims300,täterbild,0.7495763897895813
vitale_stella_training_data_lower_cbow_lr0.05_epochs1_mincount10_ws6_dims300,haupttatverdächtige,0.7483260035514832
vitale_stella_training_data_lower_cbow_lr0.05_epochs1_mincount10_ws6_dims300,tätersuche,0.7481188774108887
vitale_stella_training_data_lower_cbow_lr0.05_epochs1_mincount10_ws6_dims300,zugattentäter,0.7478379607200623
vitale_stella_training_data_lower_cbow_lr0.05_epochs1_mincount10_ws6_dims300,verdächtigen,0.7477181553840637
vitale_stella_training_data_lower_cbow_lr0.05_epochs1_mincount10_ws6_dims300,täterhinweis,0.7476435303688049
vitale_stella_training_data_lower_cbow_lr0.05_epochs1_mincount10_ws6_dims300,täterschaften,0.7471678853034973
vitale_stella_training_data_lower_cbow_lr0.05_epochs1_mincount10_ws6_dims300,mittätern,0.746965229511261
vitale_stella_training_data_lower_cbow_lr0.05_epochs1_mincount10_ws6_dims300,täterprofile,0.7458134889602661
vitale_stella_training_data_lower_cbow_lr0.05_epochs1_mincount10_ws6_dims300,beziehungstäter,0.7453528046607971
vitale_stella_training_data_lower_cbow_lr0.05_epochs1_mincount10_ws6_dims300,spontantäter,0.7447759509086609
vitale_stella_training_data_lower_cbow_lr0.05_epochs1_mincount10_ws6_dims300,polizeiopfer,0.743331253528595
vitale_stella_training_data_lower_cbow_lr0.05_epochs1_mincount10_ws6_dims300,attentäter,0.7431110143661499
vitale_stella_training_data_lower_cbow_lr0.05_epochs1_mincount10_ws6_dims300,täterverfolgung,0.7426592111587524
vitale_stella_training_data_lower_cbow_lr0.05_epochs1_mincount10_ws6_dims300,raubopfer,0.7411772608757019
vitale_stella_training_data_lower_cbow_lr0.05_epochs1_mincount10_ws6_dims300,diebstahlsopfer,0.7407669425010681
vitale_stella_training_data_lower_cbow_lr0.05_epochs1_mincount10_ws6_dims300,haupttätern,0.7390419244766235
vitale_stella_training_data_lower_cbow_lr0.05_epochs1_mincount10_ws6_dims300,diebstahlopfer,0.7390261888504028
vitale_stella_training_data_lower_cbow_lr0.05_epochs1_mincount10_ws6_dims300,ersttätern,0.7379192113876343
vitale_stella_training_data_lower_cbow_lr0.05_epochs1_mincount10_ws6_dims300,täterrolle,0.7370774149894714
vitale_stella_training_data_lower_cbow_lr0.05_epochs1_mincount10_ws6_dims300,mehrfachtäter,0.7365052103996277
vitale_stella_training_data_lower_cbow_lr0.05_epochs1_mincount10_ws6_dims300,verdächtig,0.7351561188697815
vitale_stella_training_data_lower_cbow_lr0.05_epochs1_mincount10_ws6_dims300,haupttatverdächtigen,0.7348433136940002
vitale_stella_training_data_lower_cbow_lr0.05_epochs1_mincount10_ws6_dims300,täterin,0.734222948551178
vitale_stella_training_data_lower_cbow_lr0.05_epochs1_mincount10_ws6_dims300,täterprofil,0.7339845895767212
vitale_stella_training_data_lower_cbow_lr0.05_epochs1_mincount10_ws6_dims300,täterstellung,0.7332926988601685
vitale_stella_training_data_lower_cbow_lr0.05_epochs1_mincount10_ws6_dims300,straftäter,0.7317953109741211
mutige_julia_training_data_lower_cbow_lr0.05_epochs1_mincount50_ws6_dims300,tätern,0.8371042013168335
mutige_julia_training_data_lower_cbow_lr0.05_epochs1_mincount50_ws6_dims300,mittäter,0.8257757425308228
mutige_julia_training_data_lower_cbow_lr0.05_epochs1_mincount50_ws6_dims300,ersttäter,0.8230807781219482
mutige_julia_training_data_lower_cbow_lr0.05_epochs1_mincount50_ws6_dims300,täterkreis,0.8045399785041809
mutige_julia_training_data_lower_cbow_lr0.05_epochs1_mincount50_ws6_dims300,sextäter,0.8038393259048462
mutige_julia_training_data_lower_cbow_lr0.05_epochs1_mincount50_ws6_dims300,haupttäter,0.8021544218063354
mutige_julia_training_data_lower_cbow_lr0.05_epochs1_mincount50_ws6_dims300,opferstockdiebe,0.7961000800132751
mutige_julia_training_data_lower_cbow_lr0.05_epochs1_mincount50_ws6_dims300,triebtäter,0.7858797311782837
mutige_julia_training_data_lower_cbow_lr0.05_epochs1_mincount50_ws6_dims300,täterseite,0.783069372177124
mutige_julia_training_data_lower_cbow_lr0.05_epochs1_mincount50_ws6_dims300,opferstockdieb,0.7786586284637451
mutige_julia_training_data_lower_cbow_lr0.05_epochs1_mincount50_ws6_dims300,tatverdächtige,0.7757096290588379
mutige_julia_training_data_lower_cbow_lr0.05_epochs1_mincount50_ws6_dims300,einbrecher,0.7740113735198975
mutige_julia_training_data_lower_cbow_lr0.05_epochs1_mincount50_ws6_dims300,täterschaft,0.773991584777832
mutige_julia_training_data_lower_cbow_lr0.05_epochs1_mincount50_ws6_dims300,täterinnen,0.7732871770858765
mutige_julia_training_data_lower_cbow_lr0.05_epochs1_mincount50_ws6_dims300,einzeltäter,0.7727652192115784
mutige_julia_training_data_lower_cbow_lr0.05_epochs1_mincount50_ws6_dims300,übeltäter,0.772463858127594
mutige_julia_training_data_lower_cbow_lr0.05_epochs1_mincount50_ws6_dims300,gewalttäter,0.7717897295951843
mutige_julia_training_data_lower_cbow_lr0.05_epochs1_mincount50_ws6_dims300,täters,0.7712318897247314
mutige_julia_training_data_lower_cbow_lr0.05_epochs1_mincount50_ws6_dims300,täterwissen,0.7635356783866882
mutige_julia_training_data_lower_cbow_lr0.05_epochs1_mincount50_ws6_dims300,serientäter,0.7625884413719177
mutige_julia_training_data_lower_cbow_lr0.05_epochs1_mincount50_ws6_dims300,tatverdächtigen,0.7622244358062744
mutige_julia_training_data_lower_cbow_lr0.05_epochs1_mincount50_ws6_dims300,missetäter,0.7579085230827332
mutige_julia_training_data_lower_cbow_lr0.05_epochs1_mincount50_ws6_dims300,tatverdächtig,0.755124032497406
mutige_julia_training_data_lower_cbow_lr0.05_epochs1_mincount50_ws6_dims300,räuber,0.7530891299247742
mutige_julia_training_data_lower_cbow_lr0.05_epochs1_mincount50_ws6_dims300,messerattentäter,0.7514020800590515
mutige_julia_training_data_lower_cbow_lr0.05_epochs1_mincount50_ws6_dims300,täterhinweise,0.7495794296264648
mutige_julia_training_data_lower_cbow_lr0.05_epochs1_mincount50_ws6_dims300,tätergruppe,0.7452232241630554
mutige_julia_training_data_lower_cbow_lr0.05_epochs1_mincount50_ws6_dims300,tatverdächtiger,0.7426345944404602
mutige_julia_training_data_lower_cbow_lr0.05_epochs1_mincount50_ws6_dims300,verdächtige,0.7399165034294128
mutige_julia_training_data_lower_cbow_lr0.05_epochs1_mincount50_ws6_dims300,tätergruppen,0.7379552721977234
mutige_julia_training_data_lower_cbow_lr0.05_epochs1_mincount50_ws6_dims300,tätersuche,0.737910807132721
mutige_julia_training_data_lower_cbow_lr0.05_epochs1_mincount50_ws6_dims300,attentäter,0.7329546809196472
mutige_julia_training_data_lower_cbow_lr0.05_epochs1_mincount50_ws6_dims300,täterin,0.7325366139411926
mutige_julia_training_data_lower_cbow_lr0.05_epochs1_mincount50_ws6_dims300,täterprofil,0.732466995716095
mutige_julia_training_data_lower_cbow_lr0.05_epochs1_mincount50_ws6_dims300,verdächtigen,0.7295984029769897
mutige_julia_training_data_lower_cbow_lr0.05_epochs1_mincount50_ws6_dims300,polizeiopfer,0.7294620275497437
mutige_julia_training_data_lower_cbow_lr0.05_epochs1_mincount50_ws6_dims300,täterprofile,0.7286089062690735
mutige_julia_training_data_lower_cbow_lr0.05_epochs1_mincount50_ws6_dims300,überfallsopfer,0.7284922003746033
mutige_julia_training_data_lower_cbow_lr0.05_epochs1_mincount50_ws6_dims300,täterfahrzeug,0.7282805442810059
mutige_julia_training_data_lower_cbow_lr0.05_epochs1_mincount50_ws6_dims300,täterrolle,0.7258216738700867
mutige_julia_training_data_lower_cbow_lr0.05_epochs1_mincount50_ws6_dims300,komplizen,0.7250901460647583
mutige_julia_training_data_lower_cbow_lr0.05_epochs1_mincount50_ws6_dims300,täterbeschreibung,0.7250232100486755
mutige_julia_training_data_lower_cbow_lr0.05_epochs1_mincount50_ws6_dims300,überfallopfer,0.7236851453781128
mutige_julia_training_data_lower_cbow_lr0.05_epochs1_mincount50_ws6_dims300,täter_innen,0.7221539616584778
mutige_julia_training_data_lower_cbow_lr0.05_epochs1_mincount50_ws6_dims300,sexualtäter,0.7200502753257751
mutige_julia_training_data_lower_cbow_lr0.05_epochs1_mincount50_ws6_dims300,haupttatverdächtige,0.7189419865608215
mutige_julia_training_data_lower_cbow_lr0.05_epochs1_mincount50_ws6_dims300,nachahmungstäter,0.7186391353607178
mutige_julia_training_data_lower_cbow_lr0.05_epochs1_mincount50_ws6_dims300,diebesbande,0.7169098258018494
mutige_julia_training_data_lower_cbow_lr0.05_epochs1_mincount50_ws6_dims300,handyräuber,0.7153960466384888
mutige_julia_training_data_lower_cbow_lr0.05_epochs1_mincount50_ws6_dims300,diebesbanden,0.714763879776001
mutige_julia_training_data_lower_cbow_lr0.05_epochs1_mincount50_ws6_dims300,mittätern,0.7144646048545837
mutige_julia_training_data_lower_cbow_lr0.05_epochs1_mincount50_ws6_dims300,raubopfer,0.7142297625541687
mutige_julia_training_data_lower_cbow_lr0.05_epochs1_mincount50_ws6_dims300,rückfalltäter,0.711031973361969
mutige_julia_training_data_lower_cbow_lr0.05_epochs1_mincount50_ws6_dims300,haupttatverdächtigen,0.7109277844429016
mutige_julia_training_data_lower_cbow_lr0.05_epochs1_mincount50_ws6_dims300,verdächtig,0.7062605619430542
mutige_julia_training_data_lower_cbow_lr0.05_epochs1_mincount50_ws6_dims300,haupttätern,0.7055882215499878
mutige_julia_training_data_lower_cbow_lr0.05_epochs1_mincount50_ws6_dims300,straftäter,0.7050229907035828
mutige_julia_training_data_lower_cbow_lr0.05_epochs1_mincount50_ws6_dims300,trafikräuber,0.7038716077804565
mutige_julia_training_data_lower_cbow_lr0.05_epochs1_mincount50_ws6_dims300,komplize,0.7034960985183716
mutige_julia_training_data_lower_cbow_lr0.05_epochs1_mincount50_ws6_dims300,ersttätern,0.7009919285774231
mutige_julia_training_data_lower_cbow_lr0.05_epochs1_mincount50_ws6_dims300,fluchtfahrer,0.7008711695671082
mutige_julia_training_data_lower_cbow_lr0.05_epochs1_mincount50_ws6_dims300,täterschutz,0.7006118297576904
mutige_julia_training_data_lower_cbow_lr0.05_epochs1_mincount50_ws6_dims300,verdächtiger,0.6993741393089294
mutige_julia_training_data_lower_cbow_lr0.05_epochs1_mincount50_ws6_dims300,ladendiebe,0.6992495059967041
mutige_julia_training_data_lower_cbow_lr0.05_epochs1_mincount50_ws6_dims300,diebe,0.6991191506385803
mutige_julia_training_data_lower_cbow_lr0.05_epochs1_mincount50_ws6_dims300,raubmörder,0.6989072561264038
mutige_julia_training_data_lower_cbow_lr0.05_epochs1_mincount50_ws6_dims300,intensivtäter,0.6986297965049744
mutige_julia_training_data_lower_cbow_lr0.05_epochs1_mincount50_ws6_dims300,autoeinbrecher,0.6983688473701477
mutige_julia_training_data_lower_cbow_lr0.05_epochs1_mincount50_ws6_dims300,angreifer,0.6983162760734558
mutige_julia_training_data_lower_cbow_lr0.05_epochs1_mincount50_ws6_dims300,serienattentäter,0.6962437629699707
mutige_julia_training_data_lower_cbow_lr0.05_epochs1_mincount50_ws6_dims300,einbrecherduo,0.6961061954498291
mutige_julia_training_data_lower_cbow_lr0.05_epochs1_mincount50_ws6_dims300,tatortermittler,0.6957437992095947
mutige_julia_training_data_lower_cbow_lr0.05_epochs1_mincount50_ws6_dims300,täterbeschreibungen,0.6951702833175659
mutige_julia_training_data_lower_cbow_lr0.05_epochs1_mincount50_ws6_dims300,dieber,0.6946715712547302
mutige_julia_training_data_lower_cbow_lr0.05_epochs1_mincount50_ws6_dims300,tätergruppierung,0.6932067275047302
mutige_julia_training_data_lower_cbow_lr0.05_epochs1_mincount50_ws6_dims300,polizistenmörder,0.6927302479743958
mutige_julia_training_data_lower_cbow_lr0.05_epochs1_mincount50_ws6_dims300,diebsbande,0.691978394985199
mutige_julia_training_data_lower_cbow_lr0.05_epochs1_mincount50_ws6_dims300,messerangreifer,0.6908131837844849
mutige_julia_training_data_lower_cbow_lr0.05_epochs1_mincount50_ws6_dims300,hauptverdächtige,0.6889922022819519
mutige_julia_training_data_lower_cbow_lr0.05_epochs1_mincount50_ws6_dims300,einbruchsopfer,0.6881952881813049
mutige_julia_training_data_lower_cbow_lr0.05_epochs1_mincount50_ws6_dims300,einschleichdieb,0.6881650686264038
mutige_julia_training_data_lower_cbow_lr0.05_epochs1_mincount50_ws6_dims300,missbrauchstäter,0.6870428323745728
mutige_julia_training_data_lower_cbow_lr0.05_epochs1_mincount50_ws6_dims300,juwelierräuber,0.6841483116149902
mutige_julia_training_data_lower_cbow_lr0.05_epochs1_mincount50_ws6_dims300,einschleichdiebe,0.6837905049324036
mutige_julia_training_data_lower_cbow_lr0.05_epochs1_mincount50_ws6_dims300,polizeiermittler,0.6834317445755005
mutige_julia_training_data_lower_cbow_lr0.05_epochs1_mincount50_ws6_dims300,hauptverdächtig,0.6830499768257141
mutige_julia_training_data_lower_cbow_lr0.05_epochs1_mincount50_ws6_dims300,mittäterinnen,0.6828234791755676
mutige_julia_training_data_lower_cbow_lr0.05_epochs1_mincount50_ws6_dims300,hauptverdächtigen,0.682731032371521
mutige_julia_training_data_lower_cbow_lr0.05_epochs1_mincount50_ws6_dims300,bankräuber,0.6825676560401917
mutige_julia_training_data_lower_cbow_lr0.05_epochs1_mincount50_ws6_dims300,dieben,0.6824774146080017
mutige_julia_training_data_lower_cbow_lr0.05_epochs1_mincount50_ws6_dims300,einbrechern,0.6821849942207336
mutige_julia_training_data_lower_cbow_lr0.05_epochs1_mincount50_ws6_dims300,räuberleiter,0.6820435523986816
mutige_julia_training_data_lower_cbow_lr0.05_epochs1_mincount50_ws6_dims300,tatzeugen,0.6818275451660156
mutige_julia_training_data_lower_cbow_lr0.05_epochs1_mincount50_ws6_dims300,diebel,0.68133544921875
mutige_julia_training_data_lower_cbow_lr0.05_epochs1_mincount50_ws6_dims300,täterarbeit,0.6804702877998352
mutige_julia_training_data_lower_cbow_lr0.05_epochs1_mincount50_ws6_dims300,diebeiden,0.6793975830078125
mutige_julia_training_data_lower_cbow_lr0.05_epochs1_mincount50_ws6_dims300,serieneinbrecher,0.6786320805549622
mutige_julia_training_data_lower_cbow_lr0.05_epochs1_mincount50_ws6_dims300,gewalttätern,0.6776524186134338
mutige_julia_training_data_lower_cbow_lr0.05_epochs1_mincount50_ws6_dims300,ladendieben,0.6767953038215637
mutige_julia_training_data_lower_cbow_lr0.05_epochs1_mincount50_ws6_dims300,opferstock,0.6755443215370178
kreativer_linus_training_data_lower_cbow_lr0.05_epochs1_mincount10_ws12_dims300,täterort,0.8760619759559631
kreativer_linus_training_data_lower_cbow_lr0.05_epochs1_mincount10_ws12_dims300,tätern,0.8720145225524902
kreativer_linus_training_data_lower_cbow_lr0.05_epochs1_mincount10_ws12_dims300,tätertrio,0.8560745716094971
kreativer_linus_training_data_lower_cbow_lr0.05_epochs1_mincount10_ws12_dims300,täterpaar,0.8556833863258362
kreativer_linus_training_data_lower_cbow_lr0.05_epochs1_mincount10_ws12_dims300,täterduo,0.8392771482467651
kreativer_linus_training_data_lower_cbow_lr0.05_epochs1_mincount10_ws12_dims300,täterkreis,0.8304293751716614
kreativer_linus_training_data_lower_cbow_lr0.05_epochs1_mincount10_ws12_dims300,amoktäter,0.8279401063919067
kreativer_linus_training_data_lower_cbow_lr0.05_epochs1_mincount10_ws12_dims300,ersttäter,0.8244174122810364
kreativer_linus_training_data_lower_cbow_lr0.05_epochs1_mincount10_ws12_dims300,mittäter,0.8234546780586243
kreativer_linus_training_data_lower_cbow_lr0.05_epochs1_mincount10_ws12_dims300,mehrtäter,0.8232640624046326
kreativer_linus_training_data_lower_cbow_lr0.05_epochs1_mincount10_ws12_dims300,fremdtäter,0.822991132736206
kreativer_linus_training_data_lower_cbow_lr0.05_epochs1_mincount10_ws12_dims300,tätertyp,0.8204343914985657
kreativer_linus_training_data_lower_cbow_lr0.05_epochs1_mincount10_ws12_dims300,inzesttäter,0.8165559768676758
kreativer_linus_training_data_lower_cbow_lr0.05_epochs1_mincount10_ws12_dims300,opferstockdiebe,0.8144663572311401
kreativer_linus_training_data_lower_cbow_lr0.05_epochs1_mincount10_ws12_dims300,täterspuren,0.8104024529457092
kreativer_linus_training_data_lower_cbow_lr0.05_epochs1_mincount10_ws12_dims300,täterbande,0.8098678588867188
kreativer_linus_training_data_lower_cbow_lr0.05_epochs1_mincount10_ws12_dims300,täterbanden,0.808925211429596
kreativer_linus_training_data_lower_cbow_lr0.05_epochs1_mincount10_ws12_dims300,tätertypen,0.8087447881698608
kreativer_linus_training_data_lower_cbow_lr0.05_epochs1_mincount10_ws12_dims300,täterschaft,0.8035974502563477
kreativer_linus_training_data_lower_cbow_lr0.05_epochs1_mincount10_ws12_dims300,täters,0.803354024887085
kreativer_linus_training_data_lower_cbow_lr0.05_epochs1_mincount10_ws12_dims300,täterhund,0.8025591373443604
kreativer_linus_training_data_lower_cbow_lr0.05_epochs1_mincount10_ws12_dims300,täterfahndung,0.801719605922699
kreativer_linus_training_data_lower_cbow_lr0.05_epochs1_mincount10_ws12_dims300,haupttäter,0.7996788024902344
kreativer_linus_training_data_lower_cbow_lr0.05_epochs1_mincount10_ws12_dims300,opferstockdieb,0.7958198189735413
kreativer_linus_training_data_lower_cbow_lr0.05_epochs1_mincount10_ws12_dims300,innentäter,0.795103907585144
kreativer_linus_training_data_lower_cbow_lr0.05_epochs1_mincount10_ws12_dims300,täterseite,0.793971061706543
kreativer_linus_training_data_lower_cbow_lr0.05_epochs1_mincount10_ws12_dims300,täterland,0.7925202250480652
kreativer_linus_training_data_lower_cbow_lr0.05_epochs1_mincount10_ws12_dims300,täterwissen,0.7923515439033508
kreativer_linus_training_data_lower_cbow_lr0.05_epochs1_mincount10_ws12_dims300,sextäter,0.7893335223197937
kreativer_linus_training_data_lower_cbow_lr0.05_epochs1_mincount10_ws12_dims300,datteltäter,0.7888262271881104
kreativer_linus_training_data_lower_cbow_lr0.05_epochs1_mincount10_ws12_dims300,täternamen,0.7877367734909058
kreativer_linus_training_data_lower_cbow_lr0.05_epochs1_mincount10_ws12_dims300,täterjagd,0.7868006229400635
kreativer_linus_training_data_lower_cbow_lr0.05_epochs1_mincount10_ws12_dims300,tätertypus,0.7850843071937561
kreativer_linus_training_data_lower_cbow_lr0.05_epochs1_mincount10_ws12_dims300,täterrollen,0.7842142581939697
kreativer_linus_training_data_lower_cbow_lr0.05_epochs1_mincount10_ws12_dims300,missetäter,0.7840832471847534
kreativer_linus_training_data_lower_cbow_lr0.05_epochs1_mincount10_ws12_dims300,opferstockdiebstahl,0.7827589511871338
kreativer_linus_training_data_lower_cbow_lr0.05_epochs1_mincount10_ws12_dims300,täterbild,0.7810628414154053
kreativer_linus_training_data_lower_cbow_lr0.05_epochs1_mincount10_ws12_dims300,triebtäter,0.7779025435447693
kreativer_linus_training_data_lower_cbow_lr0.05_epochs1_mincount10_ws12_dims300,täterhinweise,0.7761728763580322
kreativer_linus_training_data_lower_cbow_lr0.05_epochs1_mincount10_ws12_dims300,gewalttäter,0.7712119817733765
kreativer_linus_training_data_lower_cbow_lr0.05_epochs1_mincount10_ws12_dims300,brandstäter,0.7702488303184509
kreativer_linus_training_data_lower_cbow_lr0.05_epochs1_mincount10_ws12_dims300,täterfamilie,0.7702053189277649
kreativer_linus_training_data_lower_cbow_lr0.05_epochs1_mincount10_ws12_dims300,täterinnen,0.7701500654220581
kreativer_linus_training_data_lower_cbow_lr0.05_epochs1_mincount10_ws12_dims300,täterthese,0.7689023613929749
kreativer_linus_training_data_lower_cbow_lr0.05_epochs1_mincount10_ws12_dims300,zweittäter,0.7682444453239441
kreativer_linus_training_data_lower_cbow_lr0.05_epochs1_mincount10_ws12_dims300,tatverdächtige,0.7675547003746033
kreativer_linus_training_data_lower_cbow_lr0.05_epochs1_mincount10_ws12_dims300,tätergruppe,0.7665017247200012
kreativer_linus_training_data_lower_cbow_lr0.05_epochs1_mincount10_ws12_dims300,tätersuche,0.7661328315734863
kreativer_linus_training_data_lower_cbow_lr0.05_epochs1_mincount10_ws12_dims300,einzeltäter,0.7655271291732788
kreativer_linus_training_data_lower_cbow_lr0.05_epochs1_mincount10_ws12_dims300,täterhinweis,0.7655075788497925
kreativer_linus_training_data_lower_cbow_lr0.05_epochs1_mincount10_ws12_dims300,täterfamilien,0.7648317217826843
kreativer_linus_training_data_lower_cbow_lr0.05_epochs1_mincount10_ws12_dims300,täterbekleidung,0.7636500000953674
kreativer_linus_training_data_lower_cbow_lr0.05_epochs1_mincount10_ws12_dims300,vorsatztäter,0.762673020362854
kreativer_linus_training_data_lower_cbow_lr0.05_epochs1_mincount10_ws12_dims300,tatverdächtigen,0.7623762488365173
kreativer_linus_training_data_lower_cbow_lr0.05_epochs1_mincount10_ws12_dims300,täterprofil,0.7612885236740112
kreativer_linus_training_data_lower_cbow_lr0.05_epochs1_mincount10_ws12_dims300,opferstockdiebstähle,0.7610531449317932
kreativer_linus_training_data_lower_cbow_lr0.05_epochs1_mincount10_ws12_dims300,raubverdächtigen,0.7593616843223572
kreativer_linus_training_data_lower_cbow_lr0.05_epochs1_mincount10_ws12_dims300,tätergruppen,0.7585688233375549
kreativer_linus_training_data_lower_cbow_lr0.05_epochs1_mincount10_ws12_dims300,täterprofile,0.7582175135612488
kreativer_linus_training_data_lower_cbow_lr0.05_epochs1_mincount10_ws12_dims300,serientäter,0.757672905921936
kreativer_linus_training_data_lower_cbow_lr0.05_epochs1_mincount10_ws12_dims300,terrortäter,0.7576305270195007
kreativer_linus_training_data_lower_cbow_lr0.05_epochs1_mincount10_ws12_dims300,einbrecher,0.7572646737098694
kreativer_linus_training_data_lower_cbow_lr0.05_epochs1_mincount10_ws12_dims300,täterverfolgung,0.7534268498420715
kreativer_linus_training_data_lower_cbow_lr0.05_epochs1_mincount10_ws12_dims300,verdächtige,0.7518981695175171
kreativer_linus_training_data_lower_cbow_lr0.05_epochs1_mincount10_ws12_dims300,diebstahlsopfer,0.7518459558486938
kreativer_linus_training_data_lower_cbow_lr0.05_epochs1_mincount10_ws12_dims300,alleintäter,0.7515444159507751
kreativer_linus_training_data_lower_cbow_lr0.05_epochs1_mincount10_ws12_dims300,diebstahlopfer,0.7509990334510803
kreativer_linus_training_data_lower_cbow_lr0.05_epochs1_mincount10_ws12_dims300,täterbeschreibung,0.7501670718193054
kreativer_linus_training_data_lower_cbow_lr0.05_epochs1_mincount10_ws12_dims300,täterschaften,0.7496901750564575
kreativer_linus_training_data_lower_cbow_lr0.05_epochs1_mincount10_ws12_dims300,opferstockdiebstählen,0.7485121488571167
kreativer_linus_training_data_lower_cbow_lr0.05_epochs1_mincount10_ws12_dims300,mittätern,0.7474254965782166
kreativer_linus_training_data_lower_cbow_lr0.05_epochs1_mincount10_ws12_dims300,übeltäter,0.7473349571228027
kreativer_linus_training_data_lower_cbow_lr0.05_epochs1_mincount10_ws12_dims300,tatverdächtig,0.7461265921592712
kreativer_linus_training_data_lower_cbow_lr0.05_epochs1_mincount10_ws12_dims300,identitäter,0.7459387183189392
kreativer_linus_training_data_lower_cbow_lr0.05_epochs1_mincount10_ws12_dims300,verdächtigen,0.7420835494995117
kreativer_linus_training_data_lower_cbow_lr0.05_epochs1_mincount10_ws12_dims300,überfallsopfer,0.7413972020149231
kreativer_linus_training_data_lower_cbow_lr0.05_epochs1_mincount10_ws12_dims300,täterrolle,0.7394689321517944
kreativer_linus_training_data_lower_cbow_lr0.05_epochs1_mincount10_ws12_dims300,nachahmungstäter,0.7391965985298157
kreativer_linus_training_data_lower_cbow_lr0.05_epochs1_mincount10_ws12_dims300,tatverdächtigten,0.7385438680648804
kreativer_linus_training_data_lower_cbow_lr0.05_epochs1_mincount10_ws12_dims300,tatverdächtiger,0.7381703853607178
kreativer_linus_training_data_lower_cbow_lr0.05_epochs1_mincount10_ws12_dims300,täterschutz,0.7377949357032776
kreativer_linus_training_data_lower_cbow_lr0.05_epochs1_mincount10_ws12_dims300,täterin,0.7375283241271973
kreativer_linus_training_data_lower_cbow_lr0.05_epochs1_mincount10_ws12_dims300,messerattentäter,0.7364901304244995
kreativer_linus_training_data_lower_cbow_lr0.05_epochs1_mincount10_ws12_dims300,tatverdächtigte,0.7359250783920288
kreativer_linus_training_data_lower_cbow_lr0.05_epochs1_mincount10_ws12_dims300,mehrfachtäter,0.7350462079048157
kreativer_linus_training_data_lower_cbow_lr0.05_epochs1_mincount10_ws12_dims300,ersttätern,0.7349913716316223
kreativer_linus_training_data_lower_cbow_lr0.05_epochs1_mincount10_ws12_dims300,tatverdächtigem,0.7346817851066589
kreativer_linus_training_data_lower_cbow_lr0.05_epochs1_mincount10_ws12_dims300,täterfahrzeug,0.7333956360816956
kreativer_linus_training_data_lower_cbow_lr0.05_epochs1_mincount10_ws12_dims300,täterstellung,0.7324546575546265
kreativer_linus_training_data_lower_cbow_lr0.05_epochs1_mincount10_ws12_dims300,polizeiopfer,0.7321519255638123
kreativer_linus_training_data_lower_cbow_lr0.05_epochs1_mincount10_ws12_dims300,opferstockeinbrüche,0.7314509749412537
kreativer_linus_training_data_lower_cbow_lr0.05_epochs1_mincount10_ws12_dims300,täterfotos,0.7301456928253174
kreativer_linus_training_data_lower_cbow_lr0.05_epochs1_mincount10_ws12_dims300,überfallopfer,0.7287126779556274
kreativer_linus_training_data_lower_cbow_lr0.05_epochs1_mincount10_ws12_dims300,haupttätern,0.7281375527381897
kreativer_linus_training_data_lower_cbow_lr0.05_epochs1_mincount10_ws12_dims300,spontantäter,0.7270294427871704
kreativer_linus_training_data_lower_cbow_lr0.05_epochs1_mincount10_ws12_dims300,räuber,0.726020336151123
kreativer_linus_training_data_lower_cbow_lr0.05_epochs1_mincount10_ws12_dims300,intensivtäter,0.7239530086517334
kreativer_linus_training_data_lower_cbow_lr0.05_epochs1_mincount10_ws12_dims300,täterschuld,0.7220543026924133
kreativer_linus_training_data_lower_cbow_lr0.05_epochs1_mincount10_ws12_dims300,täterdaten,0.7218513488769531
kreativer_linus_training_data_lower_cbow_lr0.05_epochs1_mincount10_ws12_dims300,täterbeschreibungen,0.7202050685882568
geniale_josefine_training_data_cbow_lr0.05_epochs1_mincount100_ws12_dims300,tätern,0.8634019494056702
geniale_josefine_training_data_cbow_lr0.05_epochs1_mincount100_ws12_dims300,täters,0.7974194884300232
geniale_josefine_training_data_cbow_lr0.05_epochs1_mincount100_ws12_dims300,täterwissen,0.7757882475852966
geniale_josefine_training_data_cbow_lr0.05_epochs1_mincount100_ws12_dims300,täterschaft,0.7711082696914673
geniale_josefine_training_data_cbow_lr0.05_epochs1_mincount100_ws12_dims300,tatverdächtige,0.7667708992958069
geniale_josefine_training_data_cbow_lr0.05_epochs1_mincount100_ws12_dims300,tätergruppe,0.7635241746902466
geniale_josefine_training_data_cbow_lr0.05_epochs1_mincount100_ws12_dims300,einbrecher,0.7629708647727966
geniale_josefine_training_data_cbow_lr0.05_epochs1_mincount100_ws12_dims300,verdächtige,0.7579841613769531
geniale_josefine_training_data_cbow_lr0.05_epochs1_mincount100_ws12_dims300,täterprofil,0.7578332424163818
geniale_josefine_training_data_cbow_lr0.05_epochs1_mincount100_ws12_dims300,haupttäter,0.7576656937599182
geniale_josefine_training_data_cbow_lr0.05_epochs1_mincount100_ws12_dims300,ersttäter,0.757239580154419
geniale_josefine_training_data_cbow_lr0.05_epochs1_mincount100_ws12_dims300,tätersuche,0.754952073097229
geniale_josefine_training_data_cbow_lr0.05_epochs1_mincount100_ws12_dims300,tatverdächtigen,0.7541308999061584
geniale_josefine_training_data_cbow_lr0.05_epochs1_mincount100_ws12_dims300,mittäter,0.7535878419876099
geniale_josefine_training_data_cbow_lr0.05_epochs1_mincount100_ws12_dims300,opferstockdieb,0.7525514364242554
geniale_josefine_training_data_cbow_lr0.05_epochs1_mincount100_ws12_dims300,täterinnen,0.7522174715995789
geniale_josefine_training_data_cbow_lr0.05_epochs1_mincount100_ws12_dims300,tatverdächtig,0.7518905997276306
geniale_josefine_training_data_cbow_lr0.05_epochs1_mincount100_ws12_dims300,verdächtigen,0.7487095594406128
geniale_josefine_training_data_cbow_lr0.05_epochs1_mincount100_ws12_dims300,verdächtig,0.7461804747581482
geniale_josefine_training_data_cbow_lr0.05_epochs1_mincount100_ws12_dims300,täterfahrzeug,0.7460466623306274
geniale_josefine_training_data_cbow_lr0.05_epochs1_mincount100_ws12_dims300,tätergruppen,0.7353711128234863
geniale_josefine_training_data_cbow_lr0.05_epochs1_mincount100_ws12_dims300,täterin,0.7349463105201721
geniale_josefine_training_data_cbow_lr0.05_epochs1_mincount100_ws12_dims300,unbekannten,0.7313694357872009
geniale_josefine_training_data_cbow_lr0.05_epochs1_mincount100_ws12_dims300,räuber,0.7312284111976624
geniale_josefine_training_data_cbow_lr0.05_epochs1_mincount100_ws12_dims300,tatverdächtiger,0.7309884428977966
geniale_josefine_training_data_cbow_lr0.05_epochs1_mincount100_ws12_dims300,übeltäter,0.7280617356300354
geniale_josefine_training_data_cbow_lr0.05_epochs1_mincount100_ws12_dims300,einzeltäter,0.7216188907623291
geniale_josefine_training_data_cbow_lr0.05_epochs1_mincount100_ws12_dims300,täterschutz,0.7172641754150391
geniale_josefine_training_data_cbow_lr0.05_epochs1_mincount100_ws12_dims300,verdächtiger,0.7148324251174927
geniale_josefine_training_data_cbow_lr0.05_epochs1_mincount100_ws12_dims300,gewalttäter,0.7055516839027405
geniale_josefine_training_data_cbow_lr0.05_epochs1_mincount100_ws12_dims300,täter_innen,0.7005505561828613
geniale_josefine_training_data_cbow_lr0.05_epochs1_mincount100_ws12_dims300,unbekannte,0.700011670589447
geniale_josefine_training_data_cbow_lr0.05_epochs1_mincount100_ws12_dims300,sextäter,0.6989153623580933
geniale_josefine_training_data_cbow_lr0.05_epochs1_mincount100_ws12_dims300,täterbeschreibung,0.6973214149475098
geniale_josefine_training_data_cbow_lr0.05_epochs1_mincount100_ws12_dims300,opferstock,0.6971904635429382
geniale_josefine_training_data_cbow_lr0.05_epochs1_mincount100_ws12_dims300,serientäter,0.6969600915908813
geniale_josefine_training_data_cbow_lr0.05_epochs1_mincount100_ws12_dims300,verdächtigter,0.6956841349601746
geniale_josefine_training_data_cbow_lr0.05_epochs1_mincount100_ws12_dims300,verdächtigte,0.6932666897773743
geniale_josefine_training_data_cbow_lr0.05_epochs1_mincount100_ws12_dims300,verdächtiges,0.6922379732131958
geniale_josefine_training_data_cbow_lr0.05_epochs1_mincount100_ws12_dims300,tatortermittler,0.6907761693000793
geniale_josefine_training_data_cbow_lr0.05_epochs1_mincount100_ws12_dims300,attentäter,0.6884339451789856
geniale_josefine_training_data_cbow_lr0.05_epochs1_mincount100_ws12_dims300,triebtäter,0.6873065233230591
geniale_josefine_training_data_cbow_lr0.05_epochs1_mincount100_ws12_dims300,verdächtigem,0.6867353916168213
geniale_josefine_training_data_cbow_lr0.05_epochs1_mincount100_ws12_dims300,komplizen,0.686443030834198
geniale_josefine_training_data_cbow_lr0.05_epochs1_mincount100_ws12_dims300,tätergruppierung,0.6861105561256409
geniale_josefine_training_data_cbow_lr0.05_epochs1_mincount100_ws12_dims300,verdächtigt,0.6856417655944824
geniale_josefine_training_data_cbow_lr0.05_epochs1_mincount100_ws12_dims300,verdächtigten,0.6848089694976807
geniale_josefine_training_data_cbow_lr0.05_epochs1_mincount100_ws12_dims300,einbrechern,0.6782850623130798
geniale_josefine_training_data_cbow_lr0.05_epochs1_mincount100_ws12_dims300,haupttätern,0.6781878471374512
geniale_josefine_training_data_cbow_lr0.05_epochs1_mincount100_ws12_dims300,opferstöcke,0.6753667593002319
geniale_josefine_training_data_cbow_lr0.05_epochs1_mincount100_ws12_dims300,polizeiermittler,0.6737383008003235
geniale_josefine_training_data_cbow_lr0.05_epochs1_mincount100_ws12_dims300,kriminalpolizisten,0.6726462244987488
geniale_josefine_training_data_cbow_lr0.05_epochs1_mincount100_ws12_dims300,komplize,0.6722326874732971
geniale_josefine_training_data_cbow_lr0.05_epochs1_mincount100_ws12_dims300,mittätern,0.6716192960739136
geniale_josefine_training_data_cbow_lr0.05_epochs1_mincount100_ws12_dims300,täterarbeit,0.6677253842353821
geniale_josefine_training_data_cbow_lr0.05_epochs1_mincount100_ws12_dims300,raubopfer,0.6667006611824036
geniale_josefine_training_data_cbow_lr0.05_epochs1_mincount100_ws12_dims300,täterbeschreibungen,0.6663550734519958
geniale_josefine_training_data_cbow_lr0.05_epochs1_mincount100_ws12_dims300,kriminalbeamten,0.6661357879638672
geniale_josefine_training_data_cbow_lr0.05_epochs1_mincount100_ws12_dims300,unbekannter,0.6658728718757629
geniale_josefine_training_data_cbow_lr0.05_epochs1_mincount100_ws12_dims300,verdächtigung,0.664788544178009
geniale_josefine_training_data_cbow_lr0.05_epochs1_mincount100_ws12_dims300,einbruchsopfer,0.6646421551704407
geniale_josefine_training_data_cbow_lr0.05_epochs1_mincount100_ws12_dims300,polizeibeamten,0.6637314558029175
geniale_josefine_training_data_cbow_lr0.05_epochs1_mincount100_ws12_dims300,einbrechers,0.6630172729492188
geniale_josefine_training_data_cbow_lr0.05_epochs1_mincount100_ws12_dims300,dieber,0.6620034575462341
geniale_josefine_training_data_cbow_lr0.05_epochs1_mincount100_ws12_dims300,juwelierräuber,0.6607738137245178
geniale_josefine_training_data_cbow_lr0.05_epochs1_mincount100_ws12_dims300,angreifer,0.6607052683830261
geniale_josefine_training_data_cbow_lr0.05_epochs1_mincount100_ws12_dims300,nachahmungstäter,0.6564397215843201
geniale_josefine_training_data_cbow_lr0.05_epochs1_mincount100_ws12_dims300,diebesbanden,0.6557404398918152
geniale_josefine_training_data_cbow_lr0.05_epochs1_mincount100_ws12_dims300,trafikräuber,0.6547583341598511
geniale_josefine_training_data_cbow_lr0.05_epochs1_mincount100_ws12_dims300,tatzeugen,0.6535747051239014
geniale_josefine_training_data_cbow_lr0.05_epochs1_mincount100_ws12_dims300,polizeisportler,0.6528542637825012
geniale_josefine_training_data_cbow_lr0.05_epochs1_mincount100_ws12_dims300,polizeibeamter,0.6527854800224304
geniale_josefine_training_data_cbow_lr0.05_epochs1_mincount100_ws12_dims300,diebesbande,0.6525260806083679
geniale_josefine_training_data_cbow_lr0.05_epochs1_mincount100_ws12_dims300,tatorte,0.6516067981719971
geniale_josefine_training_data_cbow_lr0.05_epochs1_mincount100_ws12_dims300,diebe,0.6515302062034607
geniale_josefine_training_data_cbow_lr0.05_epochs1_mincount100_ws12_dims300,ladendiebstahl,0.651422381401062
geniale_josefine_training_data_cbow_lr0.05_epochs1_mincount100_ws12_dims300,polizistenmörder,0.6513097286224365
geniale_josefine_training_data_cbow_lr0.05_epochs1_mincount100_ws12_dims300,tatverdächtigen,0.6510770320892334
geniale_josefine_training_data_cbow_lr0.05_epochs1_mincount100_ws12_dims300,kriminalpolizei,0.6510595083236694
geniale_josefine_training_data_cbow_lr0.05_epochs1_mincount100_ws12_dims300,räuberleiter,0.6505656838417053
geniale_josefine_training_data_cbow_lr0.05_epochs1_mincount100_ws12_dims300,polizeiinspektor,0.6499286890029907
geniale_josefine_training_data_cbow_lr0.05_epochs1_mincount100_ws12_dims300,tatverdächtige,0.6497436761856079
geniale_josefine_training_data_cbow_lr0.05_epochs1_mincount100_ws12_dims300,missetäter,0.6496204137802124
geniale_josefine_training_data_cbow_lr0.05_epochs1_mincount100_ws12_dims300,raubüberfalles,0.6492984294891357
geniale_josefine_training_data_cbow_lr0.05_epochs1_mincount100_ws12_dims300,polizeilich,0.6484047174453735
geniale_josefine_training_data_cbow_lr0.05_epochs1_mincount100_ws12_dims300,polizeidaten,0.6476410627365112
geniale_josefine_training_data_cbow_lr0.05_epochs1_mincount100_ws12_dims300,einbrecherbanden,0.6475129127502441
geniale_josefine_training_data_cbow_lr0.05_epochs1_mincount100_ws12_dims300,überfalles,0.6474552154541016
geniale_josefine_training_data_cbow_lr0.05_epochs1_mincount100_ws12_dims300,tatnacht,0.6474007368087769
geniale_josefine_training_data_cbow_lr0.05_epochs1_mincount100_ws12_dims300,kriminalpolizist,0.6469529271125793
geniale_josefine_training_data_cbow_lr0.05_epochs1_mincount100_ws12_dims300,polizeibeamte,0.6464666128158569
geniale_josefine_training_data_cbow_lr0.05_epochs1_mincount100_ws12_dims300,einbrecherbande,0.6459473371505737
geniale_josefine_training_data_cbow_lr0.05_epochs1_mincount100_ws12_dims300,dieben,0.6454302668571472
geniale_josefine_training_data_cbow_lr0.05_epochs1_mincount100_ws12_dims300,unbekanntem,0.6450639963150024
geniale_josefine_training_data_cbow_lr0.05_epochs1_mincount100_ws12_dims300,juwelierüberfall,0.6442188620567322
geniale_josefine_training_data_cbow_lr0.05_epochs1_mincount100_ws12_dims300,mordverdächtigen,0.6440569162368774
geniale_josefine_training_data_cbow_lr0.05_epochs1_mincount100_ws12_dims300,polizeibekannten,0.6437027454376221
geniale_josefine_training_data_cbow_lr0.05_epochs1_mincount100_ws12_dims300,polizeihaft,0.6436301469802856
geniale_josefine_training_data_cbow_lr0.05_epochs1_mincount100_ws12_dims300,überfall,0.6419603228569031
geniale_josefine_training_data_cbow_lr0.05_epochs1_mincount100_ws12_dims300,täuber,0.6403265595436096
wachsamer_oliver_training_data_cbow_lr0.05_epochs1_mincount5_ws5_dims300,täterort,0.8798198103904724
wachsamer_oliver_training_data_cbow_lr0.05_epochs1_mincount5_ws5_dims300,tätern,0.8606331944465637
wachsamer_oliver_training_data_cbow_lr0.05_epochs1_mincount5_ws5_dims300,tätertrio,0.8568136692047119
wachsamer_oliver_training_data_cbow_lr0.05_epochs1_mincount5_ws5_dims300,täterorte,0.8556920289993286
wachsamer_oliver_training_data_cbow_lr0.05_epochs1_mincount5_ws5_dims300,täte,0.8513758182525635
wachsamer_oliver_training_data_cbow_lr0.05_epochs1_mincount5_ws5_dims300,tätertrios,0.8499663472175598
wachsamer_oliver_training_data_cbow_lr0.05_epochs1_mincount5_ws5_dims300,täterpärchen,0.8486433029174805
wachsamer_oliver_training_data_cbow_lr0.05_epochs1_mincount5_ws5_dims300,täterspur,0.848577618598938
wachsamer_oliver_training_data_cbow_lr0.05_epochs1_mincount5_ws5_dims300,tätervolk,0.8431625962257385
wachsamer_oliver_training_data_cbow_lr0.05_epochs1_mincount5_ws5_dims300,täterpaar,0.8417993187904358
wachsamer_oliver_training_data_cbow_lr0.05_epochs1_mincount5_ws5_dims300,täterhund,0.8370358943939209
wachsamer_oliver_training_data_cbow_lr0.05_epochs1_mincount5_ws5_dims300,tätertyp,0.8351508378982544
wachsamer_oliver_training_data_cbow_lr0.05_epochs1_mincount5_ws5_dims300,tätertypus,0.83418208360672
wachsamer_oliver_training_data_cbow_lr0.05_epochs1_mincount5_ws5_dims300,täterauto,0.8284209966659546
wachsamer_oliver_training_data_cbow_lr0.05_epochs1_mincount5_ws5_dims300,täterkreis,0.8276906609535217
wachsamer_oliver_training_data_cbow_lr0.05_epochs1_mincount5_ws5_dims300,täterduo,0.8252506852149963
wachsamer_oliver_training_data_cbow_lr0.05_epochs1_mincount5_ws5_dims300,täterbande,0.8219412565231323
wachsamer_oliver_training_data_cbow_lr0.05_epochs1_mincount5_ws5_dims300,täterbanden,0.8159440755844116
wachsamer_oliver_training_data_cbow_lr0.05_epochs1_mincount5_ws5_dims300,täterherkunft,0.8153938055038452
wachsamer_oliver_training_data_cbow_lr0.05_epochs1_mincount5_ws5_dims300,täterspuren,0.8149466514587402
wachsamer_oliver_training_data_cbow_lr0.05_epochs1_mincount5_ws5_dims300,täterthese,0.8146076798439026
wachsamer_oliver_training_data_cbow_lr0.05_epochs1_mincount5_ws5_dims300,tätertypen,0.8145136833190918
wachsamer_oliver_training_data_cbow_lr0.05_epochs1_mincount5_ws5_dims300,mitttäter,0.812703549861908
wachsamer_oliver_training_data_cbow_lr0.05_epochs1_mincount5_ws5_dims300,einbrecher,0.8113213777542114
wachsamer_oliver_training_data_cbow_lr0.05_epochs1_mincount5_ws5_dims300,täterumkehr,0.8045000433921814
wachsamer_oliver_training_data_cbow_lr0.05_epochs1_mincount5_ws5_dims300,opferstockdiebe,0.8034412264823914
wachsamer_oliver_training_data_cbow_lr0.05_epochs1_mincount5_ws5_dims300,mittäter,0.8026275634765625
wachsamer_oliver_training_data_cbow_lr0.05_epochs1_mincount5_ws5_dims300,tatverdächtige,0.802007257938385
wachsamer_oliver_training_data_cbow_lr0.05_epochs1_mincount5_ws5_dims300,täternamen,0.8018953800201416
wachsamer_oliver_training_data_cbow_lr0.05_epochs1_mincount5_ws5_dims300,täterland,0.801713764667511
wachsamer_oliver_training_data_cbow_lr0.05_epochs1_mincount5_ws5_dims300,täterkreise,0.798740029335022
wachsamer_oliver_training_data_cbow_lr0.05_epochs1_mincount5_ws5_dims300,täterseite,0.7982814311981201
wachsamer_oliver_training_data_cbow_lr0.05_epochs1_mincount5_ws5_dims300,opferstockdieb,0.7973977327346802
wachsamer_oliver_training_data_cbow_lr0.05_epochs1_mincount5_ws5_dims300,tatverdächtig,0.7960115671157837
wachsamer_oliver_training_data_cbow_lr0.05_epochs1_mincount5_ws5_dims300,haupttäter,0.7958172559738159
wachsamer_oliver_training_data_cbow_lr0.05_epochs1_mincount5_ws5_dims300,täterschaft,0.7951400876045227
wachsamer_oliver_training_data_cbow_lr0.05_epochs1_mincount5_ws5_dims300,täters,0.7939510345458984
wachsamer_oliver_training_data_cbow_lr0.05_epochs1_mincount5_ws5_dims300,tätersicht,0.7925522923469543
wachsamer_oliver_training_data_cbow_lr0.05_epochs1_mincount5_ws5_dims300,täterinnen,0.7907977104187012
wachsamer_oliver_training_data_cbow_lr0.05_epochs1_mincount5_ws5_dims300,ersttäter,0.7904461622238159
wachsamer_oliver_training_data_cbow_lr0.05_epochs1_mincount5_ws5_dims300,verdächtige,0.7890774607658386
wachsamer_oliver_training_data_cbow_lr0.05_epochs1_mincount5_ws5_dims300,täterwissen,0.7889803051948547
wachsamer_oliver_training_data_cbow_lr0.05_epochs1_mincount5_ws5_dims300,verdächtig,0.787004292011261
wachsamer_oliver_training_data_cbow_lr0.05_epochs1_mincount5_ws5_dims300,inzesttäter,0.7859784364700317
wachsamer_oliver_training_data_cbow_lr0.05_epochs1_mincount5_ws5_dims300,tatverdächtigen,0.785771906375885
wachsamer_oliver_training_data_cbow_lr0.05_epochs1_mincount5_ws5_dims300,tatverdächte,0.7850369811058044
wachsamer_oliver_training_data_cbow_lr0.05_epochs1_mincount5_ws5_dims300,räuber,0.7838335633277893
wachsamer_oliver_training_data_cbow_lr0.05_epochs1_mincount5_ws5_dims300,täterfahndung,0.7828232645988464
wachsamer_oliver_training_data_cbow_lr0.05_epochs1_mincount5_ws5_dims300,täten,0.7820109724998474
wachsamer_oliver_training_data_cbow_lr0.05_epochs1_mincount5_ws5_dims300,täterjagd,0.7813246846199036
wachsamer_oliver_training_data_cbow_lr0.05_epochs1_mincount5_ws5_dims300,opferstockdieben,0.7808917760848999
wachsamer_oliver_training_data_cbow_lr0.05_epochs1_mincount5_ws5_dims300,mutmaßlichentäter,0.7807784676551819
wachsamer_oliver_training_data_cbow_lr0.05_epochs1_mincount5_ws5_dims300,täterhinweise,0.7789754867553711
wachsamer_oliver_training_data_cbow_lr0.05_epochs1_mincount5_ws5_dims300,tätverdächtige,0.7786937355995178
wachsamer_oliver_training_data_cbow_lr0.05_epochs1_mincount5_ws5_dims300,täterfamilien,0.7781776785850525
wachsamer_oliver_training_data_cbow_lr0.05_epochs1_mincount5_ws5_dims300,täterbilder,0.7780246138572693
wachsamer_oliver_training_data_cbow_lr0.05_epochs1_mincount5_ws5_dims300,täterkleidung,0.7764164805412292
wachsamer_oliver_training_data_cbow_lr0.05_epochs1_mincount5_ws5_dims300,täterfamilie,0.7762717604637146
wachsamer_oliver_training_data_cbow_lr0.05_epochs1_mincount5_ws5_dims300,täterprofile,0.7761831283569336
wachsamer_oliver_training_data_cbow_lr0.05_epochs1_mincount5_ws5_dims300,fremdtäter,0.7752394080162048
wachsamer_oliver_training_data_cbow_lr0.05_epochs1_mincount5_ws5_dims300,amoktäter,0.7743420004844666
wachsamer_oliver_training_data_cbow_lr0.05_epochs1_mincount5_ws5_dims300,tatverdächtiger,0.7741913795471191
wachsamer_oliver_training_data_cbow_lr0.05_epochs1_mincount5_ws5_dims300,verdächtigen,0.774183452129364
wachsamer_oliver_training_data_cbow_lr0.05_epochs1_mincount5_ws5_dims300,täterbekleidung,0.7732407450675964
wachsamer_oliver_training_data_cbow_lr0.05_epochs1_mincount5_ws5_dims300,sextäter,0.7730819582939148
wachsamer_oliver_training_data_cbow_lr0.05_epochs1_mincount5_ws5_dims300,tätergruppen,0.7729111909866333
wachsamer_oliver_training_data_cbow_lr0.05_epochs1_mincount5_ws5_dims300,täterrollen,0.7726647257804871
wachsamer_oliver_training_data_cbow_lr0.05_epochs1_mincount5_ws5_dims300,innentäter,0.7716794013977051
wachsamer_oliver_training_data_cbow_lr0.05_epochs1_mincount5_ws5_dims300,täterwohnung,0.771011471748352
wachsamer_oliver_training_data_cbow_lr0.05_epochs1_mincount5_ws5_dims300,übertäter,0.7704513072967529
wachsamer_oliver_training_data_cbow_lr0.05_epochs1_mincount5_ws5_dims300,tätergruppe,0.7703959345817566
wachsamer_oliver_training_data_cbow_lr0.05_epochs1_mincount5_ws5_dims300,täterbild,0.770045280456543
wachsamer_oliver_training_data_cbow_lr0.05_epochs1_mincount5_ws5_dims300,tätersuche,0.7692962288856506
wachsamer_oliver_training_data_cbow_lr0.05_epochs1_mincount5_ws5_dims300,täterprofil,0.7692658305168152
wachsamer_oliver_training_data_cbow_lr0.05_epochs1_mincount5_ws5_dims300,serientäter,0.7676755785942078
wachsamer_oliver_training_data_cbow_lr0.05_epochs1_mincount5_ws5_dims300,gewalttäter,0.7675155401229858
wachsamer_oliver_training_data_cbow_lr0.05_epochs1_mincount5_ws5_dims300,täterprofilen,0.7674950361251831
wachsamer_oliver_training_data_cbow_lr0.05_epochs1_mincount5_ws5_dims300,täterprofils,0.767175555229187
wachsamer_oliver_training_data_cbow_lr0.05_epochs1_mincount5_ws5_dims300,opferstockdiebstahl,0.7666959166526794
wachsamer_oliver_training_data_cbow_lr0.05_epochs1_mincount5_ws5_dims300,zweittäter,0.7663502097129822
wachsamer_oliver_training_data_cbow_lr0.05_epochs1_mincount5_ws5_dims300,täterlagen,0.7656573057174683
wachsamer_oliver_training_data_cbow_lr0.05_epochs1_mincount5_ws5_dims300,täterfiguren,0.7655110955238342
wachsamer_oliver_training_data_cbow_lr0.05_epochs1_mincount5_ws5_dims300,täterhinweis,0.7654769420623779
wachsamer_oliver_training_data_cbow_lr0.05_epochs1_mincount5_ws5_dims300,näter,0.7644716501235962
wachsamer_oliver_training_data_cbow_lr0.05_epochs1_mincount5_ws5_dims300,täterkontakt,0.7633258700370789
wachsamer_oliver_training_data_cbow_lr0.05_epochs1_mincount5_ws5_dims300,datteltäter,0.76179039478302
wachsamer_oliver_training_data_cbow_lr0.05_epochs1_mincount5_ws5_dims300,hauptäter,0.7599961161613464
wachsamer_oliver_training_data_cbow_lr0.05_epochs1_mincount5_ws5_dims300,übeltäter,0.7586520314216614
wachsamer_oliver_training_data_cbow_lr0.05_epochs1_mincount5_ws5_dims300,tätersprache,0.7576956748962402
wachsamer_oliver_training_data_cbow_lr0.05_epochs1_mincount5_ws5_dims300,mehrtäter,0.7576601505279541
wachsamer_oliver_training_data_cbow_lr0.05_epochs1_mincount5_ws5_dims300,tatverdächtigte,0.7572498321533203
wachsamer_oliver_training_data_cbow_lr0.05_epochs1_mincount5_ws5_dims300,täterrolle,0.7571895718574524
wachsamer_oliver_training_data_cbow_lr0.05_epochs1_mincount5_ws5_dims300,täterin,0.7568135261535645
wachsamer_oliver_training_data_cbow_lr0.05_epochs1_mincount5_ws5_dims300,verdächte,0.7567221522331238
wachsamer_oliver_training_data_cbow_lr0.05_epochs1_mincount5_ws5_dims300,verdächtiger,0.7564377188682556
wachsamer_oliver_training_data_cbow_lr0.05_epochs1_mincount5_ws5_dims300,tatverdächtigem,0.7564244866371155
wachsamer_oliver_training_data_cbow_lr0.05_epochs1_mincount5_ws5_dims300,tatverdächtigten,0.7551648616790771
wachsamer_oliver_training_data_cbow_lr0.05_epochs1_mincount5_ws5_dims300,tätertypologie,0.7537183165550232
wachsamer_oliver_training_data_cbow_lr0.05_epochs1_mincount5_ws5_dims300,einzeltäter,0.752765417098999
wachsamer_oliver_training_data_cbow_lr0.05_epochs1_mincount5_ws5_dims300,täternation,0.7520676851272583
genialer_noar_training_data_lower_cbow_lr0.05_epochs1_mincount100_ws12_dims300,tätern,0.8606957197189331
genialer_noar_training_data_lower_cbow_lr0.05_epochs1_mincount100_ws12_dims300,ersttäter,0.8137735724449158
genialer_noar_training_data_lower_cbow_lr0.05_epochs1_mincount100_ws12_dims300,mittäter,0.8000209331512451
genialer_noar_training_data_lower_cbow_lr0.05_epochs1_mincount100_ws12_dims300,haupttäter,0.7922075986862183
genialer_noar_training_data_lower_cbow_lr0.05_epochs1_mincount100_ws12_dims300,täters,0.7801403403282166
genialer_noar_training_data_lower_cbow_lr0.05_epochs1_mincount100_ws12_dims300,sextäter,0.777677595615387
genialer_noar_training_data_lower_cbow_lr0.05_epochs1_mincount100_ws12_dims300,tatverdächtige,0.7713697552680969
genialer_noar_training_data_lower_cbow_lr0.05_epochs1_mincount100_ws12_dims300,täterschaft,0.7657372355461121
genialer_noar_training_data_lower_cbow_lr0.05_epochs1_mincount100_ws12_dims300,missetäter,0.7655524611473083
genialer_noar_training_data_lower_cbow_lr0.05_epochs1_mincount100_ws12_dims300,täterwissen,0.7650128602981567
genialer_noar_training_data_lower_cbow_lr0.05_epochs1_mincount100_ws12_dims300,tatverdächtigen,0.7577080726623535
genialer_noar_training_data_lower_cbow_lr0.05_epochs1_mincount100_ws12_dims300,tätergruppe,0.7551981806755066
genialer_noar_training_data_lower_cbow_lr0.05_epochs1_mincount100_ws12_dims300,übeltäter,0.7509039640426636
genialer_noar_training_data_lower_cbow_lr0.05_epochs1_mincount100_ws12_dims300,triebtäter,0.7508572340011597
genialer_noar_training_data_lower_cbow_lr0.05_epochs1_mincount100_ws12_dims300,tatverdächtig,0.74586421251297
genialer_noar_training_data_lower_cbow_lr0.05_epochs1_mincount100_ws12_dims300,einzeltäter,0.7457557320594788
genialer_noar_training_data_lower_cbow_lr0.05_epochs1_mincount100_ws12_dims300,täterinnen,0.7441225647926331
genialer_noar_training_data_lower_cbow_lr0.05_epochs1_mincount100_ws12_dims300,gewalttäter,0.7433474659919739
genialer_noar_training_data_lower_cbow_lr0.05_epochs1_mincount100_ws12_dims300,täterprofil,0.7408514022827148
genialer_noar_training_data_lower_cbow_lr0.05_epochs1_mincount100_ws12_dims300,verdächtige,0.7383147478103638
genialer_noar_training_data_lower_cbow_lr0.05_epochs1_mincount100_ws12_dims300,opferstockdieb,0.7378992438316345
genialer_noar_training_data_lower_cbow_lr0.05_epochs1_mincount100_ws12_dims300,serientäter,0.7369740009307861
genialer_noar_training_data_lower_cbow_lr0.05_epochs1_mincount100_ws12_dims300,tätergruppen,0.7362154126167297
genialer_noar_training_data_lower_cbow_lr0.05_epochs1_mincount100_ws12_dims300,täterin,0.7354556918144226
genialer_noar_training_data_lower_cbow_lr0.05_epochs1_mincount100_ws12_dims300,tatverdächtiger,0.7329383492469788
genialer_noar_training_data_lower_cbow_lr0.05_epochs1_mincount100_ws12_dims300,tätersuche,0.73099285364151
genialer_noar_training_data_lower_cbow_lr0.05_epochs1_mincount100_ws12_dims300,einbrecher,0.726438045501709
genialer_noar_training_data_lower_cbow_lr0.05_epochs1_mincount100_ws12_dims300,verdächtigen,0.7219319939613342
genialer_noar_training_data_lower_cbow_lr0.05_epochs1_mincount100_ws12_dims300,täterfahrzeug,0.7192690372467041
genialer_noar_training_data_lower_cbow_lr0.05_epochs1_mincount100_ws12_dims300,räuber,0.7164145112037659
genialer_noar_training_data_lower_cbow_lr0.05_epochs1_mincount100_ws12_dims300,haupttätern,0.7120652794837952
genialer_noar_training_data_lower_cbow_lr0.05_epochs1_mincount100_ws12_dims300,mittätern,0.7078327536582947
genialer_noar_training_data_lower_cbow_lr0.05_epochs1_mincount100_ws12_dims300,täterbeschreibung,0.7052813768386841
genialer_noar_training_data_lower_cbow_lr0.05_epochs1_mincount100_ws12_dims300,nachahmungstäter,0.70384681224823
genialer_noar_training_data_lower_cbow_lr0.05_epochs1_mincount100_ws12_dims300,tatortermittler,0.7011800408363342
genialer_noar_training_data_lower_cbow_lr0.05_epochs1_mincount100_ws12_dims300,verdächtig,0.6982792615890503
genialer_noar_training_data_lower_cbow_lr0.05_epochs1_mincount100_ws12_dims300,täter_innen,0.6943976879119873
genialer_noar_training_data_lower_cbow_lr0.05_epochs1_mincount100_ws12_dims300,verdächtiger,0.6916887164115906
genialer_noar_training_data_lower_cbow_lr0.05_epochs1_mincount100_ws12_dims300,intensivtäter,0.6904749274253845
genialer_noar_training_data_lower_cbow_lr0.05_epochs1_mincount100_ws12_dims300,rückfalltäter,0.6842836737632751
genialer_noar_training_data_lower_cbow_lr0.05_epochs1_mincount100_ws12_dims300,täterschutz,0.6825576424598694
genialer_noar_training_data_lower_cbow_lr0.05_epochs1_mincount100_ws12_dims300,attentäter,0.6815188527107239
genialer_noar_training_data_lower_cbow_lr0.05_epochs1_mincount100_ws12_dims300,raubopfer,0.6801600456237793
genialer_noar_training_data_lower_cbow_lr0.05_epochs1_mincount100_ws12_dims300,tätergruppierung,0.6769205927848816
genialer_noar_training_data_lower_cbow_lr0.05_epochs1_mincount100_ws12_dims300,unverdächtige,0.6761742830276489
genialer_noar_training_data_lower_cbow_lr0.05_epochs1_mincount100_ws12_dims300,sexualtäter,0.6729401350021362
genialer_noar_training_data_lower_cbow_lr0.05_epochs1_mincount100_ws12_dims300,täterbeschreibungen,0.6714287400245667
genialer_noar_training_data_lower_cbow_lr0.05_epochs1_mincount100_ws12_dims300,polizeiermittler,0.6698029041290283
genialer_noar_training_data_lower_cbow_lr0.05_epochs1_mincount100_ws12_dims300,komplize,0.6697882413864136
genialer_noar_training_data_lower_cbow_lr0.05_epochs1_mincount100_ws12_dims300,täterarbeit,0.6674001812934875
genialer_noar_training_data_lower_cbow_lr0.05_epochs1_mincount100_ws12_dims300,gewalttätern,0.6660775542259216
genialer_noar_training_data_lower_cbow_lr0.05_epochs1_mincount100_ws12_dims300,unverdächtigen,0.6652846336364746
genialer_noar_training_data_lower_cbow_lr0.05_epochs1_mincount100_ws12_dims300,polizeibekannten,0.6650818586349487
genialer_noar_training_data_lower_cbow_lr0.05_epochs1_mincount100_ws12_dims300,hauptverdächtige,0.6620535254478455
genialer_noar_training_data_lower_cbow_lr0.05_epochs1_mincount100_ws12_dims300,verdächtigem,0.6617783904075623
genialer_noar_training_data_lower_cbow_lr0.05_epochs1_mincount100_ws12_dims300,opferstöcke,0.6604598760604858
genialer_noar_training_data_lower_cbow_lr0.05_epochs1_mincount100_ws12_dims300,raubmörder,0.6591857671737671
genialer_noar_training_data_lower_cbow_lr0.05_epochs1_mincount100_ws12_dims300,hauptverdächtigen,0.6591811776161194
genialer_noar_training_data_lower_cbow_lr0.05_epochs1_mincount100_ws12_dims300,komplizen,0.6590198278427124
genialer_noar_training_data_lower_cbow_lr0.05_epochs1_mincount100_ws12_dims300,juwelierräuber,0.657551109790802
genialer_noar_training_data_lower_cbow_lr0.05_epochs1_mincount100_ws12_dims300,kriminalpolizei,0.6544406414031982
genialer_noar_training_data_lower_cbow_lr0.05_epochs1_mincount100_ws12_dims300,tatorte,0.654035210609436
genialer_noar_training_data_lower_cbow_lr0.05_epochs1_mincount100_ws12_dims300,mordverdächtigen,0.6539743542671204
genialer_noar_training_data_lower_cbow_lr0.05_epochs1_mincount100_ws12_dims300,polizeibekannte,0.6539461016654968
genialer_noar_training_data_lower_cbow_lr0.05_epochs1_mincount100_ws12_dims300,verdächtigter,0.6539208292961121
genialer_noar_training_data_lower_cbow_lr0.05_epochs1_mincount100_ws12_dims300,missbrauchstäter,0.6533751487731934
genialer_noar_training_data_lower_cbow_lr0.05_epochs1_mincount100_ws12_dims300,unverdächtig,0.6529473066329956
genialer_noar_training_data_lower_cbow_lr0.05_epochs1_mincount100_ws12_dims300,trafikräuber,0.6527327299118042
genialer_noar_training_data_lower_cbow_lr0.05_epochs1_mincount100_ws12_dims300,dieber,0.6520237922668457
genialer_noar_training_data_lower_cbow_lr0.05_epochs1_mincount100_ws12_dims300,angreifer,0.6512981653213501
genialer_noar_training_data_lower_cbow_lr0.05_epochs1_mincount100_ws12_dims300,verdächtigte,0.6496407985687256
genialer_noar_training_data_lower_cbow_lr0.05_epochs1_mincount100_ws12_dims300,polizeibekannter,0.6489135026931763
genialer_noar_training_data_lower_cbow_lr0.05_epochs1_mincount100_ws12_dims300,opferstock,0.6488268375396729
genialer_noar_training_data_lower_cbow_lr0.05_epochs1_mincount100_ws12_dims300,polizistenmörder,0.6486659049987793
genialer_noar_training_data_lower_cbow_lr0.05_epochs1_mincount100_ws12_dims300,tatzeugen,0.6473867297172546
genialer_noar_training_data_lower_cbow_lr0.05_epochs1_mincount100_ws12_dims300,kriminalpolizisten,0.6470455527305603
genialer_noar_training_data_lower_cbow_lr0.05_epochs1_mincount100_ws12_dims300,autoeinbrecher,0.646909236907959
genialer_noar_training_data_lower_cbow_lr0.05_epochs1_mincount100_ws12_dims300,einschleichdiebstahl,0.6465071439743042
genialer_noar_training_data_lower_cbow_lr0.05_epochs1_mincount100_ws12_dims300,einschleichdieb,0.6459635496139526
genialer_noar_training_data_lower_cbow_lr0.05_epochs1_mincount100_ws12_dims300,täte,0.6455181241035461
genialer_noar_training_data_lower_cbow_lr0.05_epochs1_mincount100_ws12_dims300,straftäter,0.6444783806800842
genialer_noar_training_data_lower_cbow_lr0.05_epochs1_mincount100_ws12_dims300,verdächtigten,0.6444446444511414
genialer_noar_training_data_lower_cbow_lr0.05_epochs1_mincount100_ws12_dims300,juwelierüberfall,0.6441226601600647
genialer_noar_training_data_lower_cbow_lr0.05_epochs1_mincount100_ws12_dims300,haupttäters,0.6437584161758423
genialer_noar_training_data_lower_cbow_lr0.05_epochs1_mincount100_ws12_dims300,räuberleiter,0.6435306668281555
genialer_noar_training_data_lower_cbow_lr0.05_epochs1_mincount100_ws12_dims300,einbruchsopfer,0.6433008313179016
genialer_noar_training_data_lower_cbow_lr0.05_epochs1_mincount100_ws12_dims300,verdächtiges,0.6432254910469055
genialer_noar_training_data_lower_cbow_lr0.05_epochs1_mincount100_ws12_dims300,überfall,0.6431585550308228
genialer_noar_training_data_lower_cbow_lr0.05_epochs1_mincount100_ws12_dims300,kriminalbeamten,0.642449140548706
genialer_noar_training_data_lower_cbow_lr0.05_epochs1_mincount100_ws12_dims300,einzeltätern,0.6408116221427917
genialer_noar_training_data_lower_cbow_lr0.05_epochs1_mincount100_ws12_dims300,raubüberfalles,0.6405432820320129
genialer_noar_training_data_lower_cbow_lr0.05_epochs1_mincount100_ws12_dims300,übeltätern,0.6404609680175781
genialer_noar_training_data_lower_cbow_lr0.05_epochs1_mincount100_ws12_dims300,diebe,0.640076220035553
genialer_noar_training_data_lower_cbow_lr0.05_epochs1_mincount100_ws12_dims300,messerangreifer,0.6399796009063721
genialer_noar_training_data_lower_cbow_lr0.05_epochs1_mincount100_ws12_dims300,polizeibeamten,0.6399332880973816
genialer_noar_training_data_lower_cbow_lr0.05_epochs1_mincount100_ws12_dims300,mordverdächtige,0.6396708488464355
genialer_noar_training_data_lower_cbow_lr0.05_epochs1_mincount100_ws12_dims300,diebesbande,0.6371954083442688
genialer_noar_training_data_lower_cbow_lr0.05_epochs1_mincount100_ws12_dims300,diebesbanden,0.6367121338844299
genialer_noar_training_data_lower_cbow_lr0.05_epochs1_mincount100_ws12_dims300,einbrechern,0.6365730166435242
genialer_noar_training_data_lower_cbow_lr0.05_epochs1_mincount100_ws12_dims300,ladendiebe,0.6359642148017883
bezaubernde_jennifer_training_data_cbow_lr0.05_epochs1_mincount10_ws6_dims300,täterort,0.8765242099761963
bezaubernde_jennifer_training_data_cbow_lr0.05_epochs1_mincount10_ws6_dims300,täte,0.8655401468276978
bezaubernde_jennifer_training_data_cbow_lr0.05_epochs1_mincount10_ws6_dims300,tätertrio,0.8582085967063904
bezaubernde_jennifer_training_data_cbow_lr0.05_epochs1_mincount10_ws6_dims300,tätern,0.8558811545372009
bezaubernde_jennifer_training_data_cbow_lr0.05_epochs1_mincount10_ws6_dims300,täterpaar,0.8474687337875366
bezaubernde_jennifer_training_data_cbow_lr0.05_epochs1_mincount10_ws6_dims300,täterduo,0.8430178761482239
bezaubernde_jennifer_training_data_cbow_lr0.05_epochs1_mincount10_ws6_dims300,tätertyp,0.8397752046585083
bezaubernde_jennifer_training_data_cbow_lr0.05_epochs1_mincount10_ws6_dims300,täterhund,0.8366347551345825
bezaubernde_jennifer_training_data_cbow_lr0.05_epochs1_mincount10_ws6_dims300,tätertypus,0.8362917900085449
bezaubernde_jennifer_training_data_cbow_lr0.05_epochs1_mincount10_ws6_dims300,täterkreis,0.8262279629707336
bezaubernde_jennifer_training_data_cbow_lr0.05_epochs1_mincount10_ws6_dims300,täterbande,0.8165315985679626
bezaubernde_jennifer_training_data_cbow_lr0.05_epochs1_mincount10_ws6_dims300,täterland,0.8134241700172424
bezaubernde_jennifer_training_data_cbow_lr0.05_epochs1_mincount10_ws6_dims300,täterthese,0.8100534677505493
bezaubernde_jennifer_training_data_cbow_lr0.05_epochs1_mincount10_ws6_dims300,täterspuren,0.8080258965492249
bezaubernde_jennifer_training_data_cbow_lr0.05_epochs1_mincount10_ws6_dims300,täterbanden,0.8063920140266418
bezaubernde_jennifer_training_data_cbow_lr0.05_epochs1_mincount10_ws6_dims300,tätertypen,0.8052125573158264
bezaubernde_jennifer_training_data_cbow_lr0.05_epochs1_mincount10_ws6_dims300,einbrecher,0.8013702034950256
bezaubernde_jennifer_training_data_cbow_lr0.05_epochs1_mincount10_ws6_dims300,täterseite,0.7976995706558228
bezaubernde_jennifer_training_data_cbow_lr0.05_epochs1_mincount10_ws6_dims300,täterinnen,0.7967327237129211
bezaubernde_jennifer_training_data_cbow_lr0.05_epochs1_mincount10_ws6_dims300,haupttäter,0.7963184714317322
bezaubernde_jennifer_training_data_cbow_lr0.05_epochs1_mincount10_ws6_dims300,täterwissen,0.7956780195236206
bezaubernde_jennifer_training_data_cbow_lr0.05_epochs1_mincount10_ws6_dims300,mittäter,0.7956164479255676
bezaubernde_jennifer_training_data_cbow_lr0.05_epochs1_mincount10_ws6_dims300,tatverdächtige,0.7950763702392578
bezaubernde_jennifer_training_data_cbow_lr0.05_epochs1_mincount10_ws6_dims300,täternamen,0.7941933274269104
bezaubernde_jennifer_training_data_cbow_lr0.05_epochs1_mincount10_ws6_dims300,verdächtige,0.7888870239257812
bezaubernde_jennifer_training_data_cbow_lr0.05_epochs1_mincount10_ws6_dims300,täters,0.7869315147399902
bezaubernde_jennifer_training_data_cbow_lr0.05_epochs1_mincount10_ws6_dims300,täten,0.7868942022323608
bezaubernde_jennifer_training_data_cbow_lr0.05_epochs1_mincount10_ws6_dims300,ersttäter,0.7861756086349487
bezaubernde_jennifer_training_data_cbow_lr0.05_epochs1_mincount10_ws6_dims300,täterfahndung,0.7848950624465942
bezaubernde_jennifer_training_data_cbow_lr0.05_epochs1_mincount10_ws6_dims300,inzesttäter,0.7833864688873291
bezaubernde_jennifer_training_data_cbow_lr0.05_epochs1_mincount10_ws6_dims300,täterschaft,0.7800795435905457
bezaubernde_jennifer_training_data_cbow_lr0.05_epochs1_mincount10_ws6_dims300,tatverdächtigen,0.7796909809112549
bezaubernde_jennifer_training_data_cbow_lr0.05_epochs1_mincount10_ws6_dims300,tatverdächtig,0.7791882157325745
bezaubernde_jennifer_training_data_cbow_lr0.05_epochs1_mincount10_ws6_dims300,amoktäter,0.77828049659729
bezaubernde_jennifer_training_data_cbow_lr0.05_epochs1_mincount10_ws6_dims300,zweittäter,0.776870608329773
bezaubernde_jennifer_training_data_cbow_lr0.05_epochs1_mincount10_ws6_dims300,opferstockdiebe,0.7759029269218445
bezaubernde_jennifer_training_data_cbow_lr0.05_epochs1_mincount10_ws6_dims300,verdächtigen,0.7758595943450928
bezaubernde_jennifer_training_data_cbow_lr0.05_epochs1_mincount10_ws6_dims300,täterfamilie,0.7751461267471313
bezaubernde_jennifer_training_data_cbow_lr0.05_epochs1_mincount10_ws6_dims300,täterrollen,0.7746766805648804
bezaubernde_jennifer_training_data_cbow_lr0.05_epochs1_mincount10_ws6_dims300,verdächtig,0.7740177512168884
bezaubernde_jennifer_training_data_cbow_lr0.05_epochs1_mincount10_ws6_dims300,opferstockdieb,0.7736996412277222
bezaubernde_jennifer_training_data_cbow_lr0.05_epochs1_mincount10_ws6_dims300,täterfamilien,0.773151159286499
bezaubernde_jennifer_training_data_cbow_lr0.05_epochs1_mincount10_ws6_dims300,täterbild,0.7729976177215576
bezaubernde_jennifer_training_data_cbow_lr0.05_epochs1_mincount10_ws6_dims300,täterbekleidung,0.772940993309021
bezaubernde_jennifer_training_data_cbow_lr0.05_epochs1_mincount10_ws6_dims300,täterhinweise,0.7715638875961304
bezaubernde_jennifer_training_data_cbow_lr0.05_epochs1_mincount10_ws6_dims300,fremdtäter,0.7708015441894531
bezaubernde_jennifer_training_data_cbow_lr0.05_epochs1_mincount10_ws6_dims300,innentäter,0.7696287631988525
bezaubernde_jennifer_training_data_cbow_lr0.05_epochs1_mincount10_ws6_dims300,täterprofile,0.7687529921531677
bezaubernde_jennifer_training_data_cbow_lr0.05_epochs1_mincount10_ws6_dims300,täterjagd,0.7686229348182678
bezaubernde_jennifer_training_data_cbow_lr0.05_epochs1_mincount10_ws6_dims300,näter,0.7674709558486938
bezaubernde_jennifer_training_data_cbow_lr0.05_epochs1_mincount10_ws6_dims300,räuber,0.7674561142921448
bezaubernde_jennifer_training_data_cbow_lr0.05_epochs1_mincount10_ws6_dims300,gewalttäter,0.7662447690963745
bezaubernde_jennifer_training_data_cbow_lr0.05_epochs1_mincount10_ws6_dims300,tätersuche,0.7661660313606262
bezaubernde_jennifer_training_data_cbow_lr0.05_epochs1_mincount10_ws6_dims300,tätergruppen,0.7638130784034729
bezaubernde_jennifer_training_data_cbow_lr0.05_epochs1_mincount10_ws6_dims300,täterprofil,0.7623822093009949
bezaubernde_jennifer_training_data_cbow_lr0.05_epochs1_mincount10_ws6_dims300,sextäter,0.7613300085067749
bezaubernde_jennifer_training_data_cbow_lr0.05_epochs1_mincount10_ws6_dims300,tätergruppe,0.7601785063743591
bezaubernde_jennifer_training_data_cbow_lr0.05_epochs1_mincount10_ws6_dims300,mehrtäter,0.760093092918396
bezaubernde_jennifer_training_data_cbow_lr0.05_epochs1_mincount10_ws6_dims300,übeltäter,0.7595275044441223
bezaubernde_jennifer_training_data_cbow_lr0.05_epochs1_mincount10_ws6_dims300,tatverdächtiger,0.7584463953971863
bezaubernde_jennifer_training_data_cbow_lr0.05_epochs1_mincount10_ws6_dims300,täterrolle,0.758201003074646
bezaubernde_jennifer_training_data_cbow_lr0.05_epochs1_mincount10_ws6_dims300,täterin,0.7558790445327759
bezaubernde_jennifer_training_data_cbow_lr0.05_epochs1_mincount10_ws6_dims300,täter_innen,0.7538319230079651
bezaubernde_jennifer_training_data_cbow_lr0.05_epochs1_mincount10_ws6_dims300,täterfahrzeug,0.7537001967430115
bezaubernde_jennifer_training_data_cbow_lr0.05_epochs1_mincount10_ws6_dims300,serientäter,0.7536863684654236
bezaubernde_jennifer_training_data_cbow_lr0.05_epochs1_mincount10_ws6_dims300,opferstockdiebstahl,0.7517472505569458
bezaubernde_jennifer_training_data_cbow_lr0.05_epochs1_mincount10_ws6_dims300,verdächtiger,0.7513963580131531
bezaubernde_jennifer_training_data_cbow_lr0.05_epochs1_mincount10_ws6_dims300,täterhinweis,0.7511450052261353
bezaubernde_jennifer_training_data_cbow_lr0.05_epochs1_mincount10_ws6_dims300,einzeltäter,0.7511105537414551
bezaubernde_jennifer_training_data_cbow_lr0.05_epochs1_mincount10_ws6_dims300,komplizen,0.7508344650268555
bezaubernde_jennifer_training_data_cbow_lr0.05_epochs1_mincount10_ws6_dims300,tatverdächtigte,0.7503480911254883
bezaubernde_jennifer_training_data_cbow_lr0.05_epochs1_mincount10_ws6_dims300,datteltäter,0.7498599886894226
bezaubernde_jennifer_training_data_cbow_lr0.05_epochs1_mincount10_ws6_dims300,triebtäter,0.7491356134414673
bezaubernde_jennifer_training_data_cbow_lr0.05_epochs1_mincount10_ws6_dims300,täterdaten,0.7479846477508545
bezaubernde_jennifer_training_data_cbow_lr0.05_epochs1_mincount10_ws6_dims300,messerattentäter,0.7445932030677795
bezaubernde_jennifer_training_data_cbow_lr0.05_epochs1_mincount10_ws6_dims300,brandstäter,0.7444943189620972
bezaubernde_jennifer_training_data_cbow_lr0.05_epochs1_mincount10_ws6_dims300,täter,0.7434119582176208
bezaubernde_jennifer_training_data_cbow_lr0.05_epochs1_mincount10_ws6_dims300,tatverdächtigem,0.7423564791679382
bezaubernde_jennifer_training_data_cbow_lr0.05_epochs1_mincount10_ws6_dims300,täterfotos,0.7417661547660828
bezaubernde_jennifer_training_data_cbow_lr0.05_epochs1_mincount10_ws6_dims300,opferstockdiebstähle,0.7409859299659729
bezaubernde_jennifer_training_data_cbow_lr0.05_epochs1_mincount10_ws6_dims300,raubverdächtigen,0.7406609654426575
bezaubernde_jennifer_training_data_cbow_lr0.05_epochs1_mincount10_ws6_dims300,verdächte,0.7394957542419434
bezaubernde_jennifer_training_data_cbow_lr0.05_epochs1_mincount10_ws6_dims300,unbekannten,0.7393222451210022
bezaubernde_jennifer_training_data_cbow_lr0.05_epochs1_mincount10_ws6_dims300,überfallsopfer,0.7381583452224731
bezaubernde_jennifer_training_data_cbow_lr0.05_epochs1_mincount10_ws6_dims300,täterfahrzeuge,0.7350439429283142
bezaubernde_jennifer_training_data_cbow_lr0.05_epochs1_mincount10_ws6_dims300,einbrecherduo,0.734502375125885
bezaubernde_jennifer_training_data_cbow_lr0.05_epochs1_mincount10_ws6_dims300,einbrecherkönig,0.7344889044761658
bezaubernde_jennifer_training_data_cbow_lr0.05_epochs1_mincount10_ws6_dims300,täterbeschreibung,0.7338207960128784
bezaubernde_jennifer_training_data_cbow_lr0.05_epochs1_mincount10_ws6_dims300,täterschaften,0.7333515286445618
bezaubernde_jennifer_training_data_cbow_lr0.05_epochs1_mincount10_ws6_dims300,diebstahlsopfer,0.7330418229103088
bezaubernde_jennifer_training_data_cbow_lr0.05_epochs1_mincount10_ws6_dims300,spontantäter,0.7313724756240845
bezaubernde_jennifer_training_data_cbow_lr0.05_epochs1_mincount10_ws6_dims300,dieber,0.730084240436554
bezaubernde_jennifer_training_data_cbow_lr0.05_epochs1_mincount10_ws6_dims300,drogentäter,0.7299570441246033
bezaubernde_jennifer_training_data_cbow_lr0.05_epochs1_mincount10_ws6_dims300,täterverfolgung,0.7297347187995911
bezaubernde_jennifer_training_data_cbow_lr0.05_epochs1_mincount10_ws6_dims300,ladendiebe,0.7293994426727295
bezaubernde_jennifer_training_data_cbow_lr0.05_epochs1_mincount10_ws6_dims300,verdächtigte,0.7292566299438477
bezaubernde_jennifer_training_data_cbow_lr0.05_epochs1_mincount10_ws6_dims300,angreifer,0.7290259599685669
bezaubernde_jennifer_training_data_cbow_lr0.05_epochs1_mincount10_ws6_dims300,opferstockdiebstählen,0.7285541892051697
bezaubernde_jennifer_training_data_cbow_lr0.05_epochs1_mincount10_ws6_dims300,täterverhalten,0.7276208996772766
bezaubernde_jennifer_training_data_cbow_lr0.05_epochs1_mincount10_ws6_dims300,verdächtigt,0.7264363765716553
bezaubernde_roxana_training_data_cbow_lr0.05_epochs1_mincount100_ws24_dims300,tätern,0.8819314241409302
bezaubernde_roxana_training_data_cbow_lr0.05_epochs1_mincount100_ws24_dims300,täters,0.8060124516487122
bezaubernde_roxana_training_data_cbow_lr0.05_epochs1_mincount100_ws24_dims300,täterschaft,0.7708021402359009
bezaubernde_roxana_training_data_cbow_lr0.05_epochs1_mincount100_ws24_dims300,täterwissen,0.7642560601234436
bezaubernde_roxana_training_data_cbow_lr0.05_epochs1_mincount100_ws24_dims300,tätersuche,0.7577865719795227
bezaubernde_roxana_training_data_cbow_lr0.05_epochs1_mincount100_ws24_dims300,tätergruppe,0.7568162679672241
bezaubernde_roxana_training_data_cbow_lr0.05_epochs1_mincount100_ws24_dims300,verdächtige,0.7436568737030029
bezaubernde_roxana_training_data_cbow_lr0.05_epochs1_mincount100_ws24_dims300,tatverdächtige,0.7428244948387146
bezaubernde_roxana_training_data_cbow_lr0.05_epochs1_mincount100_ws24_dims300,täterinnen,0.7427868247032166
bezaubernde_roxana_training_data_cbow_lr0.05_epochs1_mincount100_ws24_dims300,unbekannten,0.7416053414344788
bezaubernde_roxana_training_data_cbow_lr0.05_epochs1_mincount100_ws24_dims300,opferstockdieb,0.7415811419487
bezaubernde_roxana_training_data_cbow_lr0.05_epochs1_mincount100_ws24_dims300,täterin,0.7403033971786499
bezaubernde_roxana_training_data_cbow_lr0.05_epochs1_mincount100_ws24_dims300,verdächtig,0.7387949824333191
bezaubernde_roxana_training_data_cbow_lr0.05_epochs1_mincount100_ws24_dims300,täterfahrzeug,0.7343047261238098
bezaubernde_roxana_training_data_cbow_lr0.05_epochs1_mincount100_ws24_dims300,verdächtigen,0.7302759885787964
bezaubernde_roxana_training_data_cbow_lr0.05_epochs1_mincount100_ws24_dims300,täterprofil,0.7299994826316833
bezaubernde_roxana_training_data_cbow_lr0.05_epochs1_mincount100_ws24_dims300,mittäter,0.729578971862793
bezaubernde_roxana_training_data_cbow_lr0.05_epochs1_mincount100_ws24_dims300,tatverdächtig,0.7277538776397705
bezaubernde_roxana_training_data_cbow_lr0.05_epochs1_mincount100_ws24_dims300,tätergruppen,0.7264932990074158
bezaubernde_roxana_training_data_cbow_lr0.05_epochs1_mincount100_ws24_dims300,einbrecher,0.7238650918006897
bezaubernde_roxana_training_data_cbow_lr0.05_epochs1_mincount100_ws24_dims300,ersttäter,0.7221624851226807
bezaubernde_roxana_training_data_cbow_lr0.05_epochs1_mincount100_ws24_dims300,tatverdächtigen,0.7217140197753906
bezaubernde_roxana_training_data_cbow_lr0.05_epochs1_mincount100_ws24_dims300,haupttäter,0.7128186225891113
bezaubernde_roxana_training_data_cbow_lr0.05_epochs1_mincount100_ws24_dims300,täterschutz,0.7107055187225342
bezaubernde_roxana_training_data_cbow_lr0.05_epochs1_mincount100_ws24_dims300,verdächtiger,0.7094699740409851
bezaubernde_roxana_training_data_cbow_lr0.05_epochs1_mincount100_ws24_dims300,tatverdächtiger,0.7088441252708435
bezaubernde_roxana_training_data_cbow_lr0.05_epochs1_mincount100_ws24_dims300,täterbeschreibung,0.6990776062011719
bezaubernde_roxana_training_data_cbow_lr0.05_epochs1_mincount100_ws24_dims300,unbekannte,0.6954942345619202
bezaubernde_roxana_training_data_cbow_lr0.05_epochs1_mincount100_ws24_dims300,räuber,0.691712498664856
bezaubernde_roxana_training_data_cbow_lr0.05_epochs1_mincount100_ws24_dims300,einzeltäter,0.6898502707481384
bezaubernde_roxana_training_data_cbow_lr0.05_epochs1_mincount100_ws24_dims300,verdächtiges,0.6869819164276123
bezaubernde_roxana_training_data_cbow_lr0.05_epochs1_mincount100_ws24_dims300,tatortermittler,0.6865637898445129
bezaubernde_roxana_training_data_cbow_lr0.05_epochs1_mincount100_ws24_dims300,übeltäter,0.6863444447517395
bezaubernde_roxana_training_data_cbow_lr0.05_epochs1_mincount100_ws24_dims300,verdächtigter,0.6809715032577515
bezaubernde_roxana_training_data_cbow_lr0.05_epochs1_mincount100_ws24_dims300,opferstock,0.6804323792457581
bezaubernde_roxana_training_data_cbow_lr0.05_epochs1_mincount100_ws24_dims300,einbruchsopfer,0.6800864338874817
bezaubernde_roxana_training_data_cbow_lr0.05_epochs1_mincount100_ws24_dims300,opferstöcke,0.6791917085647583
bezaubernde_roxana_training_data_cbow_lr0.05_epochs1_mincount100_ws24_dims300,täter_innen,0.67860347032547
bezaubernde_roxana_training_data_cbow_lr0.05_epochs1_mincount100_ws24_dims300,verdächtigem,0.6762304902076721
bezaubernde_roxana_training_data_cbow_lr0.05_epochs1_mincount100_ws24_dims300,verdächtigte,0.6756867170333862
bezaubernde_roxana_training_data_cbow_lr0.05_epochs1_mincount100_ws24_dims300,verdächtigten,0.6747547388076782
bezaubernde_roxana_training_data_cbow_lr0.05_epochs1_mincount100_ws24_dims300,verdächtigt,0.6733607649803162
bezaubernde_roxana_training_data_cbow_lr0.05_epochs1_mincount100_ws24_dims300,tatorte,0.6714487075805664
bezaubernde_roxana_training_data_cbow_lr0.05_epochs1_mincount100_ws24_dims300,raubopfer,0.6701045036315918
bezaubernde_roxana_training_data_cbow_lr0.05_epochs1_mincount100_ws24_dims300,tätergruppierung,0.6689664721488953
bezaubernde_roxana_training_data_cbow_lr0.05_epochs1_mincount100_ws24_dims300,gewalttäter,0.6688849925994873
bezaubernde_roxana_training_data_cbow_lr0.05_epochs1_mincount100_ws24_dims300,täterarbeit,0.6640989184379578
bezaubernde_roxana_training_data_cbow_lr0.05_epochs1_mincount100_ws24_dims300,überfall,0.6620660424232483
bezaubernde_roxana_training_data_cbow_lr0.05_epochs1_mincount100_ws24_dims300,komplizen,0.6611363291740417
bezaubernde_roxana_training_data_cbow_lr0.05_epochs1_mincount100_ws24_dims300,opfer,0.6598281860351562
bezaubernde_roxana_training_data_cbow_lr0.05_epochs1_mincount100_ws24_dims300,mittätern,0.6585174202919006
bezaubernde_roxana_training_data_cbow_lr0.05_epochs1_mincount100_ws24_dims300,täterbeschreibungen,0.6579622626304626
bezaubernde_roxana_training_data_cbow_lr0.05_epochs1_mincount100_ws24_dims300,überfalles,0.6531786322593689
bezaubernde_roxana_training_data_cbow_lr0.05_epochs1_mincount100_ws24_dims300,raubüberfalles,0.6515223979949951
bezaubernde_roxana_training_data_cbow_lr0.05_epochs1_mincount100_ws24_dims300,haupttätern,0.6480737328529358
bezaubernde_roxana_training_data_cbow_lr0.05_epochs1_mincount100_ws24_dims300,unbekannter,0.6475245952606201
bezaubernde_roxana_training_data_cbow_lr0.05_epochs1_mincount100_ws24_dims300,komplize,0.6473836302757263
bezaubernde_roxana_training_data_cbow_lr0.05_epochs1_mincount100_ws24_dims300,sextäter,0.6465932726860046
bezaubernde_roxana_training_data_cbow_lr0.05_epochs1_mincount100_ws24_dims300,raubüberfall,0.6443405151367188
bezaubernde_roxana_training_data_cbow_lr0.05_epochs1_mincount100_ws24_dims300,einbrechern,0.6433358192443848
bezaubernde_roxana_training_data_cbow_lr0.05_epochs1_mincount100_ws24_dims300,serientäter,0.6427093148231506
bezaubernde_roxana_training_data_cbow_lr0.05_epochs1_mincount100_ws24_dims300,polizeiermittler,0.6416122317314148
bezaubernde_roxana_training_data_cbow_lr0.05_epochs1_mincount100_ws24_dims300,triebtäter,0.6409599781036377
bezaubernde_roxana_training_data_cbow_lr0.05_epochs1_mincount100_ws24_dims300,verdächtigung,0.6404319405555725
bezaubernde_roxana_training_data_cbow_lr0.05_epochs1_mincount100_ws24_dims300,tatorten,0.6370318531990051
bezaubernde_roxana_training_data_cbow_lr0.05_epochs1_mincount100_ws24_dims300,polizeibekannten,0.6343051195144653
bezaubernde_roxana_training_data_cbow_lr0.05_epochs1_mincount100_ws24_dims300,räuberleiter,0.6318511962890625
bezaubernde_roxana_training_data_cbow_lr0.05_epochs1_mincount100_ws24_dims300,unbekanntem,0.6311247944831848
bezaubernde_roxana_training_data_cbow_lr0.05_epochs1_mincount100_ws24_dims300,polizeiinspektor,0.6305482387542725
bezaubernde_roxana_training_data_cbow_lr0.05_epochs1_mincount100_ws24_dims300,tat,0.6305451393127441
bezaubernde_roxana_training_data_cbow_lr0.05_epochs1_mincount100_ws24_dims300,polizeizelle,0.6301416158676147
bezaubernde_roxana_training_data_cbow_lr0.05_epochs1_mincount100_ws24_dims300,kriminalpolizei,0.6289460062980652
bezaubernde_roxana_training_data_cbow_lr0.05_epochs1_mincount100_ws24_dims300,tatzeugen,0.6276512145996094
bezaubernde_roxana_training_data_cbow_lr0.05_epochs1_mincount100_ws24_dims300,opferstöcken,0.6272355318069458
bezaubernde_roxana_training_data_cbow_lr0.05_epochs1_mincount100_ws24_dims300,ermittler,0.626795768737793
bezaubernde_roxana_training_data_cbow_lr0.05_epochs1_mincount100_ws24_dims300,kriminalpolizisten,0.6263896226882935
bezaubernde_roxana_training_data_cbow_lr0.05_epochs1_mincount100_ws24_dims300,polizeibekannte,0.626143217086792
bezaubernde_roxana_training_data_cbow_lr0.05_epochs1_mincount100_ws24_dims300,einbruchdiebstahl,0.6260561347007751
bezaubernde_roxana_training_data_cbow_lr0.05_epochs1_mincount100_ws24_dims300,dieber,0.6247515678405762
bezaubernde_roxana_training_data_cbow_lr0.05_epochs1_mincount100_ws24_dims300,polizeiinspektion,0.6247273683547974
bezaubernde_roxana_training_data_cbow_lr0.05_epochs1_mincount100_ws24_dims300,polizei,0.6243087649345398
bezaubernde_roxana_training_data_cbow_lr0.05_epochs1_mincount100_ws24_dims300,tatortnähe,0.6220390200614929
bezaubernde_roxana_training_data_cbow_lr0.05_epochs1_mincount100_ws24_dims300,überfallene,0.6210858225822449
bezaubernde_roxana_training_data_cbow_lr0.05_epochs1_mincount100_ws24_dims300,einbrechers,0.6203471422195435
bezaubernde_roxana_training_data_cbow_lr0.05_epochs1_mincount100_ws24_dims300,kriminalpolizist,0.6200926899909973
bezaubernde_roxana_training_data_cbow_lr0.05_epochs1_mincount100_ws24_dims300,juwelierüberfall,0.6190211176872253
bezaubernde_roxana_training_data_cbow_lr0.05_epochs1_mincount100_ws24_dims300,einbruchsdiebstahl,0.6190104484558105
bezaubernde_roxana_training_data_cbow_lr0.05_epochs1_mincount100_ws24_dims300,mordverdächtigen,0.6186407208442688
bezaubernde_roxana_training_data_cbow_lr0.05_epochs1_mincount100_ws24_dims300,diebesbanden,0.6184556484222412
bezaubernde_roxana_training_data_cbow_lr0.05_epochs1_mincount100_ws24_dims300,polizeilich,0.6183257102966309
bezaubernde_roxana_training_data_cbow_lr0.05_epochs1_mincount100_ws24_dims300,polizeihaft,0.6182538270950317
bezaubernde_roxana_training_data_cbow_lr0.05_epochs1_mincount100_ws24_dims300,raubüberfalls,0.6160994172096252
bezaubernde_roxana_training_data_cbow_lr0.05_epochs1_mincount100_ws24_dims300,nachahmungstäter,0.6152885556221008
bezaubernde_roxana_training_data_cbow_lr0.05_epochs1_mincount100_ws24_dims300,einbruchdiebstahls,0.6152458190917969
bezaubernde_roxana_training_data_cbow_lr0.05_epochs1_mincount100_ws24_dims300,trafikräuber,0.6151756048202515
bezaubernde_roxana_training_data_cbow_lr0.05_epochs1_mincount100_ws24_dims300,polizeidirektion,0.6148251295089722
bezaubernde_roxana_training_data_cbow_lr0.05_epochs1_mincount100_ws24_dims300,angreifer,0.6147172451019287
bezaubernde_roxana_training_data_cbow_lr0.05_epochs1_mincount100_ws24_dims300,hauptverdächtige,0.6144888997077942
bezaubernde_roxana_training_data_cbow_lr0.05_epochs1_mincount100_ws24_dims300,tatverdächtige,0.6138570308685303
bezaubernde_roxana_training_data_cbow_lr0.05_epochs1_mincount100_ws24_dims300,mordverdächtige,0.6125538945198059
entzückende_veronica_training_data_cbow_lr0.05_epochs1_mincount10_ws24_dims300,tätern,0.8900198936462402
entzückende_veronica_training_data_cbow_lr0.05_epochs1_mincount10_ws24_dims300,täterort,0.8820676803588867
entzückende_veronica_training_data_cbow_lr0.05_epochs1_mincount10_ws24_dims300,täte,0.877486526966095
entzückende_veronica_training_data_cbow_lr0.05_epochs1_mincount10_ws24_dims300,tätertrio,0.8618549108505249
entzückende_veronica_training_data_cbow_lr0.05_epochs1_mincount10_ws24_dims300,tätertyp,0.8613460659980774
entzückende_veronica_training_data_cbow_lr0.05_epochs1_mincount10_ws24_dims300,täterpaar,0.857111930847168
entzückende_veronica_training_data_cbow_lr0.05_epochs1_mincount10_ws24_dims300,tätertypus,0.8469929099082947
entzückende_veronica_training_data_cbow_lr0.05_epochs1_mincount10_ws24_dims300,täterduo,0.8450377583503723
entzückende_veronica_training_data_cbow_lr0.05_epochs1_mincount10_ws24_dims300,täterkreis,0.8372645974159241
entzückende_veronica_training_data_cbow_lr0.05_epochs1_mincount10_ws24_dims300,täters,0.8193170428276062
entzückende_veronica_training_data_cbow_lr0.05_epochs1_mincount10_ws24_dims300,tätertypen,0.8174495100975037
entzückende_veronica_training_data_cbow_lr0.05_epochs1_mincount10_ws24_dims300,täterbande,0.8137549161911011
entzückende_veronica_training_data_cbow_lr0.05_epochs1_mincount10_ws24_dims300,täterland,0.8109967708587646
entzückende_veronica_training_data_cbow_lr0.05_epochs1_mincount10_ws24_dims300,täterspuren,0.810257613658905
entzückende_veronica_training_data_cbow_lr0.05_epochs1_mincount10_ws24_dims300,täternamen,0.8095441460609436
entzückende_veronica_training_data_cbow_lr0.05_epochs1_mincount10_ws24_dims300,täterschaft,0.8049755692481995
entzückende_veronica_training_data_cbow_lr0.05_epochs1_mincount10_ws24_dims300,täterhund,0.8041173815727234
entzückende_veronica_training_data_cbow_lr0.05_epochs1_mincount10_ws24_dims300,täterthese,0.801825761795044
entzückende_veronica_training_data_cbow_lr0.05_epochs1_mincount10_ws24_dims300,täten,0.8014374375343323
entzückende_veronica_training_data_cbow_lr0.05_epochs1_mincount10_ws24_dims300,täterseite,0.7977904677391052
entzückende_veronica_training_data_cbow_lr0.05_epochs1_mincount10_ws24_dims300,täterbanden,0.796438992023468
entzückende_veronica_training_data_cbow_lr0.05_epochs1_mincount10_ws24_dims300,täterwissen,0.7961923480033875
entzückende_veronica_training_data_cbow_lr0.05_epochs1_mincount10_ws24_dims300,täterfahndung,0.791606605052948
entzückende_veronica_training_data_cbow_lr0.05_epochs1_mincount10_ws24_dims300,täterbild,0.7907552123069763
entzückende_veronica_training_data_cbow_lr0.05_epochs1_mincount10_ws24_dims300,täterjagd,0.7874761819839478
entzückende_veronica_training_data_cbow_lr0.05_epochs1_mincount10_ws24_dims300,täterhinweise,0.7827826142311096
entzückende_veronica_training_data_cbow_lr0.05_epochs1_mincount10_ws24_dims300,tätersuche,0.7806337475776672
entzückende_veronica_training_data_cbow_lr0.05_epochs1_mincount10_ws24_dims300,tätergruppe,0.7800530791282654
entzückende_veronica_training_data_cbow_lr0.05_epochs1_mincount10_ws24_dims300,täterrollen,0.7780519723892212
entzückende_veronica_training_data_cbow_lr0.05_epochs1_mincount10_ws24_dims300,täterprofile,0.7738920450210571
entzückende_veronica_training_data_cbow_lr0.05_epochs1_mincount10_ws24_dims300,tatverdächtige,0.7683504223823547
entzückende_veronica_training_data_cbow_lr0.05_epochs1_mincount10_ws24_dims300,täterprofil,0.7679936289787292
entzückende_veronica_training_data_cbow_lr0.05_epochs1_mincount10_ws24_dims300,täterinnen,0.7678484916687012
entzückende_veronica_training_data_cbow_lr0.05_epochs1_mincount10_ws24_dims300,täterfamilie,0.7675397992134094
entzückende_veronica_training_data_cbow_lr0.05_epochs1_mincount10_ws24_dims300,tätergruppen,0.7638673782348633
entzückende_veronica_training_data_cbow_lr0.05_epochs1_mincount10_ws24_dims300,tatverdächtig,0.7586052417755127
entzückende_veronica_training_data_cbow_lr0.05_epochs1_mincount10_ws24_dims300,tatverdächtigen,0.7578374743461609
entzückende_veronica_training_data_cbow_lr0.05_epochs1_mincount10_ws24_dims300,täterrolle,0.7568730711936951
entzückende_veronica_training_data_cbow_lr0.05_epochs1_mincount10_ws24_dims300,opferstockdieb,0.754738450050354
entzückende_veronica_training_data_cbow_lr0.05_epochs1_mincount10_ws24_dims300,unbekannten,0.7544410228729248
entzückende_veronica_training_data_cbow_lr0.05_epochs1_mincount10_ws24_dims300,täterfamilien,0.7520619034767151
entzückende_veronica_training_data_cbow_lr0.05_epochs1_mincount10_ws24_dims300,opferstockdiebe,0.7510194182395935
entzückende_veronica_training_data_cbow_lr0.05_epochs1_mincount10_ws24_dims300,täterverfolgung,0.7490898966789246
entzückende_veronica_training_data_cbow_lr0.05_epochs1_mincount10_ws24_dims300,mittäter,0.7490121126174927
entzückende_veronica_training_data_cbow_lr0.05_epochs1_mincount10_ws24_dims300,opferstockdiebstahl,0.7487932443618774
entzückende_veronica_training_data_cbow_lr0.05_epochs1_mincount10_ws24_dims300,verdächtig,0.7487478852272034
entzückende_veronica_training_data_cbow_lr0.05_epochs1_mincount10_ws24_dims300,täterbekleidung,0.7479685544967651
entzückende_veronica_training_data_cbow_lr0.05_epochs1_mincount10_ws24_dims300,täterfotos,0.7472386360168457
entzückende_veronica_training_data_cbow_lr0.05_epochs1_mincount10_ws24_dims300,täterin,0.746825635433197
entzückende_veronica_training_data_cbow_lr0.05_epochs1_mincount10_ws24_dims300,verdächtige,0.746556282043457
entzückende_veronica_training_data_cbow_lr0.05_epochs1_mincount10_ws24_dims300,täterschutz,0.74502032995224
entzückende_veronica_training_data_cbow_lr0.05_epochs1_mincount10_ws24_dims300,täterdaten,0.7448298335075378
entzückende_veronica_training_data_cbow_lr0.05_epochs1_mincount10_ws24_dims300,täterhinweis,0.743262767791748
entzückende_veronica_training_data_cbow_lr0.05_epochs1_mincount10_ws24_dims300,verdächtigen,0.7423779368400574
entzückende_veronica_training_data_cbow_lr0.05_epochs1_mincount10_ws24_dims300,täterbeschreibung,0.7405323386192322
entzückende_veronica_training_data_cbow_lr0.05_epochs1_mincount10_ws24_dims300,täterschaften,0.7393395900726318
entzückende_veronica_training_data_cbow_lr0.05_epochs1_mincount10_ws24_dims300,täterfahrzeug,0.739151120185852
entzückende_veronica_training_data_cbow_lr0.05_epochs1_mincount10_ws24_dims300,einbrecher,0.7377011179924011
entzückende_veronica_training_data_cbow_lr0.05_epochs1_mincount10_ws24_dims300,täterstellung,0.7366390824317932
entzückende_veronica_training_data_cbow_lr0.05_epochs1_mincount10_ws24_dims300,opferstockdiebstähle,0.7354508638381958
entzückende_veronica_training_data_cbow_lr0.05_epochs1_mincount10_ws24_dims300,tatverdächtiger,0.734793484210968
entzückende_veronica_training_data_cbow_lr0.05_epochs1_mincount10_ws24_dims300,täterverhalten,0.7329890727996826
entzückende_veronica_training_data_cbow_lr0.05_epochs1_mincount10_ws24_dims300,tatverdächtigte,0.731873095035553
entzückende_veronica_training_data_cbow_lr0.05_epochs1_mincount10_ws24_dims300,näter,0.7303773164749146
entzückende_veronica_training_data_cbow_lr0.05_epochs1_mincount10_ws24_dims300,ersttäter,0.7287747263908386
entzückende_veronica_training_data_cbow_lr0.05_epochs1_mincount10_ws24_dims300,täterperspektive,0.7277074456214905
entzückende_veronica_training_data_cbow_lr0.05_epochs1_mincount10_ws24_dims300,tätergeneration,0.7272753715515137
entzückende_veronica_training_data_cbow_lr0.05_epochs1_mincount10_ws24_dims300,tätergeschichte,0.7264020442962646
entzückende_veronica_training_data_cbow_lr0.05_epochs1_mincount10_ws24_dims300,überfallsopfer,0.7256031632423401
entzückende_veronica_training_data_cbow_lr0.05_epochs1_mincount10_ws24_dims300,täteransprache,0.7248439192771912
entzückende_veronica_training_data_cbow_lr0.05_epochs1_mincount10_ws24_dims300,haupttäter,0.724176824092865
entzückende_veronica_training_data_cbow_lr0.05_epochs1_mincount10_ws24_dims300,unbekannte,0.719279408454895
entzückende_veronica_training_data_cbow_lr0.05_epochs1_mincount10_ws24_dims300,täterfrage,0.7165566682815552
entzückende_veronica_training_data_cbow_lr0.05_epochs1_mincount10_ws24_dims300,täterschuld,0.716282844543457
entzückende_veronica_training_data_cbow_lr0.05_epochs1_mincount10_ws24_dims300,raubverdächtigen,0.7157841920852661
entzückende_veronica_training_data_cbow_lr0.05_epochs1_mincount10_ws24_dims300,opferstockdiebstählen,0.7149554491043091
entzückende_veronica_training_data_cbow_lr0.05_epochs1_mincount10_ws24_dims300,täterfahrzeuge,0.714633584022522
entzückende_veronica_training_data_cbow_lr0.05_epochs1_mincount10_ws24_dims300,täterzahl,0.7133290767669678
entzückende_veronica_training_data_cbow_lr0.05_epochs1_mincount10_ws24_dims300,überfallopfer,0.7119293212890625
entzückende_veronica_training_data_cbow_lr0.05_epochs1_mincount10_ws24_dims300,täter_innen,0.7116258144378662
entzückende_veronica_training_data_cbow_lr0.05_epochs1_mincount10_ws24_dims300,täterbeschreibungen,0.7107279300689697
entzückende_veronica_training_data_cbow_lr0.05_epochs1_mincount10_ws24_dims300,tatverdächtigem,0.710553765296936
entzückende_veronica_training_data_cbow_lr0.05_epochs1_mincount10_ws24_dims300,täterarbeit,0.7101855874061584
entzückende_veronica_training_data_cbow_lr0.05_epochs1_mincount10_ws24_dims300,überfalle,0.7100378274917603
entzückende_veronica_training_data_cbow_lr0.05_epochs1_mincount10_ws24_dims300,verdächtiger,0.709273636341095
entzückende_veronica_training_data_cbow_lr0.05_epochs1_mincount10_ws24_dims300,fremdtäter,0.7090442180633545
entzückende_veronica_training_data_cbow_lr0.05_epochs1_mincount10_ws24_dims300,tätergruppierung,0.7089465260505676
entzückende_veronica_training_data_cbow_lr0.05_epochs1_mincount10_ws24_dims300,täterfahrzeuges,0.7087646126747131
entzückende_veronica_training_data_cbow_lr0.05_epochs1_mincount10_ws24_dims300,zweittäter,0.7062063217163086
entzückende_veronica_training_data_cbow_lr0.05_epochs1_mincount10_ws24_dims300,einbruchsopfer,0.7033836841583252
entzückende_veronica_training_data_cbow_lr0.05_epochs1_mincount10_ws24_dims300,mehrtäter,0.7019628286361694
entzückende_veronica_training_data_cbow_lr0.05_epochs1_mincount10_ws24_dims300,einzeltäter,0.7011439204216003
entzückende_veronica_training_data_cbow_lr0.05_epochs1_mincount10_ws24_dims300,verdächte,0.7009446024894714
entzückende_veronica_training_data_cbow_lr0.05_epochs1_mincount10_ws24_dims300,diebstahlsopfer,0.6997047066688538
entzückende_veronica_training_data_cbow_lr0.05_epochs1_mincount10_ws24_dims300,inzesttäter,0.6993184089660645
entzückende_veronica_training_data_cbow_lr0.05_epochs1_mincount10_ws24_dims300,täter,0.699077308177948
entzückende_veronica_training_data_cbow_lr0.05_epochs1_mincount10_ws24_dims300,amoktäter,0.6989954113960266
entzückende_veronica_training_data_cbow_lr0.05_epochs1_mincount10_ws24_dims300,übeltäter,0.6931665539741516
entzückende_veronica_training_data_cbow_lr0.05_epochs1_mincount10_ws24_dims300,verdächtigte,0.6931636929512024
entzückende_veronica_training_data_cbow_lr0.05_epochs1_mincount10_ws24_dims300,räuber,0.692990779876709
aktive_eleonore_training_data_lower_cbow_lr0.05_epochs1_mincount50_ws5_dims300,tätern,0.839368462562561
aktive_eleonore_training_data_lower_cbow_lr0.05_epochs1_mincount50_ws5_dims300,ersttäter,0.8352044820785522
aktive_eleonore_training_data_lower_cbow_lr0.05_epochs1_mincount50_ws5_dims300,mittäter,0.8243447542190552
aktive_eleonore_training_data_lower_cbow_lr0.05_epochs1_mincount50_ws5_dims300,sextäter,0.8212577700614929
aktive_eleonore_training_data_lower_cbow_lr0.05_epochs1_mincount50_ws5_dims300,haupttäter,0.8142003417015076
aktive_eleonore_training_data_lower_cbow_lr0.05_epochs1_mincount50_ws5_dims300,opferstockdiebe,0.801864743232727
aktive_eleonore_training_data_lower_cbow_lr0.05_epochs1_mincount50_ws5_dims300,täterkreis,0.8015605211257935
aktive_eleonore_training_data_lower_cbow_lr0.05_epochs1_mincount50_ws5_dims300,triebtäter,0.8002353310585022
aktive_eleonore_training_data_lower_cbow_lr0.05_epochs1_mincount50_ws5_dims300,opferstockdieb,0.7950438261032104
aktive_eleonore_training_data_lower_cbow_lr0.05_epochs1_mincount50_ws5_dims300,serientäter,0.7900317311286926
aktive_eleonore_training_data_lower_cbow_lr0.05_epochs1_mincount50_ws5_dims300,tatverdächtige,0.7848818898200989
aktive_eleonore_training_data_lower_cbow_lr0.05_epochs1_mincount50_ws5_dims300,täterseite,0.7847399711608887
aktive_eleonore_training_data_lower_cbow_lr0.05_epochs1_mincount50_ws5_dims300,gewalttäter,0.784205973148346
aktive_eleonore_training_data_lower_cbow_lr0.05_epochs1_mincount50_ws5_dims300,täterinnen,0.7828594446182251
aktive_eleonore_training_data_lower_cbow_lr0.05_epochs1_mincount50_ws5_dims300,übeltäter,0.7754418849945068
aktive_eleonore_training_data_lower_cbow_lr0.05_epochs1_mincount50_ws5_dims300,einzeltäter,0.7753111720085144
aktive_eleonore_training_data_lower_cbow_lr0.05_epochs1_mincount50_ws5_dims300,täterschaft,0.7742605805397034
aktive_eleonore_training_data_lower_cbow_lr0.05_epochs1_mincount50_ws5_dims300,tatverdächtigen,0.7738028168678284
aktive_eleonore_training_data_lower_cbow_lr0.05_epochs1_mincount50_ws5_dims300,einbrecher,0.7696254253387451
aktive_eleonore_training_data_lower_cbow_lr0.05_epochs1_mincount50_ws5_dims300,täters,0.7679330110549927
aktive_eleonore_training_data_lower_cbow_lr0.05_epochs1_mincount50_ws5_dims300,tatverdächtig,0.7619274854660034
aktive_eleonore_training_data_lower_cbow_lr0.05_epochs1_mincount50_ws5_dims300,missetäter,0.7599701881408691
aktive_eleonore_training_data_lower_cbow_lr0.05_epochs1_mincount50_ws5_dims300,räuber,0.7594243288040161
aktive_eleonore_training_data_lower_cbow_lr0.05_epochs1_mincount50_ws5_dims300,täterwissen,0.7565822601318359
aktive_eleonore_training_data_lower_cbow_lr0.05_epochs1_mincount50_ws5_dims300,tatverdächtiger,0.7532708644866943
aktive_eleonore_training_data_lower_cbow_lr0.05_epochs1_mincount50_ws5_dims300,verdächtige,0.7493715882301331
aktive_eleonore_training_data_lower_cbow_lr0.05_epochs1_mincount50_ws5_dims300,täterin,0.7452989220619202
aktive_eleonore_training_data_lower_cbow_lr0.05_epochs1_mincount50_ws5_dims300,täterhinweise,0.7426770925521851
aktive_eleonore_training_data_lower_cbow_lr0.05_epochs1_mincount50_ws5_dims300,messerattentäter,0.7421091794967651
aktive_eleonore_training_data_lower_cbow_lr0.05_epochs1_mincount50_ws5_dims300,tätergruppen,0.7374749779701233
aktive_eleonore_training_data_lower_cbow_lr0.05_epochs1_mincount50_ws5_dims300,tätersuche,0.7359009385108948
aktive_eleonore_training_data_lower_cbow_lr0.05_epochs1_mincount50_ws5_dims300,tätergruppe,0.7348607778549194
aktive_eleonore_training_data_lower_cbow_lr0.05_epochs1_mincount50_ws5_dims300,verdächtigen,0.7336488366127014
aktive_eleonore_training_data_lower_cbow_lr0.05_epochs1_mincount50_ws5_dims300,überfallsopfer,0.732546329498291
aktive_eleonore_training_data_lower_cbow_lr0.05_epochs1_mincount50_ws5_dims300,haupttatverdächtige,0.7318402528762817
aktive_eleonore_training_data_lower_cbow_lr0.05_epochs1_mincount50_ws5_dims300,täterprofile,0.7310479879379272
aktive_eleonore_training_data_lower_cbow_lr0.05_epochs1_mincount50_ws5_dims300,attentäter,0.7304226756095886
aktive_eleonore_training_data_lower_cbow_lr0.05_epochs1_mincount50_ws5_dims300,täterprofil,0.7293725609779358
aktive_eleonore_training_data_lower_cbow_lr0.05_epochs1_mincount50_ws5_dims300,ersttätern,0.727919340133667
aktive_eleonore_training_data_lower_cbow_lr0.05_epochs1_mincount50_ws5_dims300,nachahmungstäter,0.7270854711532593
aktive_eleonore_training_data_lower_cbow_lr0.05_epochs1_mincount50_ws5_dims300,polizeiopfer,0.7242248058319092
aktive_eleonore_training_data_lower_cbow_lr0.05_epochs1_mincount50_ws5_dims300,täterbeschreibung,0.7233296036720276
aktive_eleonore_training_data_lower_cbow_lr0.05_epochs1_mincount50_ws5_dims300,haupttatverdächtigen,0.7228103280067444
aktive_eleonore_training_data_lower_cbow_lr0.05_epochs1_mincount50_ws5_dims300,täterfahrzeug,0.7214217782020569
aktive_eleonore_training_data_lower_cbow_lr0.05_epochs1_mincount50_ws5_dims300,handyräuber,0.7211358547210693
aktive_eleonore_training_data_lower_cbow_lr0.05_epochs1_mincount50_ws5_dims300,haupttätern,0.7208664417266846
aktive_eleonore_training_data_lower_cbow_lr0.05_epochs1_mincount50_ws5_dims300,mittätern,0.7184138894081116
aktive_eleonore_training_data_lower_cbow_lr0.05_epochs1_mincount50_ws5_dims300,fluchtfahrer,0.7167359590530396
aktive_eleonore_training_data_lower_cbow_lr0.05_epochs1_mincount50_ws5_dims300,täterrolle,0.7164276242256165
aktive_eleonore_training_data_lower_cbow_lr0.05_epochs1_mincount50_ws5_dims300,sexualtäter,0.7161130309104919
aktive_eleonore_training_data_lower_cbow_lr0.05_epochs1_mincount50_ws5_dims300,trafikräuber,0.7136774659156799
aktive_eleonore_training_data_lower_cbow_lr0.05_epochs1_mincount50_ws5_dims300,diebesbanden,0.7136415839195251
aktive_eleonore_training_data_lower_cbow_lr0.05_epochs1_mincount50_ws5_dims300,überfallopfer,0.7119839191436768
aktive_eleonore_training_data_lower_cbow_lr0.05_epochs1_mincount50_ws5_dims300,serienattentäter,0.7114019393920898
aktive_eleonore_training_data_lower_cbow_lr0.05_epochs1_mincount50_ws5_dims300,diebesbande,0.71054607629776
aktive_eleonore_training_data_lower_cbow_lr0.05_epochs1_mincount50_ws5_dims300,angreifer,0.7096649408340454
aktive_eleonore_training_data_lower_cbow_lr0.05_epochs1_mincount50_ws5_dims300,verdächtig,0.7080808877944946
aktive_eleonore_training_data_lower_cbow_lr0.05_epochs1_mincount50_ws5_dims300,verdächtiger,0.7080671191215515
aktive_eleonore_training_data_lower_cbow_lr0.05_epochs1_mincount50_ws5_dims300,rückfalltäter,0.7070339918136597
aktive_eleonore_training_data_lower_cbow_lr0.05_epochs1_mincount50_ws5_dims300,täterschutz,0.7068687081336975
aktive_eleonore_training_data_lower_cbow_lr0.05_epochs1_mincount50_ws5_dims300,polizistenmörder,0.7067214250564575
aktive_eleonore_training_data_lower_cbow_lr0.05_epochs1_mincount50_ws5_dims300,komplizen,0.7045347094535828
aktive_eleonore_training_data_lower_cbow_lr0.05_epochs1_mincount50_ws5_dims300,täter_innen,0.7039420008659363
aktive_eleonore_training_data_lower_cbow_lr0.05_epochs1_mincount50_ws5_dims300,raubopfer,0.7025415301322937
aktive_eleonore_training_data_lower_cbow_lr0.05_epochs1_mincount50_ws5_dims300,ladendiebe,0.702237606048584
aktive_eleonore_training_data_lower_cbow_lr0.05_epochs1_mincount50_ws5_dims300,autoeinbrecher,0.70158851146698
aktive_eleonore_training_data_lower_cbow_lr0.05_epochs1_mincount50_ws5_dims300,sextätern,0.7010490298271179
aktive_eleonore_training_data_lower_cbow_lr0.05_epochs1_mincount50_ws5_dims300,serientätern,0.698367178440094
aktive_eleonore_training_data_lower_cbow_lr0.05_epochs1_mincount50_ws5_dims300,intensivtäter,0.6981452107429504
aktive_eleonore_training_data_lower_cbow_lr0.05_epochs1_mincount50_ws5_dims300,juwelierräuber,0.6975278258323669
aktive_eleonore_training_data_lower_cbow_lr0.05_epochs1_mincount50_ws5_dims300,täterbeschreibungen,0.6972497701644897
aktive_eleonore_training_data_lower_cbow_lr0.05_epochs1_mincount50_ws5_dims300,straftäter,0.6969265341758728
aktive_eleonore_training_data_lower_cbow_lr0.05_epochs1_mincount50_ws5_dims300,diebe,0.6965528726577759
aktive_eleonore_training_data_lower_cbow_lr0.05_epochs1_mincount50_ws5_dims300,dieber,0.6963320374488831
aktive_eleonore_training_data_lower_cbow_lr0.05_epochs1_mincount50_ws5_dims300,auftragstäter,0.6950765252113342
aktive_eleonore_training_data_lower_cbow_lr0.05_epochs1_mincount50_ws5_dims300,gewalttätern,0.6950071454048157
aktive_eleonore_training_data_lower_cbow_lr0.05_epochs1_mincount50_ws5_dims300,missbrauchstäter,0.6942515969276428
aktive_eleonore_training_data_lower_cbow_lr0.05_epochs1_mincount50_ws5_dims300,diebsbande,0.6941893696784973
aktive_eleonore_training_data_lower_cbow_lr0.05_epochs1_mincount50_ws5_dims300,bankräuber,0.6910601258277893
aktive_eleonore_training_data_lower_cbow_lr0.05_epochs1_mincount50_ws5_dims300,serieneinbrecher,0.6910471320152283
aktive_eleonore_training_data_lower_cbow_lr0.05_epochs1_mincount50_ws5_dims300,tatortermittler,0.6910159587860107
aktive_eleonore_training_data_lower_cbow_lr0.05_epochs1_mincount50_ws5_dims300,raubmörder,0.6905392408370972
aktive_eleonore_training_data_lower_cbow_lr0.05_epochs1_mincount50_ws5_dims300,tätergruppierung,0.6885010004043579
aktive_eleonore_training_data_lower_cbow_lr0.05_epochs1_mincount50_ws5_dims300,mittäterinnen,0.6883354783058167
aktive_eleonore_training_data_lower_cbow_lr0.05_epochs1_mincount50_ws5_dims300,hauptverdächtige,0.6881588101387024
aktive_eleonore_training_data_lower_cbow_lr0.05_epochs1_mincount50_ws5_dims300,dieben,0.6867881417274475
aktive_eleonore_training_data_lower_cbow_lr0.05_epochs1_mincount50_ws5_dims300,komplize,0.686680793762207
aktive_eleonore_training_data_lower_cbow_lr0.05_epochs1_mincount50_ws5_dims300,einbrechern,0.6852336525917053
aktive_eleonore_training_data_lower_cbow_lr0.05_epochs1_mincount50_ws5_dims300,einbrecherduo,0.6846017241477966
aktive_eleonore_training_data_lower_cbow_lr0.05_epochs1_mincount50_ws5_dims300,diebel,0.6843165755271912
aktive_eleonore_training_data_lower_cbow_lr0.05_epochs1_mincount50_ws5_dims300,tatwaffe,0.6831382513046265
aktive_eleonore_training_data_lower_cbow_lr0.05_epochs1_mincount50_ws5_dims300,diebeiden,0.6824179291725159
aktive_eleonore_training_data_lower_cbow_lr0.05_epochs1_mincount50_ws5_dims300,mordverdächtigen,0.6818724870681763
aktive_eleonore_training_data_lower_cbow_lr0.05_epochs1_mincount50_ws5_dims300,polizeibekannte,0.6812760829925537
aktive_eleonore_training_data_lower_cbow_lr0.05_epochs1_mincount50_ws5_dims300,hauptverdächtigen,0.6812054514884949
aktive_eleonore_training_data_lower_cbow_lr0.05_epochs1_mincount50_ws5_dims300,einschleichdieb,0.6806271076202393
aktive_eleonore_training_data_lower_cbow_lr0.05_epochs1_mincount50_ws5_dims300,gewalttäters,0.680570662021637
aktive_eleonore_training_data_lower_cbow_lr0.05_epochs1_mincount50_ws5_dims300,polizeibekannten,0.6798899173736572
aktive_eleonore_training_data_lower_cbow_lr0.05_epochs1_mincount50_ws5_dims300,räuberleiter,0.6792330145835876
aktive_eleonore_training_data_lower_cbow_lr0.05_epochs1_mincount50_ws5_dims300,bombenattentäter,0.6781001091003418
brillanter_zoran_training_data_lower_cbow_lr0.05_epochs1_mincount5_ws24_dims300,tätern,0.8934152722358704
brillanter_zoran_training_data_lower_cbow_lr0.05_epochs1_mincount5_ws24_dims300,täterort,0.8713417649269104
brillanter_zoran_training_data_lower_cbow_lr0.05_epochs1_mincount5_ws24_dims300,täterorte,0.851098358631134
brillanter_zoran_training_data_lower_cbow_lr0.05_epochs1_mincount5_ws24_dims300,mitttäter,0.8483887314796448
brillanter_zoran_training_data_lower_cbow_lr0.05_epochs1_mincount5_ws24_dims300,tätertrio,0.8452114462852478
brillanter_zoran_training_data_lower_cbow_lr0.05_epochs1_mincount5_ws24_dims300,tätertrios,0.8426905274391174
brillanter_zoran_training_data_lower_cbow_lr0.05_epochs1_mincount5_ws24_dims300,täterspur,0.8408269882202148
brillanter_zoran_training_data_lower_cbow_lr0.05_epochs1_mincount5_ws24_dims300,täterpaar,0.838132917881012
brillanter_zoran_training_data_lower_cbow_lr0.05_epochs1_mincount5_ws24_dims300,hauptäter,0.8373482823371887
brillanter_zoran_training_data_lower_cbow_lr0.05_epochs1_mincount5_ws24_dims300,täterpärchen,0.8337457180023193
brillanter_zoran_training_data_lower_cbow_lr0.05_epochs1_mincount5_ws24_dims300,täterduo,0.8284516930580139
brillanter_zoran_training_data_lower_cbow_lr0.05_epochs1_mincount5_ws24_dims300,tätervolk,0.8266823291778564
brillanter_zoran_training_data_lower_cbow_lr0.05_epochs1_mincount5_ws24_dims300,täterumkehr,0.8265356421470642
brillanter_zoran_training_data_lower_cbow_lr0.05_epochs1_mincount5_ws24_dims300,tätertyp,0.8236050605773926
brillanter_zoran_training_data_lower_cbow_lr0.05_epochs1_mincount5_ws24_dims300,täterbande,0.8167234659194946
brillanter_zoran_training_data_lower_cbow_lr0.05_epochs1_mincount5_ws24_dims300,täterkreis,0.8152027726173401
brillanter_zoran_training_data_lower_cbow_lr0.05_epochs1_mincount5_ws24_dims300,ersttäter,0.8145288228988647
brillanter_zoran_training_data_lower_cbow_lr0.05_epochs1_mincount5_ws24_dims300,tätertypus,0.8132632970809937
brillanter_zoran_training_data_lower_cbow_lr0.05_epochs1_mincount5_ws24_dims300,täters,0.8113868832588196
brillanter_zoran_training_data_lower_cbow_lr0.05_epochs1_mincount5_ws24_dims300,mehrtäter,0.810781717300415
brillanter_zoran_training_data_lower_cbow_lr0.05_epochs1_mincount5_ws24_dims300,täterschaft,0.8076962828636169
brillanter_zoran_training_data_lower_cbow_lr0.05_epochs1_mincount5_ws24_dims300,täterbanden,0.8042864799499512
brillanter_zoran_training_data_lower_cbow_lr0.05_epochs1_mincount5_ws24_dims300,täterland,0.8030486702919006
brillanter_zoran_training_data_lower_cbow_lr0.05_epochs1_mincount5_ws24_dims300,mittäter,0.8016137480735779
brillanter_zoran_training_data_lower_cbow_lr0.05_epochs1_mincount5_ws24_dims300,fremdtäter,0.8010371923446655
brillanter_zoran_training_data_lower_cbow_lr0.05_epochs1_mincount5_ws24_dims300,täterauto,0.7982915043830872
brillanter_zoran_training_data_lower_cbow_lr0.05_epochs1_mincount5_ws24_dims300,tätertypen,0.7956529259681702
brillanter_zoran_training_data_lower_cbow_lr0.05_epochs1_mincount5_ws24_dims300,täterseite,0.7950192093849182
brillanter_zoran_training_data_lower_cbow_lr0.05_epochs1_mincount5_ws24_dims300,täterspuren,0.7945986390113831
brillanter_zoran_training_data_lower_cbow_lr0.05_epochs1_mincount5_ws24_dims300,täterfahndung,0.7937464714050293
brillanter_zoran_training_data_lower_cbow_lr0.05_epochs1_mincount5_ws24_dims300,amoktäter,0.7913099527359009
brillanter_zoran_training_data_lower_cbow_lr0.05_epochs1_mincount5_ws24_dims300,täterhund,0.7894260287284851
brillanter_zoran_training_data_lower_cbow_lr0.05_epochs1_mincount5_ws24_dims300,tätersicht,0.7880998253822327
brillanter_zoran_training_data_lower_cbow_lr0.05_epochs1_mincount5_ws24_dims300,täterkreise,0.7862203121185303
brillanter_zoran_training_data_lower_cbow_lr0.05_epochs1_mincount5_ws24_dims300,täterhinweise,0.7847077250480652
brillanter_zoran_training_data_lower_cbow_lr0.05_epochs1_mincount5_ws24_dims300,täterwissen,0.7837217450141907
brillanter_zoran_training_data_lower_cbow_lr0.05_epochs1_mincount5_ws24_dims300,täterjagd,0.782807469367981
brillanter_zoran_training_data_lower_cbow_lr0.05_epochs1_mincount5_ws24_dims300,opferstockdiebe,0.7818439602851868
brillanter_zoran_training_data_lower_cbow_lr0.05_epochs1_mincount5_ws24_dims300,haupttäter,0.7801271080970764
brillanter_zoran_training_data_lower_cbow_lr0.05_epochs1_mincount5_ws24_dims300,täterbild,0.7780404090881348
brillanter_zoran_training_data_lower_cbow_lr0.05_epochs1_mincount5_ws24_dims300,innentäter,0.777423620223999
brillanter_zoran_training_data_lower_cbow_lr0.05_epochs1_mincount5_ws24_dims300,täterherkunft,0.7768123745918274
brillanter_zoran_training_data_lower_cbow_lr0.05_epochs1_mincount5_ws24_dims300,inzesttäter,0.7759751081466675
brillanter_zoran_training_data_lower_cbow_lr0.05_epochs1_mincount5_ws24_dims300,täterhinweis,0.7725912928581238
brillanter_zoran_training_data_lower_cbow_lr0.05_epochs1_mincount5_ws24_dims300,übertäter,0.7716978192329407
brillanter_zoran_training_data_lower_cbow_lr0.05_epochs1_mincount5_ws24_dims300,opferstockdieb,0.769205629825592
brillanter_zoran_training_data_lower_cbow_lr0.05_epochs1_mincount5_ws24_dims300,datteltäter,0.7672744393348694
brillanter_zoran_training_data_lower_cbow_lr0.05_epochs1_mincount5_ws24_dims300,tätergruppe,0.7668391466140747
brillanter_zoran_training_data_lower_cbow_lr0.05_epochs1_mincount5_ws24_dims300,täterrollen,0.7667608857154846
brillanter_zoran_training_data_lower_cbow_lr0.05_epochs1_mincount5_ws24_dims300,täternamen,0.766722559928894
brillanter_zoran_training_data_lower_cbow_lr0.05_epochs1_mincount5_ws24_dims300,dritttäter,0.7666053771972656
brillanter_zoran_training_data_lower_cbow_lr0.05_epochs1_mincount5_ws24_dims300,hauptübeltäter,0.7664810419082642
brillanter_zoran_training_data_lower_cbow_lr0.05_epochs1_mincount5_ws24_dims300,opferstockdiebstahl,0.7664218544960022
brillanter_zoran_training_data_lower_cbow_lr0.05_epochs1_mincount5_ws24_dims300,missetäter,0.7652561068534851
brillanter_zoran_training_data_lower_cbow_lr0.05_epochs1_mincount5_ws24_dims300,tätergruppen,0.7621970176696777
brillanter_zoran_training_data_lower_cbow_lr0.05_epochs1_mincount5_ws24_dims300,opferstockdieben,0.7601369619369507
brillanter_zoran_training_data_lower_cbow_lr0.05_epochs1_mincount5_ws24_dims300,täterbilder,0.7598991990089417
brillanter_zoran_training_data_lower_cbow_lr0.05_epochs1_mincount5_ws24_dims300,tätersuche,0.7585583329200745
brillanter_zoran_training_data_lower_cbow_lr0.05_epochs1_mincount5_ws24_dims300,täterlagen,0.7580556273460388
brillanter_zoran_training_data_lower_cbow_lr0.05_epochs1_mincount5_ws24_dims300,täterthese,0.7559320330619812
brillanter_zoran_training_data_lower_cbow_lr0.05_epochs1_mincount5_ws24_dims300,tätverdächtige,0.7558788061141968
brillanter_zoran_training_data_lower_cbow_lr0.05_epochs1_mincount5_ws24_dims300,einzeltäter,0.7546128630638123
brillanter_zoran_training_data_lower_cbow_lr0.05_epochs1_mincount5_ws24_dims300,täterkleidung,0.7537623047828674
brillanter_zoran_training_data_lower_cbow_lr0.05_epochs1_mincount5_ws24_dims300,täterprofils,0.7535324096679688
brillanter_zoran_training_data_lower_cbow_lr0.05_epochs1_mincount5_ws24_dims300,täterinnen,0.7530563473701477
brillanter_zoran_training_data_lower_cbow_lr0.05_epochs1_mincount5_ws24_dims300,tatverdächtige,0.7518126964569092
brillanter_zoran_training_data_lower_cbow_lr0.05_epochs1_mincount5_ws24_dims300,sextäter,0.7504022717475891
brillanter_zoran_training_data_lower_cbow_lr0.05_epochs1_mincount5_ws24_dims300,tatverdächtigen,0.7498011589050293
brillanter_zoran_training_data_lower_cbow_lr0.05_epochs1_mincount5_ws24_dims300,täterprofilen,0.7489674687385559
brillanter_zoran_training_data_lower_cbow_lr0.05_epochs1_mincount5_ws24_dims300,mutmaßlichentäter,0.7482286691665649
brillanter_zoran_training_data_lower_cbow_lr0.05_epochs1_mincount5_ws24_dims300,täterprofile,0.7479528784751892
brillanter_zoran_training_data_lower_cbow_lr0.05_epochs1_mincount5_ws24_dims300,zweittäter,0.747506320476532
brillanter_zoran_training_data_lower_cbow_lr0.05_epochs1_mincount5_ws24_dims300,brandstäter,0.7463034391403198
brillanter_zoran_training_data_lower_cbow_lr0.05_epochs1_mincount5_ws24_dims300,tätersprache,0.7460044026374817
brillanter_zoran_training_data_lower_cbow_lr0.05_epochs1_mincount5_ws24_dims300,täterfamilie,0.745897114276886
brillanter_zoran_training_data_lower_cbow_lr0.05_epochs1_mincount5_ws24_dims300,täterverfolgung,0.7453864812850952
brillanter_zoran_training_data_lower_cbow_lr0.05_epochs1_mincount5_ws24_dims300,täterschaften,0.744461178779602
brillanter_zoran_training_data_lower_cbow_lr0.05_epochs1_mincount5_ws24_dims300,übeltäter,0.7441057562828064
brillanter_zoran_training_data_lower_cbow_lr0.05_epochs1_mincount5_ws24_dims300,gewalttäter,0.7437126040458679
brillanter_zoran_training_data_lower_cbow_lr0.05_epochs1_mincount5_ws24_dims300,opferstockdiebstähle,0.7435034513473511
brillanter_zoran_training_data_lower_cbow_lr0.05_epochs1_mincount5_ws24_dims300,täterwohnung,0.7424727082252502
brillanter_zoran_training_data_lower_cbow_lr0.05_epochs1_mincount5_ws24_dims300,täterprofil,0.7414577007293701
brillanter_zoran_training_data_lower_cbow_lr0.05_epochs1_mincount5_ws24_dims300,überfallsopfer,0.7387542128562927
brillanter_zoran_training_data_lower_cbow_lr0.05_epochs1_mincount5_ws24_dims300,täterfamilien,0.7385159134864807
brillanter_zoran_training_data_lower_cbow_lr0.05_epochs1_mincount5_ws24_dims300,mehrfachtäter,0.7378215193748474
brillanter_zoran_training_data_lower_cbow_lr0.05_epochs1_mincount5_ws24_dims300,vorsatztäter,0.7376198768615723
brillanter_zoran_training_data_lower_cbow_lr0.05_epochs1_mincount5_ws24_dims300,tatverdächtig,0.7363618612289429
brillanter_zoran_training_data_lower_cbow_lr0.05_epochs1_mincount5_ws24_dims300,tätertypologie,0.7360891699790955
brillanter_zoran_training_data_lower_cbow_lr0.05_epochs1_mincount5_ws24_dims300,raubverdächtigen,0.7351689338684082
brillanter_zoran_training_data_lower_cbow_lr0.05_epochs1_mincount5_ws24_dims300,täterstellung,0.735008716583252
brillanter_zoran_training_data_lower_cbow_lr0.05_epochs1_mincount5_ws24_dims300,tatverdächtiger,0.7344862222671509
brillanter_zoran_training_data_lower_cbow_lr0.05_epochs1_mincount5_ws24_dims300,alleintäter,0.7336013913154602
brillanter_zoran_training_data_lower_cbow_lr0.05_epochs1_mincount5_ws24_dims300,täterbeschreibung,0.7316328287124634
brillanter_zoran_training_data_lower_cbow_lr0.05_epochs1_mincount5_ws24_dims300,amoktätern,0.730568528175354
brillanter_zoran_training_data_lower_cbow_lr0.05_epochs1_mincount5_ws24_dims300,täterschutz,0.7301052212715149
brillanter_zoran_training_data_lower_cbow_lr0.05_epochs1_mincount5_ws24_dims300,terrortäter,0.7296855449676514
brillanter_zoran_training_data_lower_cbow_lr0.05_epochs1_mincount5_ws24_dims300,opferstockdiebstählen,0.7292384505271912
brillanter_zoran_training_data_lower_cbow_lr0.05_epochs1_mincount5_ws24_dims300,triebtäter,0.7291737198829651
brillanter_zoran_training_data_lower_cbow_lr0.05_epochs1_mincount5_ws24_dims300,tatverdächte,0.7282838821411133
brillanter_zoran_training_data_lower_cbow_lr0.05_epochs1_mincount5_ws24_dims300,tatverdächtigte,0.7280809283256531
reizvoller_khalid_training_data_cbow_lr0.05_epochs1_mincount100_ws6_dims300,tätern,0.8334768414497375
reizvoller_khalid_training_data_cbow_lr0.05_epochs1_mincount100_ws6_dims300,einbrecher,0.795730471611023
reizvoller_khalid_training_data_cbow_lr0.05_epochs1_mincount100_ws6_dims300,tatverdächtige,0.7943339943885803
reizvoller_khalid_training_data_cbow_lr0.05_epochs1_mincount100_ws6_dims300,verdächtige,0.7851226329803467
reizvoller_khalid_training_data_cbow_lr0.05_epochs1_mincount100_ws6_dims300,tatverdächtig,0.7780207395553589
reizvoller_khalid_training_data_cbow_lr0.05_epochs1_mincount100_ws6_dims300,verdächtig,0.7769211530685425
reizvoller_khalid_training_data_cbow_lr0.05_epochs1_mincount100_ws6_dims300,täters,0.7757306098937988
reizvoller_khalid_training_data_cbow_lr0.05_epochs1_mincount100_ws6_dims300,haupttäter,0.7739879488945007
reizvoller_khalid_training_data_cbow_lr0.05_epochs1_mincount100_ws6_dims300,tatverdächtigen,0.7739720940589905
reizvoller_khalid_training_data_cbow_lr0.05_epochs1_mincount100_ws6_dims300,verdächtigen,0.7715460658073425
reizvoller_khalid_training_data_cbow_lr0.05_epochs1_mincount100_ws6_dims300,mittäter,0.7693637609481812
reizvoller_khalid_training_data_cbow_lr0.05_epochs1_mincount100_ws6_dims300,tatverdächtiger,0.7633047699928284
reizvoller_khalid_training_data_cbow_lr0.05_epochs1_mincount100_ws6_dims300,täterwissen,0.7627777457237244
reizvoller_khalid_training_data_cbow_lr0.05_epochs1_mincount100_ws6_dims300,täterinnen,0.7621448636054993
reizvoller_khalid_training_data_cbow_lr0.05_epochs1_mincount100_ws6_dims300,täterschaft,0.7604448199272156
reizvoller_khalid_training_data_cbow_lr0.05_epochs1_mincount100_ws6_dims300,räuber,0.758744478225708
reizvoller_khalid_training_data_cbow_lr0.05_epochs1_mincount100_ws6_dims300,ersttäter,0.7574589252471924
reizvoller_khalid_training_data_cbow_lr0.05_epochs1_mincount100_ws6_dims300,verdächtiger,0.7548965811729431
reizvoller_khalid_training_data_cbow_lr0.05_epochs1_mincount100_ws6_dims300,übeltäter,0.7539691925048828
reizvoller_khalid_training_data_cbow_lr0.05_epochs1_mincount100_ws6_dims300,sextäter,0.746853768825531
reizvoller_khalid_training_data_cbow_lr0.05_epochs1_mincount100_ws6_dims300,opferstockdieb,0.7451494336128235
reizvoller_khalid_training_data_cbow_lr0.05_epochs1_mincount100_ws6_dims300,täterprofil,0.7436538934707642
reizvoller_khalid_training_data_cbow_lr0.05_epochs1_mincount100_ws6_dims300,tätersuche,0.7406542301177979
reizvoller_khalid_training_data_cbow_lr0.05_epochs1_mincount100_ws6_dims300,täterin,0.7397392392158508
reizvoller_khalid_training_data_cbow_lr0.05_epochs1_mincount100_ws6_dims300,tätergruppe,0.735887348651886
reizvoller_khalid_training_data_cbow_lr0.05_epochs1_mincount100_ws6_dims300,serientäter,0.7332135438919067
reizvoller_khalid_training_data_cbow_lr0.05_epochs1_mincount100_ws6_dims300,gewalttäter,0.7288921475410461
reizvoller_khalid_training_data_cbow_lr0.05_epochs1_mincount100_ws6_dims300,täterfahrzeug,0.7281973958015442
reizvoller_khalid_training_data_cbow_lr0.05_epochs1_mincount100_ws6_dims300,einzeltäter,0.7275700569152832
reizvoller_khalid_training_data_cbow_lr0.05_epochs1_mincount100_ws6_dims300,verdächtigem,0.7231786847114563
reizvoller_khalid_training_data_cbow_lr0.05_epochs1_mincount100_ws6_dims300,attentäter,0.7228557467460632
reizvoller_khalid_training_data_cbow_lr0.05_epochs1_mincount100_ws6_dims300,triebtäter,0.7217071652412415
reizvoller_khalid_training_data_cbow_lr0.05_epochs1_mincount100_ws6_dims300,tätergruppen,0.7199478149414062
reizvoller_khalid_training_data_cbow_lr0.05_epochs1_mincount100_ws6_dims300,unbekannten,0.716957688331604
reizvoller_khalid_training_data_cbow_lr0.05_epochs1_mincount100_ws6_dims300,angreifer,0.7132202982902527
reizvoller_khalid_training_data_cbow_lr0.05_epochs1_mincount100_ws6_dims300,komplizen,0.7116542458534241
reizvoller_khalid_training_data_cbow_lr0.05_epochs1_mincount100_ws6_dims300,verdächtigt,0.7079150676727295
reizvoller_khalid_training_data_cbow_lr0.05_epochs1_mincount100_ws6_dims300,einbrechern,0.7075686454772949
reizvoller_khalid_training_data_cbow_lr0.05_epochs1_mincount100_ws6_dims300,täterbeschreibung,0.7075457572937012
reizvoller_khalid_training_data_cbow_lr0.05_epochs1_mincount100_ws6_dims300,tatortermittler,0.7059091925621033
reizvoller_khalid_training_data_cbow_lr0.05_epochs1_mincount100_ws6_dims300,verdächtigter,0.7053235173225403
reizvoller_khalid_training_data_cbow_lr0.05_epochs1_mincount100_ws6_dims300,verdächtiges,0.7044457197189331
reizvoller_khalid_training_data_cbow_lr0.05_epochs1_mincount100_ws6_dims300,trafikräuber,0.7033236026763916
reizvoller_khalid_training_data_cbow_lr0.05_epochs1_mincount100_ws6_dims300,täter_innen,0.7020798325538635
reizvoller_khalid_training_data_cbow_lr0.05_epochs1_mincount100_ws6_dims300,polizistenmörder,0.7019720077514648
reizvoller_khalid_training_data_cbow_lr0.05_epochs1_mincount100_ws6_dims300,verdächtigte,0.6996979117393494
reizvoller_khalid_training_data_cbow_lr0.05_epochs1_mincount100_ws6_dims300,haupttätern,0.6973424553871155
reizvoller_khalid_training_data_cbow_lr0.05_epochs1_mincount100_ws6_dims300,täterschutz,0.6935173273086548
reizvoller_khalid_training_data_cbow_lr0.05_epochs1_mincount100_ws6_dims300,räuberleiter,0.6935150027275085
reizvoller_khalid_training_data_cbow_lr0.05_epochs1_mincount100_ws6_dims300,verdächtigten,0.6913525462150574
reizvoller_khalid_training_data_cbow_lr0.05_epochs1_mincount100_ws6_dims300,raubmörder,0.6911682486534119
reizvoller_khalid_training_data_cbow_lr0.05_epochs1_mincount100_ws6_dims300,diebesbande,0.690456748008728
reizvoller_khalid_training_data_cbow_lr0.05_epochs1_mincount100_ws6_dims300,diebesbanden,0.6895790696144104
reizvoller_khalid_training_data_cbow_lr0.05_epochs1_mincount100_ws6_dims300,einbruchsopfer,0.6893330216407776
reizvoller_khalid_training_data_cbow_lr0.05_epochs1_mincount100_ws6_dims300,einbrechers,0.6881041526794434
reizvoller_khalid_training_data_cbow_lr0.05_epochs1_mincount100_ws6_dims300,nachahmungstäter,0.6862689852714539
reizvoller_khalid_training_data_cbow_lr0.05_epochs1_mincount100_ws6_dims300,dieber,0.6861104369163513
reizvoller_khalid_training_data_cbow_lr0.05_epochs1_mincount100_ws6_dims300,missetäter,0.6852117776870728
reizvoller_khalid_training_data_cbow_lr0.05_epochs1_mincount100_ws6_dims300,raubopfer,0.6833222508430481
reizvoller_khalid_training_data_cbow_lr0.05_epochs1_mincount100_ws6_dims300,raubüberfalles,0.6822668313980103
reizvoller_khalid_training_data_cbow_lr0.05_epochs1_mincount100_ws6_dims300,opferstock,0.6817449927330017
reizvoller_khalid_training_data_cbow_lr0.05_epochs1_mincount100_ws6_dims300,tatverdächtige,0.6813640594482422
reizvoller_khalid_training_data_cbow_lr0.05_epochs1_mincount100_ws6_dims300,täterbeschreibungen,0.68039870262146
reizvoller_khalid_training_data_cbow_lr0.05_epochs1_mincount100_ws6_dims300,verdächtigung,0.6803497672080994
reizvoller_khalid_training_data_cbow_lr0.05_epochs1_mincount100_ws6_dims300,mittätern,0.6798972487449646
reizvoller_khalid_training_data_cbow_lr0.05_epochs1_mincount100_ws6_dims300,unbekannte,0.6786234378814697
reizvoller_khalid_training_data_cbow_lr0.05_epochs1_mincount100_ws6_dims300,komplize,0.6784971356391907
reizvoller_khalid_training_data_cbow_lr0.05_epochs1_mincount100_ws6_dims300,tatverdächtigen,0.6782485246658325
reizvoller_khalid_training_data_cbow_lr0.05_epochs1_mincount100_ws6_dims300,bankräuber,0.6769149303436279
reizvoller_khalid_training_data_cbow_lr0.05_epochs1_mincount100_ws6_dims300,kriminalpolizisten,0.6764785051345825
reizvoller_khalid_training_data_cbow_lr0.05_epochs1_mincount100_ws6_dims300,tätergruppierung,0.6764436364173889
reizvoller_khalid_training_data_cbow_lr0.05_epochs1_mincount100_ws6_dims300,juwelierräuber,0.6764125227928162
reizvoller_khalid_training_data_cbow_lr0.05_epochs1_mincount100_ws6_dims300,diebe,0.6763636469841003
reizvoller_khalid_training_data_cbow_lr0.05_epochs1_mincount100_ws6_dims300,einbrecherbande,0.6747772693634033
reizvoller_khalid_training_data_cbow_lr0.05_epochs1_mincount100_ws6_dims300,mordverdächtigen,0.6731978058815002
reizvoller_khalid_training_data_cbow_lr0.05_epochs1_mincount100_ws6_dims300,einbrecherbanden,0.6728249788284302
reizvoller_khalid_training_data_cbow_lr0.05_epochs1_mincount100_ws6_dims300,hauptverdächtige,0.672335684299469
reizvoller_khalid_training_data_cbow_lr0.05_epochs1_mincount100_ws6_dims300,ladendiebe,0.6719086170196533
reizvoller_khalid_training_data_cbow_lr0.05_epochs1_mincount100_ws6_dims300,tatwaffe,0.6717621088027954
reizvoller_khalid_training_data_cbow_lr0.05_epochs1_mincount100_ws6_dims300,tatorte,0.6715978980064392
reizvoller_khalid_training_data_cbow_lr0.05_epochs1_mincount100_ws6_dims300,tatnacht,0.6693696975708008
reizvoller_khalid_training_data_cbow_lr0.05_epochs1_mincount100_ws6_dims300,polizeiermittler,0.6689642071723938
reizvoller_khalid_training_data_cbow_lr0.05_epochs1_mincount100_ws6_dims300,tatverdächtig,0.6687414646148682
reizvoller_khalid_training_data_cbow_lr0.05_epochs1_mincount100_ws6_dims300,mordverdächtige,0.6687352657318115
reizvoller_khalid_training_data_cbow_lr0.05_epochs1_mincount100_ws6_dims300,sexualtäter,0.6679160594940186
reizvoller_khalid_training_data_cbow_lr0.05_epochs1_mincount100_ws6_dims300,kriminalbeamten,0.6662667989730835
reizvoller_khalid_training_data_cbow_lr0.05_epochs1_mincount100_ws6_dims300,messerangreifer,0.6659880876541138
reizvoller_khalid_training_data_cbow_lr0.05_epochs1_mincount100_ws6_dims300,polizeisportler,0.6658702492713928
reizvoller_khalid_training_data_cbow_lr0.05_epochs1_mincount100_ws6_dims300,straftäter,0.665494978427887
reizvoller_khalid_training_data_cbow_lr0.05_epochs1_mincount100_ws6_dims300,täterarbeit,0.6650599837303162
reizvoller_khalid_training_data_cbow_lr0.05_epochs1_mincount100_ws6_dims300,tatzeugen,0.6646631360054016
reizvoller_khalid_training_data_cbow_lr0.05_epochs1_mincount100_ws6_dims300,brandstifter,0.6640174984931946
reizvoller_khalid_training_data_cbow_lr0.05_epochs1_mincount100_ws6_dims300,serieneinbrecher,0.6634340286254883
reizvoller_khalid_training_data_cbow_lr0.05_epochs1_mincount100_ws6_dims300,dieben,0.662477970123291
reizvoller_khalid_training_data_cbow_lr0.05_epochs1_mincount100_ws6_dims300,polizeibeamten,0.6620939373970032
reizvoller_khalid_training_data_cbow_lr0.05_epochs1_mincount100_ws6_dims300,kriminalisten,0.6615290641784668
reizvoller_khalid_training_data_cbow_lr0.05_epochs1_mincount100_ws6_dims300,ladendiebstahl,0.661188006401062
reizvoller_khalid_training_data_cbow_lr0.05_epochs1_mincount100_ws6_dims300,wachmänner,0.6607615947723389
reizvoller_khalid_training_data_cbow_lr0.05_epochs1_mincount100_ws6_dims300,hauptverdächtigen,0.6601057052612305
reizvoller_khalid_training_data_cbow_lr0.05_epochs1_mincount100_ws6_dims300,handtaschenräuber,0.6599788069725037
grantiger_patric_training_data_cbow_lr0.05_epochs1_mincount5_ws12_dims300,täte,0.8841577172279358
grantiger_patric_training_data_cbow_lr0.05_epochs1_mincount5_ws12_dims300,tätern,0.8827640414237976
grantiger_patric_training_data_cbow_lr0.05_epochs1_mincount5_ws12_dims300,täterort,0.8820475339889526
grantiger_patric_training_data_cbow_lr0.05_epochs1_mincount5_ws12_dims300,täterspur,0.8673468828201294
grantiger_patric_training_data_cbow_lr0.05_epochs1_mincount5_ws12_dims300,tätervolk,0.8635647296905518
grantiger_patric_training_data_cbow_lr0.05_epochs1_mincount5_ws12_dims300,täterorte,0.8622995615005493
grantiger_patric_training_data_cbow_lr0.05_epochs1_mincount5_ws12_dims300,täterpaar,0.8569641709327698
grantiger_patric_training_data_cbow_lr0.05_epochs1_mincount5_ws12_dims300,täterpärchen,0.8534381985664368
grantiger_patric_training_data_cbow_lr0.05_epochs1_mincount5_ws12_dims300,tätertyp,0.8501251935958862
grantiger_patric_training_data_cbow_lr0.05_epochs1_mincount5_ws12_dims300,tätertrios,0.8491374254226685
grantiger_patric_training_data_cbow_lr0.05_epochs1_mincount5_ws12_dims300,tätertrio,0.8479604721069336
grantiger_patric_training_data_cbow_lr0.05_epochs1_mincount5_ws12_dims300,tätertypus,0.8452135920524597
grantiger_patric_training_data_cbow_lr0.05_epochs1_mincount5_ws12_dims300,täterduo,0.8405334949493408
grantiger_patric_training_data_cbow_lr0.05_epochs1_mincount5_ws12_dims300,täterhund,0.8372524976730347
grantiger_patric_training_data_cbow_lr0.05_epochs1_mincount5_ws12_dims300,tätertypen,0.8335698246955872
grantiger_patric_training_data_cbow_lr0.05_epochs1_mincount5_ws12_dims300,täterspuren,0.8333038091659546
grantiger_patric_training_data_cbow_lr0.05_epochs1_mincount5_ws12_dims300,täterkreis,0.8292521238327026
grantiger_patric_training_data_cbow_lr0.05_epochs1_mincount5_ws12_dims300,täterauto,0.8220035433769226
grantiger_patric_training_data_cbow_lr0.05_epochs1_mincount5_ws12_dims300,täterland,0.8209904432296753
grantiger_patric_training_data_cbow_lr0.05_epochs1_mincount5_ws12_dims300,täterbande,0.8176900744438171
grantiger_patric_training_data_cbow_lr0.05_epochs1_mincount5_ws12_dims300,täterherkunft,0.8173274993896484
grantiger_patric_training_data_cbow_lr0.05_epochs1_mincount5_ws12_dims300,täterthese,0.8162312507629395
grantiger_patric_training_data_cbow_lr0.05_epochs1_mincount5_ws12_dims300,täters,0.8160627484321594
grantiger_patric_training_data_cbow_lr0.05_epochs1_mincount5_ws12_dims300,täterumkehr,0.8112077713012695
grantiger_patric_training_data_cbow_lr0.05_epochs1_mincount5_ws12_dims300,täterbanden,0.8104339838027954
grantiger_patric_training_data_cbow_lr0.05_epochs1_mincount5_ws12_dims300,täterseite,0.8080239295959473
grantiger_patric_training_data_cbow_lr0.05_epochs1_mincount5_ws12_dims300,täterkreise,0.807873010635376
grantiger_patric_training_data_cbow_lr0.05_epochs1_mincount5_ws12_dims300,täten,0.8040374517440796
grantiger_patric_training_data_cbow_lr0.05_epochs1_mincount5_ws12_dims300,täternamen,0.8025858998298645
grantiger_patric_training_data_cbow_lr0.05_epochs1_mincount5_ws12_dims300,täterschaft,0.8008607029914856
grantiger_patric_training_data_cbow_lr0.05_epochs1_mincount5_ws12_dims300,tätersicht,0.7969815731048584
grantiger_patric_training_data_cbow_lr0.05_epochs1_mincount5_ws12_dims300,täterfahndung,0.7914158701896667
grantiger_patric_training_data_cbow_lr0.05_epochs1_mincount5_ws12_dims300,täterkleidung,0.7902859449386597
grantiger_patric_training_data_cbow_lr0.05_epochs1_mincount5_ws12_dims300,täterinnen,0.7874834537506104
grantiger_patric_training_data_cbow_lr0.05_epochs1_mincount5_ws12_dims300,täterprofile,0.7866378426551819
grantiger_patric_training_data_cbow_lr0.05_epochs1_mincount5_ws12_dims300,täterbild,0.7857893109321594
grantiger_patric_training_data_cbow_lr0.05_epochs1_mincount5_ws12_dims300,mitttäter,0.7843848466873169
grantiger_patric_training_data_cbow_lr0.05_epochs1_mincount5_ws12_dims300,täterhinweise,0.7843616604804993
grantiger_patric_training_data_cbow_lr0.05_epochs1_mincount5_ws12_dims300,täterjagd,0.7841339707374573
grantiger_patric_training_data_cbow_lr0.05_epochs1_mincount5_ws12_dims300,täterwissen,0.7837510704994202
grantiger_patric_training_data_cbow_lr0.05_epochs1_mincount5_ws12_dims300,täterprofils,0.7826882004737854
grantiger_patric_training_data_cbow_lr0.05_epochs1_mincount5_ws12_dims300,täterrollen,0.7825232148170471
grantiger_patric_training_data_cbow_lr0.05_epochs1_mincount5_ws12_dims300,täterbilder,0.7824701070785522
grantiger_patric_training_data_cbow_lr0.05_epochs1_mincount5_ws12_dims300,täterprofilen,0.7820013165473938
grantiger_patric_training_data_cbow_lr0.05_epochs1_mincount5_ws12_dims300,täterfamilie,0.7811139822006226
grantiger_patric_training_data_cbow_lr0.05_epochs1_mincount5_ws12_dims300,tatverdächtige,0.7803804874420166
grantiger_patric_training_data_cbow_lr0.05_epochs1_mincount5_ws12_dims300,opferstockdiebe,0.7800832390785217
grantiger_patric_training_data_cbow_lr0.05_epochs1_mincount5_ws12_dims300,tätergruppe,0.7799779772758484
grantiger_patric_training_data_cbow_lr0.05_epochs1_mincount5_ws12_dims300,einbrecher,0.7795069217681885
grantiger_patric_training_data_cbow_lr0.05_epochs1_mincount5_ws12_dims300,tätersuche,0.7794681191444397
grantiger_patric_training_data_cbow_lr0.05_epochs1_mincount5_ws12_dims300,tätverdächtige,0.7780010104179382
grantiger_patric_training_data_cbow_lr0.05_epochs1_mincount5_ws12_dims300,tätergruppen,0.7767432332038879
grantiger_patric_training_data_cbow_lr0.05_epochs1_mincount5_ws12_dims300,täterprofil,0.7765638828277588
grantiger_patric_training_data_cbow_lr0.05_epochs1_mincount5_ws12_dims300,verdächtige,0.7760937213897705
grantiger_patric_training_data_cbow_lr0.05_epochs1_mincount5_ws12_dims300,täterlagen,0.7743926644325256
grantiger_patric_training_data_cbow_lr0.05_epochs1_mincount5_ws12_dims300,täterfamilien,0.772629976272583
grantiger_patric_training_data_cbow_lr0.05_epochs1_mincount5_ws12_dims300,opferstockdieb,0.7711765766143799
grantiger_patric_training_data_cbow_lr0.05_epochs1_mincount5_ws12_dims300,verdächtig,0.7703758478164673
grantiger_patric_training_data_cbow_lr0.05_epochs1_mincount5_ws12_dims300,tätersprache,0.7692788243293762
grantiger_patric_training_data_cbow_lr0.05_epochs1_mincount5_ws12_dims300,tatverdächtig,0.768589973449707
grantiger_patric_training_data_cbow_lr0.05_epochs1_mincount5_ws12_dims300,haupttäter,0.7683168053627014
grantiger_patric_training_data_cbow_lr0.05_epochs1_mincount5_ws12_dims300,verdächtigen,0.7680484056472778
grantiger_patric_training_data_cbow_lr0.05_epochs1_mincount5_ws12_dims300,tatverdächtigen,0.7668177485466003
grantiger_patric_training_data_cbow_lr0.05_epochs1_mincount5_ws12_dims300,mittäter,0.7667558193206787
grantiger_patric_training_data_cbow_lr0.05_epochs1_mincount5_ws12_dims300,täterbekleidung,0.7659494876861572
grantiger_patric_training_data_cbow_lr0.05_epochs1_mincount5_ws12_dims300,opferstockdiebstahl,0.7610962390899658
grantiger_patric_training_data_cbow_lr0.05_epochs1_mincount5_ws12_dims300,täterin,0.7606364488601685
grantiger_patric_training_data_cbow_lr0.05_epochs1_mincount5_ws12_dims300,näter,0.7604374289512634
grantiger_patric_training_data_cbow_lr0.05_epochs1_mincount5_ws12_dims300,täterrolle,0.7597055435180664
grantiger_patric_training_data_cbow_lr0.05_epochs1_mincount5_ws12_dims300,räuber,0.758974552154541
grantiger_patric_training_data_cbow_lr0.05_epochs1_mincount5_ws12_dims300,täterwohnung,0.758188009262085
grantiger_patric_training_data_cbow_lr0.05_epochs1_mincount5_ws12_dims300,opferstockdieben,0.7575068473815918
grantiger_patric_training_data_cbow_lr0.05_epochs1_mincount5_ws12_dims300,täterfiguren,0.7568675875663757
grantiger_patric_training_data_cbow_lr0.05_epochs1_mincount5_ws12_dims300,täterkontakt,0.7567800283432007
grantiger_patric_training_data_cbow_lr0.05_epochs1_mincount5_ws12_dims300,hauptäter,0.756649911403656
grantiger_patric_training_data_cbow_lr0.05_epochs1_mincount5_ws12_dims300,täterquartett,0.756188690662384
grantiger_patric_training_data_cbow_lr0.05_epochs1_mincount5_ws12_dims300,tätertypologie,0.754654586315155
grantiger_patric_training_data_cbow_lr0.05_epochs1_mincount5_ws12_dims300,tatverdächte,0.7528221607208252
grantiger_patric_training_data_cbow_lr0.05_epochs1_mincount5_ws12_dims300,täterhinweis,0.7520638704299927
grantiger_patric_training_data_cbow_lr0.05_epochs1_mincount5_ws12_dims300,täterfahrzeug,0.751743733882904
grantiger_patric_training_data_cbow_lr0.05_epochs1_mincount5_ws12_dims300,täterfotos,0.7517262697219849
grantiger_patric_training_data_cbow_lr0.05_epochs1_mincount5_ws12_dims300,zweittäter,0.7514723539352417
grantiger_patric_training_data_cbow_lr0.05_epochs1_mincount5_ws12_dims300,täterschaften,0.7509778141975403
grantiger_patric_training_data_cbow_lr0.05_epochs1_mincount5_ws12_dims300,fremdtäter,0.7485849261283875
grantiger_patric_training_data_cbow_lr0.05_epochs1_mincount5_ws12_dims300,überfallopfer,0.7479932308197021
grantiger_patric_training_data_cbow_lr0.05_epochs1_mincount5_ws12_dims300,täterdaten,0.747442364692688
grantiger_patric_training_data_cbow_lr0.05_epochs1_mincount5_ws12_dims300,unbekannten,0.7465391755104065
grantiger_patric_training_data_cbow_lr0.05_epochs1_mincount5_ws12_dims300,opferstockdiebstähle,0.7463129162788391
grantiger_patric_training_data_cbow_lr0.05_epochs1_mincount5_ws12_dims300,ersttäter,0.745198667049408
grantiger_patric_training_data_cbow_lr0.05_epochs1_mincount5_ws12_dims300,tatverdächtiger,0.7450644373893738
grantiger_patric_training_data_cbow_lr0.05_epochs1_mincount5_ws12_dims300,täterverfolgung,0.7440906167030334
grantiger_patric_training_data_cbow_lr0.05_epochs1_mincount5_ws12_dims300,äter,0.7407190203666687
grantiger_patric_training_data_cbow_lr0.05_epochs1_mincount5_ws12_dims300,tatverdächtigte,0.7404969334602356
grantiger_patric_training_data_cbow_lr0.05_epochs1_mincount5_ws12_dims300,übertäter,0.740431010723114
grantiger_patric_training_data_cbow_lr0.05_epochs1_mincount5_ws12_dims300,überfallsopfer,0.7399923801422119
grantiger_patric_training_data_cbow_lr0.05_epochs1_mincount5_ws12_dims300,mutmaßlichentäter,0.7395662665367126
grantiger_patric_training_data_cbow_lr0.05_epochs1_mincount5_ws12_dims300,tatverdächtigten,0.7395113110542297
grantiger_patric_training_data_cbow_lr0.05_epochs1_mincount5_ws12_dims300,innentäter,0.7389916181564331
grantiger_patric_training_data_cbow_lr0.05_epochs1_mincount5_ws12_dims300,übeltäter,0.7381346821784973
grantiger_patric_training_data_cbow_lr0.05_epochs1_mincount5_ws12_dims300,täterbeschreibung,0.738033652305603
muntere_ashley_training_data_lower_cbow_lr0.05_epochs1_mincount5_ws12_dims300,tätern,0.8782790303230286
muntere_ashley_training_data_lower_cbow_lr0.05_epochs1_mincount5_ws12_dims300,täterort,0.873809278011322
muntere_ashley_training_data_lower_cbow_lr0.05_epochs1_mincount5_ws12_dims300,mitttäter,0.8639911413192749
muntere_ashley_training_data_lower_cbow_lr0.05_epochs1_mincount5_ws12_dims300,tätertrio,0.8557199835777283
muntere_ashley_training_data_lower_cbow_lr0.05_epochs1_mincount5_ws12_dims300,täterorte,0.8455246686935425
muntere_ashley_training_data_lower_cbow_lr0.05_epochs1_mincount5_ws12_dims300,täterpärchen,0.8453767895698547
muntere_ashley_training_data_lower_cbow_lr0.05_epochs1_mincount5_ws12_dims300,tätertrios,0.8426832556724548
muntere_ashley_training_data_lower_cbow_lr0.05_epochs1_mincount5_ws12_dims300,täterpaar,0.8412598371505737
muntere_ashley_training_data_lower_cbow_lr0.05_epochs1_mincount5_ws12_dims300,tätertyp,0.8406561017036438
muntere_ashley_training_data_lower_cbow_lr0.05_epochs1_mincount5_ws12_dims300,täterspur,0.8381356000900269
muntere_ashley_training_data_lower_cbow_lr0.05_epochs1_mincount5_ws12_dims300,amoktäter,0.8378317952156067
muntere_ashley_training_data_lower_cbow_lr0.05_epochs1_mincount5_ws12_dims300,hauptäter,0.836050808429718
muntere_ashley_training_data_lower_cbow_lr0.05_epochs1_mincount5_ws12_dims300,mehrtäter,0.8320767283439636
muntere_ashley_training_data_lower_cbow_lr0.05_epochs1_mincount5_ws12_dims300,täterkreis,0.8317886590957642
muntere_ashley_training_data_lower_cbow_lr0.05_epochs1_mincount5_ws12_dims300,täterduo,0.8306114077568054
muntere_ashley_training_data_lower_cbow_lr0.05_epochs1_mincount5_ws12_dims300,mittäter,0.8245996832847595
muntere_ashley_training_data_lower_cbow_lr0.05_epochs1_mincount5_ws12_dims300,täterumkehr,0.8234606981277466
muntere_ashley_training_data_lower_cbow_lr0.05_epochs1_mincount5_ws12_dims300,täterauto,0.8231306672096252
muntere_ashley_training_data_lower_cbow_lr0.05_epochs1_mincount5_ws12_dims300,ersttäter,0.8228648900985718
muntere_ashley_training_data_lower_cbow_lr0.05_epochs1_mincount5_ws12_dims300,tätervolk,0.822137713432312
muntere_ashley_training_data_lower_cbow_lr0.05_epochs1_mincount5_ws12_dims300,fremdtäter,0.8218337893486023
muntere_ashley_training_data_lower_cbow_lr0.05_epochs1_mincount5_ws12_dims300,opferstockdiebe,0.8188427090644836
muntere_ashley_training_data_lower_cbow_lr0.05_epochs1_mincount5_ws12_dims300,täterbande,0.8166481852531433
muntere_ashley_training_data_lower_cbow_lr0.05_epochs1_mincount5_ws12_dims300,haupttäter,0.815750777721405
muntere_ashley_training_data_lower_cbow_lr0.05_epochs1_mincount5_ws12_dims300,tätertypus,0.8133269548416138
muntere_ashley_training_data_lower_cbow_lr0.05_epochs1_mincount5_ws12_dims300,tätertypen,0.8094167113304138
muntere_ashley_training_data_lower_cbow_lr0.05_epochs1_mincount5_ws12_dims300,täterhund,0.807561993598938
muntere_ashley_training_data_lower_cbow_lr0.05_epochs1_mincount5_ws12_dims300,täterspuren,0.8073269128799438
muntere_ashley_training_data_lower_cbow_lr0.05_epochs1_mincount5_ws12_dims300,täters,0.8062025308609009
muntere_ashley_training_data_lower_cbow_lr0.05_epochs1_mincount5_ws12_dims300,inzesttäter,0.8061746954917908
muntere_ashley_training_data_lower_cbow_lr0.05_epochs1_mincount5_ws12_dims300,täterbanden,0.8053157925605774
muntere_ashley_training_data_lower_cbow_lr0.05_epochs1_mincount5_ws12_dims300,täterschaft,0.8046395778656006
muntere_ashley_training_data_lower_cbow_lr0.05_epochs1_mincount5_ws12_dims300,täterfahndung,0.8024088144302368
muntere_ashley_training_data_lower_cbow_lr0.05_epochs1_mincount5_ws12_dims300,täterseite,0.8010508418083191
muntere_ashley_training_data_lower_cbow_lr0.05_epochs1_mincount5_ws12_dims300,innentäter,0.8004742860794067
muntere_ashley_training_data_lower_cbow_lr0.05_epochs1_mincount5_ws12_dims300,opferstockdieb,0.7980886697769165
muntere_ashley_training_data_lower_cbow_lr0.05_epochs1_mincount5_ws12_dims300,datteltäter,0.7953596711158752
muntere_ashley_training_data_lower_cbow_lr0.05_epochs1_mincount5_ws12_dims300,opferstockdieben,0.7937038540840149
muntere_ashley_training_data_lower_cbow_lr0.05_epochs1_mincount5_ws12_dims300,missetäter,0.793602466583252
muntere_ashley_training_data_lower_cbow_lr0.05_epochs1_mincount5_ws12_dims300,täterland,0.7923614978790283
muntere_ashley_training_data_lower_cbow_lr0.05_epochs1_mincount5_ws12_dims300,übertäter,0.7904956936836243
muntere_ashley_training_data_lower_cbow_lr0.05_epochs1_mincount5_ws12_dims300,sextäter,0.7882183194160461
muntere_ashley_training_data_lower_cbow_lr0.05_epochs1_mincount5_ws12_dims300,täternamen,0.7871015667915344
muntere_ashley_training_data_lower_cbow_lr0.05_epochs1_mincount5_ws12_dims300,täterkreise,0.7869876623153687
muntere_ashley_training_data_lower_cbow_lr0.05_epochs1_mincount5_ws12_dims300,täterherkunft,0.7868775129318237
muntere_ashley_training_data_lower_cbow_lr0.05_epochs1_mincount5_ws12_dims300,hauptübeltäter,0.7865671515464783
muntere_ashley_training_data_lower_cbow_lr0.05_epochs1_mincount5_ws12_dims300,täterrollen,0.7834546566009521
muntere_ashley_training_data_lower_cbow_lr0.05_epochs1_mincount5_ws12_dims300,tätersicht,0.7828464508056641
muntere_ashley_training_data_lower_cbow_lr0.05_epochs1_mincount5_ws12_dims300,täterjagd,0.7824475765228271
muntere_ashley_training_data_lower_cbow_lr0.05_epochs1_mincount5_ws12_dims300,opferstockdiebstahl,0.7818107604980469
muntere_ashley_training_data_lower_cbow_lr0.05_epochs1_mincount5_ws12_dims300,tätverdächtige,0.781190037727356
muntere_ashley_training_data_lower_cbow_lr0.05_epochs1_mincount5_ws12_dims300,täterwissen,0.7799243927001953
muntere_ashley_training_data_lower_cbow_lr0.05_epochs1_mincount5_ws12_dims300,dritttäter,0.7791891098022461
muntere_ashley_training_data_lower_cbow_lr0.05_epochs1_mincount5_ws12_dims300,täterthese,0.7791165709495544
muntere_ashley_training_data_lower_cbow_lr0.05_epochs1_mincount5_ws12_dims300,tatverdächtige,0.778846263885498
muntere_ashley_training_data_lower_cbow_lr0.05_epochs1_mincount5_ws12_dims300,täterkleidung,0.7775073647499084
muntere_ashley_training_data_lower_cbow_lr0.05_epochs1_mincount5_ws12_dims300,täterhinweise,0.7759926319122314
muntere_ashley_training_data_lower_cbow_lr0.05_epochs1_mincount5_ws12_dims300,übeltäter,0.7757090926170349
muntere_ashley_training_data_lower_cbow_lr0.05_epochs1_mincount5_ws12_dims300,triebtäter,0.7754258513450623
muntere_ashley_training_data_lower_cbow_lr0.05_epochs1_mincount5_ws12_dims300,opferstockdiebstähle,0.7736517190933228
muntere_ashley_training_data_lower_cbow_lr0.05_epochs1_mincount5_ws12_dims300,täterinnen,0.7733027935028076
muntere_ashley_training_data_lower_cbow_lr0.05_epochs1_mincount5_ws12_dims300,täterbilder,0.7715203762054443
muntere_ashley_training_data_lower_cbow_lr0.05_epochs1_mincount5_ws12_dims300,täterbild,0.7710797190666199
muntere_ashley_training_data_lower_cbow_lr0.05_epochs1_mincount5_ws12_dims300,terrortäter,0.7697103023529053
muntere_ashley_training_data_lower_cbow_lr0.05_epochs1_mincount5_ws12_dims300,zweittäter,0.7685801982879639
muntere_ashley_training_data_lower_cbow_lr0.05_epochs1_mincount5_ws12_dims300,einzeltäter,0.7679895758628845
muntere_ashley_training_data_lower_cbow_lr0.05_epochs1_mincount5_ws12_dims300,brandstäter,0.7676626443862915
muntere_ashley_training_data_lower_cbow_lr0.05_epochs1_mincount5_ws12_dims300,vorsatztäter,0.7669097185134888
muntere_ashley_training_data_lower_cbow_lr0.05_epochs1_mincount5_ws12_dims300,tätergruppe,0.7657775282859802
muntere_ashley_training_data_lower_cbow_lr0.05_epochs1_mincount5_ws12_dims300,tatverdächtigen,0.7649369835853577
muntere_ashley_training_data_lower_cbow_lr0.05_epochs1_mincount5_ws12_dims300,täterhinweis,0.7638429403305054
muntere_ashley_training_data_lower_cbow_lr0.05_epochs1_mincount5_ws12_dims300,tätersuche,0.7637953162193298
muntere_ashley_training_data_lower_cbow_lr0.05_epochs1_mincount5_ws12_dims300,täterverfolgung,0.7631659507751465
muntere_ashley_training_data_lower_cbow_lr0.05_epochs1_mincount5_ws12_dims300,gewalttäter,0.7631440758705139
muntere_ashley_training_data_lower_cbow_lr0.05_epochs1_mincount5_ws12_dims300,tätersprache,0.7625740766525269
muntere_ashley_training_data_lower_cbow_lr0.05_epochs1_mincount5_ws12_dims300,tätergruppen,0.7615562677383423
muntere_ashley_training_data_lower_cbow_lr0.05_epochs1_mincount5_ws12_dims300,mutmaßlichentäter,0.7615056037902832
muntere_ashley_training_data_lower_cbow_lr0.05_epochs1_mincount5_ws12_dims300,serientäter,0.7605886459350586
muntere_ashley_training_data_lower_cbow_lr0.05_epochs1_mincount5_ws12_dims300,einbrecher,0.7589283585548401
muntere_ashley_training_data_lower_cbow_lr0.05_epochs1_mincount5_ws12_dims300,täterlagen,0.7588902711868286
muntere_ashley_training_data_lower_cbow_lr0.05_epochs1_mincount5_ws12_dims300,täterbekleidung,0.7575498819351196
muntere_ashley_training_data_lower_cbow_lr0.05_epochs1_mincount5_ws12_dims300,tatverdächtig,0.7559542059898376
muntere_ashley_training_data_lower_cbow_lr0.05_epochs1_mincount5_ws12_dims300,täterfamilie,0.755867063999176
muntere_ashley_training_data_lower_cbow_lr0.05_epochs1_mincount5_ws12_dims300,alleintäter,0.754025399684906
muntere_ashley_training_data_lower_cbow_lr0.05_epochs1_mincount5_ws12_dims300,raubverdächtigen,0.7537858486175537
muntere_ashley_training_data_lower_cbow_lr0.05_epochs1_mincount5_ws12_dims300,opferstockdiebstählen,0.753369927406311
muntere_ashley_training_data_lower_cbow_lr0.05_epochs1_mincount5_ws12_dims300,täterwohnung,0.7528274655342102
muntere_ashley_training_data_lower_cbow_lr0.05_epochs1_mincount5_ws12_dims300,amoktätern,0.7515325546264648
muntere_ashley_training_data_lower_cbow_lr0.05_epochs1_mincount5_ws12_dims300,tätertypologie,0.7498064637184143
muntere_ashley_training_data_lower_cbow_lr0.05_epochs1_mincount5_ws12_dims300,täterschaften,0.748795747756958
muntere_ashley_training_data_lower_cbow_lr0.05_epochs1_mincount5_ws12_dims300,täterprofils,0.7487205862998962
muntere_ashley_training_data_lower_cbow_lr0.05_epochs1_mincount5_ws12_dims300,messerattentäter,0.7483186721801758
muntere_ashley_training_data_lower_cbow_lr0.05_epochs1_mincount5_ws12_dims300,täterfamilien,0.7480536699295044
muntere_ashley_training_data_lower_cbow_lr0.05_epochs1_mincount5_ws12_dims300,täterprofilen,0.7479962110519409
muntere_ashley_training_data_lower_cbow_lr0.05_epochs1_mincount5_ws12_dims300,täterprofile,0.7477045059204102
muntere_ashley_training_data_lower_cbow_lr0.05_epochs1_mincount5_ws12_dims300,tatverdächtiger,0.747001588344574
muntere_ashley_training_data_lower_cbow_lr0.05_epochs1_mincount5_ws12_dims300,diebstahlsopfer,0.746242880821228
muntere_ashley_training_data_lower_cbow_lr0.05_epochs1_mincount5_ws12_dims300,täterschutz,0.7452833652496338
muntere_ashley_training_data_lower_cbow_lr0.05_epochs1_mincount5_ws12_dims300,täterprofil,0.7448610067367554
muntere_ashley_training_data_lower_cbow_lr0.05_epochs1_mincount5_ws12_dims300,täterrolle,0.7441247701644897
vitaler_nelio_training_data_lower_cbow_lr0.05_epochs1_mincount50_ws12_dims300,tätern,0.8639104962348938
vitaler_nelio_training_data_lower_cbow_lr0.05_epochs1_mincount50_ws12_dims300,ersttäter,0.8209962248802185
vitaler_nelio_training_data_lower_cbow_lr0.05_epochs1_mincount50_ws12_dims300,mittäter,0.8116962909698486
vitaler_nelio_training_data_lower_cbow_lr0.05_epochs1_mincount50_ws12_dims300,täterkreis,0.809217631816864
vitaler_nelio_training_data_lower_cbow_lr0.05_epochs1_mincount50_ws12_dims300,täters,0.7991862893104553
vitaler_nelio_training_data_lower_cbow_lr0.05_epochs1_mincount50_ws12_dims300,haupttäter,0.7903658747673035
vitaler_nelio_training_data_lower_cbow_lr0.05_epochs1_mincount50_ws12_dims300,opferstockdiebe,0.790303647518158
vitaler_nelio_training_data_lower_cbow_lr0.05_epochs1_mincount50_ws12_dims300,sextäter,0.7846930027008057
vitaler_nelio_training_data_lower_cbow_lr0.05_epochs1_mincount50_ws12_dims300,täterschaft,0.7805765271186829
vitaler_nelio_training_data_lower_cbow_lr0.05_epochs1_mincount50_ws12_dims300,täterseite,0.7796370983123779
vitaler_nelio_training_data_lower_cbow_lr0.05_epochs1_mincount50_ws12_dims300,tatverdächtige,0.7758268713951111
vitaler_nelio_training_data_lower_cbow_lr0.05_epochs1_mincount50_ws12_dims300,opferstockdieb,0.7703462243080139
vitaler_nelio_training_data_lower_cbow_lr0.05_epochs1_mincount50_ws12_dims300,einzeltäter,0.7693586945533752
vitaler_nelio_training_data_lower_cbow_lr0.05_epochs1_mincount50_ws12_dims300,täterhinweise,0.7672773599624634
vitaler_nelio_training_data_lower_cbow_lr0.05_epochs1_mincount50_ws12_dims300,tatverdächtigen,0.7666980624198914
vitaler_nelio_training_data_lower_cbow_lr0.05_epochs1_mincount50_ws12_dims300,triebtäter,0.7632110714912415
vitaler_nelio_training_data_lower_cbow_lr0.05_epochs1_mincount50_ws12_dims300,missetäter,0.7608836889266968
vitaler_nelio_training_data_lower_cbow_lr0.05_epochs1_mincount50_ws12_dims300,gewalttäter,0.7600508332252502
vitaler_nelio_training_data_lower_cbow_lr0.05_epochs1_mincount50_ws12_dims300,täterinnen,0.7592655420303345
vitaler_nelio_training_data_lower_cbow_lr0.05_epochs1_mincount50_ws12_dims300,täterwissen,0.7563642263412476
vitaler_nelio_training_data_lower_cbow_lr0.05_epochs1_mincount50_ws12_dims300,tatverdächtig,0.7531605958938599
vitaler_nelio_training_data_lower_cbow_lr0.05_epochs1_mincount50_ws12_dims300,verdächtige,0.7524012923240662
vitaler_nelio_training_data_lower_cbow_lr0.05_epochs1_mincount50_ws12_dims300,tätergruppe,0.7516350746154785
vitaler_nelio_training_data_lower_cbow_lr0.05_epochs1_mincount50_ws12_dims300,tätersuche,0.7468783259391785
vitaler_nelio_training_data_lower_cbow_lr0.05_epochs1_mincount50_ws12_dims300,einbrecher,0.7430970072746277
vitaler_nelio_training_data_lower_cbow_lr0.05_epochs1_mincount50_ws12_dims300,tatverdächtiger,0.7428413033485413
vitaler_nelio_training_data_lower_cbow_lr0.05_epochs1_mincount50_ws12_dims300,serientäter,0.7421199083328247
vitaler_nelio_training_data_lower_cbow_lr0.05_epochs1_mincount50_ws12_dims300,übeltäter,0.7420808672904968
vitaler_nelio_training_data_lower_cbow_lr0.05_epochs1_mincount50_ws12_dims300,verdächtigen,0.7419949173927307
vitaler_nelio_training_data_lower_cbow_lr0.05_epochs1_mincount50_ws12_dims300,überfallsopfer,0.7391095757484436
vitaler_nelio_training_data_lower_cbow_lr0.05_epochs1_mincount50_ws12_dims300,täterprofile,0.7382696866989136
vitaler_nelio_training_data_lower_cbow_lr0.05_epochs1_mincount50_ws12_dims300,täterfahrzeug,0.7380631566047668
vitaler_nelio_training_data_lower_cbow_lr0.05_epochs1_mincount50_ws12_dims300,täterprofil,0.7380341291427612
vitaler_nelio_training_data_lower_cbow_lr0.05_epochs1_mincount50_ws12_dims300,täterbeschreibung,0.7365288734436035
vitaler_nelio_training_data_lower_cbow_lr0.05_epochs1_mincount50_ws12_dims300,täterin,0.7355034947395325
vitaler_nelio_training_data_lower_cbow_lr0.05_epochs1_mincount50_ws12_dims300,polizeiopfer,0.7340409755706787
vitaler_nelio_training_data_lower_cbow_lr0.05_epochs1_mincount50_ws12_dims300,tätergruppen,0.7313752770423889
vitaler_nelio_training_data_lower_cbow_lr0.05_epochs1_mincount50_ws12_dims300,überfallopfer,0.7272457480430603
vitaler_nelio_training_data_lower_cbow_lr0.05_epochs1_mincount50_ws12_dims300,messerattentäter,0.7269676923751831
vitaler_nelio_training_data_lower_cbow_lr0.05_epochs1_mincount50_ws12_dims300,räuber,0.7266324758529663
vitaler_nelio_training_data_lower_cbow_lr0.05_epochs1_mincount50_ws12_dims300,täterrolle,0.7255149483680725
vitaler_nelio_training_data_lower_cbow_lr0.05_epochs1_mincount50_ws12_dims300,haupttatverdächtige,0.723774254322052
vitaler_nelio_training_data_lower_cbow_lr0.05_epochs1_mincount50_ws12_dims300,mittätern,0.7234413623809814
vitaler_nelio_training_data_lower_cbow_lr0.05_epochs1_mincount50_ws12_dims300,ersttätern,0.7214341759681702
vitaler_nelio_training_data_lower_cbow_lr0.05_epochs1_mincount50_ws12_dims300,verdächtig,0.7192999124526978
vitaler_nelio_training_data_lower_cbow_lr0.05_epochs1_mincount50_ws12_dims300,täterschutz,0.7158308029174805
vitaler_nelio_training_data_lower_cbow_lr0.05_epochs1_mincount50_ws12_dims300,haupttatverdächtigen,0.7154428958892822
vitaler_nelio_training_data_lower_cbow_lr0.05_epochs1_mincount50_ws12_dims300,haupttätern,0.7125076055526733
vitaler_nelio_training_data_lower_cbow_lr0.05_epochs1_mincount50_ws12_dims300,nachahmungstäter,0.7115588784217834
vitaler_nelio_training_data_lower_cbow_lr0.05_epochs1_mincount50_ws12_dims300,täter_innen,0.7084813117980957
vitaler_nelio_training_data_lower_cbow_lr0.05_epochs1_mincount50_ws12_dims300,verdächtiger,0.7046595215797424
vitaler_nelio_training_data_lower_cbow_lr0.05_epochs1_mincount50_ws12_dims300,täterbeschreibungen,0.704241156578064
vitaler_nelio_training_data_lower_cbow_lr0.05_epochs1_mincount50_ws12_dims300,tatortermittler,0.6985440850257874
vitaler_nelio_training_data_lower_cbow_lr0.05_epochs1_mincount50_ws12_dims300,polizeibekannten,0.6970345377922058
vitaler_nelio_training_data_lower_cbow_lr0.05_epochs1_mincount50_ws12_dims300,polizeibekannte,0.6968929767608643
vitaler_nelio_training_data_lower_cbow_lr0.05_epochs1_mincount50_ws12_dims300,intensivtäter,0.6950718760490417
vitaler_nelio_training_data_lower_cbow_lr0.05_epochs1_mincount50_ws12_dims300,raubopfer,0.6940149068832397
vitaler_nelio_training_data_lower_cbow_lr0.05_epochs1_mincount50_ws12_dims300,tätergruppierung,0.6877006888389587
vitaler_nelio_training_data_lower_cbow_lr0.05_epochs1_mincount50_ws12_dims300,polizeiermittler,0.686721682548523
vitaler_nelio_training_data_lower_cbow_lr0.05_epochs1_mincount50_ws12_dims300,einbruchsopfer,0.6852039694786072
vitaler_nelio_training_data_lower_cbow_lr0.05_epochs1_mincount50_ws12_dims300,unverdächtige,0.6851511001586914
vitaler_nelio_training_data_lower_cbow_lr0.05_epochs1_mincount50_ws12_dims300,handyräuber,0.6843022704124451
vitaler_nelio_training_data_lower_cbow_lr0.05_epochs1_mincount50_ws12_dims300,gewalttätern,0.6816965937614441
vitaler_nelio_training_data_lower_cbow_lr0.05_epochs1_mincount50_ws12_dims300,unverdächtigen,0.6810160875320435
vitaler_nelio_training_data_lower_cbow_lr0.05_epochs1_mincount50_ws12_dims300,sexualtäter,0.6809837818145752
vitaler_nelio_training_data_lower_cbow_lr0.05_epochs1_mincount50_ws12_dims300,polizeibekannter,0.6797364950180054
vitaler_nelio_training_data_lower_cbow_lr0.05_epochs1_mincount50_ws12_dims300,mordverdächtigen,0.6796286702156067
vitaler_nelio_training_data_lower_cbow_lr0.05_epochs1_mincount50_ws12_dims300,rückfalltäter,0.678987443447113
vitaler_nelio_training_data_lower_cbow_lr0.05_epochs1_mincount50_ws12_dims300,attentäter,0.6789640784263611
vitaler_nelio_training_data_lower_cbow_lr0.05_epochs1_mincount50_ws12_dims300,opferstöcke,0.6766406893730164
vitaler_nelio_training_data_lower_cbow_lr0.05_epochs1_mincount50_ws12_dims300,raubmörder,0.6757621765136719
vitaler_nelio_training_data_lower_cbow_lr0.05_epochs1_mincount50_ws12_dims300,trafikräuber,0.675645112991333
vitaler_nelio_training_data_lower_cbow_lr0.05_epochs1_mincount50_ws12_dims300,kriminalpolizisten,0.6749415397644043
vitaler_nelio_training_data_lower_cbow_lr0.05_epochs1_mincount50_ws12_dims300,polizistenmörder,0.6728273630142212
vitaler_nelio_training_data_lower_cbow_lr0.05_epochs1_mincount50_ws12_dims300,verdächtigem,0.6717150807380676
vitaler_nelio_training_data_lower_cbow_lr0.05_epochs1_mincount50_ws12_dims300,verdächtigte,0.6707719564437866
vitaler_nelio_training_data_lower_cbow_lr0.05_epochs1_mincount50_ws12_dims300,unverdächtig,0.6707420349121094
vitaler_nelio_training_data_lower_cbow_lr0.05_epochs1_mincount50_ws12_dims300,diebesbande,0.670451283454895
vitaler_nelio_training_data_lower_cbow_lr0.05_epochs1_mincount50_ws12_dims300,verdächtigter,0.6700541973114014
vitaler_nelio_training_data_lower_cbow_lr0.05_epochs1_mincount50_ws12_dims300,polizeifahndung,0.6696707010269165
vitaler_nelio_training_data_lower_cbow_lr0.05_epochs1_mincount50_ws12_dims300,hauptverdächtige,0.6693443655967712
vitaler_nelio_training_data_lower_cbow_lr0.05_epochs1_mincount50_ws12_dims300,juwelierräuber,0.6692309379577637
vitaler_nelio_training_data_lower_cbow_lr0.05_epochs1_mincount50_ws12_dims300,verdächtigten,0.669228732585907
vitaler_nelio_training_data_lower_cbow_lr0.05_epochs1_mincount50_ws12_dims300,diebesbanden,0.6691952347755432
vitaler_nelio_training_data_lower_cbow_lr0.05_epochs1_mincount50_ws12_dims300,trafiküberfall,0.6691312193870544
vitaler_nelio_training_data_lower_cbow_lr0.05_epochs1_mincount50_ws12_dims300,polizeiübergriff,0.6683844923973083
vitaler_nelio_training_data_lower_cbow_lr0.05_epochs1_mincount50_ws12_dims300,sextätern,0.6683446764945984
vitaler_nelio_training_data_lower_cbow_lr0.05_epochs1_mincount50_ws12_dims300,haupttäters,0.6677132248878479
vitaler_nelio_training_data_lower_cbow_lr0.05_epochs1_mincount50_ws12_dims300,täterarbeit,0.6674410104751587
vitaler_nelio_training_data_lower_cbow_lr0.05_epochs1_mincount50_ws12_dims300,kriminalpolizei,0.6674253940582275
vitaler_nelio_training_data_lower_cbow_lr0.05_epochs1_mincount50_ws12_dims300,opferstock,0.6673439741134644
vitaler_nelio_training_data_lower_cbow_lr0.05_epochs1_mincount50_ws12_dims300,gewalttäters,0.6665515899658203
vitaler_nelio_training_data_lower_cbow_lr0.05_epochs1_mincount50_ws12_dims300,komplize,0.6650469899177551
vitaler_nelio_training_data_lower_cbow_lr0.05_epochs1_mincount50_ws12_dims300,serienattentäter,0.6645204424858093
vitaler_nelio_training_data_lower_cbow_lr0.05_epochs1_mincount50_ws12_dims300,hauptverdächtigen,0.6645009517669678
vitaler_nelio_training_data_lower_cbow_lr0.05_epochs1_mincount50_ws12_dims300,gelegenheitstäter,0.663951575756073
vitaler_nelio_training_data_lower_cbow_lr0.05_epochs1_mincount50_ws12_dims300,mittäterinnen,0.6633006930351257
vitaler_nelio_training_data_lower_cbow_lr0.05_epochs1_mincount50_ws12_dims300,kriminalpolizeiinspektion,0.6631160378456116
vitaler_nelio_training_data_lower_cbow_lr0.05_epochs1_mincount50_ws12_dims300,polizeibeamten,0.6630042195320129
vitaler_nelio_training_data_lower_cbow_lr0.05_epochs1_mincount50_ws12_dims300,diebsbande,0.6629339456558228
spontaner_gideon_training_data_lower_cbow_lr0.05_epochs1_mincount100_ws24_dims300,tätern,0.8743016123771667
spontaner_gideon_training_data_lower_cbow_lr0.05_epochs1_mincount100_ws24_dims300,täters,0.7975380420684814
spontaner_gideon_training_data_lower_cbow_lr0.05_epochs1_mincount100_ws24_dims300,ersttäter,0.7873469591140747
spontaner_gideon_training_data_lower_cbow_lr0.05_epochs1_mincount100_ws24_dims300,mittäter,0.7818911075592041
spontaner_gideon_training_data_lower_cbow_lr0.05_epochs1_mincount100_ws24_dims300,täterschaft,0.7761794924736023
spontaner_gideon_training_data_lower_cbow_lr0.05_epochs1_mincount100_ws24_dims300,tätergruppe,0.7549729943275452
spontaner_gideon_training_data_lower_cbow_lr0.05_epochs1_mincount100_ws24_dims300,täterwissen,0.753335177898407
spontaner_gideon_training_data_lower_cbow_lr0.05_epochs1_mincount100_ws24_dims300,haupttäter,0.7464765310287476
spontaner_gideon_training_data_lower_cbow_lr0.05_epochs1_mincount100_ws24_dims300,sextäter,0.7434847354888916
spontaner_gideon_training_data_lower_cbow_lr0.05_epochs1_mincount100_ws24_dims300,tatverdächtige,0.7421596050262451
spontaner_gideon_training_data_lower_cbow_lr0.05_epochs1_mincount100_ws24_dims300,übeltäter,0.7384536862373352
spontaner_gideon_training_data_lower_cbow_lr0.05_epochs1_mincount100_ws24_dims300,missetäter,0.7362974882125854
spontaner_gideon_training_data_lower_cbow_lr0.05_epochs1_mincount100_ws24_dims300,täterprofil,0.7355381846427917
spontaner_gideon_training_data_lower_cbow_lr0.05_epochs1_mincount100_ws24_dims300,tätersuche,0.7353591918945312
spontaner_gideon_training_data_lower_cbow_lr0.05_epochs1_mincount100_ws24_dims300,tatverdächtigen,0.7346795201301575
spontaner_gideon_training_data_lower_cbow_lr0.05_epochs1_mincount100_ws24_dims300,opferstockdieb,0.7339563369750977
spontaner_gideon_training_data_lower_cbow_lr0.05_epochs1_mincount100_ws24_dims300,täterinnen,0.727599024772644
spontaner_gideon_training_data_lower_cbow_lr0.05_epochs1_mincount100_ws24_dims300,tätergruppen,0.7273948192596436
spontaner_gideon_training_data_lower_cbow_lr0.05_epochs1_mincount100_ws24_dims300,einzeltäter,0.7258209586143494
spontaner_gideon_training_data_lower_cbow_lr0.05_epochs1_mincount100_ws24_dims300,tatverdächtig,0.7212665677070618
spontaner_gideon_training_data_lower_cbow_lr0.05_epochs1_mincount100_ws24_dims300,gewalttäter,0.7208565473556519
spontaner_gideon_training_data_lower_cbow_lr0.05_epochs1_mincount100_ws24_dims300,täterin,0.7205590605735779
spontaner_gideon_training_data_lower_cbow_lr0.05_epochs1_mincount100_ws24_dims300,triebtäter,0.7168377041816711
spontaner_gideon_training_data_lower_cbow_lr0.05_epochs1_mincount100_ws24_dims300,täterfahrzeug,0.7166509032249451
spontaner_gideon_training_data_lower_cbow_lr0.05_epochs1_mincount100_ws24_dims300,tatverdächtiger,0.7113609313964844
spontaner_gideon_training_data_lower_cbow_lr0.05_epochs1_mincount100_ws24_dims300,verdächtige,0.7074964046478271
spontaner_gideon_training_data_lower_cbow_lr0.05_epochs1_mincount100_ws24_dims300,einbrecher,0.7034497261047363
spontaner_gideon_training_data_lower_cbow_lr0.05_epochs1_mincount100_ws24_dims300,serientäter,0.7025942802429199
spontaner_gideon_training_data_lower_cbow_lr0.05_epochs1_mincount100_ws24_dims300,täterschutz,0.7005577683448792
spontaner_gideon_training_data_lower_cbow_lr0.05_epochs1_mincount100_ws24_dims300,täterbeschreibung,0.6976672410964966
spontaner_gideon_training_data_lower_cbow_lr0.05_epochs1_mincount100_ws24_dims300,verdächtigen,0.6976488828659058
spontaner_gideon_training_data_lower_cbow_lr0.05_epochs1_mincount100_ws24_dims300,nachahmungstäter,0.6968491673469543
spontaner_gideon_training_data_lower_cbow_lr0.05_epochs1_mincount100_ws24_dims300,täte,0.6923628449440002
spontaner_gideon_training_data_lower_cbow_lr0.05_epochs1_mincount100_ws24_dims300,rückfalltäter,0.6894453167915344
spontaner_gideon_training_data_lower_cbow_lr0.05_epochs1_mincount100_ws24_dims300,tatortermittler,0.6843899488449097
spontaner_gideon_training_data_lower_cbow_lr0.05_epochs1_mincount100_ws24_dims300,mittätern,0.6839322447776794
spontaner_gideon_training_data_lower_cbow_lr0.05_epochs1_mincount100_ws24_dims300,polizeibekannten,0.6784435510635376
spontaner_gideon_training_data_lower_cbow_lr0.05_epochs1_mincount100_ws24_dims300,raubopfer,0.6735875010490417
spontaner_gideon_training_data_lower_cbow_lr0.05_epochs1_mincount100_ws24_dims300,räuber,0.6642119884490967
spontaner_gideon_training_data_lower_cbow_lr0.05_epochs1_mincount100_ws24_dims300,intensivtäter,0.6634132266044617
spontaner_gideon_training_data_lower_cbow_lr0.05_epochs1_mincount100_ws24_dims300,verdächtig,0.6632072925567627
spontaner_gideon_training_data_lower_cbow_lr0.05_epochs1_mincount100_ws24_dims300,haupttätern,0.6604729890823364
spontaner_gideon_training_data_lower_cbow_lr0.05_epochs1_mincount100_ws24_dims300,verdächtiger,0.6600301265716553
spontaner_gideon_training_data_lower_cbow_lr0.05_epochs1_mincount100_ws24_dims300,polizeibekannte,0.6592810750007629
spontaner_gideon_training_data_lower_cbow_lr0.05_epochs1_mincount100_ws24_dims300,täterbeschreibungen,0.6591902375221252
spontaner_gideon_training_data_lower_cbow_lr0.05_epochs1_mincount100_ws24_dims300,polizeiermittler,0.6582633852958679
spontaner_gideon_training_data_lower_cbow_lr0.05_epochs1_mincount100_ws24_dims300,täter_innen,0.6538755297660828
spontaner_gideon_training_data_lower_cbow_lr0.05_epochs1_mincount100_ws24_dims300,tätergruppierung,0.6536233425140381
spontaner_gideon_training_data_lower_cbow_lr0.05_epochs1_mincount100_ws24_dims300,täterarbeit,0.6531610488891602
spontaner_gideon_training_data_lower_cbow_lr0.05_epochs1_mincount100_ws24_dims300,einbruchsopfer,0.6503011584281921
spontaner_gideon_training_data_lower_cbow_lr0.05_epochs1_mincount100_ws24_dims300,polizeibekannter,0.6488932967185974
spontaner_gideon_training_data_lower_cbow_lr0.05_epochs1_mincount100_ws24_dims300,opferstock,0.6480560898780823
spontaner_gideon_training_data_lower_cbow_lr0.05_epochs1_mincount100_ws24_dims300,opferstöcke,0.6475172638893127
spontaner_gideon_training_data_lower_cbow_lr0.05_epochs1_mincount100_ws24_dims300,opfer,0.6466162800788879
spontaner_gideon_training_data_lower_cbow_lr0.05_epochs1_mincount100_ws24_dims300,gewalttätern,0.6455029249191284
spontaner_gideon_training_data_lower_cbow_lr0.05_epochs1_mincount100_ws24_dims300,kriminalpolizei,0.6405319571495056
spontaner_gideon_training_data_lower_cbow_lr0.05_epochs1_mincount100_ws24_dims300,attentäter,0.63658607006073
spontaner_gideon_training_data_lower_cbow_lr0.05_epochs1_mincount100_ws24_dims300,tatortnähe,0.6347585916519165
spontaner_gideon_training_data_lower_cbow_lr0.05_epochs1_mincount100_ws24_dims300,diebesbanden,0.6342185139656067
spontaner_gideon_training_data_lower_cbow_lr0.05_epochs1_mincount100_ws24_dims300,tatorte,0.6334632039070129
spontaner_gideon_training_data_lower_cbow_lr0.05_epochs1_mincount100_ws24_dims300,übeltätern,0.6330519318580627
spontaner_gideon_training_data_lower_cbow_lr0.05_epochs1_mincount100_ws24_dims300,sexualtäter,0.6310494542121887
spontaner_gideon_training_data_lower_cbow_lr0.05_epochs1_mincount100_ws24_dims300,tatorten,0.6310114860534668
spontaner_gideon_training_data_lower_cbow_lr0.05_epochs1_mincount100_ws24_dims300,mordverdächtigen,0.6298762559890747
spontaner_gideon_training_data_lower_cbow_lr0.05_epochs1_mincount100_ws24_dims300,verdächtiges,0.6296005249023438
spontaner_gideon_training_data_lower_cbow_lr0.05_epochs1_mincount100_ws24_dims300,verdächtigter,0.6294643878936768
spontaner_gideon_training_data_lower_cbow_lr0.05_epochs1_mincount100_ws24_dims300,juwelierüberfall,0.6272398829460144
spontaner_gideon_training_data_lower_cbow_lr0.05_epochs1_mincount100_ws24_dims300,überfall,0.6268855929374695
spontaner_gideon_training_data_lower_cbow_lr0.05_epochs1_mincount100_ws24_dims300,diebesbande,0.626558780670166
spontaner_gideon_training_data_lower_cbow_lr0.05_epochs1_mincount100_ws24_dims300,unbekannten,0.6262892484664917
spontaner_gideon_training_data_lower_cbow_lr0.05_epochs1_mincount100_ws24_dims300,tatzeugen,0.6255132555961609
spontaner_gideon_training_data_lower_cbow_lr0.05_epochs1_mincount100_ws24_dims300,unverdächtige,0.6250658631324768
spontaner_gideon_training_data_lower_cbow_lr0.05_epochs1_mincount100_ws24_dims300,messerangreifer,0.6240909695625305
spontaner_gideon_training_data_lower_cbow_lr0.05_epochs1_mincount100_ws24_dims300,rückfallstäter,0.6240237951278687
spontaner_gideon_training_data_lower_cbow_lr0.05_epochs1_mincount100_ws24_dims300,raubermittler,0.6237015724182129
spontaner_gideon_training_data_lower_cbow_lr0.05_epochs1_mincount100_ws24_dims300,unverdächtigen,0.6229063868522644
spontaner_gideon_training_data_lower_cbow_lr0.05_epochs1_mincount100_ws24_dims300,raubüberfall,0.6226345896720886
spontaner_gideon_training_data_lower_cbow_lr0.05_epochs1_mincount100_ws24_dims300,polizei,0.6220386028289795
spontaner_gideon_training_data_lower_cbow_lr0.05_epochs1_mincount100_ws24_dims300,polizeiinspektion,0.621469259262085
spontaner_gideon_training_data_lower_cbow_lr0.05_epochs1_mincount100_ws24_dims300,raubüberfalles,0.6203615665435791
spontaner_gideon_training_data_lower_cbow_lr0.05_epochs1_mincount100_ws24_dims300,verdächtigte,0.6202656626701355
spontaner_gideon_training_data_lower_cbow_lr0.05_epochs1_mincount100_ws24_dims300,kriminalpolizisten,0.6190412044525146
spontaner_gideon_training_data_lower_cbow_lr0.05_epochs1_mincount100_ws24_dims300,angreifer,0.617843508720398
spontaner_gideon_training_data_lower_cbow_lr0.05_epochs1_mincount100_ws24_dims300,polizeiübergriffe,0.6174913048744202
spontaner_gideon_training_data_lower_cbow_lr0.05_epochs1_mincount100_ws24_dims300,verdächtigem,0.6172799468040466
spontaner_gideon_training_data_lower_cbow_lr0.05_epochs1_mincount100_ws24_dims300,verdächtigten,0.616694450378418
spontaner_gideon_training_data_lower_cbow_lr0.05_epochs1_mincount100_ws24_dims300,mittäters,0.6165679693222046
spontaner_gideon_training_data_lower_cbow_lr0.05_epochs1_mincount100_ws24_dims300,hauptverdächtige,0.6165624856948853
spontaner_gideon_training_data_lower_cbow_lr0.05_epochs1_mincount100_ws24_dims300,raubmörder,0.6165330410003662
spontaner_gideon_training_data_lower_cbow_lr0.05_epochs1_mincount100_ws24_dims300,tatwaffe,0.6157999038696289
spontaner_gideon_training_data_lower_cbow_lr0.05_epochs1_mincount100_ws24_dims300,einschleichdiebstahl,0.6155645251274109
spontaner_gideon_training_data_lower_cbow_lr0.05_epochs1_mincount100_ws24_dims300,mordverdächtige,0.6148969531059265
spontaner_gideon_training_data_lower_cbow_lr0.05_epochs1_mincount100_ws24_dims300,polizeiinspektor,0.6142808198928833
spontaner_gideon_training_data_lower_cbow_lr0.05_epochs1_mincount100_ws24_dims300,komplize,0.6132741570472717
spontaner_gideon_training_data_lower_cbow_lr0.05_epochs1_mincount100_ws24_dims300,missbrauchstäter,0.6131558418273926
spontaner_gideon_training_data_lower_cbow_lr0.05_epochs1_mincount100_ws24_dims300,hauptverdächtigen,0.6131524443626404
spontaner_gideon_training_data_lower_cbow_lr0.05_epochs1_mincount100_ws24_dims300,einzeltätern,0.6129555106163025
spontaner_gideon_training_data_lower_cbow_lr0.05_epochs1_mincount100_ws24_dims300,juwelierräuber,0.6128656268119812
spontaner_gideon_training_data_lower_cbow_lr0.05_epochs1_mincount100_ws24_dims300,polizistenmörder,0.6125004291534424
spontaner_gideon_training_data_lower_cbow_lr0.05_epochs1_mincount100_ws24_dims300,einbrechern,0.6124254465103149
angeregter_armin_training_data_cbow_lr0.05_epochs1_mincount10_ws5_dims300,täterort,0.8791742324829102
angeregter_armin_training_data_cbow_lr0.05_epochs1_mincount10_ws5_dims300,tätertrio,0.8579287528991699
angeregter_armin_training_data_cbow_lr0.05_epochs1_mincount10_ws5_dims300,täte,0.8561860918998718
angeregter_armin_training_data_cbow_lr0.05_epochs1_mincount10_ws5_dims300,täterhund,0.8474215269088745
angeregter_armin_training_data_cbow_lr0.05_epochs1_mincount10_ws5_dims300,tätern,0.8461520671844482
angeregter_armin_training_data_cbow_lr0.05_epochs1_mincount10_ws5_dims300,täterpaar,0.8383062481880188
angeregter_armin_training_data_cbow_lr0.05_epochs1_mincount10_ws5_dims300,tätertypus,0.8356624841690063
angeregter_armin_training_data_cbow_lr0.05_epochs1_mincount10_ws5_dims300,tätertyp,0.8348445296287537
angeregter_armin_training_data_cbow_lr0.05_epochs1_mincount10_ws5_dims300,täterduo,0.8348260521888733
angeregter_armin_training_data_cbow_lr0.05_epochs1_mincount10_ws5_dims300,täterthese,0.8202740550041199
angeregter_armin_training_data_cbow_lr0.05_epochs1_mincount10_ws5_dims300,täterbande,0.8178205490112305
angeregter_armin_training_data_cbow_lr0.05_epochs1_mincount10_ws5_dims300,täterkreis,0.8168672919273376
angeregter_armin_training_data_cbow_lr0.05_epochs1_mincount10_ws5_dims300,täterspuren,0.8152889609336853
angeregter_armin_training_data_cbow_lr0.05_epochs1_mincount10_ws5_dims300,täterbanden,0.8105558156967163
angeregter_armin_training_data_cbow_lr0.05_epochs1_mincount10_ws5_dims300,täterland,0.8095518350601196
angeregter_armin_training_data_cbow_lr0.05_epochs1_mincount10_ws5_dims300,tätertypen,0.805654764175415
angeregter_armin_training_data_cbow_lr0.05_epochs1_mincount10_ws5_dims300,täternamen,0.8040121793746948
angeregter_armin_training_data_cbow_lr0.05_epochs1_mincount10_ws5_dims300,einbrecher,0.803983211517334
angeregter_armin_training_data_cbow_lr0.05_epochs1_mincount10_ws5_dims300,täterinnen,0.8029907941818237
angeregter_armin_training_data_cbow_lr0.05_epochs1_mincount10_ws5_dims300,tatverdächtige,0.8000814914703369
angeregter_armin_training_data_cbow_lr0.05_epochs1_mincount10_ws5_dims300,täterseite,0.796915590763092
angeregter_armin_training_data_cbow_lr0.05_epochs1_mincount10_ws5_dims300,täten,0.7952072024345398
angeregter_armin_training_data_cbow_lr0.05_epochs1_mincount10_ws5_dims300,täterschaft,0.7932935953140259
angeregter_armin_training_data_cbow_lr0.05_epochs1_mincount10_ws5_dims300,täterwissen,0.7927661538124084
angeregter_armin_training_data_cbow_lr0.05_epochs1_mincount10_ws5_dims300,tatverdächtig,0.7914937138557434
angeregter_armin_training_data_cbow_lr0.05_epochs1_mincount10_ws5_dims300,opferstockdiebe,0.7899413704872131
angeregter_armin_training_data_cbow_lr0.05_epochs1_mincount10_ws5_dims300,täters,0.7876206040382385
angeregter_armin_training_data_cbow_lr0.05_epochs1_mincount10_ws5_dims300,haupttäter,0.7848621010780334
angeregter_armin_training_data_cbow_lr0.05_epochs1_mincount10_ws5_dims300,tatverdächtigen,0.7835278511047363
angeregter_armin_training_data_cbow_lr0.05_epochs1_mincount10_ws5_dims300,verdächtige,0.782359778881073
angeregter_armin_training_data_cbow_lr0.05_epochs1_mincount10_ws5_dims300,täterhinweise,0.7815715074539185
angeregter_armin_training_data_cbow_lr0.05_epochs1_mincount10_ws5_dims300,räuber,0.7810726761817932
angeregter_armin_training_data_cbow_lr0.05_epochs1_mincount10_ws5_dims300,inzesttäter,0.7804872393608093
angeregter_armin_training_data_cbow_lr0.05_epochs1_mincount10_ws5_dims300,täterfahndung,0.7804477214813232
angeregter_armin_training_data_cbow_lr0.05_epochs1_mincount10_ws5_dims300,opferstockdieb,0.7791638374328613
angeregter_armin_training_data_cbow_lr0.05_epochs1_mincount10_ws5_dims300,verdächtig,0.7788322567939758
angeregter_armin_training_data_cbow_lr0.05_epochs1_mincount10_ws5_dims300,ersttäter,0.7779009938240051
angeregter_armin_training_data_cbow_lr0.05_epochs1_mincount10_ws5_dims300,innentäter,0.7747697830200195
angeregter_armin_training_data_cbow_lr0.05_epochs1_mincount10_ws5_dims300,sextäter,0.7743030190467834
angeregter_armin_training_data_cbow_lr0.05_epochs1_mincount10_ws5_dims300,täterprofile,0.7740887999534607
angeregter_armin_training_data_cbow_lr0.05_epochs1_mincount10_ws5_dims300,täterfamilien,0.7732130289077759
angeregter_armin_training_data_cbow_lr0.05_epochs1_mincount10_ws5_dims300,mittäter,0.7728095054626465
angeregter_armin_training_data_cbow_lr0.05_epochs1_mincount10_ws5_dims300,täterfamilie,0.7725579142570496
angeregter_armin_training_data_cbow_lr0.05_epochs1_mincount10_ws5_dims300,fremdtäter,0.7709973454475403
angeregter_armin_training_data_cbow_lr0.05_epochs1_mincount10_ws5_dims300,tätersuche,0.7709445953369141
angeregter_armin_training_data_cbow_lr0.05_epochs1_mincount10_ws5_dims300,täterrollen,0.7700971961021423
angeregter_armin_training_data_cbow_lr0.05_epochs1_mincount10_ws5_dims300,täterjagd,0.7695725560188293
angeregter_armin_training_data_cbow_lr0.05_epochs1_mincount10_ws5_dims300,übeltäter,0.7688130736351013
angeregter_armin_training_data_cbow_lr0.05_epochs1_mincount10_ws5_dims300,tatverdächtiger,0.7677547931671143
angeregter_armin_training_data_cbow_lr0.05_epochs1_mincount10_ws5_dims300,verdächtigen,0.7670549154281616
angeregter_armin_training_data_cbow_lr0.05_epochs1_mincount10_ws5_dims300,amoktäter,0.7669575810432434
angeregter_armin_training_data_cbow_lr0.05_epochs1_mincount10_ws5_dims300,täterprofil,0.7655137777328491
angeregter_armin_training_data_cbow_lr0.05_epochs1_mincount10_ws5_dims300,täterbild,0.7642932534217834
angeregter_armin_training_data_cbow_lr0.05_epochs1_mincount10_ws5_dims300,tätergruppen,0.7642457485198975
angeregter_armin_training_data_cbow_lr0.05_epochs1_mincount10_ws5_dims300,täterbekleidung,0.7622678875923157
angeregter_armin_training_data_cbow_lr0.05_epochs1_mincount10_ws5_dims300,serientäter,0.7622345685958862
angeregter_armin_training_data_cbow_lr0.05_epochs1_mincount10_ws5_dims300,näter,0.7613070607185364
angeregter_armin_training_data_cbow_lr0.05_epochs1_mincount10_ws5_dims300,tätergruppe,0.7599200010299683
angeregter_armin_training_data_cbow_lr0.05_epochs1_mincount10_ws5_dims300,einzeltäter,0.7591099143028259
angeregter_armin_training_data_cbow_lr0.05_epochs1_mincount10_ws5_dims300,täterfotos,0.7571824789047241
angeregter_armin_training_data_cbow_lr0.05_epochs1_mincount10_ws5_dims300,täterin,0.7562111020088196
angeregter_armin_training_data_cbow_lr0.05_epochs1_mincount10_ws5_dims300,täterhinweis,0.7558248043060303
angeregter_armin_training_data_cbow_lr0.05_epochs1_mincount10_ws5_dims300,zweittäter,0.7552908658981323
angeregter_armin_training_data_cbow_lr0.05_epochs1_mincount10_ws5_dims300,komplizen,0.7547704577445984
angeregter_armin_training_data_cbow_lr0.05_epochs1_mincount10_ws5_dims300,opferstockdiebstahl,0.7534319162368774
angeregter_armin_training_data_cbow_lr0.05_epochs1_mincount10_ws5_dims300,tatverdächtigte,0.7532660365104675
angeregter_armin_training_data_cbow_lr0.05_epochs1_mincount10_ws5_dims300,gewalttäter,0.7531216144561768
angeregter_armin_training_data_cbow_lr0.05_epochs1_mincount10_ws5_dims300,verdächtiger,0.7522651553153992
angeregter_armin_training_data_cbow_lr0.05_epochs1_mincount10_ws5_dims300,mehrtäter,0.7520827054977417
angeregter_armin_training_data_cbow_lr0.05_epochs1_mincount10_ws5_dims300,tatverdächtigem,0.7513710856437683
angeregter_armin_training_data_cbow_lr0.05_epochs1_mincount10_ws5_dims300,datteltäter,0.7513632774353027
angeregter_armin_training_data_cbow_lr0.05_epochs1_mincount10_ws5_dims300,triebtäter,0.7511922717094421
angeregter_armin_training_data_cbow_lr0.05_epochs1_mincount10_ws5_dims300,messerattentäter,0.7505913972854614
angeregter_armin_training_data_cbow_lr0.05_epochs1_mincount10_ws5_dims300,täterrolle,0.7504268884658813
angeregter_armin_training_data_cbow_lr0.05_epochs1_mincount10_ws5_dims300,attentäter,0.7477270364761353
angeregter_armin_training_data_cbow_lr0.05_epochs1_mincount10_ws5_dims300,drogentäter,0.7460994720458984
angeregter_armin_training_data_cbow_lr0.05_epochs1_mincount10_ws5_dims300,täter_innen,0.7452191114425659
angeregter_armin_training_data_cbow_lr0.05_epochs1_mincount10_ws5_dims300,täterschaften,0.7451186180114746
angeregter_armin_training_data_cbow_lr0.05_epochs1_mincount10_ws5_dims300,opferstockdiebstähle,0.7446911334991455
angeregter_armin_training_data_cbow_lr0.05_epochs1_mincount10_ws5_dims300,täterbeschreibung,0.743876576423645
angeregter_armin_training_data_cbow_lr0.05_epochs1_mincount10_ws5_dims300,raubverdächtigen,0.7434498071670532
angeregter_armin_training_data_cbow_lr0.05_epochs1_mincount10_ws5_dims300,täterfahrzeug,0.7423154711723328
angeregter_armin_training_data_cbow_lr0.05_epochs1_mincount10_ws5_dims300,täterdaten,0.7403429746627808
angeregter_armin_training_data_cbow_lr0.05_epochs1_mincount10_ws5_dims300,verdächte,0.7385183572769165
angeregter_armin_training_data_cbow_lr0.05_epochs1_mincount10_ws5_dims300,opferstockdiebstählen,0.7371350526809692
angeregter_armin_training_data_cbow_lr0.05_epochs1_mincount10_ws5_dims300,unbekannten,0.7362315058708191
angeregter_armin_training_data_cbow_lr0.05_epochs1_mincount10_ws5_dims300,bankräuber,0.73599773645401
angeregter_armin_training_data_cbow_lr0.05_epochs1_mincount10_ws5_dims300,einbrecherduo,0.735908567905426
angeregter_armin_training_data_cbow_lr0.05_epochs1_mincount10_ws5_dims300,einbrecherkönig,0.7356832027435303
angeregter_armin_training_data_cbow_lr0.05_epochs1_mincount10_ws5_dims300,angreifer,0.7347503304481506
angeregter_armin_training_data_cbow_lr0.05_epochs1_mincount10_ws5_dims300,täterverfolgung,0.7343488931655884
angeregter_armin_training_data_cbow_lr0.05_epochs1_mincount10_ws5_dims300,täterstellung,0.7329404354095459
angeregter_armin_training_data_cbow_lr0.05_epochs1_mincount10_ws5_dims300,täter,0.7326747179031372
angeregter_armin_training_data_cbow_lr0.05_epochs1_mincount10_ws5_dims300,diebstahlsopfer,0.7319687604904175
angeregter_armin_training_data_cbow_lr0.05_epochs1_mincount10_ws5_dims300,räuberleiter,0.7319616079330444
angeregter_armin_training_data_cbow_lr0.05_epochs1_mincount10_ws5_dims300,überfallsopfer,0.7316974997520447
angeregter_armin_training_data_cbow_lr0.05_epochs1_mincount10_ws5_dims300,identitäter,0.730600893497467
angeregter_armin_training_data_cbow_lr0.05_epochs1_mincount10_ws5_dims300,täterverhalten,0.7305293083190918
angeregter_armin_training_data_cbow_lr0.05_epochs1_mincount10_ws5_dims300,täterschuld,0.7303948402404785
angeregter_armin_training_data_cbow_lr0.05_epochs1_mincount10_ws5_dims300,dieber,0.7303159236907959
aktiver_vasilije_training_data_lower_cbow_lr0.05_epochs1_mincount10_ws5_dims300,täterort,0.8734159469604492
aktiver_vasilije_training_data_lower_cbow_lr0.05_epochs1_mincount10_ws5_dims300,amoktäter,0.8507824540138245
aktiver_vasilije_training_data_lower_cbow_lr0.05_epochs1_mincount10_ws5_dims300,tätern,0.8506639003753662
aktiver_vasilije_training_data_lower_cbow_lr0.05_epochs1_mincount10_ws5_dims300,tätertrio,0.848533034324646
aktiver_vasilije_training_data_lower_cbow_lr0.05_epochs1_mincount10_ws5_dims300,fremdtäter,0.844974935054779
aktiver_vasilije_training_data_lower_cbow_lr0.05_epochs1_mincount10_ws5_dims300,ersttäter,0.8413369655609131
aktiver_vasilije_training_data_lower_cbow_lr0.05_epochs1_mincount10_ws5_dims300,mittäter,0.8402110934257507
aktiver_vasilije_training_data_lower_cbow_lr0.05_epochs1_mincount10_ws5_dims300,mehrtäter,0.8373133540153503
aktiver_vasilije_training_data_lower_cbow_lr0.05_epochs1_mincount10_ws5_dims300,täterpaar,0.832217276096344
aktiver_vasilije_training_data_lower_cbow_lr0.05_epochs1_mincount10_ws5_dims300,haupttäter,0.8306264281272888
aktiver_vasilije_training_data_lower_cbow_lr0.05_epochs1_mincount10_ws5_dims300,inzesttäter,0.8280960321426392
aktiver_vasilije_training_data_lower_cbow_lr0.05_epochs1_mincount10_ws5_dims300,täterduo,0.826698899269104
aktiver_vasilije_training_data_lower_cbow_lr0.05_epochs1_mincount10_ws5_dims300,sextäter,0.8240447044372559
aktiver_vasilije_training_data_lower_cbow_lr0.05_epochs1_mincount10_ws5_dims300,tätertyp,0.8222150802612305
aktiver_vasilije_training_data_lower_cbow_lr0.05_epochs1_mincount10_ws5_dims300,täterbande,0.8221486806869507
aktiver_vasilije_training_data_lower_cbow_lr0.05_epochs1_mincount10_ws5_dims300,innentäter,0.8186192512512207
aktiver_vasilije_training_data_lower_cbow_lr0.05_epochs1_mincount10_ws5_dims300,täterhund,0.8183295726776123
aktiver_vasilije_training_data_lower_cbow_lr0.05_epochs1_mincount10_ws5_dims300,täterbanden,0.8171236515045166
aktiver_vasilije_training_data_lower_cbow_lr0.05_epochs1_mincount10_ws5_dims300,tätertypus,0.8158406615257263
aktiver_vasilije_training_data_lower_cbow_lr0.05_epochs1_mincount10_ws5_dims300,tätertypen,0.8140976428985596
aktiver_vasilije_training_data_lower_cbow_lr0.05_epochs1_mincount10_ws5_dims300,täterkreis,0.8136259317398071
aktiver_vasilije_training_data_lower_cbow_lr0.05_epochs1_mincount10_ws5_dims300,täterspuren,0.8055923581123352
aktiver_vasilije_training_data_lower_cbow_lr0.05_epochs1_mincount10_ws5_dims300,opferstockdiebe,0.8047751188278198
aktiver_vasilije_training_data_lower_cbow_lr0.05_epochs1_mincount10_ws5_dims300,datteltäter,0.8013256788253784
aktiver_vasilije_training_data_lower_cbow_lr0.05_epochs1_mincount10_ws5_dims300,triebtäter,0.7984862327575684
aktiver_vasilije_training_data_lower_cbow_lr0.05_epochs1_mincount10_ws5_dims300,terrortäter,0.7974865436553955
aktiver_vasilije_training_data_lower_cbow_lr0.05_epochs1_mincount10_ws5_dims300,gewalttäter,0.7972151637077332
aktiver_vasilije_training_data_lower_cbow_lr0.05_epochs1_mincount10_ws5_dims300,täterschaft,0.7965859770774841
aktiver_vasilije_training_data_lower_cbow_lr0.05_epochs1_mincount10_ws5_dims300,täterland,0.7965381741523743
aktiver_vasilije_training_data_lower_cbow_lr0.05_epochs1_mincount10_ws5_dims300,täterinnen,0.7947936058044434
aktiver_vasilije_training_data_lower_cbow_lr0.05_epochs1_mincount10_ws5_dims300,opferstockdieb,0.7940692901611328
aktiver_vasilije_training_data_lower_cbow_lr0.05_epochs1_mincount10_ws5_dims300,täterfahndung,0.7915903925895691
aktiver_vasilije_training_data_lower_cbow_lr0.05_epochs1_mincount10_ws5_dims300,täterseite,0.791432797908783
aktiver_vasilije_training_data_lower_cbow_lr0.05_epochs1_mincount10_ws5_dims300,tatverdächtige,0.791064977645874
aktiver_vasilije_training_data_lower_cbow_lr0.05_epochs1_mincount10_ws5_dims300,täters,0.787876546382904
aktiver_vasilije_training_data_lower_cbow_lr0.05_epochs1_mincount10_ws5_dims300,täterthese,0.7869633436203003
aktiver_vasilije_training_data_lower_cbow_lr0.05_epochs1_mincount10_ws5_dims300,serientäter,0.7855145931243896
aktiver_vasilije_training_data_lower_cbow_lr0.05_epochs1_mincount10_ws5_dims300,täternamen,0.7849544882774353
aktiver_vasilije_training_data_lower_cbow_lr0.05_epochs1_mincount10_ws5_dims300,vorsatztäter,0.784945011138916
aktiver_vasilije_training_data_lower_cbow_lr0.05_epochs1_mincount10_ws5_dims300,einzeltäter,0.7840648889541626
aktiver_vasilije_training_data_lower_cbow_lr0.05_epochs1_mincount10_ws5_dims300,zweittäter,0.7826254367828369
aktiver_vasilije_training_data_lower_cbow_lr0.05_epochs1_mincount10_ws5_dims300,alleintäter,0.781664252281189
aktiver_vasilije_training_data_lower_cbow_lr0.05_epochs1_mincount10_ws5_dims300,täterjagd,0.7813175916671753
aktiver_vasilije_training_data_lower_cbow_lr0.05_epochs1_mincount10_ws5_dims300,übeltäter,0.7811232209205627
aktiver_vasilije_training_data_lower_cbow_lr0.05_epochs1_mincount10_ws5_dims300,täterwissen,0.7808850407600403
aktiver_vasilije_training_data_lower_cbow_lr0.05_epochs1_mincount10_ws5_dims300,tatverdächtigen,0.7800948023796082
aktiver_vasilije_training_data_lower_cbow_lr0.05_epochs1_mincount10_ws5_dims300,brandstäter,0.7782665491104126
aktiver_vasilije_training_data_lower_cbow_lr0.05_epochs1_mincount10_ws5_dims300,identitäter,0.7781174182891846
aktiver_vasilije_training_data_lower_cbow_lr0.05_epochs1_mincount10_ws5_dims300,einbrecher,0.7765139937400818
aktiver_vasilije_training_data_lower_cbow_lr0.05_epochs1_mincount10_ws5_dims300,missetäter,0.773580014705658
aktiver_vasilije_training_data_lower_cbow_lr0.05_epochs1_mincount10_ws5_dims300,täterrollen,0.7734652161598206
aktiver_vasilije_training_data_lower_cbow_lr0.05_epochs1_mincount10_ws5_dims300,tatverdächtig,0.7722920179367065
aktiver_vasilije_training_data_lower_cbow_lr0.05_epochs1_mincount10_ws5_dims300,räuber,0.7703647613525391
aktiver_vasilije_training_data_lower_cbow_lr0.05_epochs1_mincount10_ws5_dims300,raubverdächtigen,0.7678639888763428
aktiver_vasilije_training_data_lower_cbow_lr0.05_epochs1_mincount10_ws5_dims300,zugattentäter,0.7677138447761536
aktiver_vasilije_training_data_lower_cbow_lr0.05_epochs1_mincount10_ws5_dims300,täterhinweise,0.767601728439331
aktiver_vasilije_training_data_lower_cbow_lr0.05_epochs1_mincount10_ws5_dims300,messerattentäter,0.7665900588035583
aktiver_vasilije_training_data_lower_cbow_lr0.05_epochs1_mincount10_ws5_dims300,tatverdächtiger,0.7658069729804993
aktiver_vasilije_training_data_lower_cbow_lr0.05_epochs1_mincount10_ws5_dims300,tätergruppen,0.7656834125518799
aktiver_vasilije_training_data_lower_cbow_lr0.05_epochs1_mincount10_ws5_dims300,täterfamilien,0.7655710577964783
aktiver_vasilije_training_data_lower_cbow_lr0.05_epochs1_mincount10_ws5_dims300,täterbekleidung,0.7640710473060608
aktiver_vasilije_training_data_lower_cbow_lr0.05_epochs1_mincount10_ws5_dims300,opferstockdiebstahl,0.762762188911438
aktiver_vasilije_training_data_lower_cbow_lr0.05_epochs1_mincount10_ws5_dims300,täterbild,0.7612835764884949
aktiver_vasilije_training_data_lower_cbow_lr0.05_epochs1_mincount10_ws5_dims300,täterhinweis,0.7611426711082458
aktiver_vasilije_training_data_lower_cbow_lr0.05_epochs1_mincount10_ws5_dims300,tätergruppe,0.7606014609336853
aktiver_vasilije_training_data_lower_cbow_lr0.05_epochs1_mincount10_ws5_dims300,täterfamilie,0.7602614760398865
aktiver_vasilije_training_data_lower_cbow_lr0.05_epochs1_mincount10_ws5_dims300,drogentäter,0.7594722509384155
aktiver_vasilije_training_data_lower_cbow_lr0.05_epochs1_mincount10_ws5_dims300,verdächtige,0.7587927579879761
aktiver_vasilije_training_data_lower_cbow_lr0.05_epochs1_mincount10_ws5_dims300,spontantäter,0.7587020397186279
aktiver_vasilije_training_data_lower_cbow_lr0.05_epochs1_mincount10_ws5_dims300,haupttätern,0.7556800842285156
aktiver_vasilije_training_data_lower_cbow_lr0.05_epochs1_mincount10_ws5_dims300,attentäter,0.7556113600730896
aktiver_vasilije_training_data_lower_cbow_lr0.05_epochs1_mincount10_ws5_dims300,tätersuche,0.7536695003509521
aktiver_vasilije_training_data_lower_cbow_lr0.05_epochs1_mincount10_ws5_dims300,nachahmungstäter,0.7532562017440796
aktiver_vasilije_training_data_lower_cbow_lr0.05_epochs1_mincount10_ws5_dims300,mittätern,0.7530937790870667
aktiver_vasilije_training_data_lower_cbow_lr0.05_epochs1_mincount10_ws5_dims300,täterin,0.7500518560409546
aktiver_vasilije_training_data_lower_cbow_lr0.05_epochs1_mincount10_ws5_dims300,opferstockdiebstähle,0.7499803304672241
aktiver_vasilije_training_data_lower_cbow_lr0.05_epochs1_mincount10_ws5_dims300,täterprofile,0.7492693662643433
aktiver_vasilije_training_data_lower_cbow_lr0.05_epochs1_mincount10_ws5_dims300,diebstahlsopfer,0.7492349743843079
aktiver_vasilije_training_data_lower_cbow_lr0.05_epochs1_mincount10_ws5_dims300,täterverfolgung,0.7489315271377563
aktiver_vasilije_training_data_lower_cbow_lr0.05_epochs1_mincount10_ws5_dims300,täterschaften,0.7484776377677917
aktiver_vasilije_training_data_lower_cbow_lr0.05_epochs1_mincount10_ws5_dims300,tatverdächtigem,0.7484355568885803
aktiver_vasilije_training_data_lower_cbow_lr0.05_epochs1_mincount10_ws5_dims300,täterprofil,0.7461725473403931
aktiver_vasilije_training_data_lower_cbow_lr0.05_epochs1_mincount10_ws5_dims300,beziehungstäter,0.7460089325904846
aktiver_vasilije_training_data_lower_cbow_lr0.05_epochs1_mincount10_ws5_dims300,verdächtigen,0.7457206845283508
aktiver_vasilije_training_data_lower_cbow_lr0.05_epochs1_mincount10_ws5_dims300,täter_innen,0.7449734807014465
aktiver_vasilije_training_data_lower_cbow_lr0.05_epochs1_mincount10_ws5_dims300,ersttätern,0.7447754144668579
aktiver_vasilije_training_data_lower_cbow_lr0.05_epochs1_mincount10_ws5_dims300,tatverdächtigten,0.7436984777450562
aktiver_vasilije_training_data_lower_cbow_lr0.05_epochs1_mincount10_ws5_dims300,überfallsopfer,0.743596613407135
aktiver_vasilije_training_data_lower_cbow_lr0.05_epochs1_mincount10_ws5_dims300,täterfotos,0.742949366569519
aktiver_vasilije_training_data_lower_cbow_lr0.05_epochs1_mincount10_ws5_dims300,täterrolle,0.7429150342941284
aktiver_vasilije_training_data_lower_cbow_lr0.05_epochs1_mincount10_ws5_dims300,überfallopfer,0.7426560521125793
aktiver_vasilije_training_data_lower_cbow_lr0.05_epochs1_mincount10_ws5_dims300,tatverdächtigte,0.7424955368041992
aktiver_vasilije_training_data_lower_cbow_lr0.05_epochs1_mincount10_ws5_dims300,straftäter,0.7416142821311951
aktiver_vasilije_training_data_lower_cbow_lr0.05_epochs1_mincount10_ws5_dims300,opferstockdiebstählen,0.7406592965126038
aktiver_vasilije_training_data_lower_cbow_lr0.05_epochs1_mincount10_ws5_dims300,täterbeschreibung,0.7404420375823975
aktiver_vasilije_training_data_lower_cbow_lr0.05_epochs1_mincount10_ws5_dims300,diebstahlopfer,0.7389055490493774
aktiver_vasilije_training_data_lower_cbow_lr0.05_epochs1_mincount10_ws5_dims300,haupttatverdächtige,0.7381826043128967
aktiver_vasilije_training_data_lower_cbow_lr0.05_epochs1_mincount10_ws5_dims300,sexstraftäter,0.7374117374420166
aktiver_vasilije_training_data_lower_cbow_lr0.05_epochs1_mincount10_ws5_dims300,täterfahrzeug,0.737250566482544
aktiver_vasilije_training_data_lower_cbow_lr0.05_epochs1_mincount10_ws5_dims300,sexualtäter,0.7366855144500732
entzückende_ravza_training_data_lower_cbow_lr0.05_epochs1_mincount5_ws6_dims300,mitttäter,0.8668270111083984
entzückende_ravza_training_data_lower_cbow_lr0.05_epochs1_mincount5_ws6_dims300,täterort,0.8658973574638367
entzückende_ravza_training_data_lower_cbow_lr0.05_epochs1_mincount5_ws6_dims300,tätern,0.8634039759635925
entzückende_ravza_training_data_lower_cbow_lr0.05_epochs1_mincount5_ws6_dims300,täterpärchen,0.8545249104499817
entzückende_ravza_training_data_lower_cbow_lr0.05_epochs1_mincount5_ws6_dims300,täterorte,0.8445641994476318
entzückende_ravza_training_data_lower_cbow_lr0.05_epochs1_mincount5_ws6_dims300,amoktäter,0.8438471555709839
entzückende_ravza_training_data_lower_cbow_lr0.05_epochs1_mincount5_ws6_dims300,tätertrio,0.8419086337089539
entzückende_ravza_training_data_lower_cbow_lr0.05_epochs1_mincount5_ws6_dims300,täterpaar,0.8395317792892456
entzückende_ravza_training_data_lower_cbow_lr0.05_epochs1_mincount5_ws6_dims300,ersttäter,0.836410641670227
entzückende_ravza_training_data_lower_cbow_lr0.05_epochs1_mincount5_ws6_dims300,fremdtäter,0.835442841053009
entzückende_ravza_training_data_lower_cbow_lr0.05_epochs1_mincount5_ws6_dims300,mittäter,0.835274338722229
entzückende_ravza_training_data_lower_cbow_lr0.05_epochs1_mincount5_ws6_dims300,hauptäter,0.8310548067092896
entzückende_ravza_training_data_lower_cbow_lr0.05_epochs1_mincount5_ws6_dims300,täterspur,0.8301846981048584
entzückende_ravza_training_data_lower_cbow_lr0.05_epochs1_mincount5_ws6_dims300,tätertrios,0.8291929960250854
entzückende_ravza_training_data_lower_cbow_lr0.05_epochs1_mincount5_ws6_dims300,mehrtäter,0.8264332413673401
entzückende_ravza_training_data_lower_cbow_lr0.05_epochs1_mincount5_ws6_dims300,täterduo,0.8251270651817322
entzückende_ravza_training_data_lower_cbow_lr0.05_epochs1_mincount5_ws6_dims300,täterauto,0.8233639597892761
entzückende_ravza_training_data_lower_cbow_lr0.05_epochs1_mincount5_ws6_dims300,innentäter,0.8218355774879456
entzückende_ravza_training_data_lower_cbow_lr0.05_epochs1_mincount5_ws6_dims300,tätervolk,0.8217796087265015
entzückende_ravza_training_data_lower_cbow_lr0.05_epochs1_mincount5_ws6_dims300,inzesttäter,0.8217262625694275
entzückende_ravza_training_data_lower_cbow_lr0.05_epochs1_mincount5_ws6_dims300,tätertyp,0.8200923204421997
entzückende_ravza_training_data_lower_cbow_lr0.05_epochs1_mincount5_ws6_dims300,täterhund,0.8163912296295166
entzückende_ravza_training_data_lower_cbow_lr0.05_epochs1_mincount5_ws6_dims300,sextäter,0.8156642913818359
entzückende_ravza_training_data_lower_cbow_lr0.05_epochs1_mincount5_ws6_dims300,datteltäter,0.8143617510795593
entzückende_ravza_training_data_lower_cbow_lr0.05_epochs1_mincount5_ws6_dims300,täterkreis,0.8137441277503967
entzückende_ravza_training_data_lower_cbow_lr0.05_epochs1_mincount5_ws6_dims300,haupttäter,0.8113753795623779
entzückende_ravza_training_data_lower_cbow_lr0.05_epochs1_mincount5_ws6_dims300,opferstockdiebe,0.809086799621582
entzückende_ravza_training_data_lower_cbow_lr0.05_epochs1_mincount5_ws6_dims300,täterbande,0.8073204159736633
entzückende_ravza_training_data_lower_cbow_lr0.05_epochs1_mincount5_ws6_dims300,täterbanden,0.8051247000694275
entzückende_ravza_training_data_lower_cbow_lr0.05_epochs1_mincount5_ws6_dims300,tätertypus,0.8046603202819824
entzückende_ravza_training_data_lower_cbow_lr0.05_epochs1_mincount5_ws6_dims300,täterumkehr,0.8042070269584656
entzückende_ravza_training_data_lower_cbow_lr0.05_epochs1_mincount5_ws6_dims300,täterherkunft,0.8028716444969177
entzückende_ravza_training_data_lower_cbow_lr0.05_epochs1_mincount5_ws6_dims300,täterspuren,0.8021047711372375
entzückende_ravza_training_data_lower_cbow_lr0.05_epochs1_mincount5_ws6_dims300,tatverdächtige,0.8002921938896179
entzückende_ravza_training_data_lower_cbow_lr0.05_epochs1_mincount5_ws6_dims300,täterfahndung,0.800290584564209
entzückende_ravza_training_data_lower_cbow_lr0.05_epochs1_mincount5_ws6_dims300,serientäter,0.8002791404724121
entzückende_ravza_training_data_lower_cbow_lr0.05_epochs1_mincount5_ws6_dims300,tätertypen,0.7989633679389954
entzückende_ravza_training_data_lower_cbow_lr0.05_epochs1_mincount5_ws6_dims300,täterland,0.7984882593154907
entzückende_ravza_training_data_lower_cbow_lr0.05_epochs1_mincount5_ws6_dims300,triebtäter,0.7976699471473694
entzückende_ravza_training_data_lower_cbow_lr0.05_epochs1_mincount5_ws6_dims300,gewalttäter,0.79698646068573
entzückende_ravza_training_data_lower_cbow_lr0.05_epochs1_mincount5_ws6_dims300,täterschaft,0.7964677810668945
entzückende_ravza_training_data_lower_cbow_lr0.05_epochs1_mincount5_ws6_dims300,opferstockdieb,0.7958389520645142
entzückende_ravza_training_data_lower_cbow_lr0.05_epochs1_mincount5_ws6_dims300,übertäter,0.7947260737419128
entzückende_ravza_training_data_lower_cbow_lr0.05_epochs1_mincount5_ws6_dims300,tätverdächtige,0.7924080491065979
entzückende_ravza_training_data_lower_cbow_lr0.05_epochs1_mincount5_ws6_dims300,täterkreise,0.7915064692497253
entzückende_ravza_training_data_lower_cbow_lr0.05_epochs1_mincount5_ws6_dims300,täterseite,0.7902408242225647
entzückende_ravza_training_data_lower_cbow_lr0.05_epochs1_mincount5_ws6_dims300,täterinnen,0.7901581525802612
entzückende_ravza_training_data_lower_cbow_lr0.05_epochs1_mincount5_ws6_dims300,tatverdächtig,0.7896335124969482
entzückende_ravza_training_data_lower_cbow_lr0.05_epochs1_mincount5_ws6_dims300,einzeltäter,0.7895058393478394
entzückende_ravza_training_data_lower_cbow_lr0.05_epochs1_mincount5_ws6_dims300,opferstockdieben,0.7879206538200378
entzückende_ravza_training_data_lower_cbow_lr0.05_epochs1_mincount5_ws6_dims300,terrortäter,0.7873849272727966
entzückende_ravza_training_data_lower_cbow_lr0.05_epochs1_mincount5_ws6_dims300,tatverdächtigen,0.787381112575531
entzückende_ravza_training_data_lower_cbow_lr0.05_epochs1_mincount5_ws6_dims300,übeltäter,0.7870862483978271
entzückende_ravza_training_data_lower_cbow_lr0.05_epochs1_mincount5_ws6_dims300,missetäter,0.7868776917457581
entzückende_ravza_training_data_lower_cbow_lr0.05_epochs1_mincount5_ws6_dims300,hauptübeltäter,0.7851771712303162
entzückende_ravza_training_data_lower_cbow_lr0.05_epochs1_mincount5_ws6_dims300,täterrollen,0.7851588726043701
entzückende_ravza_training_data_lower_cbow_lr0.05_epochs1_mincount5_ws6_dims300,dritttäter,0.7843456864356995
entzückende_ravza_training_data_lower_cbow_lr0.05_epochs1_mincount5_ws6_dims300,zweittäter,0.7839865684509277
entzückende_ravza_training_data_lower_cbow_lr0.05_epochs1_mincount5_ws6_dims300,täters,0.7833184003829956
entzückende_ravza_training_data_lower_cbow_lr0.05_epochs1_mincount5_ws6_dims300,brandstäter,0.7819424867630005
entzückende_ravza_training_data_lower_cbow_lr0.05_epochs1_mincount5_ws6_dims300,täterthese,0.7814587950706482
entzückende_ravza_training_data_lower_cbow_lr0.05_epochs1_mincount5_ws6_dims300,alleintäter,0.7806859016418457
entzückende_ravza_training_data_lower_cbow_lr0.05_epochs1_mincount5_ws6_dims300,tatverdächtiger,0.7789555191993713
entzückende_ravza_training_data_lower_cbow_lr0.05_epochs1_mincount5_ws6_dims300,täternamen,0.7789337038993835
entzückende_ravza_training_data_lower_cbow_lr0.05_epochs1_mincount5_ws6_dims300,vorsatztäter,0.7785749435424805
entzückende_ravza_training_data_lower_cbow_lr0.05_epochs1_mincount5_ws6_dims300,tätersicht,0.7782188653945923
entzückende_ravza_training_data_lower_cbow_lr0.05_epochs1_mincount5_ws6_dims300,täterjagd,0.7772658467292786
entzückende_ravza_training_data_lower_cbow_lr0.05_epochs1_mincount5_ws6_dims300,tatverdächte,0.7772302627563477
entzückende_ravza_training_data_lower_cbow_lr0.05_epochs1_mincount5_ws6_dims300,einbrecher,0.7767237424850464
entzückende_ravza_training_data_lower_cbow_lr0.05_epochs1_mincount5_ws6_dims300,täterkleidung,0.7761135697364807
entzückende_ravza_training_data_lower_cbow_lr0.05_epochs1_mincount5_ws6_dims300,opferstockdiebstahl,0.773815393447876
entzückende_ravza_training_data_lower_cbow_lr0.05_epochs1_mincount5_ws6_dims300,mutmaßlichentäter,0.7725430727005005
entzückende_ravza_training_data_lower_cbow_lr0.05_epochs1_mincount5_ws6_dims300,täterwissen,0.7721299529075623
entzückende_ravza_training_data_lower_cbow_lr0.05_epochs1_mincount5_ws6_dims300,täterbilder,0.7716878652572632
entzückende_ravza_training_data_lower_cbow_lr0.05_epochs1_mincount5_ws6_dims300,messerattentäter,0.7716750502586365
entzückende_ravza_training_data_lower_cbow_lr0.05_epochs1_mincount5_ws6_dims300,überfallsopfer,0.771473228931427
entzückende_ravza_training_data_lower_cbow_lr0.05_epochs1_mincount5_ws6_dims300,raubverdächtigen,0.7712816596031189
entzückende_ravza_training_data_lower_cbow_lr0.05_epochs1_mincount5_ws6_dims300,tätergruppe,0.7710983157157898
entzückende_ravza_training_data_lower_cbow_lr0.05_epochs1_mincount5_ws6_dims300,räuber,0.7697670459747314
entzückende_ravza_training_data_lower_cbow_lr0.05_epochs1_mincount5_ws6_dims300,täterfamilie,0.7680977582931519
entzückende_ravza_training_data_lower_cbow_lr0.05_epochs1_mincount5_ws6_dims300,identitäter,0.7672775387763977
entzückende_ravza_training_data_lower_cbow_lr0.05_epochs1_mincount5_ws6_dims300,tätergruppen,0.767180860042572
entzückende_ravza_training_data_lower_cbow_lr0.05_epochs1_mincount5_ws6_dims300,täterhinweise,0.7663153409957886
entzückende_ravza_training_data_lower_cbow_lr0.05_epochs1_mincount5_ws6_dims300,opferstockdiebstähle,0.7643392086029053
entzückende_ravza_training_data_lower_cbow_lr0.05_epochs1_mincount5_ws6_dims300,diebstahlsopfer,0.7640867829322815
entzückende_ravza_training_data_lower_cbow_lr0.05_epochs1_mincount5_ws6_dims300,täterfamilien,0.764076292514801
entzückende_ravza_training_data_lower_cbow_lr0.05_epochs1_mincount5_ws6_dims300,zugattentäter,0.7633243799209595
entzückende_ravza_training_data_lower_cbow_lr0.05_epochs1_mincount5_ws6_dims300,mitattentäter,0.7620476484298706
entzückende_ravza_training_data_lower_cbow_lr0.05_epochs1_mincount5_ws6_dims300,giftattentäter,0.7612568736076355
entzückende_ravza_training_data_lower_cbow_lr0.05_epochs1_mincount5_ws6_dims300,tatverdächtigte,0.7610400319099426
entzückende_ravza_training_data_lower_cbow_lr0.05_epochs1_mincount5_ws6_dims300,drogentäter,0.7608919143676758
entzückende_ravza_training_data_lower_cbow_lr0.05_epochs1_mincount5_ws6_dims300,verdächtige,0.7605697512626648
entzückende_ravza_training_data_lower_cbow_lr0.05_epochs1_mincount5_ws6_dims300,attentäter,0.7599014639854431
entzückende_ravza_training_data_lower_cbow_lr0.05_epochs1_mincount5_ws6_dims300,suchtgifttäter,0.7598182559013367
entzückende_ravza_training_data_lower_cbow_lr0.05_epochs1_mincount5_ws6_dims300,täterbild,0.7587964534759521
entzückende_ravza_training_data_lower_cbow_lr0.05_epochs1_mincount5_ws6_dims300,amoktätern,0.7575081586837769
entzückende_ravza_training_data_lower_cbow_lr0.05_epochs1_mincount5_ws6_dims300,tatverdächtigten,0.7573702931404114
entzückende_ravza_training_data_lower_cbow_lr0.05_epochs1_mincount5_ws6_dims300,tatverdächtiges,0.7570924758911133
entzückende_ravza_training_data_lower_cbow_lr0.05_epochs1_mincount5_ws6_dims300,sinnestäter,0.7569507360458374
entzückende_ravza_training_data_lower_cbow_lr0.05_epochs1_mincount5_ws6_dims300,täterwohnung,0.7565069198608398
geniale_doreen_training_data_lower_cbow_lr0.05_epochs1_mincount50_ws24_dims300,tätern,0.87773597240448
geniale_doreen_training_data_lower_cbow_lr0.05_epochs1_mincount50_ws24_dims300,täters,0.80753493309021
geniale_doreen_training_data_lower_cbow_lr0.05_epochs1_mincount50_ws24_dims300,täterkreis,0.8063697218894958
geniale_doreen_training_data_lower_cbow_lr0.05_epochs1_mincount50_ws24_dims300,ersttäter,0.798862874507904
geniale_doreen_training_data_lower_cbow_lr0.05_epochs1_mincount50_ws24_dims300,täterschaft,0.7840700745582581
geniale_doreen_training_data_lower_cbow_lr0.05_epochs1_mincount50_ws24_dims300,täterseite,0.7794368863105774
geniale_doreen_training_data_lower_cbow_lr0.05_epochs1_mincount50_ws24_dims300,mittäter,0.7709004878997803
geniale_doreen_training_data_lower_cbow_lr0.05_epochs1_mincount50_ws24_dims300,täterhinweise,0.7678638696670532
geniale_doreen_training_data_lower_cbow_lr0.05_epochs1_mincount50_ws24_dims300,opferstockdiebe,0.7600104212760925
geniale_doreen_training_data_lower_cbow_lr0.05_epochs1_mincount50_ws24_dims300,täterwissen,0.7553401589393616
geniale_doreen_training_data_lower_cbow_lr0.05_epochs1_mincount50_ws24_dims300,opferstockdieb,0.7543185353279114
geniale_doreen_training_data_lower_cbow_lr0.05_epochs1_mincount50_ws24_dims300,tätersuche,0.7537226676940918
geniale_doreen_training_data_lower_cbow_lr0.05_epochs1_mincount50_ws24_dims300,haupttäter,0.7509725093841553
geniale_doreen_training_data_lower_cbow_lr0.05_epochs1_mincount50_ws24_dims300,tätergruppe,0.7503537535667419
geniale_doreen_training_data_lower_cbow_lr0.05_epochs1_mincount50_ws24_dims300,sextäter,0.7496559023857117
geniale_doreen_training_data_lower_cbow_lr0.05_epochs1_mincount50_ws24_dims300,täterprofil,0.7431386709213257
geniale_doreen_training_data_lower_cbow_lr0.05_epochs1_mincount50_ws24_dims300,einzeltäter,0.7415356636047363
geniale_doreen_training_data_lower_cbow_lr0.05_epochs1_mincount50_ws24_dims300,tatverdächtige,0.7378827333450317
geniale_doreen_training_data_lower_cbow_lr0.05_epochs1_mincount50_ws24_dims300,täterprofile,0.737000584602356
geniale_doreen_training_data_lower_cbow_lr0.05_epochs1_mincount50_ws24_dims300,tatverdächtigen,0.7354103326797485
geniale_doreen_training_data_lower_cbow_lr0.05_epochs1_mincount50_ws24_dims300,täterbeschreibung,0.7319769263267517
geniale_doreen_training_data_lower_cbow_lr0.05_epochs1_mincount50_ws24_dims300,tätergruppen,0.730980634689331
geniale_doreen_training_data_lower_cbow_lr0.05_epochs1_mincount50_ws24_dims300,täterinnen,0.729896068572998
geniale_doreen_training_data_lower_cbow_lr0.05_epochs1_mincount50_ws24_dims300,triebtäter,0.7278029322624207
geniale_doreen_training_data_lower_cbow_lr0.05_epochs1_mincount50_ws24_dims300,täterin,0.7228392958641052
geniale_doreen_training_data_lower_cbow_lr0.05_epochs1_mincount50_ws24_dims300,täterfahrzeug,0.7212588787078857
geniale_doreen_training_data_lower_cbow_lr0.05_epochs1_mincount50_ws24_dims300,missetäter,0.7206346988677979
geniale_doreen_training_data_lower_cbow_lr0.05_epochs1_mincount50_ws24_dims300,täterrolle,0.7197990417480469
geniale_doreen_training_data_lower_cbow_lr0.05_epochs1_mincount50_ws24_dims300,tatverdächtig,0.719688355922699
geniale_doreen_training_data_lower_cbow_lr0.05_epochs1_mincount50_ws24_dims300,verdächtige,0.7193663716316223
geniale_doreen_training_data_lower_cbow_lr0.05_epochs1_mincount50_ws24_dims300,einbrecher,0.7155417203903198
geniale_doreen_training_data_lower_cbow_lr0.05_epochs1_mincount50_ws24_dims300,täterschutz,0.7140815258026123
geniale_doreen_training_data_lower_cbow_lr0.05_epochs1_mincount50_ws24_dims300,polizeiopfer,0.7109971642494202
geniale_doreen_training_data_lower_cbow_lr0.05_epochs1_mincount50_ws24_dims300,verdächtigen,0.7108616232872009
geniale_doreen_training_data_lower_cbow_lr0.05_epochs1_mincount50_ws24_dims300,gewalttäter,0.7097011804580688
geniale_doreen_training_data_lower_cbow_lr0.05_epochs1_mincount50_ws24_dims300,tatverdächtiger,0.7094311714172363
geniale_doreen_training_data_lower_cbow_lr0.05_epochs1_mincount50_ws24_dims300,überfallsopfer,0.7090288996696472
geniale_doreen_training_data_lower_cbow_lr0.05_epochs1_mincount50_ws24_dims300,übeltäter,0.7006065845489502
geniale_doreen_training_data_lower_cbow_lr0.05_epochs1_mincount50_ws24_dims300,serientäter,0.6992085576057434
geniale_doreen_training_data_lower_cbow_lr0.05_epochs1_mincount50_ws24_dims300,täterbeschreibungen,0.6988559365272522
geniale_doreen_training_data_lower_cbow_lr0.05_epochs1_mincount50_ws24_dims300,überfallopfer,0.6947475075721741
geniale_doreen_training_data_lower_cbow_lr0.05_epochs1_mincount50_ws24_dims300,verdächtig,0.693547785282135
geniale_doreen_training_data_lower_cbow_lr0.05_epochs1_mincount50_ws24_dims300,ersttätern,0.6907809972763062
geniale_doreen_training_data_lower_cbow_lr0.05_epochs1_mincount50_ws24_dims300,tatortermittler,0.6878682971000671
geniale_doreen_training_data_lower_cbow_lr0.05_epochs1_mincount50_ws24_dims300,haupttatverdächtige,0.6845077872276306
geniale_doreen_training_data_lower_cbow_lr0.05_epochs1_mincount50_ws24_dims300,messerattentäter,0.6811015605926514
geniale_doreen_training_data_lower_cbow_lr0.05_epochs1_mincount50_ws24_dims300,verdächtiger,0.6799924969673157
geniale_doreen_training_data_lower_cbow_lr0.05_epochs1_mincount50_ws24_dims300,mittätern,0.6790398359298706
geniale_doreen_training_data_lower_cbow_lr0.05_epochs1_mincount50_ws24_dims300,haupttatverdächtigen,0.6769577264785767
geniale_doreen_training_data_lower_cbow_lr0.05_epochs1_mincount50_ws24_dims300,nachahmungstäter,0.6767211556434631
geniale_doreen_training_data_lower_cbow_lr0.05_epochs1_mincount50_ws24_dims300,rückfalltäter,0.676051914691925
geniale_doreen_training_data_lower_cbow_lr0.05_epochs1_mincount50_ws24_dims300,täter_innen,0.6758674383163452
geniale_doreen_training_data_lower_cbow_lr0.05_epochs1_mincount50_ws24_dims300,täterarbeit,0.6746607422828674
geniale_doreen_training_data_lower_cbow_lr0.05_epochs1_mincount50_ws24_dims300,einbruchsopfer,0.6717821359634399
geniale_doreen_training_data_lower_cbow_lr0.05_epochs1_mincount50_ws24_dims300,polizeibekannten,0.669775128364563
geniale_doreen_training_data_lower_cbow_lr0.05_epochs1_mincount50_ws24_dims300,täte,0.6686679720878601
geniale_doreen_training_data_lower_cbow_lr0.05_epochs1_mincount50_ws24_dims300,polizeifahndung,0.6677919030189514
geniale_doreen_training_data_lower_cbow_lr0.05_epochs1_mincount50_ws24_dims300,raubopfer,0.6655552983283997
geniale_doreen_training_data_lower_cbow_lr0.05_epochs1_mincount50_ws24_dims300,räuber,0.6618843078613281
geniale_doreen_training_data_lower_cbow_lr0.05_epochs1_mincount50_ws24_dims300,polizeibekannte,0.6609389185905457
geniale_doreen_training_data_lower_cbow_lr0.05_epochs1_mincount50_ws24_dims300,intensivtäter,0.6608944535255432
geniale_doreen_training_data_lower_cbow_lr0.05_epochs1_mincount50_ws24_dims300,haupttätern,0.6601396203041077
geniale_doreen_training_data_lower_cbow_lr0.05_epochs1_mincount50_ws24_dims300,tätergruppierung,0.6590936183929443
geniale_doreen_training_data_lower_cbow_lr0.05_epochs1_mincount50_ws24_dims300,verdächtigter,0.659044623374939
geniale_doreen_training_data_lower_cbow_lr0.05_epochs1_mincount50_ws24_dims300,überfall,0.6548397541046143
geniale_doreen_training_data_lower_cbow_lr0.05_epochs1_mincount50_ws24_dims300,kriminalpolizeiinspektion,0.6547058820724487
geniale_doreen_training_data_lower_cbow_lr0.05_epochs1_mincount50_ws24_dims300,polizeibekannter,0.6545208096504211
geniale_doreen_training_data_lower_cbow_lr0.05_epochs1_mincount50_ws24_dims300,polizeiermittler,0.6533417105674744
geniale_doreen_training_data_lower_cbow_lr0.05_epochs1_mincount50_ws24_dims300,verdächtigten,0.652825117111206
geniale_doreen_training_data_lower_cbow_lr0.05_epochs1_mincount50_ws24_dims300,trafiküberfall,0.6501911878585815
geniale_doreen_training_data_lower_cbow_lr0.05_epochs1_mincount50_ws24_dims300,verdächtigem,0.6501479148864746
geniale_doreen_training_data_lower_cbow_lr0.05_epochs1_mincount50_ws24_dims300,überfalle,0.649979829788208
geniale_doreen_training_data_lower_cbow_lr0.05_epochs1_mincount50_ws24_dims300,unverdächtige,0.6463245153427124
geniale_doreen_training_data_lower_cbow_lr0.05_epochs1_mincount50_ws24_dims300,opfer,0.6457709670066833
geniale_doreen_training_data_lower_cbow_lr0.05_epochs1_mincount50_ws24_dims300,unverdächtigen,0.6447556614875793
geniale_doreen_training_data_lower_cbow_lr0.05_epochs1_mincount50_ws24_dims300,einschleichdieb,0.6446380019187927
geniale_doreen_training_data_lower_cbow_lr0.05_epochs1_mincount50_ws24_dims300,tatzeugen,0.6444140076637268
geniale_doreen_training_data_lower_cbow_lr0.05_epochs1_mincount50_ws24_dims300,einbrecherduo,0.6440328359603882
geniale_doreen_training_data_lower_cbow_lr0.05_epochs1_mincount50_ws24_dims300,verdächtigte,0.644014835357666
geniale_doreen_training_data_lower_cbow_lr0.05_epochs1_mincount50_ws24_dims300,tatorte,0.6432330012321472
geniale_doreen_training_data_lower_cbow_lr0.05_epochs1_mincount50_ws24_dims300,gelegenheitstäter,0.6432257890701294
geniale_doreen_training_data_lower_cbow_lr0.05_epochs1_mincount50_ws24_dims300,attentäter,0.6424919962882996
geniale_doreen_training_data_lower_cbow_lr0.05_epochs1_mincount50_ws24_dims300,verdächtiges,0.6407541036605835
geniale_doreen_training_data_lower_cbow_lr0.05_epochs1_mincount50_ws24_dims300,einschleichdiebe,0.6398302316665649
geniale_doreen_training_data_lower_cbow_lr0.05_epochs1_mincount50_ws24_dims300,juwelierüberfall,0.6396190524101257
geniale_doreen_training_data_lower_cbow_lr0.05_epochs1_mincount50_ws24_dims300,kriminalpolizei,0.6395880579948425
geniale_doreen_training_data_lower_cbow_lr0.05_epochs1_mincount50_ws24_dims300,einzeltätern,0.6395813226699829
geniale_doreen_training_data_lower_cbow_lr0.05_epochs1_mincount50_ws24_dims300,mordverdächtigen,0.6394782066345215
geniale_doreen_training_data_lower_cbow_lr0.05_epochs1_mincount50_ws24_dims300,gewalttätern,0.6371312737464905
geniale_doreen_training_data_lower_cbow_lr0.05_epochs1_mincount50_ws24_dims300,opferstock,0.6359747052192688
geniale_doreen_training_data_lower_cbow_lr0.05_epochs1_mincount50_ws24_dims300,komplizen,0.63434237241745
geniale_doreen_training_data_lower_cbow_lr0.05_epochs1_mincount50_ws24_dims300,sextätern,0.6334808468818665
geniale_doreen_training_data_lower_cbow_lr0.05_epochs1_mincount50_ws24_dims300,tätergruppierungen,0.633354663848877
geniale_doreen_training_data_lower_cbow_lr0.05_epochs1_mincount50_ws24_dims300,einbrechern,0.6330826282501221
geniale_doreen_training_data_lower_cbow_lr0.05_epochs1_mincount50_ws24_dims300,polizeiübergriff,0.6326332092285156
geniale_doreen_training_data_lower_cbow_lr0.05_epochs1_mincount50_ws24_dims300,polizeiinspektor,0.6323648691177368
geniale_doreen_training_data_lower_cbow_lr0.05_epochs1_mincount50_ws24_dims300,haupttäters,0.6323094964027405
geniale_doreen_training_data_lower_cbow_lr0.05_epochs1_mincount50_ws24_dims300,polizei,0.6316816210746765
geniale_doreen_training_data_lower_cbow_lr0.05_epochs1_mincount50_ws24_dims300,täterberatung,0.6314038634300232
geniale_doreen_training_data_lower_cbow_lr0.05_epochs1_mincount50_ws24_dims300,hauptverdächtige,0.6312828660011292
vitaler_kay_training_data_cbow_lr0.05_epochs1_mincount50_ws24_dims300,tätern,0.8778775930404663
vitaler_kay_training_data_cbow_lr0.05_epochs1_mincount50_ws24_dims300,täte,0.8633453845977783
vitaler_kay_training_data_cbow_lr0.05_epochs1_mincount50_ws24_dims300,täterkreis,0.8229756355285645
vitaler_kay_training_data_cbow_lr0.05_epochs1_mincount50_ws24_dims300,täters,0.8060290813446045
vitaler_kay_training_data_cbow_lr0.05_epochs1_mincount50_ws24_dims300,täterschaft,0.7815881371498108
vitaler_kay_training_data_cbow_lr0.05_epochs1_mincount50_ws24_dims300,täterseite,0.7734218239784241
vitaler_kay_training_data_cbow_lr0.05_epochs1_mincount50_ws24_dims300,täterwissen,0.7711857557296753
vitaler_kay_training_data_cbow_lr0.05_epochs1_mincount50_ws24_dims300,täten,0.7699202299118042
vitaler_kay_training_data_cbow_lr0.05_epochs1_mincount50_ws24_dims300,tätergruppe,0.764154314994812
vitaler_kay_training_data_cbow_lr0.05_epochs1_mincount50_ws24_dims300,tatverdächtige,0.7640617489814758
vitaler_kay_training_data_cbow_lr0.05_epochs1_mincount50_ws24_dims300,täterprofile,0.7631793022155762
vitaler_kay_training_data_cbow_lr0.05_epochs1_mincount50_ws24_dims300,tätersuche,0.7616614699363708
vitaler_kay_training_data_cbow_lr0.05_epochs1_mincount50_ws24_dims300,täterhinweise,0.7520256042480469
vitaler_kay_training_data_cbow_lr0.05_epochs1_mincount50_ws24_dims300,täterprofil,0.7511696219444275
vitaler_kay_training_data_cbow_lr0.05_epochs1_mincount50_ws24_dims300,tatverdächtig,0.745317280292511
vitaler_kay_training_data_cbow_lr0.05_epochs1_mincount50_ws24_dims300,unbekannten,0.7441940903663635
vitaler_kay_training_data_cbow_lr0.05_epochs1_mincount50_ws24_dims300,tatverdächtigen,0.7434129118919373
vitaler_kay_training_data_cbow_lr0.05_epochs1_mincount50_ws24_dims300,täterin,0.7426053285598755
vitaler_kay_training_data_cbow_lr0.05_epochs1_mincount50_ws24_dims300,täterrolle,0.7424830198287964
vitaler_kay_training_data_cbow_lr0.05_epochs1_mincount50_ws24_dims300,einbrecher,0.7423611283302307
vitaler_kay_training_data_cbow_lr0.05_epochs1_mincount50_ws24_dims300,verdächtige,0.7416056394577026
vitaler_kay_training_data_cbow_lr0.05_epochs1_mincount50_ws24_dims300,tätergruppen,0.7381095886230469
vitaler_kay_training_data_cbow_lr0.05_epochs1_mincount50_ws24_dims300,täterinnen,0.7342484593391418
vitaler_kay_training_data_cbow_lr0.05_epochs1_mincount50_ws24_dims300,täterfahrzeug,0.7336128950119019
vitaler_kay_training_data_cbow_lr0.05_epochs1_mincount50_ws24_dims300,opferstockdiebe,0.7321508526802063
vitaler_kay_training_data_cbow_lr0.05_epochs1_mincount50_ws24_dims300,verdächtig,0.7302827835083008
vitaler_kay_training_data_cbow_lr0.05_epochs1_mincount50_ws24_dims300,täterschutz,0.7265661358833313
vitaler_kay_training_data_cbow_lr0.05_epochs1_mincount50_ws24_dims300,mittäter,0.7262495160102844
vitaler_kay_training_data_cbow_lr0.05_epochs1_mincount50_ws24_dims300,opferstockdieb,0.7262150049209595
vitaler_kay_training_data_cbow_lr0.05_epochs1_mincount50_ws24_dims300,tatverdächtiger,0.7202388048171997
vitaler_kay_training_data_cbow_lr0.05_epochs1_mincount50_ws24_dims300,verdächtigen,0.720116376876831
vitaler_kay_training_data_cbow_lr0.05_epochs1_mincount50_ws24_dims300,täterbeschreibung,0.7190290093421936
vitaler_kay_training_data_cbow_lr0.05_epochs1_mincount50_ws24_dims300,überfallsopfer,0.7175657153129578
vitaler_kay_training_data_cbow_lr0.05_epochs1_mincount50_ws24_dims300,ersttäter,0.716239869594574
vitaler_kay_training_data_cbow_lr0.05_epochs1_mincount50_ws24_dims300,haupttäter,0.7129380106925964
vitaler_kay_training_data_cbow_lr0.05_epochs1_mincount50_ws24_dims300,unbekannte,0.7065309286117554
vitaler_kay_training_data_cbow_lr0.05_epochs1_mincount50_ws24_dims300,überfallopfer,0.7026643753051758
vitaler_kay_training_data_cbow_lr0.05_epochs1_mincount50_ws24_dims300,einzeltäter,0.6998323202133179
vitaler_kay_training_data_cbow_lr0.05_epochs1_mincount50_ws24_dims300,überfalle,0.6983979940414429
vitaler_kay_training_data_cbow_lr0.05_epochs1_mincount50_ws24_dims300,verdächtiger,0.6947014927864075
vitaler_kay_training_data_cbow_lr0.05_epochs1_mincount50_ws24_dims300,täterarbeit,0.6934832334518433
vitaler_kay_training_data_cbow_lr0.05_epochs1_mincount50_ws24_dims300,täterbeschreibungen,0.6880844235420227
vitaler_kay_training_data_cbow_lr0.05_epochs1_mincount50_ws24_dims300,räuber,0.6864633560180664
vitaler_kay_training_data_cbow_lr0.05_epochs1_mincount50_ws24_dims300,täter_innen,0.6830178499221802
vitaler_kay_training_data_cbow_lr0.05_epochs1_mincount50_ws24_dims300,verdächtigte,0.6818389892578125
vitaler_kay_training_data_cbow_lr0.05_epochs1_mincount50_ws24_dims300,gewalttäter,0.6809103488922119
vitaler_kay_training_data_cbow_lr0.05_epochs1_mincount50_ws24_dims300,tätergruppierung,0.6802834272384644
vitaler_kay_training_data_cbow_lr0.05_epochs1_mincount50_ws24_dims300,polizeiopfer,0.6782544255256653
vitaler_kay_training_data_cbow_lr0.05_epochs1_mincount50_ws24_dims300,einbrecherkönig,0.6773644685745239
vitaler_kay_training_data_cbow_lr0.05_epochs1_mincount50_ws24_dims300,verdächtiges,0.6765809655189514
vitaler_kay_training_data_cbow_lr0.05_epochs1_mincount50_ws24_dims300,einbrechern,0.6760854721069336
vitaler_kay_training_data_cbow_lr0.05_epochs1_mincount50_ws24_dims300,einbruchsopfer,0.6749486327171326
vitaler_kay_training_data_cbow_lr0.05_epochs1_mincount50_ws24_dims300,verdächtigter,0.6748457551002502
vitaler_kay_training_data_cbow_lr0.05_epochs1_mincount50_ws24_dims300,übeltäter,0.6745773553848267
vitaler_kay_training_data_cbow_lr0.05_epochs1_mincount50_ws24_dims300,tatortermittler,0.6740717887878418
vitaler_kay_training_data_cbow_lr0.05_epochs1_mincount50_ws24_dims300,verdächtigt,0.6738134622573853
vitaler_kay_training_data_cbow_lr0.05_epochs1_mincount50_ws24_dims300,verdächtigten,0.6703845858573914
vitaler_kay_training_data_cbow_lr0.05_epochs1_mincount50_ws24_dims300,einbrecherduo,0.6698075532913208
vitaler_kay_training_data_cbow_lr0.05_epochs1_mincount50_ws24_dims300,verdächtigem,0.6678398251533508
vitaler_kay_training_data_cbow_lr0.05_epochs1_mincount50_ws24_dims300,unbekannter,0.6616367697715759
vitaler_kay_training_data_cbow_lr0.05_epochs1_mincount50_ws24_dims300,kriminalpolizeiinspektion,0.6602913737297058
vitaler_kay_training_data_cbow_lr0.05_epochs1_mincount50_ws24_dims300,polizeifahndung,0.6601964235305786
vitaler_kay_training_data_cbow_lr0.05_epochs1_mincount50_ws24_dims300,haupttatverdächtigen,0.6570416688919067
vitaler_kay_training_data_cbow_lr0.05_epochs1_mincount50_ws24_dims300,sextäter,0.6568840146064758
vitaler_kay_training_data_cbow_lr0.05_epochs1_mincount50_ws24_dims300,messerattentäter,0.6557740569114685
vitaler_kay_training_data_cbow_lr0.05_epochs1_mincount50_ws24_dims300,räuberleiter,0.6533719301223755
vitaler_kay_training_data_cbow_lr0.05_epochs1_mincount50_ws24_dims300,mittätern,0.6528507471084595
vitaler_kay_training_data_cbow_lr0.05_epochs1_mincount50_ws24_dims300,tätergruppierungen,0.6521751880645752
vitaler_kay_training_data_cbow_lr0.05_epochs1_mincount50_ws24_dims300,serientäter,0.6516777276992798
vitaler_kay_training_data_cbow_lr0.05_epochs1_mincount50_ws24_dims300,raubopfer,0.6511316299438477
vitaler_kay_training_data_cbow_lr0.05_epochs1_mincount50_ws24_dims300,kriminalpolizei,0.6508367657661438
vitaler_kay_training_data_cbow_lr0.05_epochs1_mincount50_ws24_dims300,tatverdächtige,0.6494338512420654
vitaler_kay_training_data_cbow_lr0.05_epochs1_mincount50_ws24_dims300,kriminalbeamten,0.6483803987503052
vitaler_kay_training_data_cbow_lr0.05_epochs1_mincount50_ws24_dims300,überfall,0.6476753950119019
vitaler_kay_training_data_cbow_lr0.05_epochs1_mincount50_ws24_dims300,komplizen,0.6471880674362183
vitaler_kay_training_data_cbow_lr0.05_epochs1_mincount50_ws24_dims300,verdächtigung,0.6454880833625793
vitaler_kay_training_data_cbow_lr0.05_epochs1_mincount50_ws24_dims300,opferstöcke,0.6453977227210999
vitaler_kay_training_data_cbow_lr0.05_epochs1_mincount50_ws24_dims300,haupttätern,0.6447165012359619
vitaler_kay_training_data_cbow_lr0.05_epochs1_mincount50_ws24_dims300,einbrechers,0.6437669396400452
vitaler_kay_training_data_cbow_lr0.05_epochs1_mincount50_ws24_dims300,raubüberfalles,0.6436980962753296
vitaler_kay_training_data_cbow_lr0.05_epochs1_mincount50_ws24_dims300,polizeiermittler,0.6435227990150452
vitaler_kay_training_data_cbow_lr0.05_epochs1_mincount50_ws24_dims300,nachahmungstäter,0.6430831551551819
vitaler_kay_training_data_cbow_lr0.05_epochs1_mincount50_ws24_dims300,tatorte,0.6426278352737427
vitaler_kay_training_data_cbow_lr0.05_epochs1_mincount50_ws24_dims300,triebtäter,0.642453134059906
vitaler_kay_training_data_cbow_lr0.05_epochs1_mincount50_ws24_dims300,polizeiinspektion,0.6417141556739807
vitaler_kay_training_data_cbow_lr0.05_epochs1_mincount50_ws24_dims300,opfer,0.6416090726852417
vitaler_kay_training_data_cbow_lr0.05_epochs1_mincount50_ws24_dims300,komplize,0.6414320468902588
vitaler_kay_training_data_cbow_lr0.05_epochs1_mincount50_ws24_dims300,kriminalpolizisten,0.6403229236602783
vitaler_kay_training_data_cbow_lr0.05_epochs1_mincount50_ws24_dims300,opferstock,0.6401218175888062
vitaler_kay_training_data_cbow_lr0.05_epochs1_mincount50_ws24_dims300,überfalles,0.6387502551078796
vitaler_kay_training_data_cbow_lr0.05_epochs1_mincount50_ws24_dims300,hauptverdächtige,0.6384035348892212
vitaler_kay_training_data_cbow_lr0.05_epochs1_mincount50_ws24_dims300,tatverdächtigen,0.638206958770752
vitaler_kay_training_data_cbow_lr0.05_epochs1_mincount50_ws24_dims300,polizeiinspektor,0.6381357908248901
vitaler_kay_training_data_cbow_lr0.05_epochs1_mincount50_ws24_dims300,tatzeugen,0.6377376317977905
vitaler_kay_training_data_cbow_lr0.05_epochs1_mincount50_ws24_dims300,polizeiübergriff,0.6374329328536987
vitaler_kay_training_data_cbow_lr0.05_epochs1_mincount50_ws24_dims300,unbekanntem,0.6365370154380798
vitaler_kay_training_data_cbow_lr0.05_epochs1_mincount50_ws24_dims300,polizeiinspektionen,0.635225772857666
vitaler_kay_training_data_cbow_lr0.05_epochs1_mincount50_ws24_dims300,raubüberfall,0.6351258754730225
vitaler_kay_training_data_cbow_lr0.05_epochs1_mincount50_ws24_dims300,kriminacht,0.6347224712371826
vitaler_kay_training_data_cbow_lr0.05_epochs1_mincount50_ws24_dims300,diebesbanden,0.6343737840652466
grandioser_teoman_training_data_lower_cbow_lr0.05_epochs1_mincount100_ws6_dims300,tätern,0.8352299332618713
grandioser_teoman_training_data_lower_cbow_lr0.05_epochs1_mincount100_ws6_dims300,ersttäter,0.8256046772003174
grandioser_teoman_training_data_lower_cbow_lr0.05_epochs1_mincount100_ws6_dims300,mittäter,0.8147622346878052
grandioser_teoman_training_data_lower_cbow_lr0.05_epochs1_mincount100_ws6_dims300,sextäter,0.803229808807373
grandioser_teoman_training_data_lower_cbow_lr0.05_epochs1_mincount100_ws6_dims300,haupttäter,0.7979207038879395
grandioser_teoman_training_data_lower_cbow_lr0.05_epochs1_mincount100_ws6_dims300,tatverdächtige,0.7842922806739807
grandioser_teoman_training_data_lower_cbow_lr0.05_epochs1_mincount100_ws6_dims300,übeltäter,0.7723270058631897
grandioser_teoman_training_data_lower_cbow_lr0.05_epochs1_mincount100_ws6_dims300,triebtäter,0.771233856678009
grandioser_teoman_training_data_lower_cbow_lr0.05_epochs1_mincount100_ws6_dims300,missetäter,0.770029604434967
grandioser_teoman_training_data_lower_cbow_lr0.05_epochs1_mincount100_ws6_dims300,opferstockdieb,0.7689591646194458
grandioser_teoman_training_data_lower_cbow_lr0.05_epochs1_mincount100_ws6_dims300,gewalttäter,0.7689103484153748
grandioser_teoman_training_data_lower_cbow_lr0.05_epochs1_mincount100_ws6_dims300,tatverdächtigen,0.7661603093147278
grandioser_teoman_training_data_lower_cbow_lr0.05_epochs1_mincount100_ws6_dims300,serientäter,0.7660982608795166
grandioser_teoman_training_data_lower_cbow_lr0.05_epochs1_mincount100_ws6_dims300,täters,0.7647966742515564
grandioser_teoman_training_data_lower_cbow_lr0.05_epochs1_mincount100_ws6_dims300,einbrecher,0.7642478346824646
grandioser_teoman_training_data_lower_cbow_lr0.05_epochs1_mincount100_ws6_dims300,einzeltäter,0.760924756526947
grandioser_teoman_training_data_lower_cbow_lr0.05_epochs1_mincount100_ws6_dims300,täterinnen,0.7600659132003784
grandioser_teoman_training_data_lower_cbow_lr0.05_epochs1_mincount100_ws6_dims300,täterschaft,0.7582194209098816
grandioser_teoman_training_data_lower_cbow_lr0.05_epochs1_mincount100_ws6_dims300,tatverdächtig,0.7581104040145874
grandioser_teoman_training_data_lower_cbow_lr0.05_epochs1_mincount100_ws6_dims300,räuber,0.7580785155296326
grandioser_teoman_training_data_lower_cbow_lr0.05_epochs1_mincount100_ws6_dims300,täterin,0.7483499050140381
grandioser_teoman_training_data_lower_cbow_lr0.05_epochs1_mincount100_ws6_dims300,tatverdächtiger,0.7455754280090332
grandioser_teoman_training_data_lower_cbow_lr0.05_epochs1_mincount100_ws6_dims300,verdächtige,0.7455572485923767
grandioser_teoman_training_data_lower_cbow_lr0.05_epochs1_mincount100_ws6_dims300,täterwissen,0.7411245703697205
grandioser_teoman_training_data_lower_cbow_lr0.05_epochs1_mincount100_ws6_dims300,täterprofil,0.7292603850364685
grandioser_teoman_training_data_lower_cbow_lr0.05_epochs1_mincount100_ws6_dims300,nachahmungstäter,0.7291074395179749
grandioser_teoman_training_data_lower_cbow_lr0.05_epochs1_mincount100_ws6_dims300,tätersuche,0.7270545959472656
grandioser_teoman_training_data_lower_cbow_lr0.05_epochs1_mincount100_ws6_dims300,tätergruppe,0.7230756878852844
grandioser_teoman_training_data_lower_cbow_lr0.05_epochs1_mincount100_ws6_dims300,verdächtigen,0.7195702791213989
grandioser_teoman_training_data_lower_cbow_lr0.05_epochs1_mincount100_ws6_dims300,täterfahrzeug,0.7171780467033386
grandioser_teoman_training_data_lower_cbow_lr0.05_epochs1_mincount100_ws6_dims300,tätergruppen,0.7160875797271729
grandioser_teoman_training_data_lower_cbow_lr0.05_epochs1_mincount100_ws6_dims300,täterbeschreibung,0.7155393362045288
grandioser_teoman_training_data_lower_cbow_lr0.05_epochs1_mincount100_ws6_dims300,täter_innen,0.7121360301971436
grandioser_teoman_training_data_lower_cbow_lr0.05_epochs1_mincount100_ws6_dims300,sexualtäter,0.7116286754608154
grandioser_teoman_training_data_lower_cbow_lr0.05_epochs1_mincount100_ws6_dims300,raubmörder,0.709716260433197
grandioser_teoman_training_data_lower_cbow_lr0.05_epochs1_mincount100_ws6_dims300,attentäter,0.7096292972564697
grandioser_teoman_training_data_lower_cbow_lr0.05_epochs1_mincount100_ws6_dims300,raubopfer,0.7076684832572937
grandioser_teoman_training_data_lower_cbow_lr0.05_epochs1_mincount100_ws6_dims300,mittätern,0.7067993879318237
grandioser_teoman_training_data_lower_cbow_lr0.05_epochs1_mincount100_ws6_dims300,verdächtig,0.7058423161506653
grandioser_teoman_training_data_lower_cbow_lr0.05_epochs1_mincount100_ws6_dims300,trafikräuber,0.7055447697639465
grandioser_teoman_training_data_lower_cbow_lr0.05_epochs1_mincount100_ws6_dims300,komplizen,0.7036051750183105
grandioser_teoman_training_data_lower_cbow_lr0.05_epochs1_mincount100_ws6_dims300,haupttätern,0.702298104763031
grandioser_teoman_training_data_lower_cbow_lr0.05_epochs1_mincount100_ws6_dims300,tatortermittler,0.7019900679588318
grandioser_teoman_training_data_lower_cbow_lr0.05_epochs1_mincount100_ws6_dims300,verdächtiger,0.6994859576225281
grandioser_teoman_training_data_lower_cbow_lr0.05_epochs1_mincount100_ws6_dims300,polizistenmörder,0.69941645860672
grandioser_teoman_training_data_lower_cbow_lr0.05_epochs1_mincount100_ws6_dims300,diebesbande,0.6965399980545044
grandioser_teoman_training_data_lower_cbow_lr0.05_epochs1_mincount100_ws6_dims300,komplize,0.6961202621459961
grandioser_teoman_training_data_lower_cbow_lr0.05_epochs1_mincount100_ws6_dims300,intensivtäter,0.69208163022995
grandioser_teoman_training_data_lower_cbow_lr0.05_epochs1_mincount100_ws6_dims300,täterschutz,0.6904159188270569
grandioser_teoman_training_data_lower_cbow_lr0.05_epochs1_mincount100_ws6_dims300,straftäter,0.6896997094154358
grandioser_teoman_training_data_lower_cbow_lr0.05_epochs1_mincount100_ws6_dims300,rückfalltäter,0.6885095834732056
grandioser_teoman_training_data_lower_cbow_lr0.05_epochs1_mincount100_ws6_dims300,unverdächtige,0.6869903802871704
grandioser_teoman_training_data_lower_cbow_lr0.05_epochs1_mincount100_ws6_dims300,dieber,0.6846290826797485
grandioser_teoman_training_data_lower_cbow_lr0.05_epochs1_mincount100_ws6_dims300,diebesbanden,0.6844973564147949
grandioser_teoman_training_data_lower_cbow_lr0.05_epochs1_mincount100_ws6_dims300,einschleichdieb,0.6835703253746033
grandioser_teoman_training_data_lower_cbow_lr0.05_epochs1_mincount100_ws6_dims300,täterbeschreibungen,0.6835163235664368
grandioser_teoman_training_data_lower_cbow_lr0.05_epochs1_mincount100_ws6_dims300,juwelierräuber,0.68239426612854
grandioser_teoman_training_data_lower_cbow_lr0.05_epochs1_mincount100_ws6_dims300,missbrauchstäter,0.6813932061195374
grandioser_teoman_training_data_lower_cbow_lr0.05_epochs1_mincount100_ws6_dims300,polizeiermittler,0.6810769438743591
grandioser_teoman_training_data_lower_cbow_lr0.05_epochs1_mincount100_ws6_dims300,serieneinbrecher,0.6807743906974792
grandioser_teoman_training_data_lower_cbow_lr0.05_epochs1_mincount100_ws6_dims300,bankräuber,0.6792765855789185
grandioser_teoman_training_data_lower_cbow_lr0.05_epochs1_mincount100_ws6_dims300,diebe,0.6791443824768066
grandioser_teoman_training_data_lower_cbow_lr0.05_epochs1_mincount100_ws6_dims300,opferstock,0.6774452328681946
grandioser_teoman_training_data_lower_cbow_lr0.05_epochs1_mincount100_ws6_dims300,tatzeugen,0.6773746013641357
grandioser_teoman_training_data_lower_cbow_lr0.05_epochs1_mincount100_ws6_dims300,gewalttätern,0.6760686039924622
grandioser_teoman_training_data_lower_cbow_lr0.05_epochs1_mincount100_ws6_dims300,angreifer,0.6759375333786011
grandioser_teoman_training_data_lower_cbow_lr0.05_epochs1_mincount100_ws6_dims300,auftragstäter,0.6754385232925415
grandioser_teoman_training_data_lower_cbow_lr0.05_epochs1_mincount100_ws6_dims300,hauptverdächtige,0.6748939156532288
grandioser_teoman_training_data_lower_cbow_lr0.05_epochs1_mincount100_ws6_dims300,unverdächtigen,0.6739638447761536
grandioser_teoman_training_data_lower_cbow_lr0.05_epochs1_mincount100_ws6_dims300,autoeinbrecher,0.6733928322792053
grandioser_teoman_training_data_lower_cbow_lr0.05_epochs1_mincount100_ws6_dims300,mordverdächtigen,0.6722790598869324
grandioser_teoman_training_data_lower_cbow_lr0.05_epochs1_mincount100_ws6_dims300,unverdächtig,0.6697068810462952
grandioser_teoman_training_data_lower_cbow_lr0.05_epochs1_mincount100_ws6_dims300,räuberleiter,0.6685032844543457
grandioser_teoman_training_data_lower_cbow_lr0.05_epochs1_mincount100_ws6_dims300,polizeibekannten,0.6672177314758301
grandioser_teoman_training_data_lower_cbow_lr0.05_epochs1_mincount100_ws6_dims300,ladendiebe,0.6668905019760132
grandioser_teoman_training_data_lower_cbow_lr0.05_epochs1_mincount100_ws6_dims300,einbrechern,0.6650364995002747
grandioser_teoman_training_data_lower_cbow_lr0.05_epochs1_mincount100_ws6_dims300,mordverdächtige,0.6649007201194763
grandioser_teoman_training_data_lower_cbow_lr0.05_epochs1_mincount100_ws6_dims300,opferstöcke,0.6642662286758423
grandioser_teoman_training_data_lower_cbow_lr0.05_epochs1_mincount100_ws6_dims300,polizeibekannte,0.6641778945922852
grandioser_teoman_training_data_lower_cbow_lr0.05_epochs1_mincount100_ws6_dims300,tatwaffe,0.6631912589073181
grandioser_teoman_training_data_lower_cbow_lr0.05_epochs1_mincount100_ws6_dims300,täterarbeit,0.6625964641571045
grandioser_teoman_training_data_lower_cbow_lr0.05_epochs1_mincount100_ws6_dims300,hauptverdächtigen,0.6625337600708008
grandioser_teoman_training_data_lower_cbow_lr0.05_epochs1_mincount100_ws6_dims300,messerangreifer,0.6624157428741455
grandioser_teoman_training_data_lower_cbow_lr0.05_epochs1_mincount100_ws6_dims300,tätergruppierung,0.6617990136146545
grandioser_teoman_training_data_lower_cbow_lr0.05_epochs1_mincount100_ws6_dims300,dieben,0.6614570617675781
grandioser_teoman_training_data_lower_cbow_lr0.05_epochs1_mincount100_ws6_dims300,kriminalpolizisten,0.6602451205253601
grandioser_teoman_training_data_lower_cbow_lr0.05_epochs1_mincount100_ws6_dims300,einschleichdiebstahl,0.6602146625518799
grandioser_teoman_training_data_lower_cbow_lr0.05_epochs1_mincount100_ws6_dims300,einbruchsopfer,0.6599076390266418
grandioser_teoman_training_data_lower_cbow_lr0.05_epochs1_mincount100_ws6_dims300,tatortnähe,0.6596925854682922
grandioser_teoman_training_data_lower_cbow_lr0.05_epochs1_mincount100_ws6_dims300,polizeibeamten,0.6594947576522827
grandioser_teoman_training_data_lower_cbow_lr0.05_epochs1_mincount100_ws6_dims300,tatnacht,0.6576523184776306
grandioser_teoman_training_data_lower_cbow_lr0.05_epochs1_mincount100_ws6_dims300,verdächtigem,0.6575185656547546
grandioser_teoman_training_data_lower_cbow_lr0.05_epochs1_mincount100_ws6_dims300,raubüberfalles,0.6568093299865723
grandioser_teoman_training_data_lower_cbow_lr0.05_epochs1_mincount100_ws6_dims300,handtaschenräuber,0.6542423367500305
grandioser_teoman_training_data_lower_cbow_lr0.05_epochs1_mincount100_ws6_dims300,tatorte,0.6537649035453796
grandioser_teoman_training_data_lower_cbow_lr0.05_epochs1_mincount100_ws6_dims300,kriminalbeamten,0.6536352038383484
grandioser_teoman_training_data_lower_cbow_lr0.05_epochs1_mincount100_ws6_dims300,polizeibeamter,0.6518823504447937
grandioser_teoman_training_data_lower_cbow_lr0.05_epochs1_mincount100_ws6_dims300,verdächtigter,0.6512945294380188
grandioser_teoman_training_data_lower_cbow_lr0.05_epochs1_mincount100_ws6_dims300,autodiebe,0.651246964931488
grandioser_teoman_training_data_lower_cbow_lr0.05_epochs1_mincount100_ws6_dims300,verdächtigte,0.6509239077568054
wachsamer_nikolaj_training_data_cbow_lr0.05_epochs1_mincount100_ws5_dims300,tätern,0.8301158547401428
wachsamer_nikolaj_training_data_cbow_lr0.05_epochs1_mincount100_ws5_dims300,einbrecher,0.7986388802528381
wachsamer_nikolaj_training_data_cbow_lr0.05_epochs1_mincount100_ws5_dims300,tatverdächtige,0.7972829341888428
wachsamer_nikolaj_training_data_cbow_lr0.05_epochs1_mincount100_ws5_dims300,haupttäter,0.7863668203353882
wachsamer_nikolaj_training_data_cbow_lr0.05_epochs1_mincount100_ws5_dims300,räuber,0.7856310606002808
wachsamer_nikolaj_training_data_cbow_lr0.05_epochs1_mincount100_ws5_dims300,verdächtige,0.7833960056304932
wachsamer_nikolaj_training_data_cbow_lr0.05_epochs1_mincount100_ws5_dims300,mittäter,0.7832531332969666
wachsamer_nikolaj_training_data_cbow_lr0.05_epochs1_mincount100_ws5_dims300,tatverdächtig,0.780441164970398
wachsamer_nikolaj_training_data_cbow_lr0.05_epochs1_mincount100_ws5_dims300,tatverdächtigen,0.7789146900177002
wachsamer_nikolaj_training_data_cbow_lr0.05_epochs1_mincount100_ws5_dims300,täterinnen,0.7753288149833679
wachsamer_nikolaj_training_data_cbow_lr0.05_epochs1_mincount100_ws5_dims300,verdächtig,0.7742733359336853
wachsamer_nikolaj_training_data_cbow_lr0.05_epochs1_mincount100_ws5_dims300,verdächtigen,0.7688190340995789
wachsamer_nikolaj_training_data_cbow_lr0.05_epochs1_mincount100_ws5_dims300,ersttäter,0.7685471773147583
wachsamer_nikolaj_training_data_cbow_lr0.05_epochs1_mincount100_ws5_dims300,täterwissen,0.7677202224731445
wachsamer_nikolaj_training_data_cbow_lr0.05_epochs1_mincount100_ws5_dims300,täters,0.7673515677452087
wachsamer_nikolaj_training_data_cbow_lr0.05_epochs1_mincount100_ws5_dims300,opferstockdieb,0.7644463181495667
wachsamer_nikolaj_training_data_cbow_lr0.05_epochs1_mincount100_ws5_dims300,täterschaft,0.7580732703208923
wachsamer_nikolaj_training_data_cbow_lr0.05_epochs1_mincount100_ws5_dims300,tatverdächtiger,0.7573690414428711
wachsamer_nikolaj_training_data_cbow_lr0.05_epochs1_mincount100_ws5_dims300,sextäter,0.7555708885192871
wachsamer_nikolaj_training_data_cbow_lr0.05_epochs1_mincount100_ws5_dims300,serientäter,0.7555667757987976
wachsamer_nikolaj_training_data_cbow_lr0.05_epochs1_mincount100_ws5_dims300,übeltäter,0.7525352239608765
wachsamer_nikolaj_training_data_cbow_lr0.05_epochs1_mincount100_ws5_dims300,täterin,0.7525244951248169
wachsamer_nikolaj_training_data_cbow_lr0.05_epochs1_mincount100_ws5_dims300,einzeltäter,0.7435784935951233
wachsamer_nikolaj_training_data_cbow_lr0.05_epochs1_mincount100_ws5_dims300,verdächtiger,0.7426370978355408
wachsamer_nikolaj_training_data_cbow_lr0.05_epochs1_mincount100_ws5_dims300,gewalttäter,0.7417086362838745
wachsamer_nikolaj_training_data_cbow_lr0.05_epochs1_mincount100_ws5_dims300,tätergruppe,0.7383918762207031
wachsamer_nikolaj_training_data_cbow_lr0.05_epochs1_mincount100_ws5_dims300,attentäter,0.7353029847145081
wachsamer_nikolaj_training_data_cbow_lr0.05_epochs1_mincount100_ws5_dims300,täterprofil,0.7350568175315857
wachsamer_nikolaj_training_data_cbow_lr0.05_epochs1_mincount100_ws5_dims300,tätersuche,0.734802782535553
wachsamer_nikolaj_training_data_cbow_lr0.05_epochs1_mincount100_ws5_dims300,unbekannten,0.7316555976867676
wachsamer_nikolaj_training_data_cbow_lr0.05_epochs1_mincount100_ws5_dims300,täterfahrzeug,0.7315887212753296
wachsamer_nikolaj_training_data_cbow_lr0.05_epochs1_mincount100_ws5_dims300,triebtäter,0.7283735275268555
wachsamer_nikolaj_training_data_cbow_lr0.05_epochs1_mincount100_ws5_dims300,tätergruppen,0.7265347242355347
wachsamer_nikolaj_training_data_cbow_lr0.05_epochs1_mincount100_ws5_dims300,angreifer,0.7191383242607117
wachsamer_nikolaj_training_data_cbow_lr0.05_epochs1_mincount100_ws5_dims300,bankräuber,0.7183976173400879
wachsamer_nikolaj_training_data_cbow_lr0.05_epochs1_mincount100_ws5_dims300,täter_innen,0.714816153049469
wachsamer_nikolaj_training_data_cbow_lr0.05_epochs1_mincount100_ws5_dims300,räuberleiter,0.7119342684745789
wachsamer_nikolaj_training_data_cbow_lr0.05_epochs1_mincount100_ws5_dims300,täterbeschreibung,0.7086771130561829
wachsamer_nikolaj_training_data_cbow_lr0.05_epochs1_mincount100_ws5_dims300,verdächtigt,0.7067183256149292
wachsamer_nikolaj_training_data_cbow_lr0.05_epochs1_mincount100_ws5_dims300,verdächtigte,0.706388533115387
wachsamer_nikolaj_training_data_cbow_lr0.05_epochs1_mincount100_ws5_dims300,einbrechern,0.7058226466178894
wachsamer_nikolaj_training_data_cbow_lr0.05_epochs1_mincount100_ws5_dims300,haupttätern,0.7057706117630005
wachsamer_nikolaj_training_data_cbow_lr0.05_epochs1_mincount100_ws5_dims300,verdächtigem,0.704879105091095
wachsamer_nikolaj_training_data_cbow_lr0.05_epochs1_mincount100_ws5_dims300,unbekannte,0.7046566605567932
wachsamer_nikolaj_training_data_cbow_lr0.05_epochs1_mincount100_ws5_dims300,tatortermittler,0.7044549584388733
wachsamer_nikolaj_training_data_cbow_lr0.05_epochs1_mincount100_ws5_dims300,komplizen,0.7009257078170776
wachsamer_nikolaj_training_data_cbow_lr0.05_epochs1_mincount100_ws5_dims300,trafikräuber,0.6994447708129883
wachsamer_nikolaj_training_data_cbow_lr0.05_epochs1_mincount100_ws5_dims300,dieber,0.6989971995353699
wachsamer_nikolaj_training_data_cbow_lr0.05_epochs1_mincount100_ws5_dims300,diebe,0.6986714005470276
wachsamer_nikolaj_training_data_cbow_lr0.05_epochs1_mincount100_ws5_dims300,verdächtigter,0.6978939175605774
wachsamer_nikolaj_training_data_cbow_lr0.05_epochs1_mincount100_ws5_dims300,verdächtigten,0.6976963877677917
wachsamer_nikolaj_training_data_cbow_lr0.05_epochs1_mincount100_ws5_dims300,missetäter,0.6945993900299072
wachsamer_nikolaj_training_data_cbow_lr0.05_epochs1_mincount100_ws5_dims300,mittätern,0.6936677694320679
wachsamer_nikolaj_training_data_cbow_lr0.05_epochs1_mincount100_ws5_dims300,tatverdächtige,0.6932010054588318
wachsamer_nikolaj_training_data_cbow_lr0.05_epochs1_mincount100_ws5_dims300,sexualtäter,0.6926582455635071
wachsamer_nikolaj_training_data_cbow_lr0.05_epochs1_mincount100_ws5_dims300,tatverdächtigen,0.6916177272796631
wachsamer_nikolaj_training_data_cbow_lr0.05_epochs1_mincount100_ws5_dims300,täterschutz,0.6914628744125366
wachsamer_nikolaj_training_data_cbow_lr0.05_epochs1_mincount100_ws5_dims300,opferstock,0.6910973191261292
wachsamer_nikolaj_training_data_cbow_lr0.05_epochs1_mincount100_ws5_dims300,diebesbanden,0.6905552744865417
wachsamer_nikolaj_training_data_cbow_lr0.05_epochs1_mincount100_ws5_dims300,verdächtiges,0.6896072030067444
wachsamer_nikolaj_training_data_cbow_lr0.05_epochs1_mincount100_ws5_dims300,diebesbande,0.6891623139381409
wachsamer_nikolaj_training_data_cbow_lr0.05_epochs1_mincount100_ws5_dims300,einbrechers,0.6884043216705322
wachsamer_nikolaj_training_data_cbow_lr0.05_epochs1_mincount100_ws5_dims300,polizistenmörder,0.6880941390991211
wachsamer_nikolaj_training_data_cbow_lr0.05_epochs1_mincount100_ws5_dims300,juwelierräuber,0.6874895691871643
wachsamer_nikolaj_training_data_cbow_lr0.05_epochs1_mincount100_ws5_dims300,komplize,0.6871517300605774
wachsamer_nikolaj_training_data_cbow_lr0.05_epochs1_mincount100_ws5_dims300,tätergruppierung,0.6864206194877625
wachsamer_nikolaj_training_data_cbow_lr0.05_epochs1_mincount100_ws5_dims300,ladendiebe,0.6854641437530518
wachsamer_nikolaj_training_data_cbow_lr0.05_epochs1_mincount100_ws5_dims300,tatwaffe,0.685463011264801
wachsamer_nikolaj_training_data_cbow_lr0.05_epochs1_mincount100_ws5_dims300,raubmörder,0.6827198266983032
wachsamer_nikolaj_training_data_cbow_lr0.05_epochs1_mincount100_ws5_dims300,dieben,0.6817126870155334
wachsamer_nikolaj_training_data_cbow_lr0.05_epochs1_mincount100_ws5_dims300,tatverdächtig,0.6811345815658569
wachsamer_nikolaj_training_data_cbow_lr0.05_epochs1_mincount100_ws5_dims300,einbrecherbande,0.6809719204902649
wachsamer_nikolaj_training_data_cbow_lr0.05_epochs1_mincount100_ws5_dims300,täterbeschreibungen,0.6809568405151367
wachsamer_nikolaj_training_data_cbow_lr0.05_epochs1_mincount100_ws5_dims300,einbrecherbanden,0.6805206537246704
wachsamer_nikolaj_training_data_cbow_lr0.05_epochs1_mincount100_ws5_dims300,kriminalpolizisten,0.6803099513053894
wachsamer_nikolaj_training_data_cbow_lr0.05_epochs1_mincount100_ws5_dims300,hauptverdächtige,0.6783239841461182
wachsamer_nikolaj_training_data_cbow_lr0.05_epochs1_mincount100_ws5_dims300,einbruchsopfer,0.6764830350875854
wachsamer_nikolaj_training_data_cbow_lr0.05_epochs1_mincount100_ws5_dims300,verdächtigung,0.6754973530769348
wachsamer_nikolaj_training_data_cbow_lr0.05_epochs1_mincount100_ws5_dims300,opferstöcke,0.6730921268463135
wachsamer_nikolaj_training_data_cbow_lr0.05_epochs1_mincount100_ws5_dims300,täuber,0.672663152217865
wachsamer_nikolaj_training_data_cbow_lr0.05_epochs1_mincount100_ws5_dims300,täterarbeit,0.6708875298500061
wachsamer_nikolaj_training_data_cbow_lr0.05_epochs1_mincount100_ws5_dims300,tatnacht,0.6706078052520752
wachsamer_nikolaj_training_data_cbow_lr0.05_epochs1_mincount100_ws5_dims300,hauptverdächtigen,0.6690380573272705
wachsamer_nikolaj_training_data_cbow_lr0.05_epochs1_mincount100_ws5_dims300,serieneinbrecher,0.6688005328178406
wachsamer_nikolaj_training_data_cbow_lr0.05_epochs1_mincount100_ws5_dims300,attentäterinnen,0.6672084927558899
wachsamer_nikolaj_training_data_cbow_lr0.05_epochs1_mincount100_ws5_dims300,straftäter,0.6671453714370728
wachsamer_nikolaj_training_data_cbow_lr0.05_epochs1_mincount100_ws5_dims300,juwelenräuber,0.6669602394104004
wachsamer_nikolaj_training_data_cbow_lr0.05_epochs1_mincount100_ws5_dims300,autoeinbrecher,0.6667224168777466
wachsamer_nikolaj_training_data_cbow_lr0.05_epochs1_mincount100_ws5_dims300,raubüberfalles,0.6652208566665649
wachsamer_nikolaj_training_data_cbow_lr0.05_epochs1_mincount100_ws5_dims300,polizeiermittler,0.6651036143302917
wachsamer_nikolaj_training_data_cbow_lr0.05_epochs1_mincount100_ws5_dims300,diebesbeute,0.6647210717201233
wachsamer_nikolaj_training_data_cbow_lr0.05_epochs1_mincount100_ws5_dims300,nachahmungstäter,0.6645761728286743
wachsamer_nikolaj_training_data_cbow_lr0.05_epochs1_mincount100_ws5_dims300,raubopfer,0.6628561615943909
wachsamer_nikolaj_training_data_cbow_lr0.05_epochs1_mincount100_ws5_dims300,mordverdächtigen,0.6623261570930481
wachsamer_nikolaj_training_data_cbow_lr0.05_epochs1_mincount100_ws5_dims300,ladendieb,0.6618202924728394
wachsamer_nikolaj_training_data_cbow_lr0.05_epochs1_mincount100_ws5_dims300,ladendiebstahl,0.6616863012313843
wachsamer_nikolaj_training_data_cbow_lr0.05_epochs1_mincount100_ws5_dims300,brandstifter,0.6609944105148315
wachsamer_nikolaj_training_data_cbow_lr0.05_epochs1_mincount100_ws5_dims300,tatmesser,0.6606757640838623
wachsamer_nikolaj_training_data_cbow_lr0.05_epochs1_mincount100_ws5_dims300,räubern,0.6605972647666931
wachsamer_nikolaj_training_data_cbow_lr0.05_epochs1_mincount100_ws5_dims300,polizeisportler,0.6598029136657715
griawiger_niki_training_data_cbow_lr0.05_epochs1_mincount5_ws6_dims300,täterort,0.8765429854393005
griawiger_niki_training_data_cbow_lr0.05_epochs1_mincount5_ws6_dims300,tätern,0.8636068105697632
griawiger_niki_training_data_cbow_lr0.05_epochs1_mincount5_ws6_dims300,täterorte,0.8608976602554321
griawiger_niki_training_data_cbow_lr0.05_epochs1_mincount5_ws6_dims300,täte,0.8586422801017761
griawiger_niki_training_data_cbow_lr0.05_epochs1_mincount5_ws6_dims300,täterspur,0.8575969934463501
griawiger_niki_training_data_cbow_lr0.05_epochs1_mincount5_ws6_dims300,täterpärchen,0.8562993407249451
griawiger_niki_training_data_cbow_lr0.05_epochs1_mincount5_ws6_dims300,tätervolk,0.8540759682655334
griawiger_niki_training_data_cbow_lr0.05_epochs1_mincount5_ws6_dims300,täterpaar,0.8500584959983826
griawiger_niki_training_data_cbow_lr0.05_epochs1_mincount5_ws6_dims300,tätertrio,0.848221480846405
griawiger_niki_training_data_cbow_lr0.05_epochs1_mincount5_ws6_dims300,tätertrios,0.8454886078834534
griawiger_niki_training_data_cbow_lr0.05_epochs1_mincount5_ws6_dims300,täterduo,0.8394708633422852
griawiger_niki_training_data_cbow_lr0.05_epochs1_mincount5_ws6_dims300,täterkreis,0.8323714733123779
griawiger_niki_training_data_cbow_lr0.05_epochs1_mincount5_ws6_dims300,täterauto,0.8298540711402893
griawiger_niki_training_data_cbow_lr0.05_epochs1_mincount5_ws6_dims300,tätertyp,0.8266028165817261
griawiger_niki_training_data_cbow_lr0.05_epochs1_mincount5_ws6_dims300,täterspuren,0.825655996799469
griawiger_niki_training_data_cbow_lr0.05_epochs1_mincount5_ws6_dims300,täterhund,0.8249782919883728
griawiger_niki_training_data_cbow_lr0.05_epochs1_mincount5_ws6_dims300,tätertypus,0.8221423029899597
griawiger_niki_training_data_cbow_lr0.05_epochs1_mincount5_ws6_dims300,täterbande,0.8206204175949097
griawiger_niki_training_data_cbow_lr0.05_epochs1_mincount5_ws6_dims300,täterherkunft,0.819751501083374
griawiger_niki_training_data_cbow_lr0.05_epochs1_mincount5_ws6_dims300,mitttäter,0.8124308586120605
griawiger_niki_training_data_cbow_lr0.05_epochs1_mincount5_ws6_dims300,täterthese,0.8092911839485168
griawiger_niki_training_data_cbow_lr0.05_epochs1_mincount5_ws6_dims300,täterland,0.807205855846405
griawiger_niki_training_data_cbow_lr0.05_epochs1_mincount5_ws6_dims300,täterbanden,0.8063439726829529
griawiger_niki_training_data_cbow_lr0.05_epochs1_mincount5_ws6_dims300,tatverdächtige,0.8057166337966919
griawiger_niki_training_data_cbow_lr0.05_epochs1_mincount5_ws6_dims300,täterkreise,0.8051401972770691
griawiger_niki_training_data_cbow_lr0.05_epochs1_mincount5_ws6_dims300,täterumkehr,0.8049191832542419
griawiger_niki_training_data_cbow_lr0.05_epochs1_mincount5_ws6_dims300,einbrecher,0.8018494248390198
griawiger_niki_training_data_cbow_lr0.05_epochs1_mincount5_ws6_dims300,verdächtige,0.8013362884521484
griawiger_niki_training_data_cbow_lr0.05_epochs1_mincount5_ws6_dims300,mittäter,0.8001520037651062
griawiger_niki_training_data_cbow_lr0.05_epochs1_mincount5_ws6_dims300,täterseite,0.7978307008743286
griawiger_niki_training_data_cbow_lr0.05_epochs1_mincount5_ws6_dims300,täternamen,0.7978213429450989
griawiger_niki_training_data_cbow_lr0.05_epochs1_mincount5_ws6_dims300,täters,0.7977513074874878
griawiger_niki_training_data_cbow_lr0.05_epochs1_mincount5_ws6_dims300,täterschaft,0.7975937128067017
griawiger_niki_training_data_cbow_lr0.05_epochs1_mincount5_ws6_dims300,tatverdächtig,0.7973147034645081
griawiger_niki_training_data_cbow_lr0.05_epochs1_mincount5_ws6_dims300,opferstockdiebe,0.7964687943458557
griawiger_niki_training_data_cbow_lr0.05_epochs1_mincount5_ws6_dims300,verdächtig,0.7950109243392944
griawiger_niki_training_data_cbow_lr0.05_epochs1_mincount5_ws6_dims300,tätertypen,0.794291615486145
griawiger_niki_training_data_cbow_lr0.05_epochs1_mincount5_ws6_dims300,täterinnen,0.7923651337623596
griawiger_niki_training_data_cbow_lr0.05_epochs1_mincount5_ws6_dims300,haupttäter,0.7920975685119629
griawiger_niki_training_data_cbow_lr0.05_epochs1_mincount5_ws6_dims300,täterwissen,0.791378378868103
griawiger_niki_training_data_cbow_lr0.05_epochs1_mincount5_ws6_dims300,tatverdächtigen,0.7912664413452148
griawiger_niki_training_data_cbow_lr0.05_epochs1_mincount5_ws6_dims300,opferstockdieb,0.7903300523757935
griawiger_niki_training_data_cbow_lr0.05_epochs1_mincount5_ws6_dims300,täterfahndung,0.7877588868141174
griawiger_niki_training_data_cbow_lr0.05_epochs1_mincount5_ws6_dims300,tatverdächte,0.7859236001968384
griawiger_niki_training_data_cbow_lr0.05_epochs1_mincount5_ws6_dims300,tätersicht,0.7854517102241516
griawiger_niki_training_data_cbow_lr0.05_epochs1_mincount5_ws6_dims300,täten,0.7853269577026367
griawiger_niki_training_data_cbow_lr0.05_epochs1_mincount5_ws6_dims300,täterhinweise,0.7852627038955688
griawiger_niki_training_data_cbow_lr0.05_epochs1_mincount5_ws6_dims300,verdächtigen,0.7844712138175964
griawiger_niki_training_data_cbow_lr0.05_epochs1_mincount5_ws6_dims300,tätverdächtige,0.7843930721282959
griawiger_niki_training_data_cbow_lr0.05_epochs1_mincount5_ws6_dims300,täterkleidung,0.7841247916221619
griawiger_niki_training_data_cbow_lr0.05_epochs1_mincount5_ws6_dims300,räuber,0.7824636101722717
griawiger_niki_training_data_cbow_lr0.05_epochs1_mincount5_ws6_dims300,täterrollen,0.7821035385131836
griawiger_niki_training_data_cbow_lr0.05_epochs1_mincount5_ws6_dims300,täterbilder,0.7800161838531494
griawiger_niki_training_data_cbow_lr0.05_epochs1_mincount5_ws6_dims300,täterjagd,0.7790064215660095
griawiger_niki_training_data_cbow_lr0.05_epochs1_mincount5_ws6_dims300,tatverdächtiger,0.7787509560585022
griawiger_niki_training_data_cbow_lr0.05_epochs1_mincount5_ws6_dims300,täterfamilie,0.7770136594772339
griawiger_niki_training_data_cbow_lr0.05_epochs1_mincount5_ws6_dims300,ersttäter,0.7769660949707031
griawiger_niki_training_data_cbow_lr0.05_epochs1_mincount5_ws6_dims300,opferstockdieben,0.7767478823661804
griawiger_niki_training_data_cbow_lr0.05_epochs1_mincount5_ws6_dims300,mutmaßlichentäter,0.7762000560760498
griawiger_niki_training_data_cbow_lr0.05_epochs1_mincount5_ws6_dims300,täterfamilien,0.7761023640632629
griawiger_niki_training_data_cbow_lr0.05_epochs1_mincount5_ws6_dims300,fremdtäter,0.775652289390564
griawiger_niki_training_data_cbow_lr0.05_epochs1_mincount5_ws6_dims300,inzesttäter,0.7749337553977966
griawiger_niki_training_data_cbow_lr0.05_epochs1_mincount5_ws6_dims300,täterbild,0.7737786173820496
griawiger_niki_training_data_cbow_lr0.05_epochs1_mincount5_ws6_dims300,serientäter,0.7736548185348511
griawiger_niki_training_data_cbow_lr0.05_epochs1_mincount5_ws6_dims300,täterlagen,0.7732094526290894
griawiger_niki_training_data_cbow_lr0.05_epochs1_mincount5_ws6_dims300,täterbekleidung,0.7728859782218933
griawiger_niki_training_data_cbow_lr0.05_epochs1_mincount5_ws6_dims300,amoktäter,0.772816002368927
griawiger_niki_training_data_cbow_lr0.05_epochs1_mincount5_ws6_dims300,täterfiguren,0.7719467878341675
griawiger_niki_training_data_cbow_lr0.05_epochs1_mincount5_ws6_dims300,tätersuche,0.7716838717460632
griawiger_niki_training_data_cbow_lr0.05_epochs1_mincount5_ws6_dims300,innentäter,0.7709932923316956
griawiger_niki_training_data_cbow_lr0.05_epochs1_mincount5_ws6_dims300,tatverdächtigte,0.7707068920135498
griawiger_niki_training_data_cbow_lr0.05_epochs1_mincount5_ws6_dims300,täterprofile,0.7705820798873901
griawiger_niki_training_data_cbow_lr0.05_epochs1_mincount5_ws6_dims300,tatverdächtigem,0.7700425386428833
griawiger_niki_training_data_cbow_lr0.05_epochs1_mincount5_ws6_dims300,übeltäter,0.769697368144989
griawiger_niki_training_data_cbow_lr0.05_epochs1_mincount5_ws6_dims300,einzeltäter,0.7691795229911804
griawiger_niki_training_data_cbow_lr0.05_epochs1_mincount5_ws6_dims300,verdächtiger,0.7689378261566162
griawiger_niki_training_data_cbow_lr0.05_epochs1_mincount5_ws6_dims300,opferstockdiebstahl,0.7675992250442505
griawiger_niki_training_data_cbow_lr0.05_epochs1_mincount5_ws6_dims300,zweittäter,0.7670798301696777
griawiger_niki_training_data_cbow_lr0.05_epochs1_mincount5_ws6_dims300,messerattentäter,0.7657023072242737
griawiger_niki_training_data_cbow_lr0.05_epochs1_mincount5_ws6_dims300,täterprofilen,0.7647512555122375
griawiger_niki_training_data_cbow_lr0.05_epochs1_mincount5_ws6_dims300,täterrolle,0.7642089128494263
griawiger_niki_training_data_cbow_lr0.05_epochs1_mincount5_ws6_dims300,tätergruppe,0.7641351222991943
griawiger_niki_training_data_cbow_lr0.05_epochs1_mincount5_ws6_dims300,täterprofil,0.7637097239494324
griawiger_niki_training_data_cbow_lr0.05_epochs1_mincount5_ws6_dims300,tätergruppen,0.7636673450469971
griawiger_niki_training_data_cbow_lr0.05_epochs1_mincount5_ws6_dims300,tätersprache,0.7635700702667236
griawiger_niki_training_data_cbow_lr0.05_epochs1_mincount5_ws6_dims300,tatverdächtigten,0.7634180784225464
griawiger_niki_training_data_cbow_lr0.05_epochs1_mincount5_ws6_dims300,täterin,0.7630999684333801
griawiger_niki_training_data_cbow_lr0.05_epochs1_mincount5_ws6_dims300,täterprofils,0.7627689838409424
griawiger_niki_training_data_cbow_lr0.05_epochs1_mincount5_ws6_dims300,täterwohnung,0.7607366442680359
griawiger_niki_training_data_cbow_lr0.05_epochs1_mincount5_ws6_dims300,täterhinweis,0.759989321231842
griawiger_niki_training_data_cbow_lr0.05_epochs1_mincount5_ws6_dims300,täterkontakt,0.7596468329429626
griawiger_niki_training_data_cbow_lr0.05_epochs1_mincount5_ws6_dims300,sextäter,0.7595381736755371
griawiger_niki_training_data_cbow_lr0.05_epochs1_mincount5_ws6_dims300,verdächte,0.7585926651954651
griawiger_niki_training_data_cbow_lr0.05_epochs1_mincount5_ws6_dims300,hauptäter,0.7580401301383972
griawiger_niki_training_data_cbow_lr0.05_epochs1_mincount5_ws6_dims300,näter,0.7575647830963135
griawiger_niki_training_data_cbow_lr0.05_epochs1_mincount5_ws6_dims300,übertäter,0.7566090226173401
griawiger_niki_training_data_cbow_lr0.05_epochs1_mincount5_ws6_dims300,hauptübeltäter,0.7540767192840576
griawiger_niki_training_data_cbow_lr0.05_epochs1_mincount5_ws6_dims300,verdächten,0.7530450224876404
griawiger_niki_training_data_cbow_lr0.05_epochs1_mincount5_ws6_dims300,verdächtigte,0.7526856660842896
griawiger_niki_training_data_cbow_lr0.05_epochs1_mincount5_ws6_dims300,täter,0.7522082328796387
topfiter_theodor_training_data_cbow_lr0.05_epochs1_mincount50_ws6_dims300,tätern,0.8511768579483032
topfiter_theodor_training_data_cbow_lr0.05_epochs1_mincount50_ws6_dims300,täte,0.838409960269928
topfiter_theodor_training_data_cbow_lr0.05_epochs1_mincount50_ws6_dims300,täterkreis,0.824493944644928
topfiter_theodor_training_data_cbow_lr0.05_epochs1_mincount50_ws6_dims300,tatverdächtige,0.7971352934837341
topfiter_theodor_training_data_cbow_lr0.05_epochs1_mincount50_ws6_dims300,haupttäter,0.7966060042381287
topfiter_theodor_training_data_cbow_lr0.05_epochs1_mincount50_ws6_dims300,täterseite,0.7952810525894165
topfiter_theodor_training_data_cbow_lr0.05_epochs1_mincount50_ws6_dims300,einbrecher,0.7903300523757935
topfiter_theodor_training_data_cbow_lr0.05_epochs1_mincount50_ws6_dims300,mittäter,0.7892690896987915
topfiter_theodor_training_data_cbow_lr0.05_epochs1_mincount50_ws6_dims300,tatverdächtig,0.7886665463447571
topfiter_theodor_training_data_cbow_lr0.05_epochs1_mincount50_ws6_dims300,täterinnen,0.7832125425338745
topfiter_theodor_training_data_cbow_lr0.05_epochs1_mincount50_ws6_dims300,täters,0.7830135226249695
topfiter_theodor_training_data_cbow_lr0.05_epochs1_mincount50_ws6_dims300,opferstockdieb,0.7816118001937866
topfiter_theodor_training_data_cbow_lr0.05_epochs1_mincount50_ws6_dims300,verdächtige,0.780809760093689
topfiter_theodor_training_data_cbow_lr0.05_epochs1_mincount50_ws6_dims300,täterwissen,0.7797500491142273
topfiter_theodor_training_data_cbow_lr0.05_epochs1_mincount50_ws6_dims300,tatverdächtigen,0.7795135974884033
topfiter_theodor_training_data_cbow_lr0.05_epochs1_mincount50_ws6_dims300,verdächtig,0.7793704271316528
topfiter_theodor_training_data_cbow_lr0.05_epochs1_mincount50_ws6_dims300,ersttäter,0.7788546681404114
topfiter_theodor_training_data_cbow_lr0.05_epochs1_mincount50_ws6_dims300,opferstockdiebe,0.7781294584274292
topfiter_theodor_training_data_cbow_lr0.05_epochs1_mincount50_ws6_dims300,täterprofil,0.7714303731918335
topfiter_theodor_training_data_cbow_lr0.05_epochs1_mincount50_ws6_dims300,täterschaft,0.7711061835289001
topfiter_theodor_training_data_cbow_lr0.05_epochs1_mincount50_ws6_dims300,räuber,0.771025538444519
topfiter_theodor_training_data_cbow_lr0.05_epochs1_mincount50_ws6_dims300,verdächtigen,0.7687564492225647
topfiter_theodor_training_data_cbow_lr0.05_epochs1_mincount50_ws6_dims300,täterprofile,0.7666032910346985
topfiter_theodor_training_data_cbow_lr0.05_epochs1_mincount50_ws6_dims300,täten,0.7646293640136719
topfiter_theodor_training_data_cbow_lr0.05_epochs1_mincount50_ws6_dims300,tatverdächtiger,0.759278416633606
topfiter_theodor_training_data_cbow_lr0.05_epochs1_mincount50_ws6_dims300,sextäter,0.7584918737411499
topfiter_theodor_training_data_cbow_lr0.05_epochs1_mincount50_ws6_dims300,täterhinweise,0.757318913936615
topfiter_theodor_training_data_cbow_lr0.05_epochs1_mincount50_ws6_dims300,täterin,0.7545912265777588
topfiter_theodor_training_data_cbow_lr0.05_epochs1_mincount50_ws6_dims300,tätergruppe,0.7542448043823242
topfiter_theodor_training_data_cbow_lr0.05_epochs1_mincount50_ws6_dims300,tätersuche,0.7504939436912537
topfiter_theodor_training_data_cbow_lr0.05_epochs1_mincount50_ws6_dims300,serientäter,0.750178873538971
topfiter_theodor_training_data_cbow_lr0.05_epochs1_mincount50_ws6_dims300,täterrolle,0.7465223670005798
topfiter_theodor_training_data_cbow_lr0.05_epochs1_mincount50_ws6_dims300,übeltäter,0.7463135123252869
topfiter_theodor_training_data_cbow_lr0.05_epochs1_mincount50_ws6_dims300,gewalttäter,0.7452698945999146
topfiter_theodor_training_data_cbow_lr0.05_epochs1_mincount50_ws6_dims300,tätergruppen,0.7437610030174255
topfiter_theodor_training_data_cbow_lr0.05_epochs1_mincount50_ws6_dims300,einzeltäter,0.7416678667068481
topfiter_theodor_training_data_cbow_lr0.05_epochs1_mincount50_ws6_dims300,überfallsopfer,0.7415417432785034
topfiter_theodor_training_data_cbow_lr0.05_epochs1_mincount50_ws6_dims300,verdächtiger,0.7399410605430603
topfiter_theodor_training_data_cbow_lr0.05_epochs1_mincount50_ws6_dims300,messerattentäter,0.7388963103294373
topfiter_theodor_training_data_cbow_lr0.05_epochs1_mincount50_ws6_dims300,triebtäter,0.7370371222496033
topfiter_theodor_training_data_cbow_lr0.05_epochs1_mincount50_ws6_dims300,täterfahrzeug,0.7368080019950867
topfiter_theodor_training_data_cbow_lr0.05_epochs1_mincount50_ws6_dims300,überfallopfer,0.7348926663398743
topfiter_theodor_training_data_cbow_lr0.05_epochs1_mincount50_ws6_dims300,attentäter,0.7333371043205261
topfiter_theodor_training_data_cbow_lr0.05_epochs1_mincount50_ws6_dims300,komplizen,0.7331618070602417
topfiter_theodor_training_data_cbow_lr0.05_epochs1_mincount50_ws6_dims300,täterbeschreibung,0.7275145053863525
topfiter_theodor_training_data_cbow_lr0.05_epochs1_mincount50_ws6_dims300,haupttätern,0.7263344526290894
topfiter_theodor_training_data_cbow_lr0.05_epochs1_mincount50_ws6_dims300,täter_innen,0.7216708660125732
topfiter_theodor_training_data_cbow_lr0.05_epochs1_mincount50_ws6_dims300,einbrecherduo,0.7198848128318787
topfiter_theodor_training_data_cbow_lr0.05_epochs1_mincount50_ws6_dims300,unbekannten,0.7176831364631653
topfiter_theodor_training_data_cbow_lr0.05_epochs1_mincount50_ws6_dims300,angreifer,0.7169455289840698
topfiter_theodor_training_data_cbow_lr0.05_epochs1_mincount50_ws6_dims300,verdächtigt,0.7147423624992371
topfiter_theodor_training_data_cbow_lr0.05_epochs1_mincount50_ws6_dims300,mittätern,0.7144907116889954
topfiter_theodor_training_data_cbow_lr0.05_epochs1_mincount50_ws6_dims300,täterschutz,0.7117257714271545
topfiter_theodor_training_data_cbow_lr0.05_epochs1_mincount50_ws6_dims300,verdächtigte,0.7106425166130066
topfiter_theodor_training_data_cbow_lr0.05_epochs1_mincount50_ws6_dims300,einbrecherkönig,0.7098473310470581
topfiter_theodor_training_data_cbow_lr0.05_epochs1_mincount50_ws6_dims300,verdächtigem,0.7075726985931396
topfiter_theodor_training_data_cbow_lr0.05_epochs1_mincount50_ws6_dims300,polizistenmörder,0.7074909210205078
topfiter_theodor_training_data_cbow_lr0.05_epochs1_mincount50_ws6_dims300,raubmörder,0.7054808139801025
topfiter_theodor_training_data_cbow_lr0.05_epochs1_mincount50_ws6_dims300,einbrechern,0.7053782343864441
topfiter_theodor_training_data_cbow_lr0.05_epochs1_mincount50_ws6_dims300,serienattentäter,0.7039816975593567
topfiter_theodor_training_data_cbow_lr0.05_epochs1_mincount50_ws6_dims300,verdächtigten,0.7039198279380798
topfiter_theodor_training_data_cbow_lr0.05_epochs1_mincount50_ws6_dims300,räuberleiter,0.702796459197998
topfiter_theodor_training_data_cbow_lr0.05_epochs1_mincount50_ws6_dims300,überfalle,0.7020952105522156
topfiter_theodor_training_data_cbow_lr0.05_epochs1_mincount50_ws6_dims300,verdächtiges,0.7017655968666077
topfiter_theodor_training_data_cbow_lr0.05_epochs1_mincount50_ws6_dims300,einbrechers,0.7013401389122009
topfiter_theodor_training_data_cbow_lr0.05_epochs1_mincount50_ws6_dims300,tätergruppierung,0.7000322937965393
topfiter_theodor_training_data_cbow_lr0.05_epochs1_mincount50_ws6_dims300,täterbeschreibungen,0.6999498009681702
topfiter_theodor_training_data_cbow_lr0.05_epochs1_mincount50_ws6_dims300,verdächtigter,0.6986212730407715
topfiter_theodor_training_data_cbow_lr0.05_epochs1_mincount50_ws6_dims300,fluchtfahrer,0.6980302929878235
topfiter_theodor_training_data_cbow_lr0.05_epochs1_mincount50_ws6_dims300,komplize,0.6973702907562256
topfiter_theodor_training_data_cbow_lr0.05_epochs1_mincount50_ws6_dims300,opferstock,0.6972686052322388
topfiter_theodor_training_data_cbow_lr0.05_epochs1_mincount50_ws6_dims300,dieber,0.6969202160835266
topfiter_theodor_training_data_cbow_lr0.05_epochs1_mincount50_ws6_dims300,haupttatverdächtigen,0.6968672275543213
topfiter_theodor_training_data_cbow_lr0.05_epochs1_mincount50_ws6_dims300,polizeiopfer,0.6962714195251465
topfiter_theodor_training_data_cbow_lr0.05_epochs1_mincount50_ws6_dims300,missetäter,0.6956189274787903
topfiter_theodor_training_data_cbow_lr0.05_epochs1_mincount50_ws6_dims300,einbruchsopfer,0.6935240626335144
topfiter_theodor_training_data_cbow_lr0.05_epochs1_mincount50_ws6_dims300,tatortermittler,0.6933226585388184
topfiter_theodor_training_data_cbow_lr0.05_epochs1_mincount50_ws6_dims300,ladendiebstahl,0.6932559609413147
topfiter_theodor_training_data_cbow_lr0.05_epochs1_mincount50_ws6_dims300,raubopfer,0.6930947303771973
topfiter_theodor_training_data_cbow_lr0.05_epochs1_mincount50_ws6_dims300,dieben,0.6926265954971313
topfiter_theodor_training_data_cbow_lr0.05_epochs1_mincount50_ws6_dims300,ladendieben,0.6920905709266663
topfiter_theodor_training_data_cbow_lr0.05_epochs1_mincount50_ws6_dims300,einbrecherbande,0.6919810771942139
topfiter_theodor_training_data_cbow_lr0.05_epochs1_mincount50_ws6_dims300,trafikräuber,0.6915832161903381
topfiter_theodor_training_data_cbow_lr0.05_epochs1_mincount50_ws6_dims300,verdächtigung,0.6912670135498047
topfiter_theodor_training_data_cbow_lr0.05_epochs1_mincount50_ws6_dims300,unbekannte,0.6903619766235352
topfiter_theodor_training_data_cbow_lr0.05_epochs1_mincount50_ws6_dims300,einbrecherbanden,0.6879873871803284
topfiter_theodor_training_data_cbow_lr0.05_epochs1_mincount50_ws6_dims300,brandstifter,0.6876968145370483
topfiter_theodor_training_data_cbow_lr0.05_epochs1_mincount50_ws6_dims300,tatverdächtige,0.6872690916061401
topfiter_theodor_training_data_cbow_lr0.05_epochs1_mincount50_ws6_dims300,täterarbeit,0.6867081522941589
topfiter_theodor_training_data_cbow_lr0.05_epochs1_mincount50_ws6_dims300,ladendiebe,0.686435341835022
topfiter_theodor_training_data_cbow_lr0.05_epochs1_mincount50_ws6_dims300,ersttätern,0.6861306428909302
topfiter_theodor_training_data_cbow_lr0.05_epochs1_mincount50_ws6_dims300,tatzeugen,0.6854107975959778
topfiter_theodor_training_data_cbow_lr0.05_epochs1_mincount50_ws6_dims300,tatverdächtigen,0.6846669316291809
topfiter_theodor_training_data_cbow_lr0.05_epochs1_mincount50_ws6_dims300,tatverdächtig,0.6835920214653015
topfiter_theodor_training_data_cbow_lr0.05_epochs1_mincount50_ws6_dims300,juwelierräuber,0.6835880279541016
topfiter_theodor_training_data_cbow_lr0.05_epochs1_mincount50_ws6_dims300,ladendieb,0.6832028031349182
topfiter_theodor_training_data_cbow_lr0.05_epochs1_mincount50_ws6_dims300,bankräuber,0.6821661591529846
topfiter_theodor_training_data_cbow_lr0.05_epochs1_mincount50_ws6_dims300,ladendiebinnen,0.6813273429870605
topfiter_theodor_training_data_cbow_lr0.05_epochs1_mincount50_ws6_dims300,kriminalpolizisten,0.6810382604598999
topfiter_theodor_training_data_cbow_lr0.05_epochs1_mincount50_ws6_dims300,tätergruppierungen,0.681028425693512
lebendige_stella_training_data_cbow_lr0.05_epochs1_mincount50_ws5_dims300,tätern,0.8391203880310059
lebendige_stella_training_data_cbow_lr0.05_epochs1_mincount50_ws5_dims300,täte,0.8271933794021606
lebendige_stella_training_data_cbow_lr0.05_epochs1_mincount50_ws5_dims300,täterkreis,0.8163065910339355
lebendige_stella_training_data_cbow_lr0.05_epochs1_mincount50_ws5_dims300,tatverdächtige,0.7982187867164612
lebendige_stella_training_data_cbow_lr0.05_epochs1_mincount50_ws5_dims300,einbrecher,0.7942754626274109
lebendige_stella_training_data_cbow_lr0.05_epochs1_mincount50_ws5_dims300,täterinnen,0.7869751453399658
lebendige_stella_training_data_cbow_lr0.05_epochs1_mincount50_ws5_dims300,räuber,0.7866520881652832
lebendige_stella_training_data_cbow_lr0.05_epochs1_mincount50_ws5_dims300,tatverdächtig,0.7840244174003601
lebendige_stella_training_data_cbow_lr0.05_epochs1_mincount50_ws5_dims300,opferstockdieb,0.7802667021751404
lebendige_stella_training_data_cbow_lr0.05_epochs1_mincount50_ws5_dims300,verdächtige,0.779786229133606
lebendige_stella_training_data_cbow_lr0.05_epochs1_mincount50_ws5_dims300,tatverdächtigen,0.779213011264801
lebendige_stella_training_data_cbow_lr0.05_epochs1_mincount50_ws5_dims300,täterseite,0.7786037921905518
lebendige_stella_training_data_cbow_lr0.05_epochs1_mincount50_ws5_dims300,täterwissen,0.7782943844795227
lebendige_stella_training_data_cbow_lr0.05_epochs1_mincount50_ws5_dims300,haupttäter,0.7777518033981323
lebendige_stella_training_data_cbow_lr0.05_epochs1_mincount50_ws5_dims300,opferstockdiebe,0.7776342630386353
lebendige_stella_training_data_cbow_lr0.05_epochs1_mincount50_ws5_dims300,ersttäter,0.7764099836349487
lebendige_stella_training_data_cbow_lr0.05_epochs1_mincount50_ws5_dims300,täters,0.7719227075576782
lebendige_stella_training_data_cbow_lr0.05_epochs1_mincount50_ws5_dims300,mittäter,0.7716118097305298
lebendige_stella_training_data_cbow_lr0.05_epochs1_mincount50_ws5_dims300,täterschaft,0.7714065909385681
lebendige_stella_training_data_cbow_lr0.05_epochs1_mincount50_ws5_dims300,verdächtig,0.7703726291656494
lebendige_stella_training_data_cbow_lr0.05_epochs1_mincount50_ws5_dims300,verdächtigen,0.7688957452774048
lebendige_stella_training_data_cbow_lr0.05_epochs1_mincount50_ws5_dims300,gewalttäter,0.7670649290084839
lebendige_stella_training_data_cbow_lr0.05_epochs1_mincount50_ws5_dims300,täten,0.7638653516769409
lebendige_stella_training_data_cbow_lr0.05_epochs1_mincount50_ws5_dims300,täterprofile,0.7617014050483704
lebendige_stella_training_data_cbow_lr0.05_epochs1_mincount50_ws5_dims300,sextäter,0.7600451111793518
lebendige_stella_training_data_cbow_lr0.05_epochs1_mincount50_ws5_dims300,tatverdächtiger,0.75999915599823
lebendige_stella_training_data_cbow_lr0.05_epochs1_mincount50_ws5_dims300,tätersuche,0.7577435374259949
lebendige_stella_training_data_cbow_lr0.05_epochs1_mincount50_ws5_dims300,täterhinweise,0.7571089863777161
lebendige_stella_training_data_cbow_lr0.05_epochs1_mincount50_ws5_dims300,tätergruppe,0.7561998963356018
lebendige_stella_training_data_cbow_lr0.05_epochs1_mincount50_ws5_dims300,täterin,0.7532112002372742
lebendige_stella_training_data_cbow_lr0.05_epochs1_mincount50_ws5_dims300,tätergruppen,0.7528172135353088
lebendige_stella_training_data_cbow_lr0.05_epochs1_mincount50_ws5_dims300,täterrolle,0.7482653260231018
lebendige_stella_training_data_cbow_lr0.05_epochs1_mincount50_ws5_dims300,serientäter,0.7474099397659302
lebendige_stella_training_data_cbow_lr0.05_epochs1_mincount50_ws5_dims300,täterprofil,0.7463330626487732
lebendige_stella_training_data_cbow_lr0.05_epochs1_mincount50_ws5_dims300,übeltäter,0.7456308603286743
lebendige_stella_training_data_cbow_lr0.05_epochs1_mincount50_ws5_dims300,verdächtiger,0.7402929663658142
lebendige_stella_training_data_cbow_lr0.05_epochs1_mincount50_ws5_dims300,messerattentäter,0.7396068572998047
lebendige_stella_training_data_cbow_lr0.05_epochs1_mincount50_ws5_dims300,täterfahrzeug,0.7396048903465271
lebendige_stella_training_data_cbow_lr0.05_epochs1_mincount50_ws5_dims300,einzeltäter,0.7337993383407593
lebendige_stella_training_data_cbow_lr0.05_epochs1_mincount50_ws5_dims300,attentäter,0.7297766208648682
lebendige_stella_training_data_cbow_lr0.05_epochs1_mincount50_ws5_dims300,triebtäter,0.7287822365760803
lebendige_stella_training_data_cbow_lr0.05_epochs1_mincount50_ws5_dims300,täterbeschreibung,0.7287097573280334
lebendige_stella_training_data_cbow_lr0.05_epochs1_mincount50_ws5_dims300,täter_innen,0.7265690565109253
lebendige_stella_training_data_cbow_lr0.05_epochs1_mincount50_ws5_dims300,unbekannten,0.7261776924133301
lebendige_stella_training_data_cbow_lr0.05_epochs1_mincount50_ws5_dims300,einbrecherduo,0.7260523438453674
lebendige_stella_training_data_cbow_lr0.05_epochs1_mincount50_ws5_dims300,bankräuber,0.7259154915809631
lebendige_stella_training_data_cbow_lr0.05_epochs1_mincount50_ws5_dims300,komplizen,0.7255657315254211
lebendige_stella_training_data_cbow_lr0.05_epochs1_mincount50_ws5_dims300,überfallopfer,0.7227762937545776
lebendige_stella_training_data_cbow_lr0.05_epochs1_mincount50_ws5_dims300,angreifer,0.7207521200180054
lebendige_stella_training_data_cbow_lr0.05_epochs1_mincount50_ws5_dims300,diebe,0.7194483280181885
lebendige_stella_training_data_cbow_lr0.05_epochs1_mincount50_ws5_dims300,diebesbande,0.7185308933258057
lebendige_stella_training_data_cbow_lr0.05_epochs1_mincount50_ws5_dims300,überfallsopfer,0.7163183093070984
lebendige_stella_training_data_cbow_lr0.05_epochs1_mincount50_ws5_dims300,fluchtfahrer,0.7139183878898621
lebendige_stella_training_data_cbow_lr0.05_epochs1_mincount50_ws5_dims300,verdächtigem,0.7132899165153503
lebendige_stella_training_data_cbow_lr0.05_epochs1_mincount50_ws5_dims300,verdächtigte,0.7118791937828064
lebendige_stella_training_data_cbow_lr0.05_epochs1_mincount50_ws5_dims300,ladendiebe,0.7116939425468445
lebendige_stella_training_data_cbow_lr0.05_epochs1_mincount50_ws5_dims300,verdächtigt,0.7115782499313354
lebendige_stella_training_data_cbow_lr0.05_epochs1_mincount50_ws5_dims300,räuberleiter,0.7105501294136047
lebendige_stella_training_data_cbow_lr0.05_epochs1_mincount50_ws5_dims300,diebesbanden,0.7105468511581421
lebendige_stella_training_data_cbow_lr0.05_epochs1_mincount50_ws5_dims300,verdächtigten,0.7091138958930969
lebendige_stella_training_data_cbow_lr0.05_epochs1_mincount50_ws5_dims300,tätergruppierung,0.7083667516708374
lebendige_stella_training_data_cbow_lr0.05_epochs1_mincount50_ws5_dims300,dieber,0.706954300403595
lebendige_stella_training_data_cbow_lr0.05_epochs1_mincount50_ws5_dims300,komplize,0.7068885564804077
lebendige_stella_training_data_cbow_lr0.05_epochs1_mincount50_ws5_dims300,dieben,0.7064559459686279
lebendige_stella_training_data_cbow_lr0.05_epochs1_mincount50_ws5_dims300,ladendieben,0.7063286304473877
lebendige_stella_training_data_cbow_lr0.05_epochs1_mincount50_ws5_dims300,trafikräuber,0.7055965662002563
lebendige_stella_training_data_cbow_lr0.05_epochs1_mincount50_ws5_dims300,verdächtigter,0.7051631212234497
lebendige_stella_training_data_cbow_lr0.05_epochs1_mincount50_ws5_dims300,einbrechern,0.7048884034156799
lebendige_stella_training_data_cbow_lr0.05_epochs1_mincount50_ws5_dims300,haupttätern,0.7029222249984741
lebendige_stella_training_data_cbow_lr0.05_epochs1_mincount50_ws5_dims300,serienattentäter,0.702675461769104
lebendige_stella_training_data_cbow_lr0.05_epochs1_mincount50_ws5_dims300,täterbeschreibungen,0.7024095058441162
lebendige_stella_training_data_cbow_lr0.05_epochs1_mincount50_ws5_dims300,einbrecherkönig,0.7017136812210083
lebendige_stella_training_data_cbow_lr0.05_epochs1_mincount50_ws5_dims300,täterschutz,0.7006502747535706
lebendige_stella_training_data_cbow_lr0.05_epochs1_mincount50_ws5_dims300,verdächtiges,0.6993232369422913
lebendige_stella_training_data_cbow_lr0.05_epochs1_mincount50_ws5_dims300,ladendiebstahl,0.6971756219863892
lebendige_stella_training_data_cbow_lr0.05_epochs1_mincount50_ws5_dims300,polizistenmörder,0.6969525218009949
lebendige_stella_training_data_cbow_lr0.05_epochs1_mincount50_ws5_dims300,missetäter,0.6967501640319824
lebendige_stella_training_data_cbow_lr0.05_epochs1_mincount50_ws5_dims300,verdächtigung,0.6962164640426636
lebendige_stella_training_data_cbow_lr0.05_epochs1_mincount50_ws5_dims300,ladendieb,0.6961765289306641
lebendige_stella_training_data_cbow_lr0.05_epochs1_mincount50_ws5_dims300,juwelierräuber,0.6961305737495422
lebendige_stella_training_data_cbow_lr0.05_epochs1_mincount50_ws5_dims300,opferstock,0.695598304271698
lebendige_stella_training_data_cbow_lr0.05_epochs1_mincount50_ws5_dims300,handyräuber,0.695173442363739
lebendige_stella_training_data_cbow_lr0.05_epochs1_mincount50_ws5_dims300,tatzeugen,0.6949935555458069
lebendige_stella_training_data_cbow_lr0.05_epochs1_mincount50_ws5_dims300,haupttatverdächtigen,0.6949265003204346
lebendige_stella_training_data_cbow_lr0.05_epochs1_mincount50_ws5_dims300,diebel,0.6948170065879822
lebendige_stella_training_data_cbow_lr0.05_epochs1_mincount50_ws5_dims300,tätergruppierungen,0.6943311095237732
lebendige_stella_training_data_cbow_lr0.05_epochs1_mincount50_ws5_dims300,überfalle,0.6942176818847656
lebendige_stella_training_data_cbow_lr0.05_epochs1_mincount50_ws5_dims300,unbekannte,0.6938565373420715
lebendige_stella_training_data_cbow_lr0.05_epochs1_mincount50_ws5_dims300,tatverdächtige,0.693128764629364
lebendige_stella_training_data_cbow_lr0.05_epochs1_mincount50_ws5_dims300,tatortermittler,0.6925891637802124
lebendige_stella_training_data_cbow_lr0.05_epochs1_mincount50_ws5_dims300,sexualtäter,0.6925806999206543
lebendige_stella_training_data_cbow_lr0.05_epochs1_mincount50_ws5_dims300,mittätern,0.6924325227737427
lebendige_stella_training_data_cbow_lr0.05_epochs1_mincount50_ws5_dims300,gewalttätern,0.6911149621009827
lebendige_stella_training_data_cbow_lr0.05_epochs1_mincount50_ws5_dims300,straftäter,0.6910735368728638
lebendige_stella_training_data_cbow_lr0.05_epochs1_mincount50_ws5_dims300,tatverdächtigen,0.6891620755195618
lebendige_stella_training_data_cbow_lr0.05_epochs1_mincount50_ws5_dims300,polizeiopfer,0.6886230111122131
lebendige_stella_training_data_cbow_lr0.05_epochs1_mincount50_ws5_dims300,ersttätern,0.6882779598236084
lebendige_stella_training_data_cbow_lr0.05_epochs1_mincount50_ws5_dims300,täterarbeit,0.6874361634254456
lebendige_stella_training_data_cbow_lr0.05_epochs1_mincount50_ws5_dims300,bombenattentäter,0.6867572665214539
lebendige_stella_training_data_cbow_lr0.05_epochs1_mincount50_ws5_dims300,einbrechers,0.6862354278564453
cc.de.300,tätern,0.8060829043388367
cc.de.300,täterinnen,0.7470112442970276
cc.de.300,tatverdächtige,0.7408553957939148
cc.de.300,tatverdächtigen,0.7342575788497925
cc.de.300,täters,0.729275107383728
cc.de.300,täterin,0.7245893478393555
cc.de.300,täterinnen,0.7240282893180847
cc.de.300,mittäter,0.7170212864875793
cc.de.300,tätergruppierung,0.6912628412246704
cc.de.300,tätertyp,0.689469575881958
cc.de.300,tätergruppen,0.6879270672798157
cc.de.300,tätergruppe,0.6876153945922852
cc.de.300,einbrecher,0.6870321035385132
cc.de.300,täterbeschreibungen,0.6855444312095642
cc.de.300,mörder,0.6818839311599731
cc.de.300,tatbeteiligten,0.6722013354301453
cc.de.300,haupttäter,0.6719992756843567
cc.de.300,tätergruppierungen,0.671901524066925
cc.de.300,täterseite,0.6578111052513123
cc.de.300,tätertypen,0.6515772342681885
cc.de.300,serientäter,0.6496366262435913
cc.de.300,sex-täter,0.6475624442100525
cc.de.300,opfer,0.645698606967926
cc.de.300,tatbeteiligte,0.6426465511322021
cc.de.300,verdächtige,0.6423279047012329
cc.de.300,tatverdächtiger,0.6408214569091797
cc.de.300,nebentäter,0.640762984752655
cc.de.300,täterhinweise,0.6350256204605103
cc.de.300,straftäter,0.6331626176834106
cc.de.300,täterkreis,0.6305381655693054
cc.de.300,komplizen,0.626249372959137
cc.de.300,tatbeute,0.6261131763458252
cc.de.300,täterschaft,0.6255785226821899
cc.de.300,tatverdächtig,0.6255678534507751
cc.de.300,tatbeteiligter,0.6245794296264648
cc.de.300,einbrechers,0.621478796005249
cc.de.300,tatopfer,0.620452880859375
cc.de.300,täterpersönlichkeit,0.6193291544914246
cc.de.300,einbrecherinnen,0.6189684271812439
cc.de.300,tatmotive,0.6177775859832764
cc.de.300,täterverhalten,0.6171708106994629
cc.de.300,serieneinbrecher,0.6170969605445862
cc.de.300,alleintäter,0.6143277287483215
cc.de.300,verbrecher,0.6115050315856934
cc.de.300,dieb,0.6114627718925476
cc.de.300,messerstecher,0.6103461384773254
cc.de.300,verdächtigter,0.6091033816337585
cc.de.300,tatausführung,0.6089253425598145
cc.de.300,tatverlauf,0.6085724234580994
cc.de.300,attentäter,0.6068121194839478
cc.de.300,überfallene,0.6067414283752441
cc.de.300,tankstellenüberfall,0.6064609885215759
cc.de.300,serientäters,0.606105387210846
cc.de.300,serientätern,0.6047553420066833
cc.de.300,tatzeiten,0.6020558476448059
cc.de.300,angeklagte,0.5997406244277954
cc.de.300,täterstrategien,0.5993455648422241
cc.de.300,verdächtigen,0.5987347960472107
cc.de.300,einbruchsopfer,0.5982234477996826
cc.de.300,tatzeuge,0.5978711247444153
cc.de.300,opfers,0.5976071357727051
cc.de.300,wohnungseinbrecher,0.5974107384681702
cc.de.300,raubtat,0.5970627665519714
cc.de.300,gewalttäter,0.5964232683181763
cc.de.300,sexualtäter,0.5953232049942017
cc.de.300,autoknacker,0.594488263130188
cc.de.300,tatbegehung,0.593425452709198
cc.de.300,verdächtigten,0.5933176279067993
cc.de.300,täterwissen,0.5927497744560242
cc.de.300,ermittler,0.5925974249839783
cc.de.300,bankräuber,0.5913207530975342
cc.de.300,diebesbeute,0.5905037522315979
cc.de.300,tatzeitraum,0.5903022289276123
cc.de.300,täterrolle,0.5900903344154358
cc.de.300,sextäter,0.5896103978157043
cc.de.300,verdächtigte,0.5895670652389526
cc.de.300,kriminelle,0.5893597602844238
cc.de.300,raubtaten,0.5888400673866272
cc.de.300,tankstellenräuber,0.5877160429954529
cc.de.300,einzeltäter,0.5868871808052063
cc.de.300,tatzeitpunkt,0.5865341424942017
cc.de.300,kriminellen,0.5861504673957825
cc.de.300,ladendieben,0.5858364701271057
cc.de.300,täterbeschreibung,0.5856807827949524
cc.de.300,angeklagten,0.5852729082107544
cc.de.300,brandstifters,0.5842831134796143
cc.de.300,täterprofile,0.5828603506088257
cc.de.300,täterfrage,0.5828362107276917
cc.de.300,festgenommene,0.5828346014022827
cc.de.300,mittätern,0.5826893448829651
cc.de.300,tätersuche,0.5825722813606262
cc.de.300,serienstraftäter,0.5811617970466614
cc.de.300,wohnungseinbruchs,0.5806149840354919
cc.de.300,sexualmörder,0.5800696015357971
cc.de.300,komplize,0.5798605680465698
cc.de.300,diebe,0.5793026089668274
cc.de.300,gewaltdelikt,0.5787544250488281
cc.de.300,intensivtäter,0.5786598920822144
cc.de.300,kripobeamte,0.5784851908683777
cc.de.300,tatzeugen,0.5779114961624146
