Model,Neighbor,Similarity
spritzige_jara_training_data_cbow_lr0.05_epochs1_mincount50_ws12_dims300,mordtat,0.8763558864593506
spritzige_jara_training_data_cbow_lr0.05_epochs1_mincount50_ws12_dims300,mords,0.8473197221755981
spritzige_jara_training_data_cbow_lr0.05_epochs1_mincount50_ws12_dims300,morde,0.8349956274032593
spritzige_jara_training_data_cbow_lr0.05_epochs1_mincount50_ws12_dims300,mordor,0.8264317512512207
spritzige_jara_training_data_cbow_lr0.05_epochs1_mincount50_ws12_dims300,mordlust,0.8191142678260803
spritzige_jara_training_data_cbow_lr0.05_epochs1_mincount50_ws12_dims300,mordfall,0.8157274723052979
spritzige_jara_training_data_cbow_lr0.05_epochs1_mincount50_ws12_dims300,raubmord,0.8096319437026978
spritzige_jara_training_data_cbow_lr0.05_epochs1_mincount50_ws12_dims300,mordes,0.8092949390411377
spritzige_jara_training_data_cbow_lr0.05_epochs1_mincount50_ws12_dims300,mordechai,0.8042765855789185
spritzige_jara_training_data_cbow_lr0.05_epochs1_mincount50_ws12_dims300,mordsspaß,0.7903218865394592
spritzige_jara_training_data_cbow_lr0.05_epochs1_mincount50_ws12_dims300,morden,0.7839946150779724
spritzige_jara_training_data_cbow_lr0.05_epochs1_mincount50_ws12_dims300,mordio,0.778781533241272
spritzige_jara_training_data_cbow_lr0.05_epochs1_mincount50_ws12_dims300,rachemord,0.7740610241889954
spritzige_jara_training_data_cbow_lr0.05_epochs1_mincount50_ws12_dims300,doppelmord,0.773492693901062
spritzige_jara_training_data_cbow_lr0.05_epochs1_mincount50_ws12_dims300,mordens,0.7534559369087219
spritzige_jara_training_data_cbow_lr0.05_epochs1_mincount50_ws12_dims300,mordmotiv,0.7516404986381531
spritzige_jara_training_data_cbow_lr0.05_epochs1_mincount50_ws12_dims300,mordfalls,0.7493000626564026
spritzige_jara_training_data_cbow_lr0.05_epochs1_mincount50_ws12_dims300,mordserie,0.7448810935020447
spritzige_jara_training_data_cbow_lr0.05_epochs1_mincount50_ws12_dims300,mordnacht,0.7446110844612122
spritzige_jara_training_data_cbow_lr0.05_epochs1_mincount50_ws12_dims300,mordversuch,0.7433485388755798
spritzige_jara_training_data_cbow_lr0.05_epochs1_mincount50_ws12_dims300,giftmord,0.7428073883056641
spritzige_jara_training_data_cbow_lr0.05_epochs1_mincount50_ws12_dims300,mordvideo,0.7426092028617859
spritzige_jara_training_data_cbow_lr0.05_epochs1_mincount50_ws12_dims300,tyrannenmord,0.741491973400116
spritzige_jara_training_data_cbow_lr0.05_epochs1_mincount50_ws12_dims300,mordillo,0.7365065217018127
spritzige_jara_training_data_cbow_lr0.05_epochs1_mincount50_ws12_dims300,mordvorwurf,0.7288603782653809
spritzige_jara_training_data_cbow_lr0.05_epochs1_mincount50_ws12_dims300,mordtaten,0.725587010383606
spritzige_jara_training_data_cbow_lr0.05_epochs1_mincount50_ws12_dims300,mordfalles,0.7213133573532104
spritzige_jara_training_data_cbow_lr0.05_epochs1_mincount50_ws12_dims300,mordsgaudi,0.7203052639961243
spritzige_jara_training_data_cbow_lr0.05_epochs1_mincount50_ws12_dims300,vatermord,0.7192025780677795
spritzige_jara_training_data_cbow_lr0.05_epochs1_mincount50_ws12_dims300,kindsmord,0.7157080173492432
spritzige_jara_training_data_cbow_lr0.05_epochs1_mincount50_ws12_dims300,mordurteil,0.713525116443634
spritzige_jara_training_data_cbow_lr0.05_epochs1_mincount50_ws12_dims300,raubmordes,0.7127335667610168
spritzige_jara_training_data_cbow_lr0.05_epochs1_mincount50_ws12_dims300,mordfälle,0.7098348736763
spritzige_jara_training_data_cbow_lr0.05_epochs1_mincount50_ws12_dims300,mordvorsatz,0.7097339034080505
spritzige_jara_training_data_cbow_lr0.05_epochs1_mincount50_ws12_dims300,mordplan,0.7097055912017822
spritzige_jara_training_data_cbow_lr0.05_epochs1_mincount50_ws12_dims300,mordopfer,0.7092046141624451
spritzige_jara_training_data_cbow_lr0.05_epochs1_mincount50_ws12_dims300,mordkomplott,0.7090667486190796
spritzige_jara_training_data_cbow_lr0.05_epochs1_mincount50_ws12_dims300,brudermord,0.7036850452423096
spritzige_jara_training_data_cbow_lr0.05_epochs1_mincount50_ws12_dims300,meuchelmord,0.7007352113723755
spritzige_jara_training_data_cbow_lr0.05_epochs1_mincount50_ws12_dims300,mordanschlag,0.6997730731964111
spritzige_jara_training_data_cbow_lr0.05_epochs1_mincount50_ws12_dims300,lynchmord,0.6979687809944153
spritzige_jara_training_data_cbow_lr0.05_epochs1_mincount50_ws12_dims300,eifersuchtsmord,0.695257306098938
spritzige_jara_training_data_cbow_lr0.05_epochs1_mincount50_ws12_dims300,mordverdächtige,0.6943404674530029
spritzige_jara_training_data_cbow_lr0.05_epochs1_mincount50_ws12_dims300,serienmord,0.6910364627838135
spritzige_jara_training_data_cbow_lr0.05_epochs1_mincount50_ws12_dims300,bluttat,0.690057098865509
spritzige_jara_training_data_cbow_lr0.05_epochs1_mincount50_ws12_dims300,messermord,0.6882373690605164
spritzige_jara_training_data_cbow_lr0.05_epochs1_mincount50_ws12_dims300,mordversuchs,0.6846315860748291
spritzige_jara_training_data_cbow_lr0.05_epochs1_mincount50_ws12_dims300,massenmord,0.6844496726989746
spritzige_jara_training_data_cbow_lr0.05_epochs1_mincount50_ws12_dims300,mordaufruf,0.6842974424362183
spritzige_jara_training_data_cbow_lr0.05_epochs1_mincount50_ws12_dims300,mordfällen,0.6841939687728882
spritzige_jara_training_data_cbow_lr0.05_epochs1_mincount50_ws12_dims300,doppelmordes,0.682418167591095
spritzige_jara_training_data_cbow_lr0.05_epochs1_mincount50_ws12_dims300,mordanklage,0.6796697378158569
spritzige_jara_training_data_cbow_lr0.05_epochs1_mincount50_ws12_dims300,mordfantasien,0.6795443296432495
spritzige_jara_training_data_cbow_lr0.05_epochs1_mincount50_ws12_dims300,mordaunt,0.6765965819358826
spritzige_jara_training_data_cbow_lr0.05_epochs1_mincount50_ws12_dims300,mordkomplotts,0.6765069961547852
spritzige_jara_training_data_cbow_lr0.05_epochs1_mincount50_ws12_dims300,mordverdächtiger,0.6763986945152283
spritzige_jara_training_data_cbow_lr0.05_epochs1_mincount50_ws12_dims300,ermordet,0.6754787564277649
spritzige_jara_training_data_cbow_lr0.05_epochs1_mincount50_ws12_dims300,muttermord,0.6753845810890198
spritzige_jara_training_data_cbow_lr0.05_epochs1_mincount50_ws12_dims300,mordwaffe,0.6742290258407593
spritzige_jara_training_data_cbow_lr0.05_epochs1_mincount50_ws12_dims300,mordprozess,0.6732666492462158
spritzige_jara_training_data_cbow_lr0.05_epochs1_mincount50_ws12_dims300,doppelmords,0.6728424429893494
spritzige_jara_training_data_cbow_lr0.05_epochs1_mincount50_ws12_dims300,dreifachmord,0.6724990606307983
spritzige_jara_training_data_cbow_lr0.05_epochs1_mincount50_ws12_dims300,mordopfers,0.6701291799545288
spritzige_jara_training_data_cbow_lr0.05_epochs1_mincount50_ws12_dims300,mordopfern,0.6695618033409119
spritzige_jara_training_data_cbow_lr0.05_epochs1_mincount50_ws12_dims300,mordermittler,0.6662111282348633
spritzige_jara_training_data_cbow_lr0.05_epochs1_mincount50_ws12_dims300,mordserien,0.6651912927627563
spritzige_jara_training_data_cbow_lr0.05_epochs1_mincount50_ws12_dims300,mordverdächtigen,0.6651426553726196
spritzige_jara_training_data_cbow_lr0.05_epochs1_mincount50_ws12_dims300,mordplänen,0.6647965312004089
spritzige_jara_training_data_cbow_lr0.05_epochs1_mincount50_ws12_dims300,mordgruppe,0.6646634340286255
spritzige_jara_training_data_cbow_lr0.05_epochs1_mincount50_ws12_dims300,mordalarm,0.6638460755348206
spritzige_jara_training_data_cbow_lr0.05_epochs1_mincount50_ws12_dims300,goldmord,0.6627633571624756
spritzige_jara_training_data_cbow_lr0.05_epochs1_mincount50_ws12_dims300,vierfachmord,0.6603502631187439
spritzige_jara_training_data_cbow_lr0.05_epochs1_mincount50_ws12_dims300,mordversuche,0.6593776941299438
spritzige_jara_training_data_cbow_lr0.05_epochs1_mincount50_ws12_dims300,mädchenmord,0.6582852602005005
spritzige_jara_training_data_cbow_lr0.05_epochs1_mincount50_ws12_dims300,selbstmord,0.6574403047561646
spritzige_jara_training_data_cbow_lr0.05_epochs1_mincount50_ws12_dims300,judenmord,0.657256543636322
spritzige_jara_training_data_cbow_lr0.05_epochs1_mincount50_ws12_dims300,ermordung,0.6542189717292786
spritzige_jara_training_data_cbow_lr0.05_epochs1_mincount50_ws12_dims300,mordabsicht,0.6535289883613586
spritzige_jara_training_data_cbow_lr0.05_epochs1_mincount50_ws12_dims300,mordversuches,0.6526349782943726
spritzige_jara_training_data_cbow_lr0.05_epochs1_mincount50_ws12_dims300,ermordete,0.6500200033187866
spritzige_jara_training_data_cbow_lr0.05_epochs1_mincount50_ws12_dims300,sexualmord,0.6488112211227417
spritzige_jara_training_data_cbow_lr0.05_epochs1_mincount50_ws12_dims300,fünffachmord,0.6483809947967529
spritzige_jara_training_data_cbow_lr0.05_epochs1_mincount50_ws12_dims300,rufmord,0.6478257179260254
spritzige_jara_training_data_cbow_lr0.05_epochs1_mincount50_ws12_dims300,mordverdacht,0.6476364135742188
spritzige_jara_training_data_cbow_lr0.05_epochs1_mincount50_ws12_dims300,mordanschlags,0.6466668248176575
spritzige_jara_training_data_cbow_lr0.05_epochs1_mincount50_ws12_dims300,mordverdachts,0.6463325023651123
spritzige_jara_training_data_cbow_lr0.05_epochs1_mincount50_ws12_dims300,ritualmord,0.6440815925598145
spritzige_jara_training_data_cbow_lr0.05_epochs1_mincount50_ws12_dims300,tat,0.6440395712852478
spritzige_jara_training_data_cbow_lr0.05_epochs1_mincount50_ws12_dims300,ermorden,0.6427803039550781
spritzige_jara_training_data_cbow_lr0.05_epochs1_mincount50_ws12_dims300,polizistenmord,0.6393795609474182
spritzige_jara_training_data_cbow_lr0.05_epochs1_mincount50_ws12_dims300,ermordeter,0.6392666697502136
spritzige_jara_training_data_cbow_lr0.05_epochs1_mincount50_ws12_dims300,mordanklagen,0.6383332014083862
spritzige_jara_training_data_cbow_lr0.05_epochs1_mincount50_ws12_dims300,mordwinien,0.636682391166687
spritzige_jara_training_data_cbow_lr0.05_epochs1_mincount50_ws12_dims300,mordaschow,0.6364851593971252
spritzige_jara_training_data_cbow_lr0.05_epochs1_mincount50_ws12_dims300,mordpläne,0.6352213025093079
spritzige_jara_training_data_cbow_lr0.05_epochs1_mincount50_ws12_dims300,totschlag,0.6349732279777527
spritzige_jara_training_data_cbow_lr0.05_epochs1_mincount50_ws12_dims300,ehrenmord,0.633852481842041
spritzige_jara_training_data_cbow_lr0.05_epochs1_mincount50_ws12_dims300,massenmordes,0.6318716406822205
spritzige_jara_training_data_cbow_lr0.05_epochs1_mincount50_ws12_dims300,königsmord,0.6314334869384766
spritzige_jara_training_data_cbow_lr0.05_epochs1_mincount50_ws12_dims300,mordkommando,0.6299763321876526
grantiger_baris_training_data_lower_cbow_lr0.05_epochs1_mincount10_ws24_dims300,mordtat,0.9016276597976683
grantiger_baris_training_data_lower_cbow_lr0.05_epochs1_mincount10_ws24_dims300,axtmord,0.888812243938446
grantiger_baris_training_data_lower_cbow_lr0.05_epochs1_mincount10_ws24_dims300,mordue,0.8752253651618958
grantiger_baris_training_data_lower_cbow_lr0.05_epochs1_mincount10_ws24_dims300,morde,0.8504965305328369
grantiger_baris_training_data_lower_cbow_lr0.05_epochs1_mincount10_ws24_dims300,mords,0.8496835231781006
grantiger_baris_training_data_lower_cbow_lr0.05_epochs1_mincount10_ws24_dims300,mordecai,0.8468759059906006
grantiger_baris_training_data_lower_cbow_lr0.05_epochs1_mincount10_ws24_dims300,mordor,0.8397230505943298
grantiger_baris_training_data_lower_cbow_lr0.05_epochs1_mincount10_ws24_dims300,mordfall,0.8324568271636963
grantiger_baris_training_data_lower_cbow_lr0.05_epochs1_mincount10_ws24_dims300,mordet,0.8244779706001282
grantiger_baris_training_data_lower_cbow_lr0.05_epochs1_mincount10_ws24_dims300,mordes,0.8242891430854797
grantiger_baris_training_data_lower_cbow_lr0.05_epochs1_mincount10_ws24_dims300,mordhau,0.8236834406852722
grantiger_baris_training_data_lower_cbow_lr0.05_epochs1_mincount10_ws24_dims300,mordowia,0.8230815529823303
grantiger_baris_training_data_lower_cbow_lr0.05_epochs1_mincount10_ws24_dims300,rachemord,0.8210803866386414
grantiger_baris_training_data_lower_cbow_lr0.05_epochs1_mincount10_ws24_dims300,mordswut,0.8185575604438782
grantiger_baris_training_data_lower_cbow_lr0.05_epochs1_mincount10_ws24_dims300,mordend,0.8178831934928894
grantiger_baris_training_data_lower_cbow_lr0.05_epochs1_mincount10_ws24_dims300,mordlust,0.8146677017211914
grantiger_baris_training_data_lower_cbow_lr0.05_epochs1_mincount10_ws24_dims300,morden,0.8112564086914062
grantiger_baris_training_data_lower_cbow_lr0.05_epochs1_mincount10_ws24_dims300,mordete,0.8099476099014282
grantiger_baris_training_data_lower_cbow_lr0.05_epochs1_mincount10_ws24_dims300,raubmord,0.8095407485961914
grantiger_baris_training_data_lower_cbow_lr0.05_epochs1_mincount10_ws24_dims300,doppelmord,0.8043298125267029
grantiger_baris_training_data_lower_cbow_lr0.05_epochs1_mincount10_ws24_dims300,mordechai,0.8024231195449829
grantiger_baris_training_data_lower_cbow_lr0.05_epochs1_mincount10_ws24_dims300,mordshetz,0.7968207001686096
grantiger_baris_training_data_lower_cbow_lr0.05_epochs1_mincount10_ws24_dims300,mordio,0.7934218049049377
grantiger_baris_training_data_lower_cbow_lr0.05_epochs1_mincount10_ws24_dims300,lustmord,0.7925229072570801
grantiger_baris_training_data_lower_cbow_lr0.05_epochs1_mincount10_ws24_dims300,gattenmord,0.7921349406242371
grantiger_baris_training_data_lower_cbow_lr0.05_epochs1_mincount10_ws24_dims300,mordtag,0.7909823656082153
grantiger_baris_training_data_lower_cbow_lr0.05_epochs1_mincount10_ws24_dims300,mordfalls,0.7905467748641968
grantiger_baris_training_data_lower_cbow_lr0.05_epochs1_mincount10_ws24_dims300,mordkrimi,0.7903163433074951
grantiger_baris_training_data_lower_cbow_lr0.05_epochs1_mincount10_ws24_dims300,sexmord,0.7901316285133362
grantiger_baris_training_data_lower_cbow_lr0.05_epochs1_mincount10_ws24_dims300,mordred,0.7893911600112915
grantiger_baris_training_data_lower_cbow_lr0.05_epochs1_mincount10_ws24_dims300,mordtaten,0.7867689728736877
grantiger_baris_training_data_lower_cbow_lr0.05_epochs1_mincount10_ws24_dims300,tyrannenmord,0.7865095138549805
grantiger_baris_training_data_lower_cbow_lr0.05_epochs1_mincount10_ws24_dims300,mordbuben,0.7850015163421631
grantiger_baris_training_data_lower_cbow_lr0.05_epochs1_mincount10_ws24_dims300,mordsmäßig,0.7840489745140076
grantiger_baris_training_data_lower_cbow_lr0.05_epochs1_mincount10_ws24_dims300,mordsache,0.7836901545524597
grantiger_baris_training_data_lower_cbow_lr0.05_epochs1_mincount10_ws24_dims300,mordende,0.7824438214302063
grantiger_baris_training_data_lower_cbow_lr0.05_epochs1_mincount10_ws24_dims300,meuchelmord,0.7786624431610107
grantiger_baris_training_data_lower_cbow_lr0.05_epochs1_mincount10_ws24_dims300,mordslust,0.7771432995796204
grantiger_baris_training_data_lower_cbow_lr0.05_epochs1_mincount10_ws24_dims300,mordors,0.7763776183128357
grantiger_baris_training_data_lower_cbow_lr0.05_epochs1_mincount10_ws24_dims300,würgemord,0.7762170433998108
grantiger_baris_training_data_lower_cbow_lr0.05_epochs1_mincount10_ws24_dims300,mordnacht,0.7725920081138611
grantiger_baris_training_data_lower_cbow_lr0.05_epochs1_mincount10_ws24_dims300,instamord,0.7712987661361694
grantiger_baris_training_data_lower_cbow_lr0.05_epochs1_mincount10_ws24_dims300,seelenmord,0.7685297131538391
grantiger_baris_training_data_lower_cbow_lr0.05_epochs1_mincount10_ws24_dims300,lynchmord,0.767922043800354
grantiger_baris_training_data_lower_cbow_lr0.05_epochs1_mincount10_ws24_dims300,giftmord,0.7671583294868469
grantiger_baris_training_data_lower_cbow_lr0.05_epochs1_mincount10_ws24_dims300,mordsspaß,0.7669534683227539
grantiger_baris_training_data_lower_cbow_lr0.05_epochs1_mincount10_ws24_dims300,mordlüstern,0.7619519829750061
grantiger_baris_training_data_lower_cbow_lr0.05_epochs1_mincount10_ws24_dims300,mordstrumm,0.7598249316215515
grantiger_baris_training_data_lower_cbow_lr0.05_epochs1_mincount10_ws24_dims300,kindsmord,0.7595623731613159
grantiger_baris_training_data_lower_cbow_lr0.05_epochs1_mincount10_ws24_dims300,mordsglück,0.7587711811065674
grantiger_baris_training_data_lower_cbow_lr0.05_epochs1_mincount10_ws24_dims300,mordserie,0.7562329173088074
grantiger_baris_training_data_lower_cbow_lr0.05_epochs1_mincount10_ws24_dims300,mordfalles,0.7553341388702393
grantiger_baris_training_data_lower_cbow_lr0.05_epochs1_mincount10_ws24_dims300,morddezernat,0.752504825592041
grantiger_baris_training_data_lower_cbow_lr0.05_epochs1_mincount10_ws24_dims300,mordmotive,0.7514521479606628
grantiger_baris_training_data_lower_cbow_lr0.05_epochs1_mincount10_ws24_dims300,rufmord,0.7494342923164368
grantiger_baris_training_data_lower_cbow_lr0.05_epochs1_mincount10_ws24_dims300,mordens,0.7493090629577637
grantiger_baris_training_data_lower_cbow_lr0.05_epochs1_mincount10_ws24_dims300,ermorde,0.7491190433502197
grantiger_baris_training_data_lower_cbow_lr0.05_epochs1_mincount10_ws24_dims300,mordthese,0.7478504776954651
grantiger_baris_training_data_lower_cbow_lr0.05_epochs1_mincount10_ws24_dims300,rachemordes,0.7465212941169739
grantiger_baris_training_data_lower_cbow_lr0.05_epochs1_mincount10_ws24_dims300,mordendes,0.7444219589233398
grantiger_baris_training_data_lower_cbow_lr0.05_epochs1_mincount10_ws24_dims300,politmord,0.7435465455055237
grantiger_baris_training_data_lower_cbow_lr0.05_epochs1_mincount10_ws24_dims300,babymord,0.7434554696083069
grantiger_baris_training_data_lower_cbow_lr0.05_epochs1_mincount10_ws24_dims300,mordplan,0.7433215975761414
grantiger_baris_training_data_lower_cbow_lr0.05_epochs1_mincount10_ws24_dims300,rachemorde,0.7427751421928406
grantiger_baris_training_data_lower_cbow_lr0.05_epochs1_mincount10_ws24_dims300,mordeten,0.7424952983856201
grantiger_baris_training_data_lower_cbow_lr0.05_epochs1_mincount10_ws24_dims300,raubmorde,0.7423802018165588
grantiger_baris_training_data_lower_cbow_lr0.05_epochs1_mincount10_ws24_dims300,serienmord,0.7411752939224243
grantiger_baris_training_data_lower_cbow_lr0.05_epochs1_mincount10_ws24_dims300,messermord,0.7397015690803528
grantiger_baris_training_data_lower_cbow_lr0.05_epochs1_mincount10_ws24_dims300,mordrätsel,0.7382763028144836
grantiger_baris_training_data_lower_cbow_lr0.05_epochs1_mincount10_ws24_dims300,brudermord,0.7359128594398499
grantiger_baris_training_data_lower_cbow_lr0.05_epochs1_mincount10_ws24_dims300,mordversuch,0.7355210781097412
grantiger_baris_training_data_lower_cbow_lr0.05_epochs1_mincount10_ws24_dims300,mordlustig,0.7352773547172546
grantiger_baris_training_data_lower_cbow_lr0.05_epochs1_mincount10_ws24_dims300,mordgelüste,0.7350499629974365
grantiger_baris_training_data_lower_cbow_lr0.05_epochs1_mincount10_ws24_dims300,mordszene,0.7348111271858215
grantiger_baris_training_data_lower_cbow_lr0.05_epochs1_mincount10_ws24_dims300,mordabend,0.7344694137573242
grantiger_baris_training_data_lower_cbow_lr0.05_epochs1_mincount10_ws24_dims300,morddelikt,0.7343884706497192
grantiger_baris_training_data_lower_cbow_lr0.05_epochs1_mincount10_ws24_dims300,mordmotiv,0.7317559123039246
grantiger_baris_training_data_lower_cbow_lr0.05_epochs1_mincount10_ws24_dims300,mordhaus,0.731688380241394
grantiger_baris_training_data_lower_cbow_lr0.05_epochs1_mincount10_ws24_dims300,mordlustige,0.7306007742881775
grantiger_baris_training_data_lower_cbow_lr0.05_epochs1_mincount10_ws24_dims300,goldmord,0.7285885214805603
grantiger_baris_training_data_lower_cbow_lr0.05_epochs1_mincount10_ws24_dims300,mordenden,0.728510320186615
grantiger_baris_training_data_lower_cbow_lr0.05_epochs1_mincount10_ws24_dims300,mordender,0.7284137606620789
grantiger_baris_training_data_lower_cbow_lr0.05_epochs1_mincount10_ws24_dims300,mordurteil,0.7280085682868958
grantiger_baris_training_data_lower_cbow_lr0.05_epochs1_mincount10_ws24_dims300,vatermord,0.7275913953781128
grantiger_baris_training_data_lower_cbow_lr0.05_epochs1_mincount10_ws24_dims300,morderator,0.7275412678718567
grantiger_baris_training_data_lower_cbow_lr0.05_epochs1_mincount10_ws24_dims300,doppelmordes,0.72694331407547
grantiger_baris_training_data_lower_cbow_lr0.05_epochs1_mincount10_ws24_dims300,mordillo,0.7267395853996277
grantiger_baris_training_data_lower_cbow_lr0.05_epochs1_mincount10_ws24_dims300,mordserien,0.7264497876167297
grantiger_baris_training_data_lower_cbow_lr0.05_epochs1_mincount10_ws24_dims300,doppelmorde,0.7254140973091125
grantiger_baris_training_data_lower_cbow_lr0.05_epochs1_mincount10_ws24_dims300,mafiamord,0.7241539359092712
grantiger_baris_training_data_lower_cbow_lr0.05_epochs1_mincount10_ws24_dims300,todmorden,0.7237017154693604
grantiger_baris_training_data_lower_cbow_lr0.05_epochs1_mincount10_ws24_dims300,eifersuchtsmord,0.7233226895332336
grantiger_baris_training_data_lower_cbow_lr0.05_epochs1_mincount10_ws24_dims300,teenagermord,0.7233042120933533
grantiger_baris_training_data_lower_cbow_lr0.05_epochs1_mincount10_ws24_dims300,terrormord,0.7224963307380676
grantiger_baris_training_data_lower_cbow_lr0.05_epochs1_mincount10_ws24_dims300,morderger,0.7223802208900452
grantiger_baris_training_data_lower_cbow_lr0.05_epochs1_mincount10_ws24_dims300,mordshunger,0.7211964726448059
grantiger_baris_training_data_lower_cbow_lr0.05_epochs1_mincount10_ws24_dims300,mordvorwurf,0.7201562523841858
grantiger_baris_training_data_lower_cbow_lr0.05_epochs1_mincount10_ws24_dims300,vierfachmord,0.7196868658065796
grantiger_baris_training_data_lower_cbow_lr0.05_epochs1_mincount10_ws24_dims300,raubmordes,0.7194370627403259
grantiger_baris_training_data_lower_cbow_lr0.05_epochs1_mincount10_ws24_dims300,mordverschwörung,0.7189251184463501
sinnlicher_andre_training_data_lower_cbow_lr0.05_epochs1_mincount5_ws5_dims300,axtmord,0.9019780158996582
sinnlicher_andre_training_data_lower_cbow_lr0.05_epochs1_mincount5_ws5_dims300,mordtat,0.8921976685523987
sinnlicher_andre_training_data_lower_cbow_lr0.05_epochs1_mincount5_ws5_dims300,mordue,0.869102954864502
sinnlicher_andre_training_data_lower_cbow_lr0.05_epochs1_mincount5_ws5_dims300,raubmord,0.8608000874519348
sinnlicher_andre_training_data_lower_cbow_lr0.05_epochs1_mincount5_ws5_dims300,sexmord,0.8607545495033264
sinnlicher_andre_training_data_lower_cbow_lr0.05_epochs1_mincount5_ws5_dims300,krimimord,0.8577149510383606
sinnlicher_andre_training_data_lower_cbow_lr0.05_epochs1_mincount5_ws5_dims300,mordy,0.8526790142059326
sinnlicher_andre_training_data_lower_cbow_lr0.05_epochs1_mincount5_ws5_dims300,mordecai,0.8453465700149536
sinnlicher_andre_training_data_lower_cbow_lr0.05_epochs1_mincount5_ws5_dims300,doppelmord,0.8386404514312744
sinnlicher_andre_training_data_lower_cbow_lr0.05_epochs1_mincount5_ws5_dims300,mordor,0.8371886610984802
sinnlicher_andre_training_data_lower_cbow_lr0.05_epochs1_mincount5_ws5_dims300,mords,0.834012508392334
sinnlicher_andre_training_data_lower_cbow_lr0.05_epochs1_mincount5_ws5_dims300,rachemord,0.833141028881073
sinnlicher_andre_training_data_lower_cbow_lr0.05_epochs1_mincount5_ws5_dims300,hassmord,0.8327871561050415
sinnlicher_andre_training_data_lower_cbow_lr0.05_epochs1_mincount5_ws5_dims300,mordau,0.8319705128669739
sinnlicher_andre_training_data_lower_cbow_lr0.05_epochs1_mincount5_ws5_dims300,morde,0.8226921558380127
sinnlicher_andre_training_data_lower_cbow_lr0.05_epochs1_mincount5_ws5_dims300,lustmord,0.8190715909004211
sinnlicher_andre_training_data_lower_cbow_lr0.05_epochs1_mincount5_ws5_dims300,mordes,0.8185982704162598
sinnlicher_andre_training_data_lower_cbow_lr0.05_epochs1_mincount5_ws5_dims300,mordowja,0.8172094225883484
sinnlicher_andre_training_data_lower_cbow_lr0.05_epochs1_mincount5_ws5_dims300,mordziol,0.8171132206916809
sinnlicher_andre_training_data_lower_cbow_lr0.05_epochs1_mincount5_ws5_dims300,selfmord,0.8167749643325806
sinnlicher_andre_training_data_lower_cbow_lr0.05_epochs1_mincount5_ws5_dims300,mordswut,0.816548228263855
sinnlicher_andre_training_data_lower_cbow_lr0.05_epochs1_mincount5_ws5_dims300,mordgier,0.8157859444618225
sinnlicher_andre_training_data_lower_cbow_lr0.05_epochs1_mincount5_ws5_dims300,kindsmord,0.8152549266815186
sinnlicher_andre_training_data_lower_cbow_lr0.05_epochs1_mincount5_ws5_dims300,mordfall,0.8144561052322388
sinnlicher_andre_training_data_lower_cbow_lr0.05_epochs1_mincount5_ws5_dims300,mordthal,0.8124687671661377
sinnlicher_andre_training_data_lower_cbow_lr0.05_epochs1_mincount5_ws5_dims300,mordo,0.8119829297065735
sinnlicher_andre_training_data_lower_cbow_lr0.05_epochs1_mincount5_ws5_dims300,gattenmord,0.8115124702453613
sinnlicher_andre_training_data_lower_cbow_lr0.05_epochs1_mincount5_ws5_dims300,würgemord,0.8087062835693359
sinnlicher_andre_training_data_lower_cbow_lr0.05_epochs1_mincount5_ws5_dims300,tyrannenmord,0.8080025911331177
sinnlicher_andre_training_data_lower_cbow_lr0.05_epochs1_mincount5_ws5_dims300,mordhau,0.8079589009284973
sinnlicher_andre_training_data_lower_cbow_lr0.05_epochs1_mincount5_ws5_dims300,mordowia,0.80738765001297
sinnlicher_andre_training_data_lower_cbow_lr0.05_epochs1_mincount5_ws5_dims300,mordsweib,0.80722576379776
sinnlicher_andre_training_data_lower_cbow_lr0.05_epochs1_mincount5_ws5_dims300,instamord,0.804908037185669
sinnlicher_andre_training_data_lower_cbow_lr0.05_epochs1_mincount5_ws5_dims300,meißelmord,0.8037838339805603
sinnlicher_andre_training_data_lower_cbow_lr0.05_epochs1_mincount5_ws5_dims300,mordgift,0.8034221529960632
sinnlicher_andre_training_data_lower_cbow_lr0.05_epochs1_mincount5_ws5_dims300,meuchelmord,0.802168071269989
sinnlicher_andre_training_data_lower_cbow_lr0.05_epochs1_mincount5_ws5_dims300,fememord,0.8010752201080322
sinnlicher_andre_training_data_lower_cbow_lr0.05_epochs1_mincount5_ws5_dims300,babymord,0.8004971146583557
sinnlicher_andre_training_data_lower_cbow_lr0.05_epochs1_mincount5_ws5_dims300,vatermord,0.799912691116333
sinnlicher_andre_training_data_lower_cbow_lr0.05_epochs1_mincount5_ws5_dims300,mordechai,0.7977467179298401
sinnlicher_andre_training_data_lower_cbow_lr0.05_epochs1_mincount5_ws5_dims300,mordlust,0.7945390939712524
sinnlicher_andre_training_data_lower_cbow_lr0.05_epochs1_mincount5_ws5_dims300,mordshetz,0.7933476567268372
sinnlicher_andre_training_data_lower_cbow_lr0.05_epochs1_mincount5_ws5_dims300,rufmord,0.7923392653465271
sinnlicher_andre_training_data_lower_cbow_lr0.05_epochs1_mincount5_ws5_dims300,giftmord,0.791965663433075
sinnlicher_andre_training_data_lower_cbow_lr0.05_epochs1_mincount5_ws5_dims300,mordet,0.7919110655784607
sinnlicher_andre_training_data_lower_cbow_lr0.05_epochs1_mincount5_ws5_dims300,mordorgie,0.7901502847671509
sinnlicher_andre_training_data_lower_cbow_lr0.05_epochs1_mincount5_ws5_dims300,mordtag,0.7876043319702148
sinnlicher_andre_training_data_lower_cbow_lr0.05_epochs1_mincount5_ws5_dims300,mordred,0.7866572737693787
sinnlicher_andre_training_data_lower_cbow_lr0.05_epochs1_mincount5_ws5_dims300,mordkrimi,0.7848395109176636
sinnlicher_andre_training_data_lower_cbow_lr0.05_epochs1_mincount5_ws5_dims300,lynchmord,0.784238338470459
sinnlicher_andre_training_data_lower_cbow_lr0.05_epochs1_mincount5_ws5_dims300,mordete,0.7832173109054565
sinnlicher_andre_training_data_lower_cbow_lr0.05_epochs1_mincount5_ws5_dims300,mordsgaude,0.7815755009651184
sinnlicher_andre_training_data_lower_cbow_lr0.05_epochs1_mincount5_ws5_dims300,mordaza,0.7811287641525269
sinnlicher_andre_training_data_lower_cbow_lr0.05_epochs1_mincount5_ws5_dims300,teenagermord,0.7806901931762695
sinnlicher_andre_training_data_lower_cbow_lr0.05_epochs1_mincount5_ws5_dims300,morden,0.7802571058273315
sinnlicher_andre_training_data_lower_cbow_lr0.05_epochs1_mincount5_ws5_dims300,starmord,0.7800255417823792
sinnlicher_andre_training_data_lower_cbow_lr0.05_epochs1_mincount5_ws5_dims300,mordio,0.7798909544944763
sinnlicher_andre_training_data_lower_cbow_lr0.05_epochs1_mincount5_ws5_dims300,mordbuben,0.7796782851219177
sinnlicher_andre_training_data_lower_cbow_lr0.05_epochs1_mincount5_ws5_dims300,mordan,0.779098391532898
sinnlicher_andre_training_data_lower_cbow_lr0.05_epochs1_mincount5_ws5_dims300,geiselmord,0.7785995006561279
sinnlicher_andre_training_data_lower_cbow_lr0.05_epochs1_mincount5_ws5_dims300,politmord,0.7783765196800232
sinnlicher_andre_training_data_lower_cbow_lr0.05_epochs1_mincount5_ws5_dims300,messermord,0.7774338126182556
sinnlicher_andre_training_data_lower_cbow_lr0.05_epochs1_mincount5_ws5_dims300,mordsspaß,0.775562047958374
sinnlicher_andre_training_data_lower_cbow_lr0.05_epochs1_mincount5_ws5_dims300,mordversuch,0.7750309109687805
sinnlicher_andre_training_data_lower_cbow_lr0.05_epochs1_mincount5_ws5_dims300,seelenmord,0.7739648818969727
sinnlicher_andre_training_data_lower_cbow_lr0.05_epochs1_mincount5_ws5_dims300,brudermord,0.7714487910270691
sinnlicher_andre_training_data_lower_cbow_lr0.05_epochs1_mincount5_ws5_dims300,goldmord,0.7712247967720032
sinnlicher_andre_training_data_lower_cbow_lr0.05_epochs1_mincount5_ws5_dims300,morddelikt,0.7707255482673645
sinnlicher_andre_training_data_lower_cbow_lr0.05_epochs1_mincount5_ws5_dims300,mordend,0.7674203515052795
sinnlicher_andre_training_data_lower_cbow_lr0.05_epochs1_mincount5_ws5_dims300,feuermord,0.7664885520935059
sinnlicher_andre_training_data_lower_cbow_lr0.05_epochs1_mincount5_ws5_dims300,morders,0.7661876082420349
sinnlicher_andre_training_data_lower_cbow_lr0.05_epochs1_mincount5_ws5_dims300,mädchenmord,0.765758216381073
sinnlicher_andre_training_data_lower_cbow_lr0.05_epochs1_mincount5_ws5_dims300,terrormord,0.763127326965332
sinnlicher_andre_training_data_lower_cbow_lr0.05_epochs1_mincount5_ws5_dims300,muttermord,0.7624807357788086
sinnlicher_andre_training_data_lower_cbow_lr0.05_epochs1_mincount5_ws5_dims300,mordstrumm,0.7618343830108643
sinnlicher_andre_training_data_lower_cbow_lr0.05_epochs1_mincount5_ws5_dims300,foltermord,0.7596127986907959
sinnlicher_andre_training_data_lower_cbow_lr0.05_epochs1_mincount5_ws5_dims300,puppenmord,0.7588560581207275
sinnlicher_andre_training_data_lower_cbow_lr0.05_epochs1_mincount5_ws5_dims300,doppelmordes,0.7581671476364136
sinnlicher_andre_training_data_lower_cbow_lr0.05_epochs1_mincount5_ws5_dims300,mordkomplott,0.7577009797096252
sinnlicher_andre_training_data_lower_cbow_lr0.05_epochs1_mincount5_ws5_dims300,judenmord,0.7575622200965881
sinnlicher_andre_training_data_lower_cbow_lr0.05_epochs1_mincount5_ws5_dims300,drogenmord,0.7574087381362915
sinnlicher_andre_training_data_lower_cbow_lr0.05_epochs1_mincount5_ws5_dims300,raubmordes,0.7570810914039612
sinnlicher_andre_training_data_lower_cbow_lr0.05_epochs1_mincount5_ws5_dims300,mordstrum,0.7568759322166443
sinnlicher_andre_training_data_lower_cbow_lr0.05_epochs1_mincount5_ws5_dims300,seriemord,0.7564754486083984
sinnlicher_andre_training_data_lower_cbow_lr0.05_epochs1_mincount5_ws5_dims300,taximord,0.7550814151763916
sinnlicher_andre_training_data_lower_cbow_lr0.05_epochs1_mincount5_ws5_dims300,mordfeldzug,0.754741370677948
sinnlicher_andre_training_data_lower_cbow_lr0.05_epochs1_mincount5_ws5_dims300,mordbefehl,0.7546721696853638
sinnlicher_andre_training_data_lower_cbow_lr0.05_epochs1_mincount5_ws5_dims300,discomord,0.754649817943573
sinnlicher_andre_training_data_lower_cbow_lr0.05_epochs1_mincount5_ws5_dims300,hackenmord,0.7541450262069702
sinnlicher_andre_training_data_lower_cbow_lr0.05_epochs1_mincount5_ws5_dims300,mordtaten,0.7540497183799744
sinnlicher_andre_training_data_lower_cbow_lr0.05_epochs1_mincount5_ws5_dims300,mordvorsatz,0.7533701062202454
sinnlicher_andre_training_data_lower_cbow_lr0.05_epochs1_mincount5_ws5_dims300,tyrannenmordes,0.7529352307319641
sinnlicher_andre_training_data_lower_cbow_lr0.05_epochs1_mincount5_ws5_dims300,rachemordes,0.7528105974197388
sinnlicher_andre_training_data_lower_cbow_lr0.05_epochs1_mincount5_ws5_dims300,eifersuchtsmord,0.7526652216911316
sinnlicher_andre_training_data_lower_cbow_lr0.05_epochs1_mincount5_ws5_dims300,mordsglück,0.7525193691253662
sinnlicher_andre_training_data_lower_cbow_lr0.05_epochs1_mincount5_ws5_dims300,mafiamord,0.7511905431747437
sinnlicher_andre_training_data_lower_cbow_lr0.05_epochs1_mincount5_ws5_dims300,mordvorwurf,0.7504138350486755
sinnlicher_andre_training_data_lower_cbow_lr0.05_epochs1_mincount5_ws5_dims300,mordowija,0.7500942349433899
sinnlicher_andre_training_data_lower_cbow_lr0.05_epochs1_mincount5_ws5_dims300,mordfalls,0.7500354647636414
sinnlicher_andre_training_data_lower_cbow_lr0.05_epochs1_mincount5_ws5_dims300,mordverbrechen,0.7497236132621765
angeregte_friederike_training_data_cbow_lr0.05_epochs1_mincount5_ws24_dims300,mordtat,0.890523374080658
angeregte_friederike_training_data_cbow_lr0.05_epochs1_mincount5_ws24_dims300,mordue,0.8854783177375793
angeregte_friederike_training_data_cbow_lr0.05_epochs1_mincount5_ws24_dims300,mordy,0.8794505000114441
angeregte_friederike_training_data_cbow_lr0.05_epochs1_mincount5_ws24_dims300,seriemord,0.8755141496658325
angeregte_friederike_training_data_cbow_lr0.05_epochs1_mincount5_ws24_dims300,mordecai,0.8731662034988403
angeregte_friederike_training_data_cbow_lr0.05_epochs1_mincount5_ws24_dims300,mordswut,0.8482854962348938
angeregte_friederike_training_data_cbow_lr0.05_epochs1_mincount5_ws24_dims300,morde,0.8442049026489258
angeregte_friederike_training_data_cbow_lr0.05_epochs1_mincount5_ws24_dims300,mords,0.8440560102462769
angeregte_friederike_training_data_cbow_lr0.05_epochs1_mincount5_ws24_dims300,mordziol,0.8418329954147339
angeregte_friederike_training_data_cbow_lr0.05_epochs1_mincount5_ws24_dims300,mordau,0.8378750085830688
angeregte_friederike_training_data_cbow_lr0.05_epochs1_mincount5_ws24_dims300,mordlust,0.8332586288452148
angeregte_friederike_training_data_cbow_lr0.05_epochs1_mincount5_ws24_dims300,mordgier,0.8224389553070068
angeregte_friederike_training_data_cbow_lr0.05_epochs1_mincount5_ws24_dims300,mordfall,0.8224170207977295
angeregte_friederike_training_data_cbow_lr0.05_epochs1_mincount5_ws24_dims300,mordkrimi,0.8220524787902832
angeregte_friederike_training_data_cbow_lr0.05_epochs1_mincount5_ws24_dims300,mordor,0.8212323188781738
angeregte_friederike_training_data_cbow_lr0.05_epochs1_mincount5_ws24_dims300,mordaza,0.8192675113677979
angeregte_friederike_training_data_cbow_lr0.05_epochs1_mincount5_ws24_dims300,mordowia,0.8182460069656372
angeregte_friederike_training_data_cbow_lr0.05_epochs1_mincount5_ws24_dims300,axtmord,0.8169363737106323
angeregte_friederike_training_data_cbow_lr0.05_epochs1_mincount5_ws24_dims300,mordes,0.8166496157646179
angeregte_friederike_training_data_cbow_lr0.05_epochs1_mincount5_ws24_dims300,mordthal,0.8155950307846069
angeregte_friederike_training_data_cbow_lr0.05_epochs1_mincount5_ws24_dims300,mordgift,0.8131564855575562
angeregte_friederike_training_data_cbow_lr0.05_epochs1_mincount5_ws24_dims300,mordo,0.8124616742134094
angeregte_friederike_training_data_cbow_lr0.05_epochs1_mincount5_ws24_dims300,mordechai,0.810604453086853
angeregte_friederike_training_data_cbow_lr0.05_epochs1_mincount5_ws24_dims300,mordbuben,0.8089314103126526
angeregte_friederike_training_data_cbow_lr0.05_epochs1_mincount5_ws24_dims300,mordsgaude,0.808427095413208
angeregte_friederike_training_data_cbow_lr0.05_epochs1_mincount5_ws24_dims300,mordowja,0.8071795701980591
angeregte_friederike_training_data_cbow_lr0.05_epochs1_mincount5_ws24_dims300,mordan,0.8037240505218506
angeregte_friederike_training_data_cbow_lr0.05_epochs1_mincount5_ws24_dims300,morden,0.8010253310203552
angeregte_friederike_training_data_cbow_lr0.05_epochs1_mincount5_ws24_dims300,mordorgie,0.7976775765419006
angeregte_friederike_training_data_cbow_lr0.05_epochs1_mincount5_ws24_dims300,mordio,0.7967750430107117
angeregte_friederike_training_data_cbow_lr0.05_epochs1_mincount5_ws24_dims300,mordsweib,0.7930635213851929
angeregte_friederike_training_data_cbow_lr0.05_epochs1_mincount5_ws24_dims300,mordtag,0.7908694744110107
angeregte_friederike_training_data_cbow_lr0.05_epochs1_mincount5_ws24_dims300,mordhau,0.7906314730644226
angeregte_friederike_training_data_cbow_lr0.05_epochs1_mincount5_ws24_dims300,mordsache,0.7904362678527832
angeregte_friederike_training_data_cbow_lr0.05_epochs1_mincount5_ws24_dims300,mordfeldzug,0.7880880832672119
angeregte_friederike_training_data_cbow_lr0.05_epochs1_mincount5_ws24_dims300,mordshetz,0.7880211472511292
angeregte_friederike_training_data_cbow_lr0.05_epochs1_mincount5_ws24_dims300,mord,0.7872352600097656
angeregte_friederike_training_data_cbow_lr0.05_epochs1_mincount5_ws24_dims300,mordred,0.7862167358398438
angeregte_friederike_training_data_cbow_lr0.05_epochs1_mincount5_ws24_dims300,mordslust,0.7853652238845825
angeregte_friederike_training_data_cbow_lr0.05_epochs1_mincount5_ws24_dims300,mordsglück,0.7850328683853149
angeregte_friederike_training_data_cbow_lr0.05_epochs1_mincount5_ws24_dims300,mordsspaß,0.782737672328949
angeregte_friederike_training_data_cbow_lr0.05_epochs1_mincount5_ws24_dims300,mordende,0.7751760482788086
angeregte_friederike_training_data_cbow_lr0.05_epochs1_mincount5_ws24_dims300,mordverbrechen,0.7738376259803772
angeregte_friederike_training_data_cbow_lr0.05_epochs1_mincount5_ws24_dims300,mordserie,0.7736678719520569
angeregte_friederike_training_data_cbow_lr0.05_epochs1_mincount5_ws24_dims300,mordnacht,0.7719180583953857
angeregte_friederike_training_data_cbow_lr0.05_epochs1_mincount5_ws24_dims300,morders,0.7718319892883301
angeregte_friederike_training_data_cbow_lr0.05_epochs1_mincount5_ws24_dims300,raubmord,0.7716915011405945
angeregte_friederike_training_data_cbow_lr0.05_epochs1_mincount5_ws24_dims300,mordmotiv,0.7705302238464355
angeregte_friederike_training_data_cbow_lr0.05_epochs1_mincount5_ws24_dims300,mordfalls,0.7702949047088623
angeregte_friederike_training_data_cbow_lr0.05_epochs1_mincount5_ws24_dims300,mordens,0.7674787640571594
angeregte_friederike_training_data_cbow_lr0.05_epochs1_mincount5_ws24_dims300,rachemord,0.7651776075363159
angeregte_friederike_training_data_cbow_lr0.05_epochs1_mincount5_ws24_dims300,mordabend,0.7624585032463074
angeregte_friederike_training_data_cbow_lr0.05_epochs1_mincount5_ws24_dims300,mordwinzew,0.7624152302742004
angeregte_friederike_training_data_cbow_lr0.05_epochs1_mincount5_ws24_dims300,doppelmord,0.7607987523078918
angeregte_friederike_training_data_cbow_lr0.05_epochs1_mincount5_ws24_dims300,mordors,0.760367214679718
angeregte_friederike_training_data_cbow_lr0.05_epochs1_mincount5_ws24_dims300,mordfalles,0.7586818337440491
angeregte_friederike_training_data_cbow_lr0.05_epochs1_mincount5_ws24_dims300,mordashov,0.7578439116477966
angeregte_friederike_training_data_cbow_lr0.05_epochs1_mincount5_ws24_dims300,mordstrumm,0.7567176222801208
angeregte_friederike_training_data_cbow_lr0.05_epochs1_mincount5_ws24_dims300,mordszene,0.7564114928245544
angeregte_friederike_training_data_cbow_lr0.05_epochs1_mincount5_ws24_dims300,mordowija,0.7548787593841553
angeregte_friederike_training_data_cbow_lr0.05_epochs1_mincount5_ws24_dims300,morddezernat,0.7544974684715271
angeregte_friederike_training_data_cbow_lr0.05_epochs1_mincount5_ws24_dims300,mordthriller,0.7540078163146973
angeregte_friederike_training_data_cbow_lr0.05_epochs1_mincount5_ws24_dims300,mordgelüste,0.7538534998893738
angeregte_friederike_training_data_cbow_lr0.05_epochs1_mincount5_ws24_dims300,mordsee,0.7531744837760925
angeregte_friederike_training_data_cbow_lr0.05_epochs1_mincount5_ws24_dims300,morddelikt,0.7525948286056519
angeregte_friederike_training_data_cbow_lr0.05_epochs1_mincount5_ws24_dims300,mordzeuge,0.7521017789840698
angeregte_friederike_training_data_cbow_lr0.05_epochs1_mincount5_ws24_dims300,mordtaten,0.7510524988174438
angeregte_friederike_training_data_cbow_lr0.05_epochs1_mincount5_ws24_dims300,mordsschreck,0.7487176656723022
angeregte_friederike_training_data_cbow_lr0.05_epochs1_mincount5_ws24_dims300,mordmotive,0.7467288374900818
angeregte_friederike_training_data_cbow_lr0.05_epochs1_mincount5_ws24_dims300,hassmord,0.7439243793487549
angeregte_friederike_training_data_cbow_lr0.05_epochs1_mincount5_ws24_dims300,gattenmord,0.74197918176651
angeregte_friederike_training_data_cbow_lr0.05_epochs1_mincount5_ws24_dims300,mordrätsel,0.7403738498687744
angeregte_friederike_training_data_cbow_lr0.05_epochs1_mincount5_ws24_dims300,mordopfer,0.7401238679885864
angeregte_friederike_training_data_cbow_lr0.05_epochs1_mincount5_ws24_dims300,mordthese,0.7397610545158386
angeregte_friederike_training_data_cbow_lr0.05_epochs1_mincount5_ws24_dims300,mordvorwurf,0.738974928855896
angeregte_friederike_training_data_cbow_lr0.05_epochs1_mincount5_ws24_dims300,würgemord,0.7369898557662964
angeregte_friederike_training_data_cbow_lr0.05_epochs1_mincount5_ws24_dims300,mordstüftler,0.7368931770324707
angeregte_friederike_training_data_cbow_lr0.05_epochs1_mincount5_ws24_dims300,mordhaus,0.7357723116874695
angeregte_friederike_training_data_cbow_lr0.05_epochs1_mincount5_ws24_dims300,mordclub,0.73429274559021
angeregte_friederike_training_data_cbow_lr0.05_epochs1_mincount5_ws24_dims300,mordfälle,0.7333600521087646
angeregte_friederike_training_data_cbow_lr0.05_epochs1_mincount5_ws24_dims300,sexmord,0.7329141497612
angeregte_friederike_training_data_cbow_lr0.05_epochs1_mincount5_ws24_dims300,morderator,0.7316784858703613
angeregte_friederike_training_data_cbow_lr0.05_epochs1_mincount5_ws24_dims300,mordplan,0.7307953834533691
angeregte_friederike_training_data_cbow_lr0.05_epochs1_mincount5_ws24_dims300,mordfrage,0.7306476831436157
angeregte_friederike_training_data_cbow_lr0.05_epochs1_mincount5_ws24_dims300,mordrausch,0.7304525375366211
angeregte_friederike_training_data_cbow_lr0.05_epochs1_mincount5_ws24_dims300,mordshunger,0.7299908995628357
angeregte_friederike_training_data_cbow_lr0.05_epochs1_mincount5_ws24_dims300,tyrannenmord,0.7294431924819946
angeregte_friederike_training_data_cbow_lr0.05_epochs1_mincount5_ws24_dims300,giftmord,0.7279768586158752
angeregte_friederike_training_data_cbow_lr0.05_epochs1_mincount5_ws24_dims300,mordaunt,0.7271310091018677
angeregte_friederike_training_data_cbow_lr0.05_epochs1_mincount5_ws24_dims300,fememord,0.7267535924911499
angeregte_friederike_training_data_cbow_lr0.05_epochs1_mincount5_ws24_dims300,meißelmord,0.7258652448654175
angeregte_friederike_training_data_cbow_lr0.05_epochs1_mincount5_ws24_dims300,mordfantasie,0.7248985171318054
angeregte_friederike_training_data_cbow_lr0.05_epochs1_mincount5_ws24_dims300,mordurteil,0.724859893321991
angeregte_friederike_training_data_cbow_lr0.05_epochs1_mincount5_ws24_dims300,mordillos,0.7245897650718689
angeregte_friederike_training_data_cbow_lr0.05_epochs1_mincount5_ws24_dims300,mordsblödsinn,0.724081814289093
angeregte_friederike_training_data_cbow_lr0.05_epochs1_mincount5_ws24_dims300,ermordet,0.7239806652069092
angeregte_friederike_training_data_cbow_lr0.05_epochs1_mincount5_ws24_dims300,mordaualm,0.7224781513214111
angeregte_friederike_training_data_cbow_lr0.05_epochs1_mincount5_ws24_dims300,mordversuch,0.7199224829673767
angeregte_friederike_training_data_cbow_lr0.05_epochs1_mincount5_ws24_dims300,lustmord,0.7191728353500366
angeregte_friederike_training_data_cbow_lr0.05_epochs1_mincount5_ws24_dims300,mordillo,0.7190165519714355
angeregter_lucca_training_data_lower_cbow_lr0.05_epochs1_mincount100_ws5_dims300,mordtat,0.886826753616333
angeregter_lucca_training_data_lower_cbow_lr0.05_epochs1_mincount100_ws5_dims300,raubmord,0.8475092053413391
angeregter_lucca_training_data_lower_cbow_lr0.05_epochs1_mincount100_ws5_dims300,doppelmord,0.8407737016677856
angeregter_lucca_training_data_lower_cbow_lr0.05_epochs1_mincount100_ws5_dims300,mords,0.831687867641449
angeregter_lucca_training_data_lower_cbow_lr0.05_epochs1_mincount100_ws5_dims300,rachemord,0.8172008991241455
angeregter_lucca_training_data_lower_cbow_lr0.05_epochs1_mincount100_ws5_dims300,mordor,0.8167451620101929
angeregter_lucca_training_data_lower_cbow_lr0.05_epochs1_mincount100_ws5_dims300,kindsmord,0.8078059554100037
angeregter_lucca_training_data_lower_cbow_lr0.05_epochs1_mincount100_ws5_dims300,mordlust,0.8043408393859863
angeregter_lucca_training_data_lower_cbow_lr0.05_epochs1_mincount100_ws5_dims300,morde,0.8018848299980164
angeregter_lucca_training_data_lower_cbow_lr0.05_epochs1_mincount100_ws5_dims300,mordes,0.7973304390907288
angeregter_lucca_training_data_lower_cbow_lr0.05_epochs1_mincount100_ws5_dims300,goldmord,0.7971623539924622
angeregter_lucca_training_data_lower_cbow_lr0.05_epochs1_mincount100_ws5_dims300,mordechai,0.7967585325241089
angeregter_lucca_training_data_lower_cbow_lr0.05_epochs1_mincount100_ws5_dims300,mordfall,0.7934764623641968
angeregter_lucca_training_data_lower_cbow_lr0.05_epochs1_mincount100_ws5_dims300,lynchmord,0.7854495048522949
angeregter_lucca_training_data_lower_cbow_lr0.05_epochs1_mincount100_ws5_dims300,giftmord,0.7828706502914429
angeregter_lucca_training_data_lower_cbow_lr0.05_epochs1_mincount100_ws5_dims300,mordet,0.7792067527770996
angeregter_lucca_training_data_lower_cbow_lr0.05_epochs1_mincount100_ws5_dims300,vatermord,0.7697457075119019
angeregter_lucca_training_data_lower_cbow_lr0.05_epochs1_mincount100_ws5_dims300,mordversuch,0.7690454125404358
angeregter_lucca_training_data_lower_cbow_lr0.05_epochs1_mincount100_ws5_dims300,rufmord,0.7688758373260498
angeregter_lucca_training_data_lower_cbow_lr0.05_epochs1_mincount100_ws5_dims300,morden,0.7627161741256714
angeregter_lucca_training_data_lower_cbow_lr0.05_epochs1_mincount100_ws5_dims300,brudermord,0.7620479464530945
angeregter_lucca_training_data_lower_cbow_lr0.05_epochs1_mincount100_ws5_dims300,mordete,0.7591586112976074
angeregter_lucca_training_data_lower_cbow_lr0.05_epochs1_mincount100_ws5_dims300,messermord,0.7557687163352966
angeregter_lucca_training_data_lower_cbow_lr0.05_epochs1_mincount100_ws5_dims300,mordend,0.7543581128120422
angeregter_lucca_training_data_lower_cbow_lr0.05_epochs1_mincount100_ws5_dims300,raubmordes,0.7482714056968689
angeregter_lucca_training_data_lower_cbow_lr0.05_epochs1_mincount100_ws5_dims300,mordkomplott,0.7419124245643616
angeregter_lucca_training_data_lower_cbow_lr0.05_epochs1_mincount100_ws5_dims300,mordfalls,0.7398914098739624
angeregter_lucca_training_data_lower_cbow_lr0.05_epochs1_mincount100_ws5_dims300,doppelmordes,0.7397263646125793
angeregter_lucca_training_data_lower_cbow_lr0.05_epochs1_mincount100_ws5_dims300,mordtaten,0.738202691078186
angeregter_lucca_training_data_lower_cbow_lr0.05_epochs1_mincount100_ws5_dims300,sexualmord,0.7379269003868103
angeregter_lucca_training_data_lower_cbow_lr0.05_epochs1_mincount100_ws5_dims300,mädchenmord,0.7325268983840942
angeregter_lucca_training_data_lower_cbow_lr0.05_epochs1_mincount100_ws5_dims300,ritualmord,0.7283504605293274
angeregter_lucca_training_data_lower_cbow_lr0.05_epochs1_mincount100_ws5_dims300,mordplan,0.7276821732521057
angeregter_lucca_training_data_lower_cbow_lr0.05_epochs1_mincount100_ws5_dims300,doppelmords,0.7274962663650513
angeregter_lucca_training_data_lower_cbow_lr0.05_epochs1_mincount100_ws5_dims300,judenmord,0.724726676940918
angeregter_lucca_training_data_lower_cbow_lr0.05_epochs1_mincount100_ws5_dims300,mordnacht,0.7242192625999451
angeregter_lucca_training_data_lower_cbow_lr0.05_epochs1_mincount100_ws5_dims300,mordmotiv,0.7241173982620239
angeregter_lucca_training_data_lower_cbow_lr0.05_epochs1_mincount100_ws5_dims300,mordillo,0.7230280637741089
angeregter_lucca_training_data_lower_cbow_lr0.05_epochs1_mincount100_ws5_dims300,mordende,0.7209004759788513
angeregter_lucca_training_data_lower_cbow_lr0.05_epochs1_mincount100_ws5_dims300,mordvorsatz,0.7208133935928345
angeregter_lucca_training_data_lower_cbow_lr0.05_epochs1_mincount100_ws5_dims300,mordens,0.7193625569343567
angeregter_lucca_training_data_lower_cbow_lr0.05_epochs1_mincount100_ws5_dims300,dreifachmord,0.7181041836738586
angeregter_lucca_training_data_lower_cbow_lr0.05_epochs1_mincount100_ws5_dims300,mordkomplotts,0.7160613536834717
angeregter_lucca_training_data_lower_cbow_lr0.05_epochs1_mincount100_ws5_dims300,mordvorwurf,0.7159147262573242
angeregter_lucca_training_data_lower_cbow_lr0.05_epochs1_mincount100_ws5_dims300,mordserie,0.7155623435974121
angeregter_lucca_training_data_lower_cbow_lr0.05_epochs1_mincount100_ws5_dims300,ehrenmord,0.7149284482002258
angeregter_lucca_training_data_lower_cbow_lr0.05_epochs1_mincount100_ws5_dims300,vierfachmord,0.7124034762382507
angeregter_lucca_training_data_lower_cbow_lr0.05_epochs1_mincount100_ws5_dims300,mordversuchs,0.7070030570030212
angeregter_lucca_training_data_lower_cbow_lr0.05_epochs1_mincount100_ws5_dims300,massenmord,0.7065200805664062
angeregter_lucca_training_data_lower_cbow_lr0.05_epochs1_mincount100_ws5_dims300,selbstmord,0.70564866065979
angeregter_lucca_training_data_lower_cbow_lr0.05_epochs1_mincount100_ws5_dims300,königsmord,0.7047179341316223
angeregter_lucca_training_data_lower_cbow_lr0.05_epochs1_mincount100_ws5_dims300,kindermord,0.698851466178894
angeregter_lucca_training_data_lower_cbow_lr0.05_epochs1_mincount100_ws5_dims300,fünffachmord,0.6977546215057373
angeregter_lucca_training_data_lower_cbow_lr0.05_epochs1_mincount100_ws5_dims300,mordurteil,0.6955496072769165
angeregter_lucca_training_data_lower_cbow_lr0.05_epochs1_mincount100_ws5_dims300,mordversuche,0.6922808885574341
angeregter_lucca_training_data_lower_cbow_lr0.05_epochs1_mincount100_ws5_dims300,polizistenmord,0.6884598731994629
angeregter_lucca_training_data_lower_cbow_lr0.05_epochs1_mincount100_ws5_dims300,auftragsmord,0.6843871474266052
angeregter_lucca_training_data_lower_cbow_lr0.05_epochs1_mincount100_ws5_dims300,mordprozess,0.682860255241394
angeregter_lucca_training_data_lower_cbow_lr0.05_epochs1_mincount100_ws5_dims300,mordeten,0.682610034942627
angeregter_lucca_training_data_lower_cbow_lr0.05_epochs1_mincount100_ws5_dims300,mordanschlag,0.6802804470062256
angeregter_lucca_training_data_lower_cbow_lr0.05_epochs1_mincount100_ws5_dims300,mordanklage,0.6791433095932007
angeregter_lucca_training_data_lower_cbow_lr0.05_epochs1_mincount100_ws5_dims300,bluttat,0.678764283657074
angeregter_lucca_training_data_lower_cbow_lr0.05_epochs1_mincount100_ws5_dims300,mordfälle,0.6776878833770752
angeregter_lucca_training_data_lower_cbow_lr0.05_epochs1_mincount100_ws5_dims300,mordwaffe,0.6767176389694214
angeregter_lucca_training_data_lower_cbow_lr0.05_epochs1_mincount100_ws5_dims300,mordversuches,0.6735289096832275
angeregter_lucca_training_data_lower_cbow_lr0.05_epochs1_mincount100_ws5_dims300,frauenmord,0.6713197827339172
angeregter_lucca_training_data_lower_cbow_lr0.05_epochs1_mincount100_ws5_dims300,mordverdächtige,0.6707130670547485
angeregter_lucca_training_data_lower_cbow_lr0.05_epochs1_mincount100_ws5_dims300,mordopfer,0.6702626347541809
angeregter_lucca_training_data_lower_cbow_lr0.05_epochs1_mincount100_ws5_dims300,tötungsdelikt,0.6684310436248779
angeregter_lucca_training_data_lower_cbow_lr0.05_epochs1_mincount100_ws5_dims300,ermordung,0.6678338050842285
angeregter_lucca_training_data_lower_cbow_lr0.05_epochs1_mincount100_ws5_dims300,lynchmorde,0.6660739183425903
angeregter_lucca_training_data_lower_cbow_lr0.05_epochs1_mincount100_ws5_dims300,mordverdächtiger,0.6598436832427979
angeregter_lucca_training_data_lower_cbow_lr0.05_epochs1_mincount100_ws5_dims300,mordverdächtigen,0.6574046611785889
angeregter_lucca_training_data_lower_cbow_lr0.05_epochs1_mincount100_ws5_dims300,mordenden,0.6571927666664124
angeregter_lucca_training_data_lower_cbow_lr0.05_epochs1_mincount100_ws5_dims300,mordfällen,0.6540120840072632
angeregter_lucca_training_data_lower_cbow_lr0.05_epochs1_mincount100_ws5_dims300,mordaufruf,0.6520322561264038
angeregter_lucca_training_data_lower_cbow_lr0.05_epochs1_mincount100_ws5_dims300,mordfantasien,0.651188850402832
angeregter_lucca_training_data_lower_cbow_lr0.05_epochs1_mincount100_ws5_dims300,mordverdacht,0.6487224102020264
angeregter_lucca_training_data_lower_cbow_lr0.05_epochs1_mincount100_ws5_dims300,mordermittler,0.6483145356178284
angeregter_lucca_training_data_lower_cbow_lr0.05_epochs1_mincount100_ws5_dims300,mordplänen,0.6481753587722778
angeregter_lucca_training_data_lower_cbow_lr0.05_epochs1_mincount100_ws5_dims300,totschlag,0.6481231451034546
angeregter_lucca_training_data_lower_cbow_lr0.05_epochs1_mincount100_ws5_dims300,ermorden,0.6436824798583984
angeregter_lucca_training_data_lower_cbow_lr0.05_epochs1_mincount100_ws5_dims300,raubmörder,0.6430725455284119
angeregter_lucca_training_data_lower_cbow_lr0.05_epochs1_mincount100_ws5_dims300,handgranatenmord,0.6415560841560364
angeregter_lucca_training_data_lower_cbow_lr0.05_epochs1_mincount100_ws5_dims300,journalistenmord,0.6391611099243164
angeregter_lucca_training_data_lower_cbow_lr0.05_epochs1_mincount100_ws5_dims300,selbstmordes,0.638562023639679
angeregter_lucca_training_data_lower_cbow_lr0.05_epochs1_mincount100_ws5_dims300,mordgruppe,0.6383002400398254
angeregter_lucca_training_data_lower_cbow_lr0.05_epochs1_mincount100_ws5_dims300,mordabsicht,0.637997031211853
angeregter_lucca_training_data_lower_cbow_lr0.05_epochs1_mincount100_ws5_dims300,mordaunt,0.6378450393676758
angeregter_lucca_training_data_lower_cbow_lr0.05_epochs1_mincount100_ws5_dims300,mordalarm,0.6365495920181274
angeregter_lucca_training_data_lower_cbow_lr0.05_epochs1_mincount100_ws5_dims300,mordopfern,0.6353316307067871
angeregter_lucca_training_data_lower_cbow_lr0.05_epochs1_mincount100_ws5_dims300,mordversuchen,0.6352702975273132
angeregter_lucca_training_data_lower_cbow_lr0.05_epochs1_mincount100_ws5_dims300,mordverdachts,0.6343318223953247
angeregter_lucca_training_data_lower_cbow_lr0.05_epochs1_mincount100_ws5_dims300,mordkommando,0.633916974067688
angeregter_lucca_training_data_lower_cbow_lr0.05_epochs1_mincount100_ws5_dims300,mordopfers,0.633701741695404
angeregter_lucca_training_data_lower_cbow_lr0.05_epochs1_mincount100_ws5_dims300,massenmordes,0.6324227452278137
angeregter_lucca_training_data_lower_cbow_lr0.05_epochs1_mincount100_ws5_dims300,mordanschlags,0.6318641901016235
angeregter_lucca_training_data_lower_cbow_lr0.05_epochs1_mincount100_ws5_dims300,mordpläne,0.6291829943656921
angeregter_lucca_training_data_lower_cbow_lr0.05_epochs1_mincount100_ws5_dims300,gewalttat,0.6275771856307983
angeregter_lucca_training_data_lower_cbow_lr0.05_epochs1_mincount100_ws5_dims300,lynchmorden,0.6257166266441345
lebendiger_paul_training_data_cbow_lr0.05_epochs1_mincount10_ws12_dims300,mordue,0.8786776661872864
lebendiger_paul_training_data_cbow_lr0.05_epochs1_mincount10_ws12_dims300,mordtat,0.8784556984901428
lebendiger_paul_training_data_cbow_lr0.05_epochs1_mincount10_ws12_dims300,mordecai,0.8762115836143494
lebendiger_paul_training_data_cbow_lr0.05_epochs1_mincount10_ws12_dims300,mordswut,0.8532619476318359
lebendiger_paul_training_data_cbow_lr0.05_epochs1_mincount10_ws12_dims300,morde,0.8331999182701111
lebendiger_paul_training_data_cbow_lr0.05_epochs1_mincount10_ws12_dims300,mords,0.8327754139900208
lebendiger_paul_training_data_cbow_lr0.05_epochs1_mincount10_ws12_dims300,mordor,0.829517662525177
lebendiger_paul_training_data_cbow_lr0.05_epochs1_mincount10_ws12_dims300,axtmord,0.8242087364196777
lebendiger_paul_training_data_cbow_lr0.05_epochs1_mincount10_ws12_dims300,mordechai,0.820487380027771
lebendiger_paul_training_data_cbow_lr0.05_epochs1_mincount10_ws12_dims300,mordowia,0.817776083946228
lebendiger_paul_training_data_cbow_lr0.05_epochs1_mincount10_ws12_dims300,mordfall,0.8157243132591248
lebendiger_paul_training_data_cbow_lr0.05_epochs1_mincount10_ws12_dims300,mordlust,0.8138694763183594
lebendiger_paul_training_data_cbow_lr0.05_epochs1_mincount10_ws12_dims300,mordkrimi,0.8095675110816956
lebendiger_paul_training_data_cbow_lr0.05_epochs1_mincount10_ws12_dims300,mordes,0.8013150095939636
lebendiger_paul_training_data_cbow_lr0.05_epochs1_mincount10_ws12_dims300,mordsspaß,0.8000718355178833
lebendiger_paul_training_data_cbow_lr0.05_epochs1_mincount10_ws12_dims300,mord,0.7955161333084106
lebendiger_paul_training_data_cbow_lr0.05_epochs1_mincount10_ws12_dims300,mordbuben,0.7900303602218628
lebendiger_paul_training_data_cbow_lr0.05_epochs1_mincount10_ws12_dims300,raubmord,0.7893555164337158
lebendiger_paul_training_data_cbow_lr0.05_epochs1_mincount10_ws12_dims300,mordshetz,0.7887027263641357
lebendiger_paul_training_data_cbow_lr0.05_epochs1_mincount10_ws12_dims300,mordio,0.7831850051879883
lebendiger_paul_training_data_cbow_lr0.05_epochs1_mincount10_ws12_dims300,mordred,0.7831016778945923
lebendiger_paul_training_data_cbow_lr0.05_epochs1_mincount10_ws12_dims300,mordtag,0.7828994393348694
lebendiger_paul_training_data_cbow_lr0.05_epochs1_mincount10_ws12_dims300,mordstrumm,0.7825618982315063
lebendiger_paul_training_data_cbow_lr0.05_epochs1_mincount10_ws12_dims300,morden,0.7803234457969666
lebendiger_paul_training_data_cbow_lr0.05_epochs1_mincount10_ws12_dims300,mordsglück,0.7796868085861206
lebendiger_paul_training_data_cbow_lr0.05_epochs1_mincount10_ws12_dims300,doppelmord,0.777271568775177
lebendiger_paul_training_data_cbow_lr0.05_epochs1_mincount10_ws12_dims300,sexmord,0.7753666639328003
lebendiger_paul_training_data_cbow_lr0.05_epochs1_mincount10_ws12_dims300,rachemord,0.7737532258033752
lebendiger_paul_training_data_cbow_lr0.05_epochs1_mincount10_ws12_dims300,gattenmord,0.7727743983268738
lebendiger_paul_training_data_cbow_lr0.05_epochs1_mincount10_ws12_dims300,würgemord,0.7709464430809021
lebendiger_paul_training_data_cbow_lr0.05_epochs1_mincount10_ws12_dims300,mordsache,0.7688910961151123
lebendiger_paul_training_data_cbow_lr0.05_epochs1_mincount10_ws12_dims300,mordhau,0.7676559090614319
lebendiger_paul_training_data_cbow_lr0.05_epochs1_mincount10_ws12_dims300,mordslust,0.7626665830612183
lebendiger_paul_training_data_cbow_lr0.05_epochs1_mincount10_ws12_dims300,mordserie,0.7598095536231995
lebendiger_paul_training_data_cbow_lr0.05_epochs1_mincount10_ws12_dims300,mordors,0.7566989064216614
lebendiger_paul_training_data_cbow_lr0.05_epochs1_mincount10_ws12_dims300,morddelikt,0.7555767297744751
lebendiger_paul_training_data_cbow_lr0.05_epochs1_mincount10_ws12_dims300,mordens,0.7542628049850464
lebendiger_paul_training_data_cbow_lr0.05_epochs1_mincount10_ws12_dims300,lustmord,0.7532321810722351
lebendiger_paul_training_data_cbow_lr0.05_epochs1_mincount10_ws12_dims300,mordmotiv,0.7479007840156555
lebendiger_paul_training_data_cbow_lr0.05_epochs1_mincount10_ws12_dims300,giftmord,0.7456091046333313
lebendiger_paul_training_data_cbow_lr0.05_epochs1_mincount10_ws12_dims300,mordfalls,0.745299220085144
lebendiger_paul_training_data_cbow_lr0.05_epochs1_mincount10_ws12_dims300,mordsee,0.7437470555305481
lebendiger_paul_training_data_cbow_lr0.05_epochs1_mincount10_ws12_dims300,tyrannenmord,0.7433469295501709
lebendiger_paul_training_data_cbow_lr0.05_epochs1_mincount10_ws12_dims300,mordthese,0.7429076433181763
lebendiger_paul_training_data_cbow_lr0.05_epochs1_mincount10_ws12_dims300,mordsgaudi,0.7418478727340698
lebendiger_paul_training_data_cbow_lr0.05_epochs1_mincount10_ws12_dims300,morddezernat,0.741461455821991
lebendiger_paul_training_data_cbow_lr0.05_epochs1_mincount10_ws12_dims300,mordversuch,0.7378292679786682
lebendiger_paul_training_data_cbow_lr0.05_epochs1_mincount10_ws12_dims300,mordabend,0.7374122142791748
lebendiger_paul_training_data_cbow_lr0.05_epochs1_mincount10_ws12_dims300,mordrätsel,0.7369709610939026
lebendiger_paul_training_data_cbow_lr0.05_epochs1_mincount10_ws12_dims300,mordnacht,0.7366266846656799
lebendiger_paul_training_data_cbow_lr0.05_epochs1_mincount10_ws12_dims300,mordskandal,0.7339082360267639
lebendiger_paul_training_data_cbow_lr0.05_epochs1_mincount10_ws12_dims300,vatermord,0.7333369851112366
lebendiger_paul_training_data_cbow_lr0.05_epochs1_mincount10_ws12_dims300,brudermord,0.7330819368362427
lebendiger_paul_training_data_cbow_lr0.05_epochs1_mincount10_ws12_dims300,mordfalles,0.7305188775062561
lebendiger_paul_training_data_cbow_lr0.05_epochs1_mincount10_ws12_dims300,meuchelmord,0.7294951677322388
lebendiger_paul_training_data_cbow_lr0.05_epochs1_mincount10_ws12_dims300,mordszene,0.7284625768661499
lebendiger_paul_training_data_cbow_lr0.05_epochs1_mincount10_ws12_dims300,mordmotive,0.7277597784996033
lebendiger_paul_training_data_cbow_lr0.05_epochs1_mincount10_ws12_dims300,mordkomplott,0.7272007465362549
lebendiger_paul_training_data_cbow_lr0.05_epochs1_mincount10_ws12_dims300,mordgelüste,0.7269310355186462
lebendiger_paul_training_data_cbow_lr0.05_epochs1_mincount10_ws12_dims300,morderator,0.7269110083580017
lebendiger_paul_training_data_cbow_lr0.05_epochs1_mincount10_ws12_dims300,mordillos,0.7252407073974609
lebendiger_paul_training_data_cbow_lr0.05_epochs1_mincount10_ws12_dims300,mordvideo,0.725047767162323
lebendiger_paul_training_data_cbow_lr0.05_epochs1_mincount10_ws12_dims300,mordvorwurf,0.7239882946014404
lebendiger_paul_training_data_cbow_lr0.05_epochs1_mincount10_ws12_dims300,seelenmord,0.7238542437553406
lebendiger_paul_training_data_cbow_lr0.05_epochs1_mincount10_ws12_dims300,mordtaten,0.722606360912323
lebendiger_paul_training_data_cbow_lr0.05_epochs1_mincount10_ws12_dims300,mordopfer,0.7205709218978882
lebendiger_paul_training_data_cbow_lr0.05_epochs1_mincount10_ws12_dims300,lynchmord,0.7199288606643677
lebendiger_paul_training_data_cbow_lr0.05_epochs1_mincount10_ws12_dims300,mordplan,0.7186989784240723
lebendiger_paul_training_data_cbow_lr0.05_epochs1_mincount10_ws12_dims300,mordangriff,0.7170647978782654
lebendiger_paul_training_data_cbow_lr0.05_epochs1_mincount10_ws12_dims300,kindsmord,0.7170374393463135
lebendiger_paul_training_data_cbow_lr0.05_epochs1_mincount10_ws12_dims300,mordillo,0.7168400883674622
lebendiger_paul_training_data_cbow_lr0.05_epochs1_mincount10_ws12_dims300,mordurteil,0.7134560942649841
lebendiger_paul_training_data_cbow_lr0.05_epochs1_mincount10_ws12_dims300,serienmord,0.7108930349349976
lebendiger_paul_training_data_cbow_lr0.05_epochs1_mincount10_ws12_dims300,mordasini,0.7086402773857117
lebendiger_paul_training_data_cbow_lr0.05_epochs1_mincount10_ws12_dims300,mordhaus,0.7083001136779785
lebendiger_paul_training_data_cbow_lr0.05_epochs1_mincount10_ws12_dims300,messermord,0.7075436115264893
lebendiger_paul_training_data_cbow_lr0.05_epochs1_mincount10_ws12_dims300,mordsmenü,0.7074999213218689
lebendiger_paul_training_data_cbow_lr0.05_epochs1_mincount10_ws12_dims300,teenagermord,0.7048985362052917
lebendiger_paul_training_data_cbow_lr0.05_epochs1_mincount10_ws12_dims300,mordshunger,0.7047106623649597
lebendiger_paul_training_data_cbow_lr0.05_epochs1_mincount10_ws12_dims300,doppelmordes,0.7024415731430054
lebendiger_paul_training_data_cbow_lr0.05_epochs1_mincount10_ws12_dims300,morddrama,0.701857328414917
lebendiger_paul_training_data_cbow_lr0.05_epochs1_mincount10_ws12_dims300,raubmorde,0.7017281651496887
lebendiger_paul_training_data_cbow_lr0.05_epochs1_mincount10_ws12_dims300,mordowien,0.7008252739906311
lebendiger_paul_training_data_cbow_lr0.05_epochs1_mincount10_ws12_dims300,eifersuchtsmord,0.7004032135009766
lebendiger_paul_training_data_cbow_lr0.05_epochs1_mincount10_ws12_dims300,foltermord,0.7002600431442261
lebendiger_paul_training_data_cbow_lr0.05_epochs1_mincount10_ws12_dims300,mordvorsatz,0.6996657252311707
lebendiger_paul_training_data_cbow_lr0.05_epochs1_mincount10_ws12_dims300,mordwand,0.6993735432624817
lebendiger_paul_training_data_cbow_lr0.05_epochs1_mincount10_ws12_dims300,mafiamord,0.6993704438209534
lebendiger_paul_training_data_cbow_lr0.05_epochs1_mincount10_ws12_dims300,massenmord,0.6989375948905945
lebendiger_paul_training_data_cbow_lr0.05_epochs1_mincount10_ws12_dims300,rachemordes,0.6978557705879211
lebendiger_paul_training_data_cbow_lr0.05_epochs1_mincount10_ws12_dims300,mordkomplotte,0.6976442933082581
lebendiger_paul_training_data_cbow_lr0.05_epochs1_mincount10_ws12_dims300,mordkomplotts,0.6971506476402283
lebendiger_paul_training_data_cbow_lr0.05_epochs1_mincount10_ws12_dims300,mordattacke,0.697004497051239
lebendiger_paul_training_data_cbow_lr0.05_epochs1_mincount10_ws12_dims300,mordanschlag,0.6968365907669067
lebendiger_paul_training_data_cbow_lr0.05_epochs1_mincount10_ws12_dims300,doppelmorde,0.696686327457428
lebendiger_paul_training_data_cbow_lr0.05_epochs1_mincount10_ws12_dims300,politmord,0.6966613531112671
lebendiger_paul_training_data_cbow_lr0.05_epochs1_mincount10_ws12_dims300,mordfälle,0.6961665153503418
lebendiger_paul_training_data_cbow_lr0.05_epochs1_mincount10_ws12_dims300,mordbefehl,0.6957653760910034
lebendiger_paul_training_data_cbow_lr0.05_epochs1_mincount10_ws12_dims300,raubmordes,0.6956944465637207
lebendiger_paul_training_data_cbow_lr0.05_epochs1_mincount10_ws12_dims300,ermordet,0.6955260038375854
vitale_stella_training_data_lower_cbow_lr0.05_epochs1_mincount10_ws6_dims300,mordtat,0.8995078802108765
vitale_stella_training_data_lower_cbow_lr0.05_epochs1_mincount10_ws6_dims300,axtmord,0.8974353075027466
vitale_stella_training_data_lower_cbow_lr0.05_epochs1_mincount10_ws6_dims300,mordue,0.8651487231254578
vitale_stella_training_data_lower_cbow_lr0.05_epochs1_mincount10_ws6_dims300,sexmord,0.8569868803024292
vitale_stella_training_data_lower_cbow_lr0.05_epochs1_mincount10_ws6_dims300,mordecai,0.8550609946250916
vitale_stella_training_data_lower_cbow_lr0.05_epochs1_mincount10_ws6_dims300,raubmord,0.8482019901275635
vitale_stella_training_data_lower_cbow_lr0.05_epochs1_mincount10_ws6_dims300,rachemord,0.8430408835411072
vitale_stella_training_data_lower_cbow_lr0.05_epochs1_mincount10_ws6_dims300,doppelmord,0.8408665657043457
vitale_stella_training_data_lower_cbow_lr0.05_epochs1_mincount10_ws6_dims300,mords,0.8289176821708679
vitale_stella_training_data_lower_cbow_lr0.05_epochs1_mincount10_ws6_dims300,morde,0.8265068531036377
vitale_stella_training_data_lower_cbow_lr0.05_epochs1_mincount10_ws6_dims300,mordes,0.8205598592758179
vitale_stella_training_data_lower_cbow_lr0.05_epochs1_mincount10_ws6_dims300,lustmord,0.8196881413459778
vitale_stella_training_data_lower_cbow_lr0.05_epochs1_mincount10_ws6_dims300,mordor,0.819103479385376
vitale_stella_training_data_lower_cbow_lr0.05_epochs1_mincount10_ws6_dims300,mordfall,0.8159981966018677
vitale_stella_training_data_lower_cbow_lr0.05_epochs1_mincount10_ws6_dims300,mordswut,0.8127948641777039
vitale_stella_training_data_lower_cbow_lr0.05_epochs1_mincount10_ws6_dims300,würgemord,0.812009334564209
vitale_stella_training_data_lower_cbow_lr0.05_epochs1_mincount10_ws6_dims300,kindsmord,0.8118999004364014
vitale_stella_training_data_lower_cbow_lr0.05_epochs1_mincount10_ws6_dims300,mordlust,0.8078755140304565
vitale_stella_training_data_lower_cbow_lr0.05_epochs1_mincount10_ws6_dims300,tyrannenmord,0.8059099912643433
vitale_stella_training_data_lower_cbow_lr0.05_epochs1_mincount10_ws6_dims300,giftmord,0.8058503270149231
vitale_stella_training_data_lower_cbow_lr0.05_epochs1_mincount10_ws6_dims300,meuchelmord,0.8041594624519348
vitale_stella_training_data_lower_cbow_lr0.05_epochs1_mincount10_ws6_dims300,mordechai,0.803572952747345
vitale_stella_training_data_lower_cbow_lr0.05_epochs1_mincount10_ws6_dims300,mordet,0.803070068359375
vitale_stella_training_data_lower_cbow_lr0.05_epochs1_mincount10_ws6_dims300,mordhau,0.803064227104187
vitale_stella_training_data_lower_cbow_lr0.05_epochs1_mincount10_ws6_dims300,mordshetz,0.7991661429405212
vitale_stella_training_data_lower_cbow_lr0.05_epochs1_mincount10_ws6_dims300,gattenmord,0.7968875765800476
vitale_stella_training_data_lower_cbow_lr0.05_epochs1_mincount10_ws6_dims300,mordio,0.7964662909507751
vitale_stella_training_data_lower_cbow_lr0.05_epochs1_mincount10_ws6_dims300,mordred,0.795767605304718
vitale_stella_training_data_lower_cbow_lr0.05_epochs1_mincount10_ws6_dims300,mordkrimi,0.7944357395172119
vitale_stella_training_data_lower_cbow_lr0.05_epochs1_mincount10_ws6_dims300,politmord,0.7901408672332764
vitale_stella_training_data_lower_cbow_lr0.05_epochs1_mincount10_ws6_dims300,mordowia,0.7891672253608704
vitale_stella_training_data_lower_cbow_lr0.05_epochs1_mincount10_ws6_dims300,mordbuben,0.7850953936576843
vitale_stella_training_data_lower_cbow_lr0.05_epochs1_mincount10_ws6_dims300,babymord,0.7848362922668457
vitale_stella_training_data_lower_cbow_lr0.05_epochs1_mincount10_ws6_dims300,instamord,0.7822273373603821
vitale_stella_training_data_lower_cbow_lr0.05_epochs1_mincount10_ws6_dims300,mordsspaß,0.781883955001831
vitale_stella_training_data_lower_cbow_lr0.05_epochs1_mincount10_ws6_dims300,morden,0.7805160880088806
vitale_stella_training_data_lower_cbow_lr0.05_epochs1_mincount10_ws6_dims300,mordtag,0.7800253033638
vitale_stella_training_data_lower_cbow_lr0.05_epochs1_mincount10_ws6_dims300,goldmord,0.7796715497970581
vitale_stella_training_data_lower_cbow_lr0.05_epochs1_mincount10_ws6_dims300,mordend,0.7795361280441284
vitale_stella_training_data_lower_cbow_lr0.05_epochs1_mincount10_ws6_dims300,vatermord,0.7790247201919556
vitale_stella_training_data_lower_cbow_lr0.05_epochs1_mincount10_ws6_dims300,mordete,0.7788485288619995
vitale_stella_training_data_lower_cbow_lr0.05_epochs1_mincount10_ws6_dims300,mordversuch,0.7761332392692566
vitale_stella_training_data_lower_cbow_lr0.05_epochs1_mincount10_ws6_dims300,lynchmord,0.7754702568054199
vitale_stella_training_data_lower_cbow_lr0.05_epochs1_mincount10_ws6_dims300,brudermord,0.7737162709236145
vitale_stella_training_data_lower_cbow_lr0.05_epochs1_mincount10_ws6_dims300,mordslust,0.7702723145484924
vitale_stella_training_data_lower_cbow_lr0.05_epochs1_mincount10_ws6_dims300,seelenmord,0.7702226042747498
vitale_stella_training_data_lower_cbow_lr0.05_epochs1_mincount10_ws6_dims300,messermord,0.7695741057395935
vitale_stella_training_data_lower_cbow_lr0.05_epochs1_mincount10_ws6_dims300,rufmord,0.7691675424575806
vitale_stella_training_data_lower_cbow_lr0.05_epochs1_mincount10_ws6_dims300,foltermord,0.7686386108398438
vitale_stella_training_data_lower_cbow_lr0.05_epochs1_mincount10_ws6_dims300,rachemordes,0.7671874761581421
vitale_stella_training_data_lower_cbow_lr0.05_epochs1_mincount10_ws6_dims300,judenmord,0.7638369202613831
vitale_stella_training_data_lower_cbow_lr0.05_epochs1_mincount10_ws6_dims300,teenagermord,0.7619764804840088
vitale_stella_training_data_lower_cbow_lr0.05_epochs1_mincount10_ws6_dims300,morddelikt,0.7596822381019592
vitale_stella_training_data_lower_cbow_lr0.05_epochs1_mincount10_ws6_dims300,mordfalls,0.7586337327957153
vitale_stella_training_data_lower_cbow_lr0.05_epochs1_mincount10_ws6_dims300,doppelmordes,0.7550944685935974
vitale_stella_training_data_lower_cbow_lr0.05_epochs1_mincount10_ws6_dims300,terrormord,0.7548645734786987
vitale_stella_training_data_lower_cbow_lr0.05_epochs1_mincount10_ws6_dims300,raubmordes,0.7548075914382935
vitale_stella_training_data_lower_cbow_lr0.05_epochs1_mincount10_ws6_dims300,taximord,0.7540339231491089
vitale_stella_training_data_lower_cbow_lr0.05_epochs1_mincount10_ws6_dims300,mordstrumm,0.7534493207931519
vitale_stella_training_data_lower_cbow_lr0.05_epochs1_mincount10_ws6_dims300,mordtaten,0.752217173576355
vitale_stella_training_data_lower_cbow_lr0.05_epochs1_mincount10_ws6_dims300,mordsglück,0.7501837611198425
vitale_stella_training_data_lower_cbow_lr0.05_epochs1_mincount10_ws6_dims300,mordsmäßig,0.7490752339363098
vitale_stella_training_data_lower_cbow_lr0.05_epochs1_mincount10_ws6_dims300,mädchenmord,0.748657763004303
vitale_stella_training_data_lower_cbow_lr0.05_epochs1_mincount10_ws6_dims300,serienmord,0.7484195828437805
vitale_stella_training_data_lower_cbow_lr0.05_epochs1_mincount10_ws6_dims300,mordlüstern,0.7482494711875916
vitale_stella_training_data_lower_cbow_lr0.05_epochs1_mincount10_ws6_dims300,eifersuchtsmord,0.7480028867721558
vitale_stella_training_data_lower_cbow_lr0.05_epochs1_mincount10_ws6_dims300,discomord,0.7450920939445496
vitale_stella_training_data_lower_cbow_lr0.05_epochs1_mincount10_ws6_dims300,mordende,0.7426289319992065
vitale_stella_training_data_lower_cbow_lr0.05_epochs1_mincount10_ws6_dims300,mafiamord,0.7424486875534058
vitale_stella_training_data_lower_cbow_lr0.05_epochs1_mincount10_ws6_dims300,raubmorde,0.742073118686676
vitale_stella_training_data_lower_cbow_lr0.05_epochs1_mincount10_ws6_dims300,mordsache,0.7420211434364319
vitale_stella_training_data_lower_cbow_lr0.05_epochs1_mincount10_ws6_dims300,massenmord,0.7413721084594727
vitale_stella_training_data_lower_cbow_lr0.05_epochs1_mincount10_ws6_dims300,muttermord,0.7413281202316284
vitale_stella_training_data_lower_cbow_lr0.05_epochs1_mincount10_ws6_dims300,ehrenmord,0.7396780848503113
vitale_stella_training_data_lower_cbow_lr0.05_epochs1_mincount10_ws6_dims300,mordens,0.7381537556648254
vitale_stella_training_data_lower_cbow_lr0.05_epochs1_mincount10_ws6_dims300,morddezernat,0.7381410002708435
vitale_stella_training_data_lower_cbow_lr0.05_epochs1_mincount10_ws6_dims300,mordsgaudi,0.7379856109619141
vitale_stella_training_data_lower_cbow_lr0.05_epochs1_mincount10_ws6_dims300,mordors,0.7373934388160706
vitale_stella_training_data_lower_cbow_lr0.05_epochs1_mincount10_ws6_dims300,badewannenmord,0.7373843789100647
vitale_stella_training_data_lower_cbow_lr0.05_epochs1_mincount10_ws6_dims300,rachemorde,0.7372201085090637
vitale_stella_training_data_lower_cbow_lr0.05_epochs1_mincount10_ws6_dims300,mordrätsel,0.7366408109664917
vitale_stella_training_data_lower_cbow_lr0.05_epochs1_mincount10_ws6_dims300,mordbefehl,0.736199140548706
vitale_stella_training_data_lower_cbow_lr0.05_epochs1_mincount10_ws6_dims300,justizmord,0.7359297275543213
vitale_stella_training_data_lower_cbow_lr0.05_epochs1_mincount10_ws6_dims300,mordvideo,0.735542356967926
vitale_stella_training_data_lower_cbow_lr0.05_epochs1_mincount10_ws6_dims300,hackenmord,0.7351412773132324
vitale_stella_training_data_lower_cbow_lr0.05_epochs1_mincount10_ws6_dims300,mordkomplott,0.7348271608352661
vitale_stella_training_data_lower_cbow_lr0.05_epochs1_mincount10_ws6_dims300,feuermord,0.7346857786178589
vitale_stella_training_data_lower_cbow_lr0.05_epochs1_mincount10_ws6_dims300,mordvorwurf,0.7346332669258118
vitale_stella_training_data_lower_cbow_lr0.05_epochs1_mincount10_ws6_dims300,kindsmordes,0.7342403531074524
vitale_stella_training_data_lower_cbow_lr0.05_epochs1_mincount10_ws6_dims300,mordvorsatz,0.7326738834381104
vitale_stella_training_data_lower_cbow_lr0.05_epochs1_mincount10_ws6_dims300,mordthese,0.7325533628463745
vitale_stella_training_data_lower_cbow_lr0.05_epochs1_mincount10_ws6_dims300,giftmordes,0.7320801615715027
vitale_stella_training_data_lower_cbow_lr0.05_epochs1_mincount10_ws6_dims300,mordplan,0.7318181395530701
vitale_stella_training_data_lower_cbow_lr0.05_epochs1_mincount10_ws6_dims300,mordserie,0.7316479086875916
vitale_stella_training_data_lower_cbow_lr0.05_epochs1_mincount10_ws6_dims300,zeugenmord,0.7314289808273315
vitale_stella_training_data_lower_cbow_lr0.05_epochs1_mincount10_ws6_dims300,raubmords,0.7310997843742371
vitale_stella_training_data_lower_cbow_lr0.05_epochs1_mincount10_ws6_dims300,morderator,0.7306988835334778
vitale_stella_training_data_lower_cbow_lr0.05_epochs1_mincount10_ws6_dims300,doppelmorde,0.729850172996521
vitale_stella_training_data_lower_cbow_lr0.05_epochs1_mincount10_ws6_dims300,mordurteil,0.729458749294281
vitale_stella_training_data_lower_cbow_lr0.05_epochs1_mincount10_ws6_dims300,mordmotive,0.7294362783432007
mutige_julia_training_data_lower_cbow_lr0.05_epochs1_mincount50_ws6_dims300,mordtat,0.8869877457618713
mutige_julia_training_data_lower_cbow_lr0.05_epochs1_mincount50_ws6_dims300,raubmord,0.856870710849762
mutige_julia_training_data_lower_cbow_lr0.05_epochs1_mincount50_ws6_dims300,doppelmord,0.8426978588104248
mutige_julia_training_data_lower_cbow_lr0.05_epochs1_mincount50_ws6_dims300,mords,0.8382241129875183
mutige_julia_training_data_lower_cbow_lr0.05_epochs1_mincount50_ws6_dims300,mordor,0.8334237933158875
mutige_julia_training_data_lower_cbow_lr0.05_epochs1_mincount50_ws6_dims300,rachemord,0.8307269215583801
mutige_julia_training_data_lower_cbow_lr0.05_epochs1_mincount50_ws6_dims300,morde,0.8185781240463257
mutige_julia_training_data_lower_cbow_lr0.05_epochs1_mincount50_ws6_dims300,mordfall,0.8086485266685486
mutige_julia_training_data_lower_cbow_lr0.05_epochs1_mincount50_ws6_dims300,giftmord,0.8045887351036072
mutige_julia_training_data_lower_cbow_lr0.05_epochs1_mincount50_ws6_dims300,meuchelmord,0.8021150827407837
mutige_julia_training_data_lower_cbow_lr0.05_epochs1_mincount50_ws6_dims300,mordes,0.7994709014892578
mutige_julia_training_data_lower_cbow_lr0.05_epochs1_mincount50_ws6_dims300,kindsmord,0.7935070991516113
mutige_julia_training_data_lower_cbow_lr0.05_epochs1_mincount50_ws6_dims300,mordio,0.7926392555236816
mutige_julia_training_data_lower_cbow_lr0.05_epochs1_mincount50_ws6_dims300,mordlust,0.788787305355072
mutige_julia_training_data_lower_cbow_lr0.05_epochs1_mincount50_ws6_dims300,rufmord,0.7857500314712524
mutige_julia_training_data_lower_cbow_lr0.05_epochs1_mincount50_ws6_dims300,mordet,0.7824996709823608
mutige_julia_training_data_lower_cbow_lr0.05_epochs1_mincount50_ws6_dims300,tyrannenmord,0.7792792320251465
mutige_julia_training_data_lower_cbow_lr0.05_epochs1_mincount50_ws6_dims300,mordechai,0.7788695096969604
mutige_julia_training_data_lower_cbow_lr0.05_epochs1_mincount50_ws6_dims300,vatermord,0.7784649133682251
mutige_julia_training_data_lower_cbow_lr0.05_epochs1_mincount50_ws6_dims300,mordsspaß,0.7758280634880066
mutige_julia_training_data_lower_cbow_lr0.05_epochs1_mincount50_ws6_dims300,mordete,0.7752109169960022
mutige_julia_training_data_lower_cbow_lr0.05_epochs1_mincount50_ws6_dims300,mordversuch,0.7751917243003845
mutige_julia_training_data_lower_cbow_lr0.05_epochs1_mincount50_ws6_dims300,goldmord,0.7729567289352417
mutige_julia_training_data_lower_cbow_lr0.05_epochs1_mincount50_ws6_dims300,morden,0.7676190733909607
mutige_julia_training_data_lower_cbow_lr0.05_epochs1_mincount50_ws6_dims300,mordend,0.7635989785194397
mutige_julia_training_data_lower_cbow_lr0.05_epochs1_mincount50_ws6_dims300,raubmordes,0.7596560716629028
mutige_julia_training_data_lower_cbow_lr0.05_epochs1_mincount50_ws6_dims300,lynchmord,0.7587416172027588
mutige_julia_training_data_lower_cbow_lr0.05_epochs1_mincount50_ws6_dims300,brudermord,0.7539324164390564
mutige_julia_training_data_lower_cbow_lr0.05_epochs1_mincount50_ws6_dims300,messermord,0.7537989020347595
mutige_julia_training_data_lower_cbow_lr0.05_epochs1_mincount50_ws6_dims300,mordtaten,0.7477816939353943
mutige_julia_training_data_lower_cbow_lr0.05_epochs1_mincount50_ws6_dims300,mordfalls,0.74701988697052
mutige_julia_training_data_lower_cbow_lr0.05_epochs1_mincount50_ws6_dims300,doppelmordes,0.7456284165382385
mutige_julia_training_data_lower_cbow_lr0.05_epochs1_mincount50_ws6_dims300,muttermord,0.7411415576934814
mutige_julia_training_data_lower_cbow_lr0.05_epochs1_mincount50_ws6_dims300,doppelmords,0.738014280796051
mutige_julia_training_data_lower_cbow_lr0.05_epochs1_mincount50_ws6_dims300,mordvorwurf,0.7372575402259827
mutige_julia_training_data_lower_cbow_lr0.05_epochs1_mincount50_ws6_dims300,mordende,0.735674262046814
mutige_julia_training_data_lower_cbow_lr0.05_epochs1_mincount50_ws6_dims300,mordserie,0.735645592212677
mutige_julia_training_data_lower_cbow_lr0.05_epochs1_mincount50_ws6_dims300,mordkomplott,0.7347019910812378
mutige_julia_training_data_lower_cbow_lr0.05_epochs1_mincount50_ws6_dims300,judenmord,0.7343462109565735
mutige_julia_training_data_lower_cbow_lr0.05_epochs1_mincount50_ws6_dims300,sexualmord,0.7342166304588318
mutige_julia_training_data_lower_cbow_lr0.05_epochs1_mincount50_ws6_dims300,serienmord,0.7338631749153137
mutige_julia_training_data_lower_cbow_lr0.05_epochs1_mincount50_ws6_dims300,eifersuchtsmord,0.7333263158798218
mutige_julia_training_data_lower_cbow_lr0.05_epochs1_mincount50_ws6_dims300,mordplan,0.7326849102973938
mutige_julia_training_data_lower_cbow_lr0.05_epochs1_mincount50_ws6_dims300,mordvideo,0.7311334013938904
mutige_julia_training_data_lower_cbow_lr0.05_epochs1_mincount50_ws6_dims300,mordsgaudi,0.7308235764503479
mutige_julia_training_data_lower_cbow_lr0.05_epochs1_mincount50_ws6_dims300,mordillo,0.7307422161102295
mutige_julia_training_data_lower_cbow_lr0.05_epochs1_mincount50_ws6_dims300,ritualmord,0.7282611727714539
mutige_julia_training_data_lower_cbow_lr0.05_epochs1_mincount50_ws6_dims300,mordvorsatz,0.7246057391166687
mutige_julia_training_data_lower_cbow_lr0.05_epochs1_mincount50_ws6_dims300,massenmord,0.7241361737251282
mutige_julia_training_data_lower_cbow_lr0.05_epochs1_mincount50_ws6_dims300,mordnacht,0.7240732908248901
mutige_julia_training_data_lower_cbow_lr0.05_epochs1_mincount50_ws6_dims300,mädchenmord,0.7238737940788269
mutige_julia_training_data_lower_cbow_lr0.05_epochs1_mincount50_ws6_dims300,mordurteil,0.722943127155304
mutige_julia_training_data_lower_cbow_lr0.05_epochs1_mincount50_ws6_dims300,ehrenmord,0.7222774028778076
mutige_julia_training_data_lower_cbow_lr0.05_epochs1_mincount50_ws6_dims300,mordens,0.7212700843811035
mutige_julia_training_data_lower_cbow_lr0.05_epochs1_mincount50_ws6_dims300,mordmotiv,0.7210109233856201
mutige_julia_training_data_lower_cbow_lr0.05_epochs1_mincount50_ws6_dims300,mordkomplotts,0.7118290066719055
mutige_julia_training_data_lower_cbow_lr0.05_epochs1_mincount50_ws6_dims300,mordfalles,0.7101542353630066
mutige_julia_training_data_lower_cbow_lr0.05_epochs1_mincount50_ws6_dims300,selbstmord,0.7091760039329529
mutige_julia_training_data_lower_cbow_lr0.05_epochs1_mincount50_ws6_dims300,dreifachmord,0.7087109088897705
mutige_julia_training_data_lower_cbow_lr0.05_epochs1_mincount50_ws6_dims300,vierfachmord,0.7080199122428894
mutige_julia_training_data_lower_cbow_lr0.05_epochs1_mincount50_ws6_dims300,mordeten,0.7066724300384521
mutige_julia_training_data_lower_cbow_lr0.05_epochs1_mincount50_ws6_dims300,kindesmord,0.7066693305969238
mutige_julia_training_data_lower_cbow_lr0.05_epochs1_mincount50_ws6_dims300,mordversuchs,0.7024031281471252
mutige_julia_training_data_lower_cbow_lr0.05_epochs1_mincount50_ws6_dims300,mordserien,0.7020550966262817
mutige_julia_training_data_lower_cbow_lr0.05_epochs1_mincount50_ws6_dims300,bluttat,0.7013309597969055
mutige_julia_training_data_lower_cbow_lr0.05_epochs1_mincount50_ws6_dims300,königsmord,0.7008920311927795
mutige_julia_training_data_lower_cbow_lr0.05_epochs1_mincount50_ws6_dims300,mordopfer,0.6989284753799438
mutige_julia_training_data_lower_cbow_lr0.05_epochs1_mincount50_ws6_dims300,mordversuche,0.6988467574119568
mutige_julia_training_data_lower_cbow_lr0.05_epochs1_mincount50_ws6_dims300,kindermord,0.6940244436264038
mutige_julia_training_data_lower_cbow_lr0.05_epochs1_mincount50_ws6_dims300,mordverdächtige,0.6918230056762695
mutige_julia_training_data_lower_cbow_lr0.05_epochs1_mincount50_ws6_dims300,mordanklage,0.6909224987030029
mutige_julia_training_data_lower_cbow_lr0.05_epochs1_mincount50_ws6_dims300,fünffachmord,0.6889954805374146
mutige_julia_training_data_lower_cbow_lr0.05_epochs1_mincount50_ws6_dims300,frauenmord,0.6871415376663208
mutige_julia_training_data_lower_cbow_lr0.05_epochs1_mincount50_ws6_dims300,mordanschlag,0.6864449381828308
mutige_julia_training_data_lower_cbow_lr0.05_epochs1_mincount50_ws6_dims300,mordverdächtiger,0.6863080263137817
mutige_julia_training_data_lower_cbow_lr0.05_epochs1_mincount50_ws6_dims300,ermordung,0.6823462843894958
mutige_julia_training_data_lower_cbow_lr0.05_epochs1_mincount50_ws6_dims300,mordender,0.6818713545799255
mutige_julia_training_data_lower_cbow_lr0.05_epochs1_mincount50_ws6_dims300,mordprozess,0.678331196308136
mutige_julia_training_data_lower_cbow_lr0.05_epochs1_mincount50_ws6_dims300,polizistenmord,0.6770380735397339
mutige_julia_training_data_lower_cbow_lr0.05_epochs1_mincount50_ws6_dims300,mordverdächtigen,0.6765933632850647
mutige_julia_training_data_lower_cbow_lr0.05_epochs1_mincount50_ws6_dims300,mordgruppe,0.6717173457145691
mutige_julia_training_data_lower_cbow_lr0.05_epochs1_mincount50_ws6_dims300,mordenden,0.6694843173027039
mutige_julia_training_data_lower_cbow_lr0.05_epochs1_mincount50_ws6_dims300,mordwaffe,0.6691720485687256
mutige_julia_training_data_lower_cbow_lr0.05_epochs1_mincount50_ws6_dims300,mordversuches,0.6691123843193054
mutige_julia_training_data_lower_cbow_lr0.05_epochs1_mincount50_ws6_dims300,raubmörder,0.6679088473320007
mutige_julia_training_data_lower_cbow_lr0.05_epochs1_mincount50_ws6_dims300,mordaunt,0.667052149772644
mutige_julia_training_data_lower_cbow_lr0.05_epochs1_mincount50_ws6_dims300,mordaufruf,0.6660079956054688
mutige_julia_training_data_lower_cbow_lr0.05_epochs1_mincount50_ws6_dims300,mordfälle,0.6656457781791687
mutige_julia_training_data_lower_cbow_lr0.05_epochs1_mincount50_ws6_dims300,doppelselbstmord,0.6618039011955261
mutige_julia_training_data_lower_cbow_lr0.05_epochs1_mincount50_ws6_dims300,auftragsmord,0.660933792591095
mutige_julia_training_data_lower_cbow_lr0.05_epochs1_mincount50_ws6_dims300,tötungsdelikt,0.659902036190033
mutige_julia_training_data_lower_cbow_lr0.05_epochs1_mincount50_ws6_dims300,mordfällen,0.6590123772621155
mutige_julia_training_data_lower_cbow_lr0.05_epochs1_mincount50_ws6_dims300,mordopfern,0.6578736305236816
mutige_julia_training_data_lower_cbow_lr0.05_epochs1_mincount50_ws6_dims300,ermorden,0.6574884653091431
mutige_julia_training_data_lower_cbow_lr0.05_epochs1_mincount50_ws6_dims300,massenmordes,0.6554955840110779
mutige_julia_training_data_lower_cbow_lr0.05_epochs1_mincount50_ws6_dims300,mordermittler,0.6553606390953064
mutige_julia_training_data_lower_cbow_lr0.05_epochs1_mincount50_ws6_dims300,mordopfers,0.6547581553459167
mutige_julia_training_data_lower_cbow_lr0.05_epochs1_mincount50_ws6_dims300,selbstmordes,0.6541826725006104
mutige_julia_training_data_lower_cbow_lr0.05_epochs1_mincount50_ws6_dims300,handgranatenmord,0.6533377766609192
mutige_julia_training_data_lower_cbow_lr0.05_epochs1_mincount50_ws6_dims300,ermordeter,0.6526846289634705
kreativer_linus_training_data_lower_cbow_lr0.05_epochs1_mincount10_ws12_dims300,mordtat,0.8929409384727478
kreativer_linus_training_data_lower_cbow_lr0.05_epochs1_mincount10_ws12_dims300,axtmord,0.8798916935920715
kreativer_linus_training_data_lower_cbow_lr0.05_epochs1_mincount10_ws12_dims300,mordue,0.8675261735916138
kreativer_linus_training_data_lower_cbow_lr0.05_epochs1_mincount10_ws12_dims300,mordecai,0.8554311394691467
kreativer_linus_training_data_lower_cbow_lr0.05_epochs1_mincount10_ws12_dims300,morde,0.8445029258728027
kreativer_linus_training_data_lower_cbow_lr0.05_epochs1_mincount10_ws12_dims300,mordor,0.8414180874824524
kreativer_linus_training_data_lower_cbow_lr0.05_epochs1_mincount10_ws12_dims300,mords,0.8359764814376831
kreativer_linus_training_data_lower_cbow_lr0.05_epochs1_mincount10_ws12_dims300,doppelmord,0.8321840167045593
kreativer_linus_training_data_lower_cbow_lr0.05_epochs1_mincount10_ws12_dims300,sexmord,0.8230435848236084
kreativer_linus_training_data_lower_cbow_lr0.05_epochs1_mincount10_ws12_dims300,raubmord,0.8216802477836609
kreativer_linus_training_data_lower_cbow_lr0.05_epochs1_mincount10_ws12_dims300,mordes,0.8212884664535522
kreativer_linus_training_data_lower_cbow_lr0.05_epochs1_mincount10_ws12_dims300,mordfall,0.821164071559906
kreativer_linus_training_data_lower_cbow_lr0.05_epochs1_mincount10_ws12_dims300,rachemord,0.820229709148407
kreativer_linus_training_data_lower_cbow_lr0.05_epochs1_mincount10_ws12_dims300,mordowia,0.8180437088012695
kreativer_linus_training_data_lower_cbow_lr0.05_epochs1_mincount10_ws12_dims300,mordhau,0.8162909150123596
kreativer_linus_training_data_lower_cbow_lr0.05_epochs1_mincount10_ws12_dims300,mordet,0.8106122612953186
kreativer_linus_training_data_lower_cbow_lr0.05_epochs1_mincount10_ws12_dims300,mordswut,0.8093536496162415
kreativer_linus_training_data_lower_cbow_lr0.05_epochs1_mincount10_ws12_dims300,tyrannenmord,0.8052737712860107
kreativer_linus_training_data_lower_cbow_lr0.05_epochs1_mincount10_ws12_dims300,mordete,0.8034074306488037
kreativer_linus_training_data_lower_cbow_lr0.05_epochs1_mincount10_ws12_dims300,würgemord,0.8022916316986084
kreativer_linus_training_data_lower_cbow_lr0.05_epochs1_mincount10_ws12_dims300,mordlust,0.8006638288497925
kreativer_linus_training_data_lower_cbow_lr0.05_epochs1_mincount10_ws12_dims300,mordechai,0.7994362115859985
kreativer_linus_training_data_lower_cbow_lr0.05_epochs1_mincount10_ws12_dims300,mordshetz,0.79917311668396
kreativer_linus_training_data_lower_cbow_lr0.05_epochs1_mincount10_ws12_dims300,mordred,0.7974462509155273
kreativer_linus_training_data_lower_cbow_lr0.05_epochs1_mincount10_ws12_dims300,gattenmord,0.7962334752082825
kreativer_linus_training_data_lower_cbow_lr0.05_epochs1_mincount10_ws12_dims300,morden,0.7939319610595703
kreativer_linus_training_data_lower_cbow_lr0.05_epochs1_mincount10_ws12_dims300,mordio,0.7937102913856506
kreativer_linus_training_data_lower_cbow_lr0.05_epochs1_mincount10_ws12_dims300,mordend,0.7924196124076843
kreativer_linus_training_data_lower_cbow_lr0.05_epochs1_mincount10_ws12_dims300,lustmord,0.7917946577072144
kreativer_linus_training_data_lower_cbow_lr0.05_epochs1_mincount10_ws12_dims300,kindsmord,0.7836865782737732
kreativer_linus_training_data_lower_cbow_lr0.05_epochs1_mincount10_ws12_dims300,mordkrimi,0.783641517162323
kreativer_linus_training_data_lower_cbow_lr0.05_epochs1_mincount10_ws12_dims300,instamord,0.7772097587585449
kreativer_linus_training_data_lower_cbow_lr0.05_epochs1_mincount10_ws12_dims300,giftmord,0.7762237191200256
kreativer_linus_training_data_lower_cbow_lr0.05_epochs1_mincount10_ws12_dims300,mordfalls,0.7751830816268921
kreativer_linus_training_data_lower_cbow_lr0.05_epochs1_mincount10_ws12_dims300,meuchelmord,0.7746109366416931
kreativer_linus_training_data_lower_cbow_lr0.05_epochs1_mincount10_ws12_dims300,mordbuben,0.7728403210639954
kreativer_linus_training_data_lower_cbow_lr0.05_epochs1_mincount10_ws12_dims300,mordtag,0.7719399333000183
kreativer_linus_training_data_lower_cbow_lr0.05_epochs1_mincount10_ws12_dims300,seelenmord,0.770555317401886
kreativer_linus_training_data_lower_cbow_lr0.05_epochs1_mincount10_ws12_dims300,mordslust,0.7689585089683533
kreativer_linus_training_data_lower_cbow_lr0.05_epochs1_mincount10_ws12_dims300,mordstrumm,0.7655584812164307
kreativer_linus_training_data_lower_cbow_lr0.05_epochs1_mincount10_ws12_dims300,brudermord,0.764995276927948
kreativer_linus_training_data_lower_cbow_lr0.05_epochs1_mincount10_ws12_dims300,lynchmord,0.7645891308784485
kreativer_linus_training_data_lower_cbow_lr0.05_epochs1_mincount10_ws12_dims300,mordsspaß,0.7635007500648499
kreativer_linus_training_data_lower_cbow_lr0.05_epochs1_mincount10_ws12_dims300,mordtaten,0.7618061900138855
kreativer_linus_training_data_lower_cbow_lr0.05_epochs1_mincount10_ws12_dims300,babymord,0.7610477805137634
kreativer_linus_training_data_lower_cbow_lr0.05_epochs1_mincount10_ws12_dims300,mordors,0.7596450448036194
kreativer_linus_training_data_lower_cbow_lr0.05_epochs1_mincount10_ws12_dims300,mordsmäßig,0.7594360113143921
kreativer_linus_training_data_lower_cbow_lr0.05_epochs1_mincount10_ws12_dims300,vatermord,0.7572770714759827
kreativer_linus_training_data_lower_cbow_lr0.05_epochs1_mincount10_ws12_dims300,mordende,0.7560800313949585
kreativer_linus_training_data_lower_cbow_lr0.05_epochs1_mincount10_ws12_dims300,mordsache,0.7540959715843201
kreativer_linus_training_data_lower_cbow_lr0.05_epochs1_mincount10_ws12_dims300,mordserie,0.753618597984314
kreativer_linus_training_data_lower_cbow_lr0.05_epochs1_mincount10_ws12_dims300,rufmord,0.7521462440490723
kreativer_linus_training_data_lower_cbow_lr0.05_epochs1_mincount10_ws12_dims300,mordsglück,0.7502935528755188
kreativer_linus_training_data_lower_cbow_lr0.05_epochs1_mincount10_ws12_dims300,politmord,0.7496083974838257
kreativer_linus_training_data_lower_cbow_lr0.05_epochs1_mincount10_ws12_dims300,foltermord,0.7485668659210205
kreativer_linus_training_data_lower_cbow_lr0.05_epochs1_mincount10_ws12_dims300,mordmotiv,0.7478853464126587
kreativer_linus_training_data_lower_cbow_lr0.05_epochs1_mincount10_ws12_dims300,mordlüstern,0.7477214932441711
kreativer_linus_training_data_lower_cbow_lr0.05_epochs1_mincount10_ws12_dims300,mordnacht,0.7470343708992004
kreativer_linus_training_data_lower_cbow_lr0.05_epochs1_mincount10_ws12_dims300,teenagermord,0.7465417385101318
kreativer_linus_training_data_lower_cbow_lr0.05_epochs1_mincount10_ws12_dims300,rachemordes,0.7448589205741882
kreativer_linus_training_data_lower_cbow_lr0.05_epochs1_mincount10_ws12_dims300,mordversuch,0.7434748411178589
kreativer_linus_training_data_lower_cbow_lr0.05_epochs1_mincount10_ws12_dims300,mordfalles,0.7430676221847534
kreativer_linus_training_data_lower_cbow_lr0.05_epochs1_mincount10_ws12_dims300,goldmord,0.7416297793388367
kreativer_linus_training_data_lower_cbow_lr0.05_epochs1_mincount10_ws12_dims300,mordens,0.7415988445281982
kreativer_linus_training_data_lower_cbow_lr0.05_epochs1_mincount10_ws12_dims300,morddezernat,0.7408961057662964
kreativer_linus_training_data_lower_cbow_lr0.05_epochs1_mincount10_ws12_dims300,doppelmorde,0.7378182411193848
kreativer_linus_training_data_lower_cbow_lr0.05_epochs1_mincount10_ws12_dims300,mordthese,0.7374022006988525
kreativer_linus_training_data_lower_cbow_lr0.05_epochs1_mincount10_ws12_dims300,mordmotive,0.7362944483757019
kreativer_linus_training_data_lower_cbow_lr0.05_epochs1_mincount10_ws12_dims300,morddelikt,0.7357574105262756
kreativer_linus_training_data_lower_cbow_lr0.05_epochs1_mincount10_ws12_dims300,serienmord,0.735142171382904
kreativer_linus_training_data_lower_cbow_lr0.05_epochs1_mincount10_ws12_dims300,mordabend,0.7342912554740906
kreativer_linus_training_data_lower_cbow_lr0.05_epochs1_mincount10_ws12_dims300,mordrätsel,0.7342178821563721
kreativer_linus_training_data_lower_cbow_lr0.05_epochs1_mincount10_ws12_dims300,doppelmordes,0.7328414916992188
kreativer_linus_training_data_lower_cbow_lr0.05_epochs1_mincount10_ws12_dims300,rachemorde,0.7325931787490845
kreativer_linus_training_data_lower_cbow_lr0.05_epochs1_mincount10_ws12_dims300,mordhaus,0.7321651577949524
kreativer_linus_training_data_lower_cbow_lr0.05_epochs1_mincount10_ws12_dims300,eifersuchtsmord,0.732028067111969
kreativer_linus_training_data_lower_cbow_lr0.05_epochs1_mincount10_ws12_dims300,morderator,0.7315790057182312
kreativer_linus_training_data_lower_cbow_lr0.05_epochs1_mincount10_ws12_dims300,raubmordes,0.7315362691879272
kreativer_linus_training_data_lower_cbow_lr0.05_epochs1_mincount10_ws12_dims300,raubmorde,0.7313076853752136
kreativer_linus_training_data_lower_cbow_lr0.05_epochs1_mincount10_ws12_dims300,mafiamord,0.7302419543266296
kreativer_linus_training_data_lower_cbow_lr0.05_epochs1_mincount10_ws12_dims300,mordplan,0.7297914028167725
kreativer_linus_training_data_lower_cbow_lr0.05_epochs1_mincount10_ws12_dims300,mordkomplott,0.7292612195014954
kreativer_linus_training_data_lower_cbow_lr0.05_epochs1_mincount10_ws12_dims300,messermord,0.7285007834434509
kreativer_linus_training_data_lower_cbow_lr0.05_epochs1_mincount10_ws12_dims300,mordvorsatz,0.728032112121582
kreativer_linus_training_data_lower_cbow_lr0.05_epochs1_mincount10_ws12_dims300,taximord,0.7276116013526917
kreativer_linus_training_data_lower_cbow_lr0.05_epochs1_mincount10_ws12_dims300,ermorde,0.7256453633308411
kreativer_linus_training_data_lower_cbow_lr0.05_epochs1_mincount10_ws12_dims300,mordeten,0.7255774140357971
kreativer_linus_training_data_lower_cbow_lr0.05_epochs1_mincount10_ws12_dims300,terrormord,0.7249193787574768
kreativer_linus_training_data_lower_cbow_lr0.05_epochs1_mincount10_ws12_dims300,morderger,0.7227098345756531
kreativer_linus_training_data_lower_cbow_lr0.05_epochs1_mincount10_ws12_dims300,mordendes,0.7217329144477844
kreativer_linus_training_data_lower_cbow_lr0.05_epochs1_mincount10_ws12_dims300,muttermord,0.7216770052909851
kreativer_linus_training_data_lower_cbow_lr0.05_epochs1_mincount10_ws12_dims300,mordvorwurf,0.7216061353683472
kreativer_linus_training_data_lower_cbow_lr0.05_epochs1_mincount10_ws12_dims300,mordvideo,0.7210720181465149
kreativer_linus_training_data_lower_cbow_lr0.05_epochs1_mincount10_ws12_dims300,mordsgaudi,0.7205132842063904
kreativer_linus_training_data_lower_cbow_lr0.05_epochs1_mincount10_ws12_dims300,mordbefehl,0.7197233438491821
kreativer_linus_training_data_lower_cbow_lr0.05_epochs1_mincount10_ws12_dims300,massenmord,0.7196911573410034
kreativer_linus_training_data_lower_cbow_lr0.05_epochs1_mincount10_ws12_dims300,mordskandal,0.7194045782089233
kreativer_linus_training_data_lower_cbow_lr0.05_epochs1_mincount10_ws12_dims300,mordszene,0.7193393111228943
kreativer_linus_training_data_lower_cbow_lr0.05_epochs1_mincount10_ws12_dims300,mordshunger,0.7185016870498657
kreativer_linus_training_data_lower_cbow_lr0.05_epochs1_mincount10_ws12_dims300,mordlustige,0.7175777554512024
geniale_josefine_training_data_cbow_lr0.05_epochs1_mincount100_ws12_dims300,mordtat,0.8856347799301147
geniale_josefine_training_data_cbow_lr0.05_epochs1_mincount100_ws12_dims300,mords,0.8382623791694641
geniale_josefine_training_data_cbow_lr0.05_epochs1_mincount100_ws12_dims300,morde,0.8353078365325928
geniale_josefine_training_data_cbow_lr0.05_epochs1_mincount100_ws12_dims300,mordlust,0.8258694410324097
geniale_josefine_training_data_cbow_lr0.05_epochs1_mincount100_ws12_dims300,mordechai,0.822363555431366
geniale_josefine_training_data_cbow_lr0.05_epochs1_mincount100_ws12_dims300,mordfall,0.8187488913536072
geniale_josefine_training_data_cbow_lr0.05_epochs1_mincount100_ws12_dims300,mordes,0.8077040910720825
geniale_josefine_training_data_cbow_lr0.05_epochs1_mincount100_ws12_dims300,raubmord,0.7974379062652588
geniale_josefine_training_data_cbow_lr0.05_epochs1_mincount100_ws12_dims300,mordor,0.7973389625549316
geniale_josefine_training_data_cbow_lr0.05_epochs1_mincount100_ws12_dims300,doppelmord,0.7821760177612305
geniale_josefine_training_data_cbow_lr0.05_epochs1_mincount100_ws12_dims300,morden,0.7772471904754639
geniale_josefine_training_data_cbow_lr0.05_epochs1_mincount100_ws12_dims300,rachemord,0.7705255150794983
geniale_josefine_training_data_cbow_lr0.05_epochs1_mincount100_ws12_dims300,mordfalls,0.761454701423645
geniale_josefine_training_data_cbow_lr0.05_epochs1_mincount100_ws12_dims300,mordnacht,0.7586557865142822
geniale_josefine_training_data_cbow_lr0.05_epochs1_mincount100_ws12_dims300,mordversuch,0.7572466731071472
geniale_josefine_training_data_cbow_lr0.05_epochs1_mincount100_ws12_dims300,mordmotiv,0.754580020904541
geniale_josefine_training_data_cbow_lr0.05_epochs1_mincount100_ws12_dims300,mordserie,0.745989978313446
geniale_josefine_training_data_cbow_lr0.05_epochs1_mincount100_ws12_dims300,giftmord,0.7440001964569092
geniale_josefine_training_data_cbow_lr0.05_epochs1_mincount100_ws12_dims300,mordvorwurf,0.7408938407897949
geniale_josefine_training_data_cbow_lr0.05_epochs1_mincount100_ws12_dims300,mordens,0.7391276955604553
geniale_josefine_training_data_cbow_lr0.05_epochs1_mincount100_ws12_dims300,mordtaten,0.7288787961006165
geniale_josefine_training_data_cbow_lr0.05_epochs1_mincount100_ws12_dims300,mordurteil,0.7189918756484985
geniale_josefine_training_data_cbow_lr0.05_epochs1_mincount100_ws12_dims300,mordillo,0.7172605991363525
geniale_josefine_training_data_cbow_lr0.05_epochs1_mincount100_ws12_dims300,mordplan,0.7157419323921204
geniale_josefine_training_data_cbow_lr0.05_epochs1_mincount100_ws12_dims300,raubmordes,0.71390700340271
geniale_josefine_training_data_cbow_lr0.05_epochs1_mincount100_ws12_dims300,mordanschlag,0.7119983434677124
geniale_josefine_training_data_cbow_lr0.05_epochs1_mincount100_ws12_dims300,vatermord,0.7112411856651306
geniale_josefine_training_data_cbow_lr0.05_epochs1_mincount100_ws12_dims300,kindsmord,0.7105239629745483
geniale_josefine_training_data_cbow_lr0.05_epochs1_mincount100_ws12_dims300,mordvorsatz,0.7095893025398254
geniale_josefine_training_data_cbow_lr0.05_epochs1_mincount100_ws12_dims300,doppelmordes,0.7091472744941711
geniale_josefine_training_data_cbow_lr0.05_epochs1_mincount100_ws12_dims300,mordfälle,0.7080881595611572
geniale_josefine_training_data_cbow_lr0.05_epochs1_mincount100_ws12_dims300,mordversuchs,0.707356870174408
geniale_josefine_training_data_cbow_lr0.05_epochs1_mincount100_ws12_dims300,mordverdächtige,0.7031878232955933
geniale_josefine_training_data_cbow_lr0.05_epochs1_mincount100_ws12_dims300,brudermord,0.7016797661781311
geniale_josefine_training_data_cbow_lr0.05_epochs1_mincount100_ws12_dims300,mordkomplott,0.7003584504127502
geniale_josefine_training_data_cbow_lr0.05_epochs1_mincount100_ws12_dims300,dreifachmord,0.6954165101051331
geniale_josefine_training_data_cbow_lr0.05_epochs1_mincount100_ws12_dims300,messermord,0.6953959465026855
geniale_josefine_training_data_cbow_lr0.05_epochs1_mincount100_ws12_dims300,mordwaffe,0.6894169449806213
geniale_josefine_training_data_cbow_lr0.05_epochs1_mincount100_ws12_dims300,mordopfer,0.6849654912948608
geniale_josefine_training_data_cbow_lr0.05_epochs1_mincount100_ws12_dims300,mordanklage,0.6846370100975037
geniale_josefine_training_data_cbow_lr0.05_epochs1_mincount100_ws12_dims300,vierfachmord,0.6828380227088928
geniale_josefine_training_data_cbow_lr0.05_epochs1_mincount100_ws12_dims300,lynchmord,0.6826940178871155
geniale_josefine_training_data_cbow_lr0.05_epochs1_mincount100_ws12_dims300,mordverdächtiger,0.6795547008514404
geniale_josefine_training_data_cbow_lr0.05_epochs1_mincount100_ws12_dims300,ermordet,0.678923487663269
geniale_josefine_training_data_cbow_lr0.05_epochs1_mincount100_ws12_dims300,massenmord,0.6765862703323364
geniale_josefine_training_data_cbow_lr0.05_epochs1_mincount100_ws12_dims300,mordverdächtigen,0.6761431097984314
geniale_josefine_training_data_cbow_lr0.05_epochs1_mincount100_ws12_dims300,mordaufruf,0.6758664846420288
geniale_josefine_training_data_cbow_lr0.05_epochs1_mincount100_ws12_dims300,mordfantasien,0.6754600405693054
geniale_josefine_training_data_cbow_lr0.05_epochs1_mincount100_ws12_dims300,selbstmord,0.6753919720649719
geniale_josefine_training_data_cbow_lr0.05_epochs1_mincount100_ws12_dims300,bluttat,0.6731538772583008
geniale_josefine_training_data_cbow_lr0.05_epochs1_mincount100_ws12_dims300,mordversuche,0.6729475259780884
geniale_josefine_training_data_cbow_lr0.05_epochs1_mincount100_ws12_dims300,doppelmords,0.670854389667511
geniale_josefine_training_data_cbow_lr0.05_epochs1_mincount100_ws12_dims300,fünffachmord,0.6680623888969421
geniale_josefine_training_data_cbow_lr0.05_epochs1_mincount100_ws12_dims300,mordanschlags,0.6677354574203491
geniale_josefine_training_data_cbow_lr0.05_epochs1_mincount100_ws12_dims300,mordfällen,0.6677082180976868
geniale_josefine_training_data_cbow_lr0.05_epochs1_mincount100_ws12_dims300,mordprozess,0.6676511168479919
geniale_josefine_training_data_cbow_lr0.05_epochs1_mincount100_ws12_dims300,mordabsicht,0.666419267654419
geniale_josefine_training_data_cbow_lr0.05_epochs1_mincount100_ws12_dims300,mordkomplotts,0.6663274765014648
geniale_josefine_training_data_cbow_lr0.05_epochs1_mincount100_ws12_dims300,mordversuches,0.6654173731803894
geniale_josefine_training_data_cbow_lr0.05_epochs1_mincount100_ws12_dims300,mädchenmord,0.6647215485572815
geniale_josefine_training_data_cbow_lr0.05_epochs1_mincount100_ws12_dims300,mordermittler,0.6625229120254517
geniale_josefine_training_data_cbow_lr0.05_epochs1_mincount100_ws12_dims300,mordopfern,0.6608560681343079
geniale_josefine_training_data_cbow_lr0.05_epochs1_mincount100_ws12_dims300,mordgruppe,0.6594655513763428
geniale_josefine_training_data_cbow_lr0.05_epochs1_mincount100_ws12_dims300,mordaunt,0.6582830548286438
geniale_josefine_training_data_cbow_lr0.05_epochs1_mincount100_ws12_dims300,mordplänen,0.6569569706916809
geniale_josefine_training_data_cbow_lr0.05_epochs1_mincount100_ws12_dims300,ermordete,0.6568988561630249
geniale_josefine_training_data_cbow_lr0.05_epochs1_mincount100_ws12_dims300,ermordung,0.6554862856864929
geniale_josefine_training_data_cbow_lr0.05_epochs1_mincount100_ws12_dims300,sexualmord,0.6529911756515503
geniale_josefine_training_data_cbow_lr0.05_epochs1_mincount100_ws12_dims300,mordverdachts,0.651474118232727
geniale_josefine_training_data_cbow_lr0.05_epochs1_mincount100_ws12_dims300,ehrenmord,0.6513166427612305
geniale_josefine_training_data_cbow_lr0.05_epochs1_mincount100_ws12_dims300,mordvorwürfe,0.6502661108970642
geniale_josefine_training_data_cbow_lr0.05_epochs1_mincount100_ws12_dims300,mordverdacht,0.6472384929656982
geniale_josefine_training_data_cbow_lr0.05_epochs1_mincount100_ws12_dims300,judenmord,0.6468285322189331
geniale_josefine_training_data_cbow_lr0.05_epochs1_mincount100_ws12_dims300,mordopfers,0.6467764377593994
geniale_josefine_training_data_cbow_lr0.05_epochs1_mincount100_ws12_dims300,mordalarm,0.646016538143158
geniale_josefine_training_data_cbow_lr0.05_epochs1_mincount100_ws12_dims300,rufmord,0.6439818143844604
geniale_josefine_training_data_cbow_lr0.05_epochs1_mincount100_ws12_dims300,mordpläne,0.6439002156257629
geniale_josefine_training_data_cbow_lr0.05_epochs1_mincount100_ws12_dims300,ritualmord,0.6420992016792297
geniale_josefine_training_data_cbow_lr0.05_epochs1_mincount100_ws12_dims300,tat,0.6413159370422363
geniale_josefine_training_data_cbow_lr0.05_epochs1_mincount100_ws12_dims300,goldmord,0.6407470107078552
geniale_josefine_training_data_cbow_lr0.05_epochs1_mincount100_ws12_dims300,mordkommando,0.638999342918396
geniale_josefine_training_data_cbow_lr0.05_epochs1_mincount100_ws12_dims300,ermordeter,0.6387320160865784
geniale_josefine_training_data_cbow_lr0.05_epochs1_mincount100_ws12_dims300,totschlag,0.6323418021202087
geniale_josefine_training_data_cbow_lr0.05_epochs1_mincount100_ws12_dims300,frauenmord,0.6309775710105896
geniale_josefine_training_data_cbow_lr0.05_epochs1_mincount100_ws12_dims300,mordaschow,0.6301858425140381
geniale_josefine_training_data_cbow_lr0.05_epochs1_mincount100_ws12_dims300,mörder,0.6280516982078552
geniale_josefine_training_data_cbow_lr0.05_epochs1_mincount100_ws12_dims300,mordanschläge,0.6248214840888977
geniale_josefine_training_data_cbow_lr0.05_epochs1_mincount100_ws12_dims300,mordrate,0.624239444732666
geniale_josefine_training_data_cbow_lr0.05_epochs1_mincount100_ws12_dims300,selbstmordes,0.6240047812461853
geniale_josefine_training_data_cbow_lr0.05_epochs1_mincount100_ws12_dims300,polizistenmord,0.62288498878479
geniale_josefine_training_data_cbow_lr0.05_epochs1_mincount100_ws12_dims300,auftragsmord,0.6214299201965332
geniale_josefine_training_data_cbow_lr0.05_epochs1_mincount100_ws12_dims300,mordversuchen,0.6201769709587097
geniale_josefine_training_data_cbow_lr0.05_epochs1_mincount100_ws12_dims300,massenmordes,0.6192240715026855
geniale_josefine_training_data_cbow_lr0.05_epochs1_mincount100_ws12_dims300,tötungsdelikt,0.617647111415863
geniale_josefine_training_data_cbow_lr0.05_epochs1_mincount100_ws12_dims300,raubmörder,0.6169528365135193
geniale_josefine_training_data_cbow_lr0.05_epochs1_mincount100_ws12_dims300,gewalttat,0.6166858673095703
geniale_josefine_training_data_cbow_lr0.05_epochs1_mincount100_ws12_dims300,königsmord,0.6071603894233704
geniale_josefine_training_data_cbow_lr0.05_epochs1_mincount100_ws12_dims300,totschlags,0.6027376651763916
geniale_josefine_training_data_cbow_lr0.05_epochs1_mincount100_ws12_dims300,mordaufrufe,0.6022422909736633
geniale_josefine_training_data_cbow_lr0.05_epochs1_mincount100_ws12_dims300,mordauftrag,0.602083146572113
wachsamer_oliver_training_data_cbow_lr0.05_epochs1_mincount5_ws5_dims300,mordue,0.8817043900489807
wachsamer_oliver_training_data_cbow_lr0.05_epochs1_mincount5_ws5_dims300,mordtat,0.8711560964584351
wachsamer_oliver_training_data_cbow_lr0.05_epochs1_mincount5_ws5_dims300,mordy,0.8551630973815918
wachsamer_oliver_training_data_cbow_lr0.05_epochs1_mincount5_ws5_dims300,mordecai,0.8528897762298584
wachsamer_oliver_training_data_cbow_lr0.05_epochs1_mincount5_ws5_dims300,mordswut,0.8477500677108765
wachsamer_oliver_training_data_cbow_lr0.05_epochs1_mincount5_ws5_dims300,seriemord,0.8452141284942627
wachsamer_oliver_training_data_cbow_lr0.05_epochs1_mincount5_ws5_dims300,axtmord,0.8419585227966309
wachsamer_oliver_training_data_cbow_lr0.05_epochs1_mincount5_ws5_dims300,mords,0.8301235437393188
wachsamer_oliver_training_data_cbow_lr0.05_epochs1_mincount5_ws5_dims300,mordkrimi,0.820655345916748
wachsamer_oliver_training_data_cbow_lr0.05_epochs1_mincount5_ws5_dims300,mordau,0.8204196095466614
wachsamer_oliver_training_data_cbow_lr0.05_epochs1_mincount5_ws5_dims300,morde,0.8183261752128601
wachsamer_oliver_training_data_cbow_lr0.05_epochs1_mincount5_ws5_dims300,mordgift,0.8179731965065002
wachsamer_oliver_training_data_cbow_lr0.05_epochs1_mincount5_ws5_dims300,sexmord,0.8178936839103699
wachsamer_oliver_training_data_cbow_lr0.05_epochs1_mincount5_ws5_dims300,mordgier,0.816021203994751
wachsamer_oliver_training_data_cbow_lr0.05_epochs1_mincount5_ws5_dims300,mordfall,0.814923882484436
wachsamer_oliver_training_data_cbow_lr0.05_epochs1_mincount5_ws5_dims300,mordlust,0.8141754865646362
wachsamer_oliver_training_data_cbow_lr0.05_epochs1_mincount5_ws5_dims300,raubmord,0.8106274008750916
wachsamer_oliver_training_data_cbow_lr0.05_epochs1_mincount5_ws5_dims300,mord,0.8094403743743896
wachsamer_oliver_training_data_cbow_lr0.05_epochs1_mincount5_ws5_dims300,mordziol,0.8090342283248901
wachsamer_oliver_training_data_cbow_lr0.05_epochs1_mincount5_ws5_dims300,mordsspaß,0.8086681365966797
wachsamer_oliver_training_data_cbow_lr0.05_epochs1_mincount5_ws5_dims300,mordshetz,0.8070192337036133
wachsamer_oliver_training_data_cbow_lr0.05_epochs1_mincount5_ws5_dims300,doppelmord,0.8069317936897278
wachsamer_oliver_training_data_cbow_lr0.05_epochs1_mincount5_ws5_dims300,mordor,0.8057122826576233
wachsamer_oliver_training_data_cbow_lr0.05_epochs1_mincount5_ws5_dims300,mordes,0.8039031624794006
wachsamer_oliver_training_data_cbow_lr0.05_epochs1_mincount5_ws5_dims300,mordthal,0.8006649017333984
wachsamer_oliver_training_data_cbow_lr0.05_epochs1_mincount5_ws5_dims300,mordechai,0.8000388741493225
wachsamer_oliver_training_data_cbow_lr0.05_epochs1_mincount5_ws5_dims300,mordan,0.7957158088684082
wachsamer_oliver_training_data_cbow_lr0.05_epochs1_mincount5_ws5_dims300,mordbuben,0.7939437627792358
wachsamer_oliver_training_data_cbow_lr0.05_epochs1_mincount5_ws5_dims300,mordhau,0.7920404076576233
wachsamer_oliver_training_data_cbow_lr0.05_epochs1_mincount5_ws5_dims300,meißelmord,0.7918336391448975
wachsamer_oliver_training_data_cbow_lr0.05_epochs1_mincount5_ws5_dims300,mordfeldzug,0.7907278537750244
wachsamer_oliver_training_data_cbow_lr0.05_epochs1_mincount5_ws5_dims300,rachemord,0.7902846932411194
wachsamer_oliver_training_data_cbow_lr0.05_epochs1_mincount5_ws5_dims300,mordaza,0.7898417115211487
wachsamer_oliver_training_data_cbow_lr0.05_epochs1_mincount5_ws5_dims300,mordsweib,0.7897074222564697
wachsamer_oliver_training_data_cbow_lr0.05_epochs1_mincount5_ws5_dims300,mordowja,0.7883892059326172
wachsamer_oliver_training_data_cbow_lr0.05_epochs1_mincount5_ws5_dims300,mordo,0.7880147099494934
wachsamer_oliver_training_data_cbow_lr0.05_epochs1_mincount5_ws5_dims300,mordowia,0.7833364605903625
wachsamer_oliver_training_data_cbow_lr0.05_epochs1_mincount5_ws5_dims300,mordsgaude,0.7825241088867188
wachsamer_oliver_training_data_cbow_lr0.05_epochs1_mincount5_ws5_dims300,mordtag,0.7821468114852905
wachsamer_oliver_training_data_cbow_lr0.05_epochs1_mincount5_ws5_dims300,giftmord,0.7773687243461609
wachsamer_oliver_training_data_cbow_lr0.05_epochs1_mincount5_ws5_dims300,tyrannenmord,0.7764862179756165
wachsamer_oliver_training_data_cbow_lr0.05_epochs1_mincount5_ws5_dims300,lustmord,0.7751944661140442
wachsamer_oliver_training_data_cbow_lr0.05_epochs1_mincount5_ws5_dims300,mordio,0.7750723361968994
wachsamer_oliver_training_data_cbow_lr0.05_epochs1_mincount5_ws5_dims300,kindsmord,0.7747227549552917
wachsamer_oliver_training_data_cbow_lr0.05_epochs1_mincount5_ws5_dims300,morden,0.7740069627761841
wachsamer_oliver_training_data_cbow_lr0.05_epochs1_mincount5_ws5_dims300,mordred,0.7734512686729431
wachsamer_oliver_training_data_cbow_lr0.05_epochs1_mincount5_ws5_dims300,morddelikt,0.7729935050010681
wachsamer_oliver_training_data_cbow_lr0.05_epochs1_mincount5_ws5_dims300,hassmord,0.7726616263389587
wachsamer_oliver_training_data_cbow_lr0.05_epochs1_mincount5_ws5_dims300,mordsglück,0.7722635865211487
wachsamer_oliver_training_data_cbow_lr0.05_epochs1_mincount5_ws5_dims300,mordversuch,0.770261287689209
wachsamer_oliver_training_data_cbow_lr0.05_epochs1_mincount5_ws5_dims300,mordashov,0.769755482673645
wachsamer_oliver_training_data_cbow_lr0.05_epochs1_mincount5_ws5_dims300,mordorgie,0.7675520181655884
wachsamer_oliver_training_data_cbow_lr0.05_epochs1_mincount5_ws5_dims300,mordslust,0.7653390169143677
wachsamer_oliver_training_data_cbow_lr0.05_epochs1_mincount5_ws5_dims300,fememord,0.7616845369338989
wachsamer_oliver_training_data_cbow_lr0.05_epochs1_mincount5_ws5_dims300,gattenmord,0.7599401473999023
wachsamer_oliver_training_data_cbow_lr0.05_epochs1_mincount5_ws5_dims300,lynchmord,0.7599071860313416
wachsamer_oliver_training_data_cbow_lr0.05_epochs1_mincount5_ws5_dims300,geiselmord,0.7589994072914124
wachsamer_oliver_training_data_cbow_lr0.05_epochs1_mincount5_ws5_dims300,mordkomplott,0.7580969929695129
wachsamer_oliver_training_data_cbow_lr0.05_epochs1_mincount5_ws5_dims300,mordwinzew,0.7574126720428467
wachsamer_oliver_training_data_cbow_lr0.05_epochs1_mincount5_ws5_dims300,würgemord,0.7560966610908508
wachsamer_oliver_training_data_cbow_lr0.05_epochs1_mincount5_ws5_dims300,mordabend,0.7547880411148071
wachsamer_oliver_training_data_cbow_lr0.05_epochs1_mincount5_ws5_dims300,mordstrumm,0.7545977234840393
wachsamer_oliver_training_data_cbow_lr0.05_epochs1_mincount5_ws5_dims300,mordsee,0.7540894150733948
wachsamer_oliver_training_data_cbow_lr0.05_epochs1_mincount5_ws5_dims300,meuchelmord,0.7538277506828308
wachsamer_oliver_training_data_cbow_lr0.05_epochs1_mincount5_ws5_dims300,mordsgaudi,0.7534129023551941
wachsamer_oliver_training_data_cbow_lr0.05_epochs1_mincount5_ws5_dims300,mordserie,0.7517039775848389
wachsamer_oliver_training_data_cbow_lr0.05_epochs1_mincount5_ws5_dims300,mordclub,0.7511463165283203
wachsamer_oliver_training_data_cbow_lr0.05_epochs1_mincount5_ws5_dims300,selfmord,0.7499991059303284
wachsamer_oliver_training_data_cbow_lr0.05_epochs1_mincount5_ws5_dims300,morders,0.7489550709724426
wachsamer_oliver_training_data_cbow_lr0.05_epochs1_mincount5_ws5_dims300,mordsache,0.7488404512405396
wachsamer_oliver_training_data_cbow_lr0.05_epochs1_mincount5_ws5_dims300,mordvorwurf,0.7476552724838257
wachsamer_oliver_training_data_cbow_lr0.05_epochs1_mincount5_ws5_dims300,mordrätsel,0.7457020878791809
wachsamer_oliver_training_data_cbow_lr0.05_epochs1_mincount5_ws5_dims300,vatermord,0.7430159449577332
wachsamer_oliver_training_data_cbow_lr0.05_epochs1_mincount5_ws5_dims300,mafiamord,0.7426949739456177
wachsamer_oliver_training_data_cbow_lr0.05_epochs1_mincount5_ws5_dims300,mordfalls,0.7410508394241333
wachsamer_oliver_training_data_cbow_lr0.05_epochs1_mincount5_ws5_dims300,mordvideo,0.7404441833496094
wachsamer_oliver_training_data_cbow_lr0.05_epochs1_mincount5_ws5_dims300,babymord,0.7401267290115356
wachsamer_oliver_training_data_cbow_lr0.05_epochs1_mincount5_ws5_dims300,mordskandal,0.740048348903656
wachsamer_oliver_training_data_cbow_lr0.05_epochs1_mincount5_ws5_dims300,messermord,0.7396672368049622
wachsamer_oliver_training_data_cbow_lr0.05_epochs1_mincount5_ws5_dims300,mordens,0.7392988204956055
wachsamer_oliver_training_data_cbow_lr0.05_epochs1_mincount5_ws5_dims300,mordverbrechen,0.7389504909515381
wachsamer_oliver_training_data_cbow_lr0.05_epochs1_mincount5_ws5_dims300,morddezernat,0.7372390031814575
wachsamer_oliver_training_data_cbow_lr0.05_epochs1_mincount5_ws5_dims300,mordgelüste,0.7369773983955383
wachsamer_oliver_training_data_cbow_lr0.05_epochs1_mincount5_ws5_dims300,mordmotiv,0.7355232238769531
wachsamer_oliver_training_data_cbow_lr0.05_epochs1_mincount5_ws5_dims300,mordhaus,0.7349798083305359
wachsamer_oliver_training_data_cbow_lr0.05_epochs1_mincount5_ws5_dims300,teenagermord,0.7337525486946106
wachsamer_oliver_training_data_cbow_lr0.05_epochs1_mincount5_ws5_dims300,mordors,0.733413815498352
wachsamer_oliver_training_data_cbow_lr0.05_epochs1_mincount5_ws5_dims300,mordangriff,0.7327197790145874
wachsamer_oliver_training_data_cbow_lr0.05_epochs1_mincount5_ws5_dims300,puppenmord,0.7309805154800415
wachsamer_oliver_training_data_cbow_lr0.05_epochs1_mincount5_ws5_dims300,mordowija,0.7302607297897339
wachsamer_oliver_training_data_cbow_lr0.05_epochs1_mincount5_ws5_dims300,mordthese,0.7297987341880798
wachsamer_oliver_training_data_cbow_lr0.05_epochs1_mincount5_ws5_dims300,seelenmord,0.7293457388877869
wachsamer_oliver_training_data_cbow_lr0.05_epochs1_mincount5_ws5_dims300,mordplan,0.729015588760376
wachsamer_oliver_training_data_cbow_lr0.05_epochs1_mincount5_ws5_dims300,morddrama,0.7281110882759094
wachsamer_oliver_training_data_cbow_lr0.05_epochs1_mincount5_ws5_dims300,mordnacht,0.7280836701393127
wachsamer_oliver_training_data_cbow_lr0.05_epochs1_mincount5_ws5_dims300,brudermord,0.727430522441864
wachsamer_oliver_training_data_cbow_lr0.05_epochs1_mincount5_ws5_dims300,foltermord,0.7270174026489258
wachsamer_oliver_training_data_cbow_lr0.05_epochs1_mincount5_ws5_dims300,mordkomplotts,0.7267838716506958
wachsamer_oliver_training_data_cbow_lr0.05_epochs1_mincount5_ws5_dims300,morderator,0.7263956665992737
wachsamer_oliver_training_data_cbow_lr0.05_epochs1_mincount5_ws5_dims300,politmord,0.7258427143096924
genialer_noar_training_data_lower_cbow_lr0.05_epochs1_mincount100_ws12_dims300,mordtat,0.8967884182929993
genialer_noar_training_data_lower_cbow_lr0.05_epochs1_mincount100_ws12_dims300,rachemord,0.8483988046646118
genialer_noar_training_data_lower_cbow_lr0.05_epochs1_mincount100_ws12_dims300,raubmord,0.845267653465271
genialer_noar_training_data_lower_cbow_lr0.05_epochs1_mincount100_ws12_dims300,mords,0.8428358435630798
genialer_noar_training_data_lower_cbow_lr0.05_epochs1_mincount100_ws12_dims300,mordor,0.8369993567466736
genialer_noar_training_data_lower_cbow_lr0.05_epochs1_mincount100_ws12_dims300,morde,0.8291910290718079
genialer_noar_training_data_lower_cbow_lr0.05_epochs1_mincount100_ws12_dims300,doppelmord,0.8217294216156006
genialer_noar_training_data_lower_cbow_lr0.05_epochs1_mincount100_ws12_dims300,mordechai,0.8142967820167542
genialer_noar_training_data_lower_cbow_lr0.05_epochs1_mincount100_ws12_dims300,mordlust,0.8141096830368042
genialer_noar_training_data_lower_cbow_lr0.05_epochs1_mincount100_ws12_dims300,mordes,0.8096603751182556
genialer_noar_training_data_lower_cbow_lr0.05_epochs1_mincount100_ws12_dims300,mordfall,0.8058832883834839
genialer_noar_training_data_lower_cbow_lr0.05_epochs1_mincount100_ws12_dims300,mordet,0.8017117977142334
genialer_noar_training_data_lower_cbow_lr0.05_epochs1_mincount100_ws12_dims300,mordend,0.7896634936332703
genialer_noar_training_data_lower_cbow_lr0.05_epochs1_mincount100_ws12_dims300,mordete,0.7868030071258545
genialer_noar_training_data_lower_cbow_lr0.05_epochs1_mincount100_ws12_dims300,kindsmord,0.7804661989212036
genialer_noar_training_data_lower_cbow_lr0.05_epochs1_mincount100_ws12_dims300,morden,0.7793137431144714
genialer_noar_training_data_lower_cbow_lr0.05_epochs1_mincount100_ws12_dims300,mordversuch,0.7677083611488342
genialer_noar_training_data_lower_cbow_lr0.05_epochs1_mincount100_ws12_dims300,giftmord,0.7651768326759338
genialer_noar_training_data_lower_cbow_lr0.05_epochs1_mincount100_ws12_dims300,mordfalls,0.763383150100708
genialer_noar_training_data_lower_cbow_lr0.05_epochs1_mincount100_ws12_dims300,mordende,0.7614802122116089
genialer_noar_training_data_lower_cbow_lr0.05_epochs1_mincount100_ws12_dims300,vatermord,0.7594050765037537
genialer_noar_training_data_lower_cbow_lr0.05_epochs1_mincount100_ws12_dims300,mordtaten,0.757725715637207
genialer_noar_training_data_lower_cbow_lr0.05_epochs1_mincount100_ws12_dims300,brudermord,0.7546147108078003
genialer_noar_training_data_lower_cbow_lr0.05_epochs1_mincount100_ws12_dims300,rufmord,0.7537365555763245
genialer_noar_training_data_lower_cbow_lr0.05_epochs1_mincount100_ws12_dims300,mordserie,0.7524501085281372
genialer_noar_training_data_lower_cbow_lr0.05_epochs1_mincount100_ws12_dims300,lynchmord,0.751977264881134
genialer_noar_training_data_lower_cbow_lr0.05_epochs1_mincount100_ws12_dims300,mordnacht,0.7489370703697205
genialer_noar_training_data_lower_cbow_lr0.05_epochs1_mincount100_ws12_dims300,mordkomplott,0.7443740367889404
genialer_noar_training_data_lower_cbow_lr0.05_epochs1_mincount100_ws12_dims300,mordplan,0.7413263320922852
genialer_noar_training_data_lower_cbow_lr0.05_epochs1_mincount100_ws12_dims300,mordmotiv,0.7409054040908813
genialer_noar_training_data_lower_cbow_lr0.05_epochs1_mincount100_ws12_dims300,goldmord,0.7389228343963623
genialer_noar_training_data_lower_cbow_lr0.05_epochs1_mincount100_ws12_dims300,massenmord,0.7334451675415039
genialer_noar_training_data_lower_cbow_lr0.05_epochs1_mincount100_ws12_dims300,mordens,0.7330183982849121
genialer_noar_training_data_lower_cbow_lr0.05_epochs1_mincount100_ws12_dims300,judenmord,0.7314105033874512
genialer_noar_training_data_lower_cbow_lr0.05_epochs1_mincount100_ws12_dims300,messermord,0.7302778959274292
genialer_noar_training_data_lower_cbow_lr0.05_epochs1_mincount100_ws12_dims300,raubmordes,0.7295762300491333
genialer_noar_training_data_lower_cbow_lr0.05_epochs1_mincount100_ws12_dims300,mordillo,0.7268308997154236
genialer_noar_training_data_lower_cbow_lr0.05_epochs1_mincount100_ws12_dims300,mädchenmord,0.7221292853355408
genialer_noar_training_data_lower_cbow_lr0.05_epochs1_mincount100_ws12_dims300,mordvorsatz,0.7206793427467346
genialer_noar_training_data_lower_cbow_lr0.05_epochs1_mincount100_ws12_dims300,doppelmordes,0.7175930142402649
genialer_noar_training_data_lower_cbow_lr0.05_epochs1_mincount100_ws12_dims300,mordopfer,0.7168260216712952
genialer_noar_training_data_lower_cbow_lr0.05_epochs1_mincount100_ws12_dims300,mordeten,0.7115600109100342
genialer_noar_training_data_lower_cbow_lr0.05_epochs1_mincount100_ws12_dims300,mordvorwurf,0.7108864188194275
genialer_noar_training_data_lower_cbow_lr0.05_epochs1_mincount100_ws12_dims300,mordkomplotts,0.7107656598091125
genialer_noar_training_data_lower_cbow_lr0.05_epochs1_mincount100_ws12_dims300,mordurteil,0.7088882327079773
genialer_noar_training_data_lower_cbow_lr0.05_epochs1_mincount100_ws12_dims300,vierfachmord,0.7057840824127197
genialer_noar_training_data_lower_cbow_lr0.05_epochs1_mincount100_ws12_dims300,dreifachmord,0.7032034993171692
genialer_noar_training_data_lower_cbow_lr0.05_epochs1_mincount100_ws12_dims300,mordverdächtige,0.7022078037261963
genialer_noar_training_data_lower_cbow_lr0.05_epochs1_mincount100_ws12_dims300,ehrenmord,0.7007489204406738
genialer_noar_training_data_lower_cbow_lr0.05_epochs1_mincount100_ws12_dims300,mordenden,0.6999414563179016
genialer_noar_training_data_lower_cbow_lr0.05_epochs1_mincount100_ws12_dims300,ritualmord,0.6988167762756348
genialer_noar_training_data_lower_cbow_lr0.05_epochs1_mincount100_ws12_dims300,selbstmord,0.6985856294631958
genialer_noar_training_data_lower_cbow_lr0.05_epochs1_mincount100_ws12_dims300,mordanklage,0.6979679465293884
genialer_noar_training_data_lower_cbow_lr0.05_epochs1_mincount100_ws12_dims300,mordversuchs,0.6950984597206116
genialer_noar_training_data_lower_cbow_lr0.05_epochs1_mincount100_ws12_dims300,königsmord,0.6949831247329712
genialer_noar_training_data_lower_cbow_lr0.05_epochs1_mincount100_ws12_dims300,doppelmords,0.6941894292831421
genialer_noar_training_data_lower_cbow_lr0.05_epochs1_mincount100_ws12_dims300,mordfälle,0.6918399930000305
genialer_noar_training_data_lower_cbow_lr0.05_epochs1_mincount100_ws12_dims300,sexualmord,0.691836416721344
genialer_noar_training_data_lower_cbow_lr0.05_epochs1_mincount100_ws12_dims300,mordversuche,0.6909347176551819
genialer_noar_training_data_lower_cbow_lr0.05_epochs1_mincount100_ws12_dims300,mordverdächtiger,0.6850733757019043
genialer_noar_training_data_lower_cbow_lr0.05_epochs1_mincount100_ws12_dims300,mordverdächtigen,0.6847384572029114
genialer_noar_training_data_lower_cbow_lr0.05_epochs1_mincount100_ws12_dims300,mordwaffe,0.6814265847206116
genialer_noar_training_data_lower_cbow_lr0.05_epochs1_mincount100_ws12_dims300,fünffachmord,0.6785105466842651
genialer_noar_training_data_lower_cbow_lr0.05_epochs1_mincount100_ws12_dims300,ermordung,0.6779228448867798
genialer_noar_training_data_lower_cbow_lr0.05_epochs1_mincount100_ws12_dims300,mordprozess,0.6755122542381287
genialer_noar_training_data_lower_cbow_lr0.05_epochs1_mincount100_ws12_dims300,bluttat,0.6753541827201843
genialer_noar_training_data_lower_cbow_lr0.05_epochs1_mincount100_ws12_dims300,mordanschlag,0.6741635203361511
genialer_noar_training_data_lower_cbow_lr0.05_epochs1_mincount100_ws12_dims300,mordopfern,0.6732726097106934
genialer_noar_training_data_lower_cbow_lr0.05_epochs1_mincount100_ws12_dims300,polizistenmord,0.6730819344520569
genialer_noar_training_data_lower_cbow_lr0.05_epochs1_mincount100_ws12_dims300,mordopfers,0.6718466281890869
genialer_noar_training_data_lower_cbow_lr0.05_epochs1_mincount100_ws12_dims300,mordversuches,0.6708723902702332
genialer_noar_training_data_lower_cbow_lr0.05_epochs1_mincount100_ws12_dims300,mordplänen,0.6620004177093506
genialer_noar_training_data_lower_cbow_lr0.05_epochs1_mincount100_ws12_dims300,mordverdacht,0.6610890030860901
genialer_noar_training_data_lower_cbow_lr0.05_epochs1_mincount100_ws12_dims300,mordermittler,0.6603028774261475
genialer_noar_training_data_lower_cbow_lr0.05_epochs1_mincount100_ws12_dims300,frauenmord,0.6597855091094971
genialer_noar_training_data_lower_cbow_lr0.05_epochs1_mincount100_ws12_dims300,auftragsmord,0.6594036221504211
genialer_noar_training_data_lower_cbow_lr0.05_epochs1_mincount100_ws12_dims300,ermordeter,0.6587691307067871
genialer_noar_training_data_lower_cbow_lr0.05_epochs1_mincount100_ws12_dims300,raubmörder,0.657585084438324
genialer_noar_training_data_lower_cbow_lr0.05_epochs1_mincount100_ws12_dims300,mordabsicht,0.6560570001602173
genialer_noar_training_data_lower_cbow_lr0.05_epochs1_mincount100_ws12_dims300,handgranatenmord,0.6552988886833191
genialer_noar_training_data_lower_cbow_lr0.05_epochs1_mincount100_ws12_dims300,ermorden,0.6551470160484314
genialer_noar_training_data_lower_cbow_lr0.05_epochs1_mincount100_ws12_dims300,mordfantasien,0.6546022295951843
genialer_noar_training_data_lower_cbow_lr0.05_epochs1_mincount100_ws12_dims300,mordfällen,0.6545218229293823
genialer_noar_training_data_lower_cbow_lr0.05_epochs1_mincount100_ws12_dims300,mordpläne,0.6535847187042236
genialer_noar_training_data_lower_cbow_lr0.05_epochs1_mincount100_ws12_dims300,massenmordes,0.6520050168037415
genialer_noar_training_data_lower_cbow_lr0.05_epochs1_mincount100_ws12_dims300,mordverdachts,0.6494960188865662
genialer_noar_training_data_lower_cbow_lr0.05_epochs1_mincount100_ws12_dims300,kindermord,0.6439332365989685
genialer_noar_training_data_lower_cbow_lr0.05_epochs1_mincount100_ws12_dims300,mordaschow,0.643532395362854
genialer_noar_training_data_lower_cbow_lr0.05_epochs1_mincount100_ws12_dims300,mordgruppe,0.6427159905433655
genialer_noar_training_data_lower_cbow_lr0.05_epochs1_mincount100_ws12_dims300,tötungsdelikt,0.6410335898399353
genialer_noar_training_data_lower_cbow_lr0.05_epochs1_mincount100_ws12_dims300,ermordete,0.6407769918441772
genialer_noar_training_data_lower_cbow_lr0.05_epochs1_mincount100_ws12_dims300,selbstmordes,0.6401695013046265
genialer_noar_training_data_lower_cbow_lr0.05_epochs1_mincount100_ws12_dims300,lynchmorde,0.638243556022644
genialer_noar_training_data_lower_cbow_lr0.05_epochs1_mincount100_ws12_dims300,mörder,0.6373243927955627
genialer_noar_training_data_lower_cbow_lr0.05_epochs1_mincount100_ws12_dims300,ermordet,0.6373112201690674
genialer_noar_training_data_lower_cbow_lr0.05_epochs1_mincount100_ws12_dims300,journalistenmord,0.6359100937843323
genialer_noar_training_data_lower_cbow_lr0.05_epochs1_mincount100_ws12_dims300,mordversuchen,0.6352737545967102
genialer_noar_training_data_lower_cbow_lr0.05_epochs1_mincount100_ws12_dims300,mordvorwürfe,0.6351730823516846
genialer_noar_training_data_lower_cbow_lr0.05_epochs1_mincount100_ws12_dims300,mordaunt,0.6314902305603027
genialer_noar_training_data_lower_cbow_lr0.05_epochs1_mincount100_ws12_dims300,mordanschlags,0.6289569139480591
bezaubernde_jennifer_training_data_cbow_lr0.05_epochs1_mincount10_ws6_dims300,mordue,0.8861150741577148
bezaubernde_jennifer_training_data_cbow_lr0.05_epochs1_mincount10_ws6_dims300,mordtat,0.8783073425292969
bezaubernde_jennifer_training_data_cbow_lr0.05_epochs1_mincount10_ws6_dims300,mordecai,0.8626155257225037
bezaubernde_jennifer_training_data_cbow_lr0.05_epochs1_mincount10_ws6_dims300,mordswut,0.8419286608695984
bezaubernde_jennifer_training_data_cbow_lr0.05_epochs1_mincount10_ws6_dims300,axtmord,0.8312262296676636
bezaubernde_jennifer_training_data_cbow_lr0.05_epochs1_mincount10_ws6_dims300,mords,0.8217073678970337
bezaubernde_jennifer_training_data_cbow_lr0.05_epochs1_mincount10_ws6_dims300,mordechai,0.8184691071510315
bezaubernde_jennifer_training_data_cbow_lr0.05_epochs1_mincount10_ws6_dims300,mordkrimi,0.818350613117218
bezaubernde_jennifer_training_data_cbow_lr0.05_epochs1_mincount10_ws6_dims300,mordshetz,0.8132373094558716
bezaubernde_jennifer_training_data_cbow_lr0.05_epochs1_mincount10_ws6_dims300,morde,0.8118889331817627
bezaubernde_jennifer_training_data_cbow_lr0.05_epochs1_mincount10_ws6_dims300,mordlust,0.811427652835846
bezaubernde_jennifer_training_data_cbow_lr0.05_epochs1_mincount10_ws6_dims300,mord,0.8106198906898499
bezaubernde_jennifer_training_data_cbow_lr0.05_epochs1_mincount10_ws6_dims300,raubmord,0.8105839490890503
bezaubernde_jennifer_training_data_cbow_lr0.05_epochs1_mincount10_ws6_dims300,mordowia,0.8070461750030518
bezaubernde_jennifer_training_data_cbow_lr0.05_epochs1_mincount10_ws6_dims300,mordsspaß,0.8068605661392212
bezaubernde_jennifer_training_data_cbow_lr0.05_epochs1_mincount10_ws6_dims300,mordor,0.8064581155776978
bezaubernde_jennifer_training_data_cbow_lr0.05_epochs1_mincount10_ws6_dims300,sexmord,0.8048523664474487
bezaubernde_jennifer_training_data_cbow_lr0.05_epochs1_mincount10_ws6_dims300,mordfall,0.8048343658447266
bezaubernde_jennifer_training_data_cbow_lr0.05_epochs1_mincount10_ws6_dims300,mordes,0.8017810583114624
bezaubernde_jennifer_training_data_cbow_lr0.05_epochs1_mincount10_ws6_dims300,doppelmord,0.7938477396965027
bezaubernde_jennifer_training_data_cbow_lr0.05_epochs1_mincount10_ws6_dims300,mordbuben,0.7929562330245972
bezaubernde_jennifer_training_data_cbow_lr0.05_epochs1_mincount10_ws6_dims300,mordred,0.7773399353027344
bezaubernde_jennifer_training_data_cbow_lr0.05_epochs1_mincount10_ws6_dims300,mordhau,0.7770196199417114
bezaubernde_jennifer_training_data_cbow_lr0.05_epochs1_mincount10_ws6_dims300,mordtag,0.7766348123550415
bezaubernde_jennifer_training_data_cbow_lr0.05_epochs1_mincount10_ws6_dims300,mordversuch,0.7749994397163391
bezaubernde_jennifer_training_data_cbow_lr0.05_epochs1_mincount10_ws6_dims300,rachemord,0.7728512287139893
bezaubernde_jennifer_training_data_cbow_lr0.05_epochs1_mincount10_ws6_dims300,mordio,0.7705019116401672
bezaubernde_jennifer_training_data_cbow_lr0.05_epochs1_mincount10_ws6_dims300,mordsglück,0.7686855792999268
bezaubernde_jennifer_training_data_cbow_lr0.05_epochs1_mincount10_ws6_dims300,gattenmord,0.7677245140075684
bezaubernde_jennifer_training_data_cbow_lr0.05_epochs1_mincount10_ws6_dims300,giftmord,0.7673397660255432
bezaubernde_jennifer_training_data_cbow_lr0.05_epochs1_mincount10_ws6_dims300,morden,0.7636315226554871
bezaubernde_jennifer_training_data_cbow_lr0.05_epochs1_mincount10_ws6_dims300,mordslust,0.7594354152679443
bezaubernde_jennifer_training_data_cbow_lr0.05_epochs1_mincount10_ws6_dims300,lustmord,0.7584572434425354
bezaubernde_jennifer_training_data_cbow_lr0.05_epochs1_mincount10_ws6_dims300,morddelikt,0.7580127716064453
bezaubernde_jennifer_training_data_cbow_lr0.05_epochs1_mincount10_ws6_dims300,mordsee,0.754908561706543
bezaubernde_jennifer_training_data_cbow_lr0.05_epochs1_mincount10_ws6_dims300,mordstrumm,0.7534617185592651
bezaubernde_jennifer_training_data_cbow_lr0.05_epochs1_mincount10_ws6_dims300,würgemord,0.7533273696899414
bezaubernde_jennifer_training_data_cbow_lr0.05_epochs1_mincount10_ws6_dims300,mordskandal,0.7516828179359436
bezaubernde_jennifer_training_data_cbow_lr0.05_epochs1_mincount10_ws6_dims300,mordsache,0.751518964767456
bezaubernde_jennifer_training_data_cbow_lr0.05_epochs1_mincount10_ws6_dims300,mordabend,0.7494698762893677
bezaubernde_jennifer_training_data_cbow_lr0.05_epochs1_mincount10_ws6_dims300,kindsmord,0.7494049668312073
bezaubernde_jennifer_training_data_cbow_lr0.05_epochs1_mincount10_ws6_dims300,mordvorwurf,0.7486414313316345
bezaubernde_jennifer_training_data_cbow_lr0.05_epochs1_mincount10_ws6_dims300,morddezernat,0.7479388117790222
bezaubernde_jennifer_training_data_cbow_lr0.05_epochs1_mincount10_ws6_dims300,tyrannenmord,0.746721625328064
bezaubernde_jennifer_training_data_cbow_lr0.05_epochs1_mincount10_ws6_dims300,mordserie,0.7453292608261108
bezaubernde_jennifer_training_data_cbow_lr0.05_epochs1_mincount10_ws6_dims300,mordfalls,0.744326651096344
bezaubernde_jennifer_training_data_cbow_lr0.05_epochs1_mincount10_ws6_dims300,mordvideo,0.7436052560806274
bezaubernde_jennifer_training_data_cbow_lr0.05_epochs1_mincount10_ws6_dims300,mordmotiv,0.7430477738380432
bezaubernde_jennifer_training_data_cbow_lr0.05_epochs1_mincount10_ws6_dims300,vatermord,0.738669753074646
bezaubernde_jennifer_training_data_cbow_lr0.05_epochs1_mincount10_ws6_dims300,morddrama,0.7381861209869385
bezaubernde_jennifer_training_data_cbow_lr0.05_epochs1_mincount10_ws6_dims300,mordens,0.7377786636352539
bezaubernde_jennifer_training_data_cbow_lr0.05_epochs1_mincount10_ws6_dims300,mordors,0.7364694476127625
bezaubernde_jennifer_training_data_cbow_lr0.05_epochs1_mincount10_ws6_dims300,mafiamord,0.7357283234596252
bezaubernde_jennifer_training_data_cbow_lr0.05_epochs1_mincount10_ws6_dims300,mordasini,0.7350457906723022
bezaubernde_jennifer_training_data_cbow_lr0.05_epochs1_mincount10_ws6_dims300,mordkomplott,0.734350323677063
bezaubernde_jennifer_training_data_cbow_lr0.05_epochs1_mincount10_ws6_dims300,mordplan,0.7333773374557495
bezaubernde_jennifer_training_data_cbow_lr0.05_epochs1_mincount10_ws6_dims300,mordsgaudi,0.733352541923523
bezaubernde_jennifer_training_data_cbow_lr0.05_epochs1_mincount10_ws6_dims300,mordgelüste,0.7322291731834412
bezaubernde_jennifer_training_data_cbow_lr0.05_epochs1_mincount10_ws6_dims300,meuchelmord,0.7313486933708191
bezaubernde_jennifer_training_data_cbow_lr0.05_epochs1_mincount10_ws6_dims300,mordthese,0.7275959253311157
bezaubernde_jennifer_training_data_cbow_lr0.05_epochs1_mincount10_ws6_dims300,messermord,0.7269635796546936
bezaubernde_jennifer_training_data_cbow_lr0.05_epochs1_mincount10_ws6_dims300,mordnacht,0.7255927920341492
bezaubernde_jennifer_training_data_cbow_lr0.05_epochs1_mincount10_ws6_dims300,mordrätsel,0.7250322699546814
bezaubernde_jennifer_training_data_cbow_lr0.05_epochs1_mincount10_ws6_dims300,mordvorsatz,0.7228054404258728
bezaubernde_jennifer_training_data_cbow_lr0.05_epochs1_mincount10_ws6_dims300,brudermord,0.7215710878372192
bezaubernde_jennifer_training_data_cbow_lr0.05_epochs1_mincount10_ws6_dims300,babymord,0.7210062742233276
bezaubernde_jennifer_training_data_cbow_lr0.05_epochs1_mincount10_ws6_dims300,mordszene,0.7200129628181458
bezaubernde_jennifer_training_data_cbow_lr0.05_epochs1_mincount10_ws6_dims300,mordowien,0.7198377251625061
bezaubernde_jennifer_training_data_cbow_lr0.05_epochs1_mincount10_ws6_dims300,mordvorwurfs,0.7194269895553589
bezaubernde_jennifer_training_data_cbow_lr0.05_epochs1_mincount10_ws6_dims300,mordhaus,0.7194063663482666
bezaubernde_jennifer_training_data_cbow_lr0.05_epochs1_mincount10_ws6_dims300,teenagermord,0.7191041707992554
bezaubernde_jennifer_training_data_cbow_lr0.05_epochs1_mincount10_ws6_dims300,mordfalles,0.7188416123390198
bezaubernde_jennifer_training_data_cbow_lr0.05_epochs1_mincount10_ws6_dims300,judenmord,0.7181364893913269
bezaubernde_jennifer_training_data_cbow_lr0.05_epochs1_mincount10_ws6_dims300,mordangriff,0.7169128656387329
bezaubernde_jennifer_training_data_cbow_lr0.05_epochs1_mincount10_ws6_dims300,instamord,0.7162564992904663
bezaubernde_jennifer_training_data_cbow_lr0.05_epochs1_mincount10_ws6_dims300,mordversuchs,0.7160247564315796
bezaubernde_jennifer_training_data_cbow_lr0.05_epochs1_mincount10_ws6_dims300,mordtaten,0.7156879305839539
bezaubernde_jennifer_training_data_cbow_lr0.05_epochs1_mincount10_ws6_dims300,lynchmord,0.7155556082725525
bezaubernde_jennifer_training_data_cbow_lr0.05_epochs1_mincount10_ws6_dims300,morderator,0.7151374816894531
bezaubernde_jennifer_training_data_cbow_lr0.05_epochs1_mincount10_ws6_dims300,foltermord,0.7146706581115723
bezaubernde_jennifer_training_data_cbow_lr0.05_epochs1_mincount10_ws6_dims300,raubmordes,0.7139689922332764
bezaubernde_jennifer_training_data_cbow_lr0.05_epochs1_mincount10_ws6_dims300,seelenmord,0.7132582664489746
bezaubernde_jennifer_training_data_cbow_lr0.05_epochs1_mincount10_ws6_dims300,mordmotive,0.712014377117157
bezaubernde_jennifer_training_data_cbow_lr0.05_epochs1_mincount10_ws6_dims300,mordanschlag,0.7114494442939758
bezaubernde_jennifer_training_data_cbow_lr0.05_epochs1_mincount10_ws6_dims300,massenmord,0.7114437222480774
bezaubernde_jennifer_training_data_cbow_lr0.05_epochs1_mincount10_ws6_dims300,mordsmenü,0.7114077210426331
bezaubernde_jennifer_training_data_cbow_lr0.05_epochs1_mincount10_ws6_dims300,mordurteil,0.710979163646698
bezaubernde_jennifer_training_data_cbow_lr0.05_epochs1_mincount10_ws6_dims300,mordbefehl,0.7109397649765015
bezaubernde_jennifer_training_data_cbow_lr0.05_epochs1_mincount10_ws6_dims300,politmord,0.7099813222885132
bezaubernde_jennifer_training_data_cbow_lr0.05_epochs1_mincount10_ws6_dims300,mehrfachmord,0.7079809904098511
bezaubernde_jennifer_training_data_cbow_lr0.05_epochs1_mincount10_ws6_dims300,mordillo,0.7067569494247437
bezaubernde_jennifer_training_data_cbow_lr0.05_epochs1_mincount10_ws6_dims300,mordwand,0.7065795660018921
bezaubernde_jennifer_training_data_cbow_lr0.05_epochs1_mincount10_ws6_dims300,doppelmordes,0.7064245343208313
bezaubernde_jennifer_training_data_cbow_lr0.05_epochs1_mincount10_ws6_dims300,goldmord,0.7055326104164124
bezaubernde_jennifer_training_data_cbow_lr0.05_epochs1_mincount10_ws6_dims300,mädchenmord,0.7053640484809875
bezaubernde_jennifer_training_data_cbow_lr0.05_epochs1_mincount10_ws6_dims300,raubmorde,0.7047008872032166
bezaubernde_jennifer_training_data_cbow_lr0.05_epochs1_mincount10_ws6_dims300,mordattacke,0.7030127644538879
bezaubernde_jennifer_training_data_cbow_lr0.05_epochs1_mincount10_ws6_dims300,mordverschwörung,0.7027550339698792
bezaubernde_jennifer_training_data_cbow_lr0.05_epochs1_mincount10_ws6_dims300,raubmords,0.7026910185813904
bezaubernde_jennifer_training_data_cbow_lr0.05_epochs1_mincount10_ws6_dims300,mordshunger,0.7023584246635437
bezaubernde_roxana_training_data_cbow_lr0.05_epochs1_mincount100_ws24_dims300,mordtat,0.8688212037086487
bezaubernde_roxana_training_data_cbow_lr0.05_epochs1_mincount100_ws24_dims300,mords,0.853386402130127
bezaubernde_roxana_training_data_cbow_lr0.05_epochs1_mincount100_ws24_dims300,morde,0.8299510478973389
bezaubernde_roxana_training_data_cbow_lr0.05_epochs1_mincount100_ws24_dims300,mordlust,0.8237057328224182
bezaubernde_roxana_training_data_cbow_lr0.05_epochs1_mincount100_ws24_dims300,mordfall,0.8172429800033569
bezaubernde_roxana_training_data_cbow_lr0.05_epochs1_mincount100_ws24_dims300,mordechai,0.8169286251068115
bezaubernde_roxana_training_data_cbow_lr0.05_epochs1_mincount100_ws24_dims300,mordor,0.8074138164520264
bezaubernde_roxana_training_data_cbow_lr0.05_epochs1_mincount100_ws24_dims300,mordes,0.7950053811073303
bezaubernde_roxana_training_data_cbow_lr0.05_epochs1_mincount100_ws24_dims300,morden,0.7814562916755676
bezaubernde_roxana_training_data_cbow_lr0.05_epochs1_mincount100_ws24_dims300,doppelmord,0.766380786895752
bezaubernde_roxana_training_data_cbow_lr0.05_epochs1_mincount100_ws24_dims300,rachemord,0.7659828662872314
bezaubernde_roxana_training_data_cbow_lr0.05_epochs1_mincount100_ws24_dims300,mordfalls,0.7601655125617981
bezaubernde_roxana_training_data_cbow_lr0.05_epochs1_mincount100_ws24_dims300,mordnacht,0.7588999271392822
bezaubernde_roxana_training_data_cbow_lr0.05_epochs1_mincount100_ws24_dims300,mordserie,0.7554464340209961
bezaubernde_roxana_training_data_cbow_lr0.05_epochs1_mincount100_ws24_dims300,mordens,0.7527817487716675
bezaubernde_roxana_training_data_cbow_lr0.05_epochs1_mincount100_ws24_dims300,mordmotiv,0.752601146697998
bezaubernde_roxana_training_data_cbow_lr0.05_epochs1_mincount100_ws24_dims300,raubmord,0.7488818168640137
bezaubernde_roxana_training_data_cbow_lr0.05_epochs1_mincount100_ws24_dims300,mordurteil,0.7388708591461182
bezaubernde_roxana_training_data_cbow_lr0.05_epochs1_mincount100_ws24_dims300,mordplan,0.7347756624221802
bezaubernde_roxana_training_data_cbow_lr0.05_epochs1_mincount100_ws24_dims300,giftmord,0.7321372628211975
bezaubernde_roxana_training_data_cbow_lr0.05_epochs1_mincount100_ws24_dims300,mordversuch,0.7251586318016052
bezaubernde_roxana_training_data_cbow_lr0.05_epochs1_mincount100_ws24_dims300,mordvorwurf,0.7238980531692505
bezaubernde_roxana_training_data_cbow_lr0.05_epochs1_mincount100_ws24_dims300,vatermord,0.7177231907844543
bezaubernde_roxana_training_data_cbow_lr0.05_epochs1_mincount100_ws24_dims300,mordopfer,0.7149878144264221
bezaubernde_roxana_training_data_cbow_lr0.05_epochs1_mincount100_ws24_dims300,mordtaten,0.7138684988021851
bezaubernde_roxana_training_data_cbow_lr0.05_epochs1_mincount100_ws24_dims300,mordfälle,0.7134883999824524
bezaubernde_roxana_training_data_cbow_lr0.05_epochs1_mincount100_ws24_dims300,mordverdächtige,0.7081302404403687
bezaubernde_roxana_training_data_cbow_lr0.05_epochs1_mincount100_ws24_dims300,mordillo,0.7047297954559326
bezaubernde_roxana_training_data_cbow_lr0.05_epochs1_mincount100_ws24_dims300,mordplänen,0.7034657001495361
bezaubernde_roxana_training_data_cbow_lr0.05_epochs1_mincount100_ws24_dims300,mordkomplott,0.6988340616226196
bezaubernde_roxana_training_data_cbow_lr0.05_epochs1_mincount100_ws24_dims300,mordwaffe,0.6966806054115295
bezaubernde_roxana_training_data_cbow_lr0.05_epochs1_mincount100_ws24_dims300,mordvorsatz,0.6958516240119934
bezaubernde_roxana_training_data_cbow_lr0.05_epochs1_mincount100_ws24_dims300,brudermord,0.694857120513916
bezaubernde_roxana_training_data_cbow_lr0.05_epochs1_mincount100_ws24_dims300,kindsmord,0.6939144730567932
bezaubernde_roxana_training_data_cbow_lr0.05_epochs1_mincount100_ws24_dims300,ermordet,0.6925637125968933
bezaubernde_roxana_training_data_cbow_lr0.05_epochs1_mincount100_ws24_dims300,mordermittler,0.6921153664588928
bezaubernde_roxana_training_data_cbow_lr0.05_epochs1_mincount100_ws24_dims300,doppelmordes,0.6916829943656921
bezaubernde_roxana_training_data_cbow_lr0.05_epochs1_mincount100_ws24_dims300,dreifachmord,0.6912021636962891
bezaubernde_roxana_training_data_cbow_lr0.05_epochs1_mincount100_ws24_dims300,mordfällen,0.6864725947380066
bezaubernde_roxana_training_data_cbow_lr0.05_epochs1_mincount100_ws24_dims300,mordanschlag,0.6828722953796387
bezaubernde_roxana_training_data_cbow_lr0.05_epochs1_mincount100_ws24_dims300,mordfantasien,0.6818277835845947
bezaubernde_roxana_training_data_cbow_lr0.05_epochs1_mincount100_ws24_dims300,mordpläne,0.6810770034790039
bezaubernde_roxana_training_data_cbow_lr0.05_epochs1_mincount100_ws24_dims300,mordanklage,0.6803341507911682
bezaubernde_roxana_training_data_cbow_lr0.05_epochs1_mincount100_ws24_dims300,lynchmord,0.6803052425384521
bezaubernde_roxana_training_data_cbow_lr0.05_epochs1_mincount100_ws24_dims300,mordverdächtigen,0.6801943182945251
bezaubernde_roxana_training_data_cbow_lr0.05_epochs1_mincount100_ws24_dims300,mordopfern,0.6778719425201416
bezaubernde_roxana_training_data_cbow_lr0.05_epochs1_mincount100_ws24_dims300,mordverdächtiger,0.6772181391716003
bezaubernde_roxana_training_data_cbow_lr0.05_epochs1_mincount100_ws24_dims300,messermord,0.6758163571357727
bezaubernde_roxana_training_data_cbow_lr0.05_epochs1_mincount100_ws24_dims300,massenmord,0.6745766401290894
bezaubernde_roxana_training_data_cbow_lr0.05_epochs1_mincount100_ws24_dims300,ermordeter,0.6743820309638977
bezaubernde_roxana_training_data_cbow_lr0.05_epochs1_mincount100_ws24_dims300,fünffachmord,0.672522783279419
bezaubernde_roxana_training_data_cbow_lr0.05_epochs1_mincount100_ws24_dims300,ermordete,0.6723529696464539
bezaubernde_roxana_training_data_cbow_lr0.05_epochs1_mincount100_ws24_dims300,mordopfers,0.6717331409454346
bezaubernde_roxana_training_data_cbow_lr0.05_epochs1_mincount100_ws24_dims300,goldmord,0.6716310381889343
bezaubernde_roxana_training_data_cbow_lr0.05_epochs1_mincount100_ws24_dims300,raubmordes,0.6685236692428589
bezaubernde_roxana_training_data_cbow_lr0.05_epochs1_mincount100_ws24_dims300,vierfachmord,0.6664628386497498
bezaubernde_roxana_training_data_cbow_lr0.05_epochs1_mincount100_ws24_dims300,bluttat,0.665795624256134
bezaubernde_roxana_training_data_cbow_lr0.05_epochs1_mincount100_ws24_dims300,mordkomplotts,0.6652445197105408
bezaubernde_roxana_training_data_cbow_lr0.05_epochs1_mincount100_ws24_dims300,selbstmord,0.6650983095169067
bezaubernde_roxana_training_data_cbow_lr0.05_epochs1_mincount100_ws24_dims300,mordabsicht,0.6603295207023621
bezaubernde_roxana_training_data_cbow_lr0.05_epochs1_mincount100_ws24_dims300,mordversuche,0.6590340733528137
bezaubernde_roxana_training_data_cbow_lr0.05_epochs1_mincount100_ws24_dims300,mordversuchs,0.658124566078186
bezaubernde_roxana_training_data_cbow_lr0.05_epochs1_mincount100_ws24_dims300,ermordung,0.6555870771408081
bezaubernde_roxana_training_data_cbow_lr0.05_epochs1_mincount100_ws24_dims300,mordprozess,0.6527689099311829
bezaubernde_roxana_training_data_cbow_lr0.05_epochs1_mincount100_ws24_dims300,mordgruppe,0.6525128483772278
bezaubernde_roxana_training_data_cbow_lr0.05_epochs1_mincount100_ws24_dims300,mordversuches,0.6524887084960938
bezaubernde_roxana_training_data_cbow_lr0.05_epochs1_mincount100_ws24_dims300,doppelmords,0.6493373513221741
bezaubernde_roxana_training_data_cbow_lr0.05_epochs1_mincount100_ws24_dims300,judenmord,0.6473686695098877
bezaubernde_roxana_training_data_cbow_lr0.05_epochs1_mincount100_ws24_dims300,mörder,0.6473548412322998
bezaubernde_roxana_training_data_cbow_lr0.05_epochs1_mincount100_ws24_dims300,mordaunt,0.6459751129150391
bezaubernde_roxana_training_data_cbow_lr0.05_epochs1_mincount100_ws24_dims300,mordaschow,0.645955502986908
bezaubernde_roxana_training_data_cbow_lr0.05_epochs1_mincount100_ws24_dims300,mordalarm,0.6435261964797974
bezaubernde_roxana_training_data_cbow_lr0.05_epochs1_mincount100_ws24_dims300,mordverdachts,0.6434254050254822
bezaubernde_roxana_training_data_cbow_lr0.05_epochs1_mincount100_ws24_dims300,ermordeter,0.642068088054657
bezaubernde_roxana_training_data_cbow_lr0.05_epochs1_mincount100_ws24_dims300,mordverdacht,0.6414190530776978
bezaubernde_roxana_training_data_cbow_lr0.05_epochs1_mincount100_ws24_dims300,ritualmord,0.6404199004173279
bezaubernde_roxana_training_data_cbow_lr0.05_epochs1_mincount100_ws24_dims300,mordaufruf,0.6394580602645874
bezaubernde_roxana_training_data_cbow_lr0.05_epochs1_mincount100_ws24_dims300,tat,0.6348207592964172
bezaubernde_roxana_training_data_cbow_lr0.05_epochs1_mincount100_ws24_dims300,sexualmord,0.6340689063072205
bezaubernde_roxana_training_data_cbow_lr0.05_epochs1_mincount100_ws24_dims300,mordanschlags,0.6318095326423645
bezaubernde_roxana_training_data_cbow_lr0.05_epochs1_mincount100_ws24_dims300,mordkommando,0.6308244466781616
bezaubernde_roxana_training_data_cbow_lr0.05_epochs1_mincount100_ws24_dims300,rufmord,0.6300764679908752
bezaubernde_roxana_training_data_cbow_lr0.05_epochs1_mincount100_ws24_dims300,ermordete,0.626445472240448
bezaubernde_roxana_training_data_cbow_lr0.05_epochs1_mincount100_ws24_dims300,mordrate,0.6261129379272461
bezaubernde_roxana_training_data_cbow_lr0.05_epochs1_mincount100_ws24_dims300,ermordet,0.6251539587974548
bezaubernde_roxana_training_data_cbow_lr0.05_epochs1_mincount100_ws24_dims300,mordet,0.6250178813934326
bezaubernde_roxana_training_data_cbow_lr0.05_epochs1_mincount100_ws24_dims300,königsmord,0.6218484044075012
bezaubernde_roxana_training_data_cbow_lr0.05_epochs1_mincount100_ws24_dims300,mädchenmord,0.6202865839004517
bezaubernde_roxana_training_data_cbow_lr0.05_epochs1_mincount100_ws24_dims300,mordanschläge,0.6175426840782166
bezaubernde_roxana_training_data_cbow_lr0.05_epochs1_mincount100_ws24_dims300,mordvorwürfe,0.6171355247497559
bezaubernde_roxana_training_data_cbow_lr0.05_epochs1_mincount100_ws24_dims300,ehrenmord,0.6170971393585205
bezaubernde_roxana_training_data_cbow_lr0.05_epochs1_mincount100_ws24_dims300,selbstmordes,0.6163628101348877
bezaubernde_roxana_training_data_cbow_lr0.05_epochs1_mincount100_ws24_dims300,mordete,0.6150755286216736
bezaubernde_roxana_training_data_cbow_lr0.05_epochs1_mincount100_ws24_dims300,mordversuchen,0.6106189489364624
bezaubernde_roxana_training_data_cbow_lr0.05_epochs1_mincount100_ws24_dims300,mordraten,0.6051190495491028
bezaubernde_roxana_training_data_cbow_lr0.05_epochs1_mincount100_ws24_dims300,massenmordes,0.6051064133644104
bezaubernde_roxana_training_data_cbow_lr0.05_epochs1_mincount100_ws24_dims300,tötungsdelikt,0.6040278077125549
bezaubernde_roxana_training_data_cbow_lr0.05_epochs1_mincount100_ws24_dims300,auftragsmord,0.602026641368866
bezaubernde_roxana_training_data_cbow_lr0.05_epochs1_mincount100_ws24_dims300,ermorden,0.6012099385261536
bezaubernde_roxana_training_data_cbow_lr0.05_epochs1_mincount100_ws24_dims300,polizistenmord,0.5999068021774292
entzückende_veronica_training_data_cbow_lr0.05_epochs1_mincount10_ws24_dims300,mordtat,0.8813372850418091
entzückende_veronica_training_data_cbow_lr0.05_epochs1_mincount10_ws24_dims300,mordue,0.8694013953208923
entzückende_veronica_training_data_cbow_lr0.05_epochs1_mincount10_ws24_dims300,mordecai,0.8593050837516785
entzückende_veronica_training_data_cbow_lr0.05_epochs1_mincount10_ws24_dims300,mords,0.8573302626609802
entzückende_veronica_training_data_cbow_lr0.05_epochs1_mincount10_ws24_dims300,mordswut,0.8540551066398621
entzückende_veronica_training_data_cbow_lr0.05_epochs1_mincount10_ws24_dims300,morde,0.840573251247406
entzückende_veronica_training_data_cbow_lr0.05_epochs1_mincount10_ws24_dims300,mordfall,0.8243528604507446
entzückende_veronica_training_data_cbow_lr0.05_epochs1_mincount10_ws24_dims300,mordlust,0.8161594271659851
entzückende_veronica_training_data_cbow_lr0.05_epochs1_mincount10_ws24_dims300,mordor,0.8134482502937317
entzückende_veronica_training_data_cbow_lr0.05_epochs1_mincount10_ws24_dims300,mordowia,0.8129612803459167
entzückende_veronica_training_data_cbow_lr0.05_epochs1_mincount10_ws24_dims300,axtmord,0.8118884563446045
entzückende_veronica_training_data_cbow_lr0.05_epochs1_mincount10_ws24_dims300,mordkrimi,0.8053328990936279
entzückende_veronica_training_data_cbow_lr0.05_epochs1_mincount10_ws24_dims300,mordes,0.804787278175354
entzückende_veronica_training_data_cbow_lr0.05_epochs1_mincount10_ws24_dims300,mordshetz,0.8023213148117065
entzückende_veronica_training_data_cbow_lr0.05_epochs1_mincount10_ws24_dims300,morden,0.8005621433258057
entzückende_veronica_training_data_cbow_lr0.05_epochs1_mincount10_ws24_dims300,mord,0.7965640425682068
entzückende_veronica_training_data_cbow_lr0.05_epochs1_mincount10_ws24_dims300,mordio,0.7916848659515381
entzückende_veronica_training_data_cbow_lr0.05_epochs1_mincount10_ws24_dims300,mordechai,0.787948727607727
entzückende_veronica_training_data_cbow_lr0.05_epochs1_mincount10_ws24_dims300,mordsache,0.7856833338737488
entzückende_veronica_training_data_cbow_lr0.05_epochs1_mincount10_ws24_dims300,mordred,0.783926784992218
entzückende_veronica_training_data_cbow_lr0.05_epochs1_mincount10_ws24_dims300,mordsspaß,0.7808449864387512
entzückende_veronica_training_data_cbow_lr0.05_epochs1_mincount10_ws24_dims300,mordbuben,0.779471218585968
entzückende_veronica_training_data_cbow_lr0.05_epochs1_mincount10_ws24_dims300,mordhau,0.7781588435173035
entzückende_veronica_training_data_cbow_lr0.05_epochs1_mincount10_ws24_dims300,mordstrumm,0.7754032015800476
entzückende_veronica_training_data_cbow_lr0.05_epochs1_mincount10_ws24_dims300,mordfalls,0.7706654667854309
entzückende_veronica_training_data_cbow_lr0.05_epochs1_mincount10_ws24_dims300,rachemord,0.7683441042900085
entzückende_veronica_training_data_cbow_lr0.05_epochs1_mincount10_ws24_dims300,mordens,0.7682402729988098
entzückende_veronica_training_data_cbow_lr0.05_epochs1_mincount10_ws24_dims300,mordserie,0.7681390643119812
entzückende_veronica_training_data_cbow_lr0.05_epochs1_mincount10_ws24_dims300,mordtag,0.7676694989204407
entzückende_veronica_training_data_cbow_lr0.05_epochs1_mincount10_ws24_dims300,mordors,0.7670273780822754
entzückende_veronica_training_data_cbow_lr0.05_epochs1_mincount10_ws24_dims300,mordmotiv,0.7645304799079895
entzückende_veronica_training_data_cbow_lr0.05_epochs1_mincount10_ws24_dims300,mordslust,0.7644500732421875
entzückende_veronica_training_data_cbow_lr0.05_epochs1_mincount10_ws24_dims300,doppelmord,0.7626157402992249
entzückende_veronica_training_data_cbow_lr0.05_epochs1_mincount10_ws24_dims300,mordsglück,0.762214183807373
entzückende_veronica_training_data_cbow_lr0.05_epochs1_mincount10_ws24_dims300,mordfalles,0.7593410611152649
entzückende_veronica_training_data_cbow_lr0.05_epochs1_mincount10_ws24_dims300,würgemord,0.7570730447769165
entzückende_veronica_training_data_cbow_lr0.05_epochs1_mincount10_ws24_dims300,mordnacht,0.7548699378967285
entzückende_veronica_training_data_cbow_lr0.05_epochs1_mincount10_ws24_dims300,morddezernat,0.7511407732963562
entzückende_veronica_training_data_cbow_lr0.05_epochs1_mincount10_ws24_dims300,raubmord,0.7505764961242676
entzückende_veronica_training_data_cbow_lr0.05_epochs1_mincount10_ws24_dims300,mordgelüste,0.7474054098129272
entzückende_veronica_training_data_cbow_lr0.05_epochs1_mincount10_ws24_dims300,mordszene,0.7458378672599792
entzückende_veronica_training_data_cbow_lr0.05_epochs1_mincount10_ws24_dims300,mordabend,0.7451916337013245
entzückende_veronica_training_data_cbow_lr0.05_epochs1_mincount10_ws24_dims300,mordtaten,0.7449563145637512
entzückende_veronica_training_data_cbow_lr0.05_epochs1_mincount10_ws24_dims300,gattenmord,0.7430710792541504
entzückende_veronica_training_data_cbow_lr0.05_epochs1_mincount10_ws24_dims300,mordsee,0.7395678758621216
entzückende_veronica_training_data_cbow_lr0.05_epochs1_mincount10_ws24_dims300,mordmotive,0.7394782304763794
entzückende_veronica_training_data_cbow_lr0.05_epochs1_mincount10_ws24_dims300,mordkomplott,0.7367380857467651
entzückende_veronica_training_data_cbow_lr0.05_epochs1_mincount10_ws24_dims300,mordthese,0.7367297410964966
entzückende_veronica_training_data_cbow_lr0.05_epochs1_mincount10_ws24_dims300,giftmord,0.736689031124115
entzückende_veronica_training_data_cbow_lr0.05_epochs1_mincount10_ws24_dims300,morddrama,0.7301400899887085
entzückende_veronica_training_data_cbow_lr0.05_epochs1_mincount10_ws24_dims300,lustmord,0.7298744320869446
entzückende_veronica_training_data_cbow_lr0.05_epochs1_mincount10_ws24_dims300,morddelikt,0.7295492887496948
entzückende_veronica_training_data_cbow_lr0.05_epochs1_mincount10_ws24_dims300,tyrannenmord,0.7276149988174438
entzückende_veronica_training_data_cbow_lr0.05_epochs1_mincount10_ws24_dims300,mordskandal,0.7266701459884644
entzückende_veronica_training_data_cbow_lr0.05_epochs1_mincount10_ws24_dims300,mordplan,0.725705087184906
entzückende_veronica_training_data_cbow_lr0.05_epochs1_mincount10_ws24_dims300,mordrätsel,0.7252227067947388
entzückende_veronica_training_data_cbow_lr0.05_epochs1_mincount10_ws24_dims300,sexmord,0.7250946760177612
entzückende_veronica_training_data_cbow_lr0.05_epochs1_mincount10_ws24_dims300,mordopfer,0.7238278985023499
entzückende_veronica_training_data_cbow_lr0.05_epochs1_mincount10_ws24_dims300,mordhaus,0.7220629453659058
entzückende_veronica_training_data_cbow_lr0.05_epochs1_mincount10_ws24_dims300,mordvorwurf,0.7183293700218201
entzückende_veronica_training_data_cbow_lr0.05_epochs1_mincount10_ws24_dims300,mordshunger,0.7167160511016846
entzückende_veronica_training_data_cbow_lr0.05_epochs1_mincount10_ws24_dims300,mordwand,0.7153249979019165
entzückende_veronica_training_data_cbow_lr0.05_epochs1_mincount10_ws24_dims300,mordfälle,0.7149800658226013
entzückende_veronica_training_data_cbow_lr0.05_epochs1_mincount10_ws24_dims300,mordvideo,0.7142711877822876
entzückende_veronica_training_data_cbow_lr0.05_epochs1_mincount10_ws24_dims300,mordangriff,0.7139188647270203
entzückende_veronica_training_data_cbow_lr0.05_epochs1_mincount10_ws24_dims300,morderator,0.7122958302497864
entzückende_veronica_training_data_cbow_lr0.05_epochs1_mincount10_ws24_dims300,mordversuch,0.7104845643043518
entzückende_veronica_training_data_cbow_lr0.05_epochs1_mincount10_ws24_dims300,mafiamord,0.7101609110832214
entzückende_veronica_training_data_cbow_lr0.05_epochs1_mincount10_ws24_dims300,mordurteil,0.7091928720474243
entzückende_veronica_training_data_cbow_lr0.05_epochs1_mincount10_ws24_dims300,mordender,0.7085323929786682
entzückende_veronica_training_data_cbow_lr0.05_epochs1_mincount10_ws24_dims300,lynchmord,0.7081930637359619
entzückende_veronica_training_data_cbow_lr0.05_epochs1_mincount10_ws24_dims300,mordasini,0.7075270414352417
entzückende_veronica_training_data_cbow_lr0.05_epochs1_mincount10_ws24_dims300,ermordet,0.7074923515319824
entzückende_veronica_training_data_cbow_lr0.05_epochs1_mincount10_ws24_dims300,mordbefehl,0.7057733535766602
entzückende_veronica_training_data_cbow_lr0.05_epochs1_mincount10_ws24_dims300,mordwaffe,0.7055972814559937
entzückende_veronica_training_data_cbow_lr0.05_epochs1_mincount10_ws24_dims300,mordvorwurfs,0.7055948376655579
entzückende_veronica_training_data_cbow_lr0.05_epochs1_mincount10_ws24_dims300,mordkomplotte,0.7051247954368591
entzückende_veronica_training_data_cbow_lr0.05_epochs1_mincount10_ws24_dims300,mordopfern,0.7042137980461121
entzückende_veronica_training_data_cbow_lr0.05_epochs1_mincount10_ws24_dims300,mordverschwörung,0.701973021030426
entzückende_veronica_training_data_cbow_lr0.05_epochs1_mincount10_ws24_dims300,brudermord,0.7016860246658325
entzückende_veronica_training_data_cbow_lr0.05_epochs1_mincount10_ws24_dims300,mordsmenü,0.7016186714172363
entzückende_veronica_training_data_cbow_lr0.05_epochs1_mincount10_ws24_dims300,vatermord,0.7012100219726562
entzückende_veronica_training_data_cbow_lr0.05_epochs1_mincount10_ws24_dims300,mordkomplotts,0.7007713317871094
entzückende_veronica_training_data_cbow_lr0.05_epochs1_mincount10_ws24_dims300,mordserien,0.700537383556366
entzückende_veronica_training_data_cbow_lr0.05_epochs1_mincount10_ws24_dims300,mordowien,0.7002853155136108
entzückende_veronica_training_data_cbow_lr0.05_epochs1_mincount10_ws24_dims300,rachemordes,0.700210452079773
entzückende_veronica_training_data_cbow_lr0.05_epochs1_mincount10_ws24_dims300,mordverdächtige,0.699657142162323
entzückende_veronica_training_data_cbow_lr0.05_epochs1_mincount10_ws24_dims300,mordgelüsten,0.6988190412521362
entzückende_veronica_training_data_cbow_lr0.05_epochs1_mincount10_ws24_dims300,mordhorst,0.6980888843536377
entzückende_veronica_training_data_cbow_lr0.05_epochs1_mincount10_ws24_dims300,mordwelle,0.6977010369300842
entzückende_veronica_training_data_cbow_lr0.05_epochs1_mincount10_ws24_dims300,mordattacke,0.6952225565910339
entzückende_veronica_training_data_cbow_lr0.05_epochs1_mincount10_ws24_dims300,mordsgaudi,0.6950626969337463
entzückende_veronica_training_data_cbow_lr0.05_epochs1_mincount10_ws24_dims300,mordanschlag,0.6949625015258789
entzückende_veronica_training_data_cbow_lr0.05_epochs1_mincount10_ws24_dims300,mordillos,0.6938124299049377
entzückende_veronica_training_data_cbow_lr0.05_epochs1_mincount10_ws24_dims300,politmord,0.6936661005020142
entzückende_veronica_training_data_cbow_lr0.05_epochs1_mincount10_ws24_dims300,mordvorsatz,0.6928231716156006
entzückende_veronica_training_data_cbow_lr0.05_epochs1_mincount10_ws24_dims300,kindsmord,0.690536618232727
entzückende_veronica_training_data_cbow_lr0.05_epochs1_mincount10_ws24_dims300,mordaunt,0.6903241276741028
entzückende_veronica_training_data_cbow_lr0.05_epochs1_mincount10_ws24_dims300,giftmordes,0.6902585029602051
entzückende_veronica_training_data_cbow_lr0.05_epochs1_mincount10_ws24_dims300,mordszenen,0.6900647282600403
aktive_eleonore_training_data_lower_cbow_lr0.05_epochs1_mincount50_ws5_dims300,mordtat,0.8854383826255798
aktive_eleonore_training_data_lower_cbow_lr0.05_epochs1_mincount50_ws5_dims300,raubmord,0.8564638495445251
aktive_eleonore_training_data_lower_cbow_lr0.05_epochs1_mincount50_ws5_dims300,doppelmord,0.8420546054840088
aktive_eleonore_training_data_lower_cbow_lr0.05_epochs1_mincount50_ws5_dims300,mordor,0.8263401985168457
aktive_eleonore_training_data_lower_cbow_lr0.05_epochs1_mincount50_ws5_dims300,mords,0.8205334544181824
aktive_eleonore_training_data_lower_cbow_lr0.05_epochs1_mincount50_ws5_dims300,rachemord,0.8155897855758667
aktive_eleonore_training_data_lower_cbow_lr0.05_epochs1_mincount50_ws5_dims300,morde,0.8091146349906921
aktive_eleonore_training_data_lower_cbow_lr0.05_epochs1_mincount50_ws5_dims300,mordlust,0.8047608733177185
aktive_eleonore_training_data_lower_cbow_lr0.05_epochs1_mincount50_ws5_dims300,mordechai,0.8038424253463745
aktive_eleonore_training_data_lower_cbow_lr0.05_epochs1_mincount50_ws5_dims300,giftmord,0.7985854744911194
aktive_eleonore_training_data_lower_cbow_lr0.05_epochs1_mincount50_ws5_dims300,mordes,0.7976999878883362
aktive_eleonore_training_data_lower_cbow_lr0.05_epochs1_mincount50_ws5_dims300,kindsmord,0.7961742877960205
aktive_eleonore_training_data_lower_cbow_lr0.05_epochs1_mincount50_ws5_dims300,mordversuch,0.7908764481544495
aktive_eleonore_training_data_lower_cbow_lr0.05_epochs1_mincount50_ws5_dims300,mordfall,0.7890903353691101
aktive_eleonore_training_data_lower_cbow_lr0.05_epochs1_mincount50_ws5_dims300,meuchelmord,0.7854176759719849
aktive_eleonore_training_data_lower_cbow_lr0.05_epochs1_mincount50_ws5_dims300,tyrannenmord,0.7841252088546753
aktive_eleonore_training_data_lower_cbow_lr0.05_epochs1_mincount50_ws5_dims300,lynchmord,0.7838726043701172
aktive_eleonore_training_data_lower_cbow_lr0.05_epochs1_mincount50_ws5_dims300,vatermord,0.7832603454589844
aktive_eleonore_training_data_lower_cbow_lr0.05_epochs1_mincount50_ws5_dims300,mordet,0.7809225916862488
aktive_eleonore_training_data_lower_cbow_lr0.05_epochs1_mincount50_ws5_dims300,goldmord,0.7794038653373718
aktive_eleonore_training_data_lower_cbow_lr0.05_epochs1_mincount50_ws5_dims300,mordio,0.7764231562614441
aktive_eleonore_training_data_lower_cbow_lr0.05_epochs1_mincount50_ws5_dims300,rufmord,0.7756648063659668
aktive_eleonore_training_data_lower_cbow_lr0.05_epochs1_mincount50_ws5_dims300,mordsspaß,0.7745754718780518
aktive_eleonore_training_data_lower_cbow_lr0.05_epochs1_mincount50_ws5_dims300,brudermord,0.7638689279556274
aktive_eleonore_training_data_lower_cbow_lr0.05_epochs1_mincount50_ws5_dims300,mordete,0.7631853222846985
aktive_eleonore_training_data_lower_cbow_lr0.05_epochs1_mincount50_ws5_dims300,morden,0.7585914134979248
aktive_eleonore_training_data_lower_cbow_lr0.05_epochs1_mincount50_ws5_dims300,messermord,0.7575569748878479
aktive_eleonore_training_data_lower_cbow_lr0.05_epochs1_mincount50_ws5_dims300,mordend,0.7564345598220825
aktive_eleonore_training_data_lower_cbow_lr0.05_epochs1_mincount50_ws5_dims300,judenmord,0.7430445551872253
aktive_eleonore_training_data_lower_cbow_lr0.05_epochs1_mincount50_ws5_dims300,selbstmord,0.741809606552124
aktive_eleonore_training_data_lower_cbow_lr0.05_epochs1_mincount50_ws5_dims300,mordkomplott,0.741060733795166
aktive_eleonore_training_data_lower_cbow_lr0.05_epochs1_mincount50_ws5_dims300,raubmordes,0.7397319674491882
aktive_eleonore_training_data_lower_cbow_lr0.05_epochs1_mincount50_ws5_dims300,muttermord,0.7383407950401306
aktive_eleonore_training_data_lower_cbow_lr0.05_epochs1_mincount50_ws5_dims300,doppelmordes,0.7369078397750854
aktive_eleonore_training_data_lower_cbow_lr0.05_epochs1_mincount50_ws5_dims300,eifersuchtsmord,0.7361757159233093
aktive_eleonore_training_data_lower_cbow_lr0.05_epochs1_mincount50_ws5_dims300,mordvorsatz,0.7361544370651245
aktive_eleonore_training_data_lower_cbow_lr0.05_epochs1_mincount50_ws5_dims300,mordfalls,0.7344314455986023
aktive_eleonore_training_data_lower_cbow_lr0.05_epochs1_mincount50_ws5_dims300,mordtaten,0.7328646779060364
aktive_eleonore_training_data_lower_cbow_lr0.05_epochs1_mincount50_ws5_dims300,mordvorwurf,0.729627788066864
aktive_eleonore_training_data_lower_cbow_lr0.05_epochs1_mincount50_ws5_dims300,mordversuchs,0.7280735969543457
aktive_eleonore_training_data_lower_cbow_lr0.05_epochs1_mincount50_ws5_dims300,mordserie,0.727636456489563
aktive_eleonore_training_data_lower_cbow_lr0.05_epochs1_mincount50_ws5_dims300,dreifachmord,0.7266714572906494
aktive_eleonore_training_data_lower_cbow_lr0.05_epochs1_mincount50_ws5_dims300,mordvideo,0.7259238958358765
aktive_eleonore_training_data_lower_cbow_lr0.05_epochs1_mincount50_ws5_dims300,sexualmord,0.7251280546188354
aktive_eleonore_training_data_lower_cbow_lr0.05_epochs1_mincount50_ws5_dims300,mordens,0.7236906290054321
aktive_eleonore_training_data_lower_cbow_lr0.05_epochs1_mincount50_ws5_dims300,ehrenmord,0.7224898338317871
aktive_eleonore_training_data_lower_cbow_lr0.05_epochs1_mincount50_ws5_dims300,doppelmords,0.7220205664634705
aktive_eleonore_training_data_lower_cbow_lr0.05_epochs1_mincount50_ws5_dims300,mordende,0.7198821902275085
aktive_eleonore_training_data_lower_cbow_lr0.05_epochs1_mincount50_ws5_dims300,mordplan,0.7184028029441833
aktive_eleonore_training_data_lower_cbow_lr0.05_epochs1_mincount50_ws5_dims300,ritualmord,0.7177240252494812
aktive_eleonore_training_data_lower_cbow_lr0.05_epochs1_mincount50_ws5_dims300,mordnacht,0.71763014793396
aktive_eleonore_training_data_lower_cbow_lr0.05_epochs1_mincount50_ws5_dims300,mordsgaudi,0.7160153388977051
aktive_eleonore_training_data_lower_cbow_lr0.05_epochs1_mincount50_ws5_dims300,mordurteil,0.7148060202598572
aktive_eleonore_training_data_lower_cbow_lr0.05_epochs1_mincount50_ws5_dims300,vierfachmord,0.7145365476608276
aktive_eleonore_training_data_lower_cbow_lr0.05_epochs1_mincount50_ws5_dims300,kindesmord,0.7136470079421997
aktive_eleonore_training_data_lower_cbow_lr0.05_epochs1_mincount50_ws5_dims300,massenmord,0.7129988670349121
aktive_eleonore_training_data_lower_cbow_lr0.05_epochs1_mincount50_ws5_dims300,mordkomplotts,0.7129747867584229
aktive_eleonore_training_data_lower_cbow_lr0.05_epochs1_mincount50_ws5_dims300,serienmord,0.7121479511260986
aktive_eleonore_training_data_lower_cbow_lr0.05_epochs1_mincount50_ws5_dims300,mädchenmord,0.7110435366630554
aktive_eleonore_training_data_lower_cbow_lr0.05_epochs1_mincount50_ws5_dims300,mordmotiv,0.7083128094673157
aktive_eleonore_training_data_lower_cbow_lr0.05_epochs1_mincount50_ws5_dims300,königsmord,0.705410897731781
aktive_eleonore_training_data_lower_cbow_lr0.05_epochs1_mincount50_ws5_dims300,mordversuche,0.7050334215164185
aktive_eleonore_training_data_lower_cbow_lr0.05_epochs1_mincount50_ws5_dims300,mordillo,0.6992140412330627
aktive_eleonore_training_data_lower_cbow_lr0.05_epochs1_mincount50_ws5_dims300,mordanklage,0.6933877468109131
aktive_eleonore_training_data_lower_cbow_lr0.05_epochs1_mincount50_ws5_dims300,kindermord,0.6927180886268616
aktive_eleonore_training_data_lower_cbow_lr0.05_epochs1_mincount50_ws5_dims300,mordfalles,0.69236159324646
aktive_eleonore_training_data_lower_cbow_lr0.05_epochs1_mincount50_ws5_dims300,mordversuches,0.6897843480110168
aktive_eleonore_training_data_lower_cbow_lr0.05_epochs1_mincount50_ws5_dims300,frauenmord,0.6887131333351135
aktive_eleonore_training_data_lower_cbow_lr0.05_epochs1_mincount50_ws5_dims300,mordeten,0.6871954202651978
aktive_eleonore_training_data_lower_cbow_lr0.05_epochs1_mincount50_ws5_dims300,fünffachmord,0.6856428384780884
aktive_eleonore_training_data_lower_cbow_lr0.05_epochs1_mincount50_ws5_dims300,mordanschlag,0.6852614283561707
aktive_eleonore_training_data_lower_cbow_lr0.05_epochs1_mincount50_ws5_dims300,polizistenmord,0.6841646432876587
aktive_eleonore_training_data_lower_cbow_lr0.05_epochs1_mincount50_ws5_dims300,doppelselbstmord,0.6823283433914185
aktive_eleonore_training_data_lower_cbow_lr0.05_epochs1_mincount50_ws5_dims300,mordverdächtige,0.6821667551994324
aktive_eleonore_training_data_lower_cbow_lr0.05_epochs1_mincount50_ws5_dims300,bluttat,0.6801101565361023
aktive_eleonore_training_data_lower_cbow_lr0.05_epochs1_mincount50_ws5_dims300,mordverdächtiger,0.6763553619384766
aktive_eleonore_training_data_lower_cbow_lr0.05_epochs1_mincount50_ws5_dims300,ermordung,0.6758502721786499
aktive_eleonore_training_data_lower_cbow_lr0.05_epochs1_mincount50_ws5_dims300,mordserien,0.6751656532287598
aktive_eleonore_training_data_lower_cbow_lr0.05_epochs1_mincount50_ws5_dims300,mordprozess,0.6731137037277222
aktive_eleonore_training_data_lower_cbow_lr0.05_epochs1_mincount50_ws5_dims300,mordaunt,0.6727232933044434
aktive_eleonore_training_data_lower_cbow_lr0.05_epochs1_mincount50_ws5_dims300,mordaufruf,0.6706177592277527
aktive_eleonore_training_data_lower_cbow_lr0.05_epochs1_mincount50_ws5_dims300,mordfälle,0.6701772212982178
aktive_eleonore_training_data_lower_cbow_lr0.05_epochs1_mincount50_ws5_dims300,totschlag,0.6688863039016724
aktive_eleonore_training_data_lower_cbow_lr0.05_epochs1_mincount50_ws5_dims300,mordwaffe,0.668543815612793
aktive_eleonore_training_data_lower_cbow_lr0.05_epochs1_mincount50_ws5_dims300,mordender,0.6649678349494934
aktive_eleonore_training_data_lower_cbow_lr0.05_epochs1_mincount50_ws5_dims300,tötungsdelikt,0.6645639538764954
aktive_eleonore_training_data_lower_cbow_lr0.05_epochs1_mincount50_ws5_dims300,mordopfer,0.6643303036689758
aktive_eleonore_training_data_lower_cbow_lr0.05_epochs1_mincount50_ws5_dims300,mordverdächtigen,0.6640898585319519
aktive_eleonore_training_data_lower_cbow_lr0.05_epochs1_mincount50_ws5_dims300,selbstmordes,0.6633227467536926
aktive_eleonore_training_data_lower_cbow_lr0.05_epochs1_mincount50_ws5_dims300,raubmörder,0.6611603498458862
aktive_eleonore_training_data_lower_cbow_lr0.05_epochs1_mincount50_ws5_dims300,lynchmorde,0.6610802412033081
aktive_eleonore_training_data_lower_cbow_lr0.05_epochs1_mincount50_ws5_dims300,auftragsmord,0.6599948406219482
aktive_eleonore_training_data_lower_cbow_lr0.05_epochs1_mincount50_ws5_dims300,mordverdacht,0.6562633514404297
aktive_eleonore_training_data_lower_cbow_lr0.05_epochs1_mincount50_ws5_dims300,mordenden,0.6547459959983826
aktive_eleonore_training_data_lower_cbow_lr0.05_epochs1_mincount50_ws5_dims300,mordversuchen,0.6492906808853149
aktive_eleonore_training_data_lower_cbow_lr0.05_epochs1_mincount50_ws5_dims300,mordermittler,0.6488950848579407
aktive_eleonore_training_data_lower_cbow_lr0.05_epochs1_mincount50_ws5_dims300,journalistenmord,0.6486418843269348
aktive_eleonore_training_data_lower_cbow_lr0.05_epochs1_mincount50_ws5_dims300,mordabsicht,0.6484047174453735
aktive_eleonore_training_data_lower_cbow_lr0.05_epochs1_mincount50_ws5_dims300,mordplänen,0.645109236240387
aktive_eleonore_training_data_lower_cbow_lr0.05_epochs1_mincount50_ws5_dims300,mordfällen,0.6447117328643799
brillanter_zoran_training_data_lower_cbow_lr0.05_epochs1_mincount5_ws24_dims300,mordtat,0.9020504951477052
brillanter_zoran_training_data_lower_cbow_lr0.05_epochs1_mincount5_ws24_dims300,axtmord,0.8922470211982727
brillanter_zoran_training_data_lower_cbow_lr0.05_epochs1_mincount5_ws24_dims300,mordue,0.8818782567977905
brillanter_zoran_training_data_lower_cbow_lr0.05_epochs1_mincount5_ws24_dims300,mordy,0.8770461082458496
brillanter_zoran_training_data_lower_cbow_lr0.05_epochs1_mincount5_ws24_dims300,krimimord,0.8513196110725403
brillanter_zoran_training_data_lower_cbow_lr0.05_epochs1_mincount5_ws24_dims300,mords,0.8488180041313171
brillanter_zoran_training_data_lower_cbow_lr0.05_epochs1_mincount5_ws24_dims300,morde,0.8471701741218567
brillanter_zoran_training_data_lower_cbow_lr0.05_epochs1_mincount5_ws24_dims300,mordecai,0.8463635444641113
brillanter_zoran_training_data_lower_cbow_lr0.05_epochs1_mincount5_ws24_dims300,mordor,0.8451398611068726
brillanter_zoran_training_data_lower_cbow_lr0.05_epochs1_mincount5_ws24_dims300,mordo,0.8397504091262817
brillanter_zoran_training_data_lower_cbow_lr0.05_epochs1_mincount5_ws24_dims300,mordgier,0.837995707988739
brillanter_zoran_training_data_lower_cbow_lr0.05_epochs1_mincount5_ws24_dims300,mordowja,0.8355661034584045
brillanter_zoran_training_data_lower_cbow_lr0.05_epochs1_mincount5_ws24_dims300,rachemord,0.8350554704666138
brillanter_zoran_training_data_lower_cbow_lr0.05_epochs1_mincount5_ws24_dims300,mordowia,0.8336055278778076
brillanter_zoran_training_data_lower_cbow_lr0.05_epochs1_mincount5_ws24_dims300,mordthal,0.8307299613952637
brillanter_zoran_training_data_lower_cbow_lr0.05_epochs1_mincount5_ws24_dims300,mordhau,0.8300856947898865
brillanter_zoran_training_data_lower_cbow_lr0.05_epochs1_mincount5_ws24_dims300,mordet,0.8281887769699097
brillanter_zoran_training_data_lower_cbow_lr0.05_epochs1_mincount5_ws24_dims300,mordorgie,0.8279887437820435
brillanter_zoran_training_data_lower_cbow_lr0.05_epochs1_mincount5_ws24_dims300,mordziol,0.8248094320297241
brillanter_zoran_training_data_lower_cbow_lr0.05_epochs1_mincount5_ws24_dims300,mordes,0.8243038058280945
brillanter_zoran_training_data_lower_cbow_lr0.05_epochs1_mincount5_ws24_dims300,mordau,0.8239937424659729
brillanter_zoran_training_data_lower_cbow_lr0.05_epochs1_mincount5_ws24_dims300,mordfall,0.8162933588027954
brillanter_zoran_training_data_lower_cbow_lr0.05_epochs1_mincount5_ws24_dims300,doppelmord,0.8122155666351318
brillanter_zoran_training_data_lower_cbow_lr0.05_epochs1_mincount5_ws24_dims300,mordete,0.8076711297035217
brillanter_zoran_training_data_lower_cbow_lr0.05_epochs1_mincount5_ws24_dims300,morden,0.8073530197143555
brillanter_zoran_training_data_lower_cbow_lr0.05_epochs1_mincount5_ws24_dims300,hassmord,0.8068056106567383
brillanter_zoran_training_data_lower_cbow_lr0.05_epochs1_mincount5_ws24_dims300,raubmord,0.8061041235923767
brillanter_zoran_training_data_lower_cbow_lr0.05_epochs1_mincount5_ws24_dims300,mordend,0.8058571815490723
brillanter_zoran_training_data_lower_cbow_lr0.05_epochs1_mincount5_ws24_dims300,mordkrimi,0.8054380416870117
brillanter_zoran_training_data_lower_cbow_lr0.05_epochs1_mincount5_ws24_dims300,mordlust,0.8045783638954163
brillanter_zoran_training_data_lower_cbow_lr0.05_epochs1_mincount5_ws24_dims300,mordswut,0.8029584884643555
brillanter_zoran_training_data_lower_cbow_lr0.05_epochs1_mincount5_ws24_dims300,lustmord,0.8020420074462891
brillanter_zoran_training_data_lower_cbow_lr0.05_epochs1_mincount5_ws24_dims300,mordgift,0.8020254373550415
brillanter_zoran_training_data_lower_cbow_lr0.05_epochs1_mincount5_ws24_dims300,sexmord,0.7998882532119751
brillanter_zoran_training_data_lower_cbow_lr0.05_epochs1_mincount5_ws24_dims300,selfmord,0.7978883981704712
brillanter_zoran_training_data_lower_cbow_lr0.05_epochs1_mincount5_ws24_dims300,mordan,0.7927082777023315
brillanter_zoran_training_data_lower_cbow_lr0.05_epochs1_mincount5_ws24_dims300,mordshetz,0.7924231290817261
brillanter_zoran_training_data_lower_cbow_lr0.05_epochs1_mincount5_ws24_dims300,mordtag,0.7921303510665894
brillanter_zoran_training_data_lower_cbow_lr0.05_epochs1_mincount5_ws24_dims300,mordio,0.7914690971374512
brillanter_zoran_training_data_lower_cbow_lr0.05_epochs1_mincount5_ws24_dims300,mordred,0.7875813841819763
brillanter_zoran_training_data_lower_cbow_lr0.05_epochs1_mincount5_ws24_dims300,mordstrum,0.7873879075050354
brillanter_zoran_training_data_lower_cbow_lr0.05_epochs1_mincount5_ws24_dims300,mordechai,0.7872195839881897
brillanter_zoran_training_data_lower_cbow_lr0.05_epochs1_mincount5_ws24_dims300,meuchelmord,0.7866237163543701
brillanter_zoran_training_data_lower_cbow_lr0.05_epochs1_mincount5_ws24_dims300,mordsache,0.7861639857292175
brillanter_zoran_training_data_lower_cbow_lr0.05_epochs1_mincount5_ws24_dims300,mordsspaß,0.7858593463897705
brillanter_zoran_training_data_lower_cbow_lr0.05_epochs1_mincount5_ws24_dims300,mordsgaude,0.7855289578437805
brillanter_zoran_training_data_lower_cbow_lr0.05_epochs1_mincount5_ws24_dims300,würgemord,0.784776508808136
brillanter_zoran_training_data_lower_cbow_lr0.05_epochs1_mincount5_ws24_dims300,morders,0.7843627333641052
brillanter_zoran_training_data_lower_cbow_lr0.05_epochs1_mincount5_ws24_dims300,mordfalls,0.7843201160430908
brillanter_zoran_training_data_lower_cbow_lr0.05_epochs1_mincount5_ws24_dims300,tyrannenmord,0.7842205762863159
brillanter_zoran_training_data_lower_cbow_lr0.05_epochs1_mincount5_ws24_dims300,mordors,0.7824211120605469
brillanter_zoran_training_data_lower_cbow_lr0.05_epochs1_mincount5_ws24_dims300,kindsmord,0.7819988131523132
brillanter_zoran_training_data_lower_cbow_lr0.05_epochs1_mincount5_ws24_dims300,mordbuben,0.7805942296981812
brillanter_zoran_training_data_lower_cbow_lr0.05_epochs1_mincount5_ws24_dims300,mordtaten,0.7795717120170593
brillanter_zoran_training_data_lower_cbow_lr0.05_epochs1_mincount5_ws24_dims300,mordsweib,0.7795253992080688
brillanter_zoran_training_data_lower_cbow_lr0.05_epochs1_mincount5_ws24_dims300,mordowija,0.778525173664093
brillanter_zoran_training_data_lower_cbow_lr0.05_epochs1_mincount5_ws24_dims300,mordaza,0.7784194350242615
brillanter_zoran_training_data_lower_cbow_lr0.05_epochs1_mincount5_ws24_dims300,mordverbrechen,0.7759079933166504
brillanter_zoran_training_data_lower_cbow_lr0.05_epochs1_mincount5_ws24_dims300,fememord,0.7741357088088989
brillanter_zoran_training_data_lower_cbow_lr0.05_epochs1_mincount5_ws24_dims300,mordsmäßig,0.77396559715271
brillanter_zoran_training_data_lower_cbow_lr0.05_epochs1_mincount5_ws24_dims300,mordthriller,0.7726564407348633
brillanter_zoran_training_data_lower_cbow_lr0.05_epochs1_mincount5_ws24_dims300,instamord,0.7706781625747681
brillanter_zoran_training_data_lower_cbow_lr0.05_epochs1_mincount5_ws24_dims300,gattenmord,0.7704839110374451
brillanter_zoran_training_data_lower_cbow_lr0.05_epochs1_mincount5_ws24_dims300,mordende,0.7699074745178223
brillanter_zoran_training_data_lower_cbow_lr0.05_epochs1_mincount5_ws24_dims300,mordnacht,0.7690039873123169
brillanter_zoran_training_data_lower_cbow_lr0.05_epochs1_mincount5_ws24_dims300,mordslust,0.7689394950866699
brillanter_zoran_training_data_lower_cbow_lr0.05_epochs1_mincount5_ws24_dims300,mordserie,0.7657797932624817
brillanter_zoran_training_data_lower_cbow_lr0.05_epochs1_mincount5_ws24_dims300,meißelmord,0.7653140425682068
brillanter_zoran_training_data_lower_cbow_lr0.05_epochs1_mincount5_ws24_dims300,giftmord,0.7632766366004944
brillanter_zoran_training_data_lower_cbow_lr0.05_epochs1_mincount5_ws24_dims300,seriemord,0.7616099119186401
brillanter_zoran_training_data_lower_cbow_lr0.05_epochs1_mincount5_ws24_dims300,morderne,0.7616022825241089
brillanter_zoran_training_data_lower_cbow_lr0.05_epochs1_mincount5_ws24_dims300,mordsglück,0.7600167989730835
brillanter_zoran_training_data_lower_cbow_lr0.05_epochs1_mincount5_ws24_dims300,mordzeuge,0.7587574124336243
brillanter_zoran_training_data_lower_cbow_lr0.05_epochs1_mincount5_ws24_dims300,lynchmord,0.7581412196159363
brillanter_zoran_training_data_lower_cbow_lr0.05_epochs1_mincount5_ws24_dims300,rachemordes,0.7576050758361816
brillanter_zoran_training_data_lower_cbow_lr0.05_epochs1_mincount5_ws24_dims300,mordgelüste,0.7571495771408081
brillanter_zoran_training_data_lower_cbow_lr0.05_epochs1_mincount5_ws24_dims300,mordstrumm,0.7566326260566711
brillanter_zoran_training_data_lower_cbow_lr0.05_epochs1_mincount5_ws24_dims300,vatermord,0.7563983798027039
brillanter_zoran_training_data_lower_cbow_lr0.05_epochs1_mincount5_ws24_dims300,mordlüstern,0.7549323439598083
brillanter_zoran_training_data_lower_cbow_lr0.05_epochs1_mincount5_ws24_dims300,seelenmord,0.7539650201797485
brillanter_zoran_training_data_lower_cbow_lr0.05_epochs1_mincount5_ws24_dims300,rachemorde,0.753357470035553
brillanter_zoran_training_data_lower_cbow_lr0.05_epochs1_mincount5_ws24_dims300,politmord,0.7507795095443726
brillanter_zoran_training_data_lower_cbow_lr0.05_epochs1_mincount5_ws24_dims300,mordfeldzug,0.7478793859481812
brillanter_zoran_training_data_lower_cbow_lr0.05_epochs1_mincount5_ws24_dims300,starmord,0.7477028369903564
brillanter_zoran_training_data_lower_cbow_lr0.05_epochs1_mincount5_ws24_dims300,teenagermord,0.7444064617156982
brillanter_zoran_training_data_lower_cbow_lr0.05_epochs1_mincount5_ws24_dims300,mordopfer,0.7440347075462341
brillanter_zoran_training_data_lower_cbow_lr0.05_epochs1_mincount5_ws24_dims300,brudermord,0.743231475353241
brillanter_zoran_training_data_lower_cbow_lr0.05_epochs1_mincount5_ws24_dims300,mordeten,0.7412528395652771
brillanter_zoran_training_data_lower_cbow_lr0.05_epochs1_mincount5_ws24_dims300,ermorde,0.7412446141242981
brillanter_zoran_training_data_lower_cbow_lr0.05_epochs1_mincount5_ws24_dims300,morddezernat,0.7406024932861328
brillanter_zoran_training_data_lower_cbow_lr0.05_epochs1_mincount5_ws24_dims300,mordlustige,0.7401218414306641
brillanter_zoran_training_data_lower_cbow_lr0.05_epochs1_mincount5_ws24_dims300,mordmotiv,0.7394816279411316
brillanter_zoran_training_data_lower_cbow_lr0.05_epochs1_mincount5_ws24_dims300,mordendes,0.7394723892211914
brillanter_zoran_training_data_lower_cbow_lr0.05_epochs1_mincount5_ws24_dims300,mordens,0.7392224669456482
brillanter_zoran_training_data_lower_cbow_lr0.05_epochs1_mincount5_ws24_dims300,mordfalles,0.7390924692153931
brillanter_zoran_training_data_lower_cbow_lr0.05_epochs1_mincount5_ws24_dims300,mordlustig,0.738643229007721
brillanter_zoran_training_data_lower_cbow_lr0.05_epochs1_mincount5_ws24_dims300,tyrannenmordes,0.7386155128479004
brillanter_zoran_training_data_lower_cbow_lr0.05_epochs1_mincount5_ws24_dims300,messermord,0.7383107542991638
brillanter_zoran_training_data_lower_cbow_lr0.05_epochs1_mincount5_ws24_dims300,mordkomplott,0.7350404858589172
brillanter_zoran_training_data_lower_cbow_lr0.05_epochs1_mincount5_ws24_dims300,mordmotive,0.7348092794418335
reizvoller_khalid_training_data_cbow_lr0.05_epochs1_mincount100_ws6_dims300,mordtat,0.8698953986167908
reizvoller_khalid_training_data_cbow_lr0.05_epochs1_mincount100_ws6_dims300,mords,0.8278923034667969
reizvoller_khalid_training_data_cbow_lr0.05_epochs1_mincount100_ws6_dims300,mordlust,0.8223118185997009
reizvoller_khalid_training_data_cbow_lr0.05_epochs1_mincount100_ws6_dims300,mordor,0.8139196038246155
reizvoller_khalid_training_data_cbow_lr0.05_epochs1_mincount100_ws6_dims300,morde,0.8083174228668213
reizvoller_khalid_training_data_cbow_lr0.05_epochs1_mincount100_ws6_dims300,mordechai,0.8073556423187256
reizvoller_khalid_training_data_cbow_lr0.05_epochs1_mincount100_ws6_dims300,mordes,0.806886613368988
reizvoller_khalid_training_data_cbow_lr0.05_epochs1_mincount100_ws6_dims300,raubmord,0.8065359592437744
reizvoller_khalid_training_data_cbow_lr0.05_epochs1_mincount100_ws6_dims300,doppelmord,0.7908540964126587
reizvoller_khalid_training_data_cbow_lr0.05_epochs1_mincount100_ws6_dims300,mordfall,0.7898275256156921
reizvoller_khalid_training_data_cbow_lr0.05_epochs1_mincount100_ws6_dims300,rachemord,0.7686669826507568
reizvoller_khalid_training_data_cbow_lr0.05_epochs1_mincount100_ws6_dims300,mordversuch,0.7684369087219238
reizvoller_khalid_training_data_cbow_lr0.05_epochs1_mincount100_ws6_dims300,giftmord,0.7580433487892151
reizvoller_khalid_training_data_cbow_lr0.05_epochs1_mincount100_ws6_dims300,morden,0.7548723816871643
reizvoller_khalid_training_data_cbow_lr0.05_epochs1_mincount100_ws6_dims300,kindsmord,0.7494681477546692
reizvoller_khalid_training_data_cbow_lr0.05_epochs1_mincount100_ws6_dims300,mordmotiv,0.7431514263153076
reizvoller_khalid_training_data_cbow_lr0.05_epochs1_mincount100_ws6_dims300,vatermord,0.7352803349494934
reizvoller_khalid_training_data_cbow_lr0.05_epochs1_mincount100_ws6_dims300,mordnacht,0.7310383915901184
reizvoller_khalid_training_data_cbow_lr0.05_epochs1_mincount100_ws6_dims300,mordvorwurf,0.7308182120323181
reizvoller_khalid_training_data_cbow_lr0.05_epochs1_mincount100_ws6_dims300,mordkomplott,0.7259639501571655
reizvoller_khalid_training_data_cbow_lr0.05_epochs1_mincount100_ws6_dims300,mordserie,0.7250550985336304
reizvoller_khalid_training_data_cbow_lr0.05_epochs1_mincount100_ws6_dims300,brudermord,0.7235502600669861
reizvoller_khalid_training_data_cbow_lr0.05_epochs1_mincount100_ws6_dims300,mordens,0.7225394248962402
reizvoller_khalid_training_data_cbow_lr0.05_epochs1_mincount100_ws6_dims300,messermord,0.7218017578125
reizvoller_khalid_training_data_cbow_lr0.05_epochs1_mincount100_ws6_dims300,mordfalls,0.7183388471603394
reizvoller_khalid_training_data_cbow_lr0.05_epochs1_mincount100_ws6_dims300,mordplan,0.7171919941902161
reizvoller_khalid_training_data_cbow_lr0.05_epochs1_mincount100_ws6_dims300,mordvorsatz,0.7164511680603027
reizvoller_khalid_training_data_cbow_lr0.05_epochs1_mincount100_ws6_dims300,mordurteil,0.7158187031745911
reizvoller_khalid_training_data_cbow_lr0.05_epochs1_mincount100_ws6_dims300,mordanschlag,0.7110277414321899
reizvoller_khalid_training_data_cbow_lr0.05_epochs1_mincount100_ws6_dims300,goldmord,0.7102801203727722
reizvoller_khalid_training_data_cbow_lr0.05_epochs1_mincount100_ws6_dims300,raubmordes,0.7087668776512146
reizvoller_khalid_training_data_cbow_lr0.05_epochs1_mincount100_ws6_dims300,mordillo,0.7087013125419617
reizvoller_khalid_training_data_cbow_lr0.05_epochs1_mincount100_ws6_dims300,doppelmordes,0.7068532109260559
reizvoller_khalid_training_data_cbow_lr0.05_epochs1_mincount100_ws6_dims300,mordversuchs,0.7057769298553467
reizvoller_khalid_training_data_cbow_lr0.05_epochs1_mincount100_ws6_dims300,lynchmord,0.7056910395622253
reizvoller_khalid_training_data_cbow_lr0.05_epochs1_mincount100_ws6_dims300,massenmord,0.6989427804946899
reizvoller_khalid_training_data_cbow_lr0.05_epochs1_mincount100_ws6_dims300,mordtaten,0.698809802532196
reizvoller_khalid_training_data_cbow_lr0.05_epochs1_mincount100_ws6_dims300,mordkomplotts,0.6951479315757751
reizvoller_khalid_training_data_cbow_lr0.05_epochs1_mincount100_ws6_dims300,selbstmord,0.6886175274848938
reizvoller_khalid_training_data_cbow_lr0.05_epochs1_mincount100_ws6_dims300,mädchenmord,0.6883902549743652
reizvoller_khalid_training_data_cbow_lr0.05_epochs1_mincount100_ws6_dims300,doppelmords,0.6862521767616272
reizvoller_khalid_training_data_cbow_lr0.05_epochs1_mincount100_ws6_dims300,dreifachmord,0.6826866865158081
reizvoller_khalid_training_data_cbow_lr0.05_epochs1_mincount100_ws6_dims300,judenmord,0.6816681623458862
reizvoller_khalid_training_data_cbow_lr0.05_epochs1_mincount100_ws6_dims300,mordwaffe,0.6782580614089966
reizvoller_khalid_training_data_cbow_lr0.05_epochs1_mincount100_ws6_dims300,vierfachmord,0.6768441796302795
reizvoller_khalid_training_data_cbow_lr0.05_epochs1_mincount100_ws6_dims300,mordaufruf,0.6753838658332825
reizvoller_khalid_training_data_cbow_lr0.05_epochs1_mincount100_ws6_dims300,rufmord,0.6747943162918091
reizvoller_khalid_training_data_cbow_lr0.05_epochs1_mincount100_ws6_dims300,mordfälle,0.6745542883872986
reizvoller_khalid_training_data_cbow_lr0.05_epochs1_mincount100_ws6_dims300,mordversuche,0.6729015111923218
reizvoller_khalid_training_data_cbow_lr0.05_epochs1_mincount100_ws6_dims300,mordversuches,0.6718215346336365
reizvoller_khalid_training_data_cbow_lr0.05_epochs1_mincount100_ws6_dims300,mordanklage,0.6713698506355286
reizvoller_khalid_training_data_cbow_lr0.05_epochs1_mincount100_ws6_dims300,ermordet,0.6707465052604675
reizvoller_khalid_training_data_cbow_lr0.05_epochs1_mincount100_ws6_dims300,sexualmord,0.6688741445541382
reizvoller_khalid_training_data_cbow_lr0.05_epochs1_mincount100_ws6_dims300,mordverdächtige,0.6687406301498413
reizvoller_khalid_training_data_cbow_lr0.05_epochs1_mincount100_ws6_dims300,mordopfer,0.6684550642967224
reizvoller_khalid_training_data_cbow_lr0.05_epochs1_mincount100_ws6_dims300,fünffachmord,0.6651235222816467
reizvoller_khalid_training_data_cbow_lr0.05_epochs1_mincount100_ws6_dims300,mordanschlags,0.6622785925865173
reizvoller_khalid_training_data_cbow_lr0.05_epochs1_mincount100_ws6_dims300,ermordete,0.6596182584762573
reizvoller_khalid_training_data_cbow_lr0.05_epochs1_mincount100_ws6_dims300,ehrenmord,0.6587839126586914
reizvoller_khalid_training_data_cbow_lr0.05_epochs1_mincount100_ws6_dims300,mordprozess,0.658634603023529
reizvoller_khalid_training_data_cbow_lr0.05_epochs1_mincount100_ws6_dims300,bluttat,0.6583920121192932
reizvoller_khalid_training_data_cbow_lr0.05_epochs1_mincount100_ws6_dims300,ermordung,0.6571739912033081
reizvoller_khalid_training_data_cbow_lr0.05_epochs1_mincount100_ws6_dims300,mordabsicht,0.6539326310157776
reizvoller_khalid_training_data_cbow_lr0.05_epochs1_mincount100_ws6_dims300,königsmord,0.6534287333488464
reizvoller_khalid_training_data_cbow_lr0.05_epochs1_mincount100_ws6_dims300,mordplänen,0.6499041318893433
reizvoller_khalid_training_data_cbow_lr0.05_epochs1_mincount100_ws6_dims300,mordverdächtiger,0.6494880318641663
reizvoller_khalid_training_data_cbow_lr0.05_epochs1_mincount100_ws6_dims300,mordaschow,0.6482547521591187
reizvoller_khalid_training_data_cbow_lr0.05_epochs1_mincount100_ws6_dims300,mordfantasien,0.6480937600135803
reizvoller_khalid_training_data_cbow_lr0.05_epochs1_mincount100_ws6_dims300,totschlag,0.6480751037597656
reizvoller_khalid_training_data_cbow_lr0.05_epochs1_mincount100_ws6_dims300,mordfällen,0.6468769907951355
reizvoller_khalid_training_data_cbow_lr0.05_epochs1_mincount100_ws6_dims300,mordalarm,0.646452009677887
reizvoller_khalid_training_data_cbow_lr0.05_epochs1_mincount100_ws6_dims300,mordopfern,0.6463689804077148
reizvoller_khalid_training_data_cbow_lr0.05_epochs1_mincount100_ws6_dims300,tötungsdelikt,0.646181583404541
reizvoller_khalid_training_data_cbow_lr0.05_epochs1_mincount100_ws6_dims300,mordverdächtigen,0.6450515389442444
reizvoller_khalid_training_data_cbow_lr0.05_epochs1_mincount100_ws6_dims300,mordgruppe,0.6438417434692383
reizvoller_khalid_training_data_cbow_lr0.05_epochs1_mincount100_ws6_dims300,ritualmord,0.6408507823944092
reizvoller_khalid_training_data_cbow_lr0.05_epochs1_mincount100_ws6_dims300,polizistenmord,0.6391597390174866
reizvoller_khalid_training_data_cbow_lr0.05_epochs1_mincount100_ws6_dims300,mordermittler,0.6390361785888672
reizvoller_khalid_training_data_cbow_lr0.05_epochs1_mincount100_ws6_dims300,mordverdacht,0.6378591060638428
reizvoller_khalid_training_data_cbow_lr0.05_epochs1_mincount100_ws6_dims300,massenmordes,0.637342095375061
reizvoller_khalid_training_data_cbow_lr0.05_epochs1_mincount100_ws6_dims300,auftragsmord,0.6364637017250061
reizvoller_khalid_training_data_cbow_lr0.05_epochs1_mincount100_ws6_dims300,ermordeter,0.6347933411598206
reizvoller_khalid_training_data_cbow_lr0.05_epochs1_mincount100_ws6_dims300,frauenmord,0.6319218277931213
reizvoller_khalid_training_data_cbow_lr0.05_epochs1_mincount100_ws6_dims300,selbstmordes,0.6317647695541382
reizvoller_khalid_training_data_cbow_lr0.05_epochs1_mincount100_ws6_dims300,mordverdachts,0.6292187571525574
reizvoller_khalid_training_data_cbow_lr0.05_epochs1_mincount100_ws6_dims300,mordaunt,0.6286741495132446
reizvoller_khalid_training_data_cbow_lr0.05_epochs1_mincount100_ws6_dims300,mordpläne,0.6285290122032166
reizvoller_khalid_training_data_cbow_lr0.05_epochs1_mincount100_ws6_dims300,mordopfers,0.6254928112030029
reizvoller_khalid_training_data_cbow_lr0.05_epochs1_mincount100_ws6_dims300,gewalttat,0.6233311891555786
reizvoller_khalid_training_data_cbow_lr0.05_epochs1_mincount100_ws6_dims300,kindermord,0.6223631501197815
reizvoller_khalid_training_data_cbow_lr0.05_epochs1_mincount100_ws6_dims300,mordvorwürfe,0.6214771270751953
reizvoller_khalid_training_data_cbow_lr0.05_epochs1_mincount100_ws6_dims300,mordkommando,0.6211816668510437
reizvoller_khalid_training_data_cbow_lr0.05_epochs1_mincount100_ws6_dims300,mordanschläge,0.6206355094909668
reizvoller_khalid_training_data_cbow_lr0.05_epochs1_mincount100_ws6_dims300,mordversuchen,0.6161801815032959
reizvoller_khalid_training_data_cbow_lr0.05_epochs1_mincount100_ws6_dims300,mörder,0.6139987111091614
reizvoller_khalid_training_data_cbow_lr0.05_epochs1_mincount100_ws6_dims300,raubmörder,0.6134112477302551
reizvoller_khalid_training_data_cbow_lr0.05_epochs1_mincount100_ws6_dims300,mordauftrag,0.609677791595459
reizvoller_khalid_training_data_cbow_lr0.05_epochs1_mincount100_ws6_dims300,mordrate,0.6082490086555481
reizvoller_khalid_training_data_cbow_lr0.05_epochs1_mincount100_ws6_dims300,handgranatenmord,0.6078258156776428
reizvoller_khalid_training_data_cbow_lr0.05_epochs1_mincount100_ws6_dims300,journalistenmord,0.6049343943595886
grantiger_patric_training_data_cbow_lr0.05_epochs1_mincount5_ws12_dims300,mordue,0.8881948590278625
grantiger_patric_training_data_cbow_lr0.05_epochs1_mincount5_ws12_dims300,mordtat,0.884178102016449
grantiger_patric_training_data_cbow_lr0.05_epochs1_mincount5_ws12_dims300,mordy,0.8800860643386841
grantiger_patric_training_data_cbow_lr0.05_epochs1_mincount5_ws12_dims300,seriemord,0.8627638220787048
grantiger_patric_training_data_cbow_lr0.05_epochs1_mincount5_ws12_dims300,mordecai,0.8625380396842957
grantiger_patric_training_data_cbow_lr0.05_epochs1_mincount5_ws12_dims300,mordswut,0.8493201732635498
grantiger_patric_training_data_cbow_lr0.05_epochs1_mincount5_ws12_dims300,morde,0.8485596179962158
grantiger_patric_training_data_cbow_lr0.05_epochs1_mincount5_ws12_dims300,mords,0.8434215784072876
grantiger_patric_training_data_cbow_lr0.05_epochs1_mincount5_ws12_dims300,mordziol,0.8318228125572205
grantiger_patric_training_data_cbow_lr0.05_epochs1_mincount5_ws12_dims300,axtmord,0.831699013710022
grantiger_patric_training_data_cbow_lr0.05_epochs1_mincount5_ws12_dims300,mordthal,0.8242918252944946
grantiger_patric_training_data_cbow_lr0.05_epochs1_mincount5_ws12_dims300,mordfall,0.8199851512908936
grantiger_patric_training_data_cbow_lr0.05_epochs1_mincount5_ws12_dims300,mordor,0.8150866031646729
grantiger_patric_training_data_cbow_lr0.05_epochs1_mincount5_ws12_dims300,mordau,0.8127062916755676
grantiger_patric_training_data_cbow_lr0.05_epochs1_mincount5_ws12_dims300,mordshetz,0.8126822113990784
grantiger_patric_training_data_cbow_lr0.05_epochs1_mincount5_ws12_dims300,mordkrimi,0.8112313747406006
grantiger_patric_training_data_cbow_lr0.05_epochs1_mincount5_ws12_dims300,mordan,0.8104041814804077
grantiger_patric_training_data_cbow_lr0.05_epochs1_mincount5_ws12_dims300,mordgier,0.8100056052207947
grantiger_patric_training_data_cbow_lr0.05_epochs1_mincount5_ws12_dims300,mordlust,0.8095921277999878
grantiger_patric_training_data_cbow_lr0.05_epochs1_mincount5_ws12_dims300,mordes,0.8095225095748901
grantiger_patric_training_data_cbow_lr0.05_epochs1_mincount5_ws12_dims300,mordgift,0.8083525896072388
grantiger_patric_training_data_cbow_lr0.05_epochs1_mincount5_ws12_dims300,mordsgaude,0.8071152567863464
grantiger_patric_training_data_cbow_lr0.05_epochs1_mincount5_ws12_dims300,mord,0.8060085773468018
grantiger_patric_training_data_cbow_lr0.05_epochs1_mincount5_ws12_dims300,mordechai,0.8051667809486389
grantiger_patric_training_data_cbow_lr0.05_epochs1_mincount5_ws12_dims300,mordowia,0.8026137948036194
grantiger_patric_training_data_cbow_lr0.05_epochs1_mincount5_ws12_dims300,mordaza,0.8013738989830017
grantiger_patric_training_data_cbow_lr0.05_epochs1_mincount5_ws12_dims300,mordo,0.8007895946502686
grantiger_patric_training_data_cbow_lr0.05_epochs1_mincount5_ws12_dims300,mordred,0.8002335429191589
grantiger_patric_training_data_cbow_lr0.05_epochs1_mincount5_ws12_dims300,raubmord,0.8000524640083313
grantiger_patric_training_data_cbow_lr0.05_epochs1_mincount5_ws12_dims300,mordbuben,0.7972246408462524
grantiger_patric_training_data_cbow_lr0.05_epochs1_mincount5_ws12_dims300,mordhau,0.7969553470611572
grantiger_patric_training_data_cbow_lr0.05_epochs1_mincount5_ws12_dims300,morden,0.7918861508369446
grantiger_patric_training_data_cbow_lr0.05_epochs1_mincount5_ws12_dims300,mordowja,0.7907747030258179
grantiger_patric_training_data_cbow_lr0.05_epochs1_mincount5_ws12_dims300,mordsspaß,0.7881306409835815
grantiger_patric_training_data_cbow_lr0.05_epochs1_mincount5_ws12_dims300,mordio,0.7872917652130127
grantiger_patric_training_data_cbow_lr0.05_epochs1_mincount5_ws12_dims300,mordsweib,0.7837292551994324
grantiger_patric_training_data_cbow_lr0.05_epochs1_mincount5_ws12_dims300,doppelmord,0.7826870083808899
grantiger_patric_training_data_cbow_lr0.05_epochs1_mincount5_ws12_dims300,lustmord,0.7820483446121216
grantiger_patric_training_data_cbow_lr0.05_epochs1_mincount5_ws12_dims300,mordtag,0.7811347842216492
grantiger_patric_training_data_cbow_lr0.05_epochs1_mincount5_ws12_dims300,mordslust,0.7798031568527222
grantiger_patric_training_data_cbow_lr0.05_epochs1_mincount5_ws12_dims300,mordorgie,0.7782927751541138
grantiger_patric_training_data_cbow_lr0.05_epochs1_mincount5_ws12_dims300,sexmord,0.7749664187431335
grantiger_patric_training_data_cbow_lr0.05_epochs1_mincount5_ws12_dims300,mordfeldzug,0.7741974592208862
grantiger_patric_training_data_cbow_lr0.05_epochs1_mincount5_ws12_dims300,mordors,0.7711881995201111
grantiger_patric_training_data_cbow_lr0.05_epochs1_mincount5_ws12_dims300,morders,0.7700986266136169
grantiger_patric_training_data_cbow_lr0.05_epochs1_mincount5_ws12_dims300,rachemord,0.7675087451934814
grantiger_patric_training_data_cbow_lr0.05_epochs1_mincount5_ws12_dims300,mordsglück,0.766430675983429
grantiger_patric_training_data_cbow_lr0.05_epochs1_mincount5_ws12_dims300,mordsache,0.7656907439231873
grantiger_patric_training_data_cbow_lr0.05_epochs1_mincount5_ws12_dims300,mordstrumm,0.7632032036781311
grantiger_patric_training_data_cbow_lr0.05_epochs1_mincount5_ws12_dims300,meißelmord,0.7622503042221069
grantiger_patric_training_data_cbow_lr0.05_epochs1_mincount5_ws12_dims300,mordashov,0.762230396270752
grantiger_patric_training_data_cbow_lr0.05_epochs1_mincount5_ws12_dims300,morddelikt,0.7600272297859192
grantiger_patric_training_data_cbow_lr0.05_epochs1_mincount5_ws12_dims300,würgemord,0.7586525082588196
grantiger_patric_training_data_cbow_lr0.05_epochs1_mincount5_ws12_dims300,gattenmord,0.7563233375549316
grantiger_patric_training_data_cbow_lr0.05_epochs1_mincount5_ws12_dims300,mordfalls,0.7560694217681885
grantiger_patric_training_data_cbow_lr0.05_epochs1_mincount5_ws12_dims300,mordwinzew,0.7555631995201111
grantiger_patric_training_data_cbow_lr0.05_epochs1_mincount5_ws12_dims300,giftmord,0.7544211745262146
grantiger_patric_training_data_cbow_lr0.05_epochs1_mincount5_ws12_dims300,hassmord,0.7530717253684998
grantiger_patric_training_data_cbow_lr0.05_epochs1_mincount5_ws12_dims300,mordens,0.7529169321060181
grantiger_patric_training_data_cbow_lr0.05_epochs1_mincount5_ws12_dims300,tyrannenmord,0.752750813961029
grantiger_patric_training_data_cbow_lr0.05_epochs1_mincount5_ws12_dims300,mordserie,0.7525489926338196
grantiger_patric_training_data_cbow_lr0.05_epochs1_mincount5_ws12_dims300,morddezernat,0.7519661784172058
grantiger_patric_training_data_cbow_lr0.05_epochs1_mincount5_ws12_dims300,mordrätsel,0.7500238418579102
grantiger_patric_training_data_cbow_lr0.05_epochs1_mincount5_ws12_dims300,mordende,0.7495855689048767
grantiger_patric_training_data_cbow_lr0.05_epochs1_mincount5_ws12_dims300,mordsee,0.7448418140411377
grantiger_patric_training_data_cbow_lr0.05_epochs1_mincount5_ws12_dims300,mordthese,0.7446925640106201
grantiger_patric_training_data_cbow_lr0.05_epochs1_mincount5_ws12_dims300,mordversuch,0.7433725595474243
grantiger_patric_training_data_cbow_lr0.05_epochs1_mincount5_ws12_dims300,mordnacht,0.7408046126365662
grantiger_patric_training_data_cbow_lr0.05_epochs1_mincount5_ws12_dims300,mordabend,0.7399779558181763
grantiger_patric_training_data_cbow_lr0.05_epochs1_mincount5_ws12_dims300,mordowija,0.7393937706947327
grantiger_patric_training_data_cbow_lr0.05_epochs1_mincount5_ws12_dims300,mordhaus,0.7388090491294861
grantiger_patric_training_data_cbow_lr0.05_epochs1_mincount5_ws12_dims300,mordmotiv,0.7385346293449402
grantiger_patric_training_data_cbow_lr0.05_epochs1_mincount5_ws12_dims300,mordvorwurf,0.7378875017166138
grantiger_patric_training_data_cbow_lr0.05_epochs1_mincount5_ws12_dims300,mordfalles,0.7374118566513062
grantiger_patric_training_data_cbow_lr0.05_epochs1_mincount5_ws12_dims300,vatermord,0.7373989820480347
grantiger_patric_training_data_cbow_lr0.05_epochs1_mincount5_ws12_dims300,mordthriller,0.7371894717216492
grantiger_patric_training_data_cbow_lr0.05_epochs1_mincount5_ws12_dims300,mordszene,0.7366408705711365
grantiger_patric_training_data_cbow_lr0.05_epochs1_mincount5_ws12_dims300,mordclub,0.7362515926361084
grantiger_patric_training_data_cbow_lr0.05_epochs1_mincount5_ws12_dims300,mordsgaudi,0.7358344793319702
grantiger_patric_training_data_cbow_lr0.05_epochs1_mincount5_ws12_dims300,morddrama,0.7358298301696777
grantiger_patric_training_data_cbow_lr0.05_epochs1_mincount5_ws12_dims300,mordverbrechen,0.7355679273605347
grantiger_patric_training_data_cbow_lr0.05_epochs1_mincount5_ws12_dims300,mordvideo,0.7354053258895874
grantiger_patric_training_data_cbow_lr0.05_epochs1_mincount5_ws12_dims300,mordskandal,0.7352550029754639
grantiger_patric_training_data_cbow_lr0.05_epochs1_mincount5_ws12_dims300,kindsmord,0.7342093586921692
grantiger_patric_training_data_cbow_lr0.05_epochs1_mincount5_ws12_dims300,mordstüftler,0.7323856353759766
grantiger_patric_training_data_cbow_lr0.05_epochs1_mincount5_ws12_dims300,fememord,0.7320005893707275
grantiger_patric_training_data_cbow_lr0.05_epochs1_mincount5_ws12_dims300,selfmord,0.731870174407959
grantiger_patric_training_data_cbow_lr0.05_epochs1_mincount5_ws12_dims300,mordsschreck,0.7302550673484802
grantiger_patric_training_data_cbow_lr0.05_epochs1_mincount5_ws12_dims300,mordsblödsinn,0.7300590872764587
grantiger_patric_training_data_cbow_lr0.05_epochs1_mincount5_ws12_dims300,mordzeuge,0.7292060256004333
grantiger_patric_training_data_cbow_lr0.05_epochs1_mincount5_ws12_dims300,lynchmord,0.7290111780166626
grantiger_patric_training_data_cbow_lr0.05_epochs1_mincount5_ws12_dims300,mordillos,0.7287195324897766
grantiger_patric_training_data_cbow_lr0.05_epochs1_mincount5_ws12_dims300,mordplan,0.7282584309577942
grantiger_patric_training_data_cbow_lr0.05_epochs1_mincount5_ws12_dims300,mordmotive,0.7277798652648926
grantiger_patric_training_data_cbow_lr0.05_epochs1_mincount5_ws12_dims300,mordtaten,0.727384090423584
grantiger_patric_training_data_cbow_lr0.05_epochs1_mincount5_ws12_dims300,mordgelüste,0.7263984084129333
grantiger_patric_training_data_cbow_lr0.05_epochs1_mincount5_ws12_dims300,brudermord,0.7262975573539734
grantiger_patric_training_data_cbow_lr0.05_epochs1_mincount5_ws12_dims300,messermord,0.7255127429962158
grantiger_patric_training_data_cbow_lr0.05_epochs1_mincount5_ws12_dims300,mordhorst,0.7241730093955994
grantiger_patric_training_data_cbow_lr0.05_epochs1_mincount5_ws12_dims300,mordillo,0.7232000231742859
muntere_ashley_training_data_lower_cbow_lr0.05_epochs1_mincount5_ws12_dims300,mordtat,0.9064459800720216
muntere_ashley_training_data_lower_cbow_lr0.05_epochs1_mincount5_ws12_dims300,axtmord,0.9028756022453308
muntere_ashley_training_data_lower_cbow_lr0.05_epochs1_mincount5_ws12_dims300,mordue,0.882606565952301
muntere_ashley_training_data_lower_cbow_lr0.05_epochs1_mincount5_ws12_dims300,mordy,0.8707663416862488
muntere_ashley_training_data_lower_cbow_lr0.05_epochs1_mincount5_ws12_dims300,krimimord,0.8524717688560486
muntere_ashley_training_data_lower_cbow_lr0.05_epochs1_mincount5_ws12_dims300,mords,0.8472323417663574
muntere_ashley_training_data_lower_cbow_lr0.05_epochs1_mincount5_ws12_dims300,mordecai,0.8468469977378845
muntere_ashley_training_data_lower_cbow_lr0.05_epochs1_mincount5_ws12_dims300,morde,0.8458630442619324
muntere_ashley_training_data_lower_cbow_lr0.05_epochs1_mincount5_ws12_dims300,doppelmord,0.8443905115127563
muntere_ashley_training_data_lower_cbow_lr0.05_epochs1_mincount5_ws12_dims300,rachemord,0.8413862586021423
muntere_ashley_training_data_lower_cbow_lr0.05_epochs1_mincount5_ws12_dims300,sexmord,0.8395630717277527
muntere_ashley_training_data_lower_cbow_lr0.05_epochs1_mincount5_ws12_dims300,mordor,0.8389093279838562
muntere_ashley_training_data_lower_cbow_lr0.05_epochs1_mincount5_ws12_dims300,hassmord,0.8381485939025879
muntere_ashley_training_data_lower_cbow_lr0.05_epochs1_mincount5_ws12_dims300,raubmord,0.8370561003684998
muntere_ashley_training_data_lower_cbow_lr0.05_epochs1_mincount5_ws12_dims300,mordthal,0.8332761526107788
muntere_ashley_training_data_lower_cbow_lr0.05_epochs1_mincount5_ws12_dims300,mordziol,0.8306908011436462
muntere_ashley_training_data_lower_cbow_lr0.05_epochs1_mincount5_ws12_dims300,mordgier,0.830291211605072
muntere_ashley_training_data_lower_cbow_lr0.05_epochs1_mincount5_ws12_dims300,mordhau,0.8277627825737
muntere_ashley_training_data_lower_cbow_lr0.05_epochs1_mincount5_ws12_dims300,mordowja,0.8270148038864136
muntere_ashley_training_data_lower_cbow_lr0.05_epochs1_mincount5_ws12_dims300,mordo,0.8252398371696472
muntere_ashley_training_data_lower_cbow_lr0.05_epochs1_mincount5_ws12_dims300,mordowia,0.824871301651001
muntere_ashley_training_data_lower_cbow_lr0.05_epochs1_mincount5_ws12_dims300,selfmord,0.8206561803817749
muntere_ashley_training_data_lower_cbow_lr0.05_epochs1_mincount5_ws12_dims300,mordfall,0.8184942603111267
muntere_ashley_training_data_lower_cbow_lr0.05_epochs1_mincount5_ws12_dims300,mordes,0.8181591629981995
muntere_ashley_training_data_lower_cbow_lr0.05_epochs1_mincount5_ws12_dims300,mordswut,0.8158131837844849
muntere_ashley_training_data_lower_cbow_lr0.05_epochs1_mincount5_ws12_dims300,würgemord,0.8155877590179443
muntere_ashley_training_data_lower_cbow_lr0.05_epochs1_mincount5_ws12_dims300,mordau,0.8138113617897034
muntere_ashley_training_data_lower_cbow_lr0.05_epochs1_mincount5_ws12_dims300,mordet,0.8121351599693298
muntere_ashley_training_data_lower_cbow_lr0.05_epochs1_mincount5_ws12_dims300,mordorgie,0.8111565113067627
muntere_ashley_training_data_lower_cbow_lr0.05_epochs1_mincount5_ws12_dims300,lustmord,0.8101639151573181
muntere_ashley_training_data_lower_cbow_lr0.05_epochs1_mincount5_ws12_dims300,meuchelmord,0.8083580732345581
muntere_ashley_training_data_lower_cbow_lr0.05_epochs1_mincount5_ws12_dims300,mordlust,0.8076339364051819
muntere_ashley_training_data_lower_cbow_lr0.05_epochs1_mincount5_ws12_dims300,fememord,0.8070117831230164
muntere_ashley_training_data_lower_cbow_lr0.05_epochs1_mincount5_ws12_dims300,mordred,0.8055060505867004
muntere_ashley_training_data_lower_cbow_lr0.05_epochs1_mincount5_ws12_dims300,gattenmord,0.8050304651260376
muntere_ashley_training_data_lower_cbow_lr0.05_epochs1_mincount5_ws12_dims300,mordete,0.8030173182487488
muntere_ashley_training_data_lower_cbow_lr0.05_epochs1_mincount5_ws12_dims300,kindsmord,0.8022087812423706
muntere_ashley_training_data_lower_cbow_lr0.05_epochs1_mincount5_ws12_dims300,mordechai,0.8022041320800781
muntere_ashley_training_data_lower_cbow_lr0.05_epochs1_mincount5_ws12_dims300,tyrannenmord,0.8000514507293701
muntere_ashley_training_data_lower_cbow_lr0.05_epochs1_mincount5_ws12_dims300,mordshetz,0.7998752593994141
muntere_ashley_training_data_lower_cbow_lr0.05_epochs1_mincount5_ws12_dims300,meißelmord,0.7970594167709351
muntere_ashley_training_data_lower_cbow_lr0.05_epochs1_mincount5_ws12_dims300,mordio,0.792893648147583
muntere_ashley_training_data_lower_cbow_lr0.05_epochs1_mincount5_ws12_dims300,mordgift,0.7925614714622498
muntere_ashley_training_data_lower_cbow_lr0.05_epochs1_mincount5_ws12_dims300,morden,0.7906802296638489
muntere_ashley_training_data_lower_cbow_lr0.05_epochs1_mincount5_ws12_dims300,mordsgaude,0.7906509041786194
muntere_ashley_training_data_lower_cbow_lr0.05_epochs1_mincount5_ws12_dims300,mordtag,0.7902596592903137
muntere_ashley_training_data_lower_cbow_lr0.05_epochs1_mincount5_ws12_dims300,mordan,0.7898333072662354
muntere_ashley_training_data_lower_cbow_lr0.05_epochs1_mincount5_ws12_dims300,giftmord,0.7882327437400818
muntere_ashley_training_data_lower_cbow_lr0.05_epochs1_mincount5_ws12_dims300,lynchmord,0.788003146648407
muntere_ashley_training_data_lower_cbow_lr0.05_epochs1_mincount5_ws12_dims300,mordbuben,0.7875810265541077
muntere_ashley_training_data_lower_cbow_lr0.05_epochs1_mincount5_ws12_dims300,mordsweib,0.787497341632843
muntere_ashley_training_data_lower_cbow_lr0.05_epochs1_mincount5_ws12_dims300,mordkrimi,0.7867626547813416
muntere_ashley_training_data_lower_cbow_lr0.05_epochs1_mincount5_ws12_dims300,mordend,0.7866010665893555
muntere_ashley_training_data_lower_cbow_lr0.05_epochs1_mincount5_ws12_dims300,vatermord,0.7856171131134033
muntere_ashley_training_data_lower_cbow_lr0.05_epochs1_mincount5_ws12_dims300,morders,0.7837477922439575
muntere_ashley_training_data_lower_cbow_lr0.05_epochs1_mincount5_ws12_dims300,mordfalls,0.7826500535011292
muntere_ashley_training_data_lower_cbow_lr0.05_epochs1_mincount5_ws12_dims300,starmord,0.7797151803970337
muntere_ashley_training_data_lower_cbow_lr0.05_epochs1_mincount5_ws12_dims300,mordtaten,0.7794944047927856
muntere_ashley_training_data_lower_cbow_lr0.05_epochs1_mincount5_ws12_dims300,seelenmord,0.7786455750465393
muntere_ashley_training_data_lower_cbow_lr0.05_epochs1_mincount5_ws12_dims300,mordowija,0.7781199216842651
muntere_ashley_training_data_lower_cbow_lr0.05_epochs1_mincount5_ws12_dims300,instamord,0.7778914570808411
muntere_ashley_training_data_lower_cbow_lr0.05_epochs1_mincount5_ws12_dims300,mordaza,0.7776159048080444
muntere_ashley_training_data_lower_cbow_lr0.05_epochs1_mincount5_ws12_dims300,politmord,0.7760778069496155
muntere_ashley_training_data_lower_cbow_lr0.05_epochs1_mincount5_ws12_dims300,mordsmäßig,0.775998592376709
muntere_ashley_training_data_lower_cbow_lr0.05_epochs1_mincount5_ws12_dims300,mordstrum,0.775447428226471
muntere_ashley_training_data_lower_cbow_lr0.05_epochs1_mincount5_ws12_dims300,mordverbrechen,0.7748736143112183
muntere_ashley_training_data_lower_cbow_lr0.05_epochs1_mincount5_ws12_dims300,brudermord,0.7743937373161316
muntere_ashley_training_data_lower_cbow_lr0.05_epochs1_mincount5_ws12_dims300,mordsache,0.7716273069381714
muntere_ashley_training_data_lower_cbow_lr0.05_epochs1_mincount5_ws12_dims300,mordsspaß,0.7694668173789978
muntere_ashley_training_data_lower_cbow_lr0.05_epochs1_mincount5_ws12_dims300,babymord,0.7689363956451416
muntere_ashley_training_data_lower_cbow_lr0.05_epochs1_mincount5_ws12_dims300,mordors,0.7689133286476135
muntere_ashley_training_data_lower_cbow_lr0.05_epochs1_mincount5_ws12_dims300,seriemord,0.7667616605758667
muntere_ashley_training_data_lower_cbow_lr0.05_epochs1_mincount5_ws12_dims300,mordthriller,0.7648795247077942
muntere_ashley_training_data_lower_cbow_lr0.05_epochs1_mincount5_ws12_dims300,mordserie,0.7638788819313049
muntere_ashley_training_data_lower_cbow_lr0.05_epochs1_mincount5_ws12_dims300,mordslust,0.7636076211929321
muntere_ashley_training_data_lower_cbow_lr0.05_epochs1_mincount5_ws12_dims300,mordfeldzug,0.7628086805343628
muntere_ashley_training_data_lower_cbow_lr0.05_epochs1_mincount5_ws12_dims300,messermord,0.7627067565917969
muntere_ashley_training_data_lower_cbow_lr0.05_epochs1_mincount5_ws12_dims300,mordkomplott,0.7622248530387878
muntere_ashley_training_data_lower_cbow_lr0.05_epochs1_mincount5_ws12_dims300,morddelikt,0.7612525820732117
muntere_ashley_training_data_lower_cbow_lr0.05_epochs1_mincount5_ws12_dims300,foltermord,0.7602334022521973
muntere_ashley_training_data_lower_cbow_lr0.05_epochs1_mincount5_ws12_dims300,rufmord,0.760060727596283
muntere_ashley_training_data_lower_cbow_lr0.05_epochs1_mincount5_ws12_dims300,mordsglück,0.7586207389831543
muntere_ashley_training_data_lower_cbow_lr0.05_epochs1_mincount5_ws12_dims300,teenagermord,0.7580380439758301
muntere_ashley_training_data_lower_cbow_lr0.05_epochs1_mincount5_ws12_dims300,goldmord,0.757394552230835
muntere_ashley_training_data_lower_cbow_lr0.05_epochs1_mincount5_ws12_dims300,mordversuch,0.7558282017707825
muntere_ashley_training_data_lower_cbow_lr0.05_epochs1_mincount5_ws12_dims300,mordlüstern,0.7543211579322815
muntere_ashley_training_data_lower_cbow_lr0.05_epochs1_mincount5_ws12_dims300,rachemordes,0.7542734146118164
muntere_ashley_training_data_lower_cbow_lr0.05_epochs1_mincount5_ws12_dims300,geiselmord,0.7532479763031006
muntere_ashley_training_data_lower_cbow_lr0.05_epochs1_mincount5_ws12_dims300,mordzeuge,0.7523719668388367
muntere_ashley_training_data_lower_cbow_lr0.05_epochs1_mincount5_ws12_dims300,mordnacht,0.7518476843833923
muntere_ashley_training_data_lower_cbow_lr0.05_epochs1_mincount5_ws12_dims300,tyrannenmordes,0.7517336010932922
muntere_ashley_training_data_lower_cbow_lr0.05_epochs1_mincount5_ws12_dims300,mordmotiv,0.7512637376785278
muntere_ashley_training_data_lower_cbow_lr0.05_epochs1_mincount5_ws12_dims300,mordstrumm,0.750156581401825
muntere_ashley_training_data_lower_cbow_lr0.05_epochs1_mincount5_ws12_dims300,rachemorde,0.7495514750480652
muntere_ashley_training_data_lower_cbow_lr0.05_epochs1_mincount5_ws12_dims300,terrormord,0.7492750287055969
muntere_ashley_training_data_lower_cbow_lr0.05_epochs1_mincount5_ws12_dims300,eifersuchtsmord,0.7483422160148621
muntere_ashley_training_data_lower_cbow_lr0.05_epochs1_mincount5_ws12_dims300,morderne,0.7471690773963928
muntere_ashley_training_data_lower_cbow_lr0.05_epochs1_mincount5_ws12_dims300,mordgelüste,0.7471063733100891
muntere_ashley_training_data_lower_cbow_lr0.05_epochs1_mincount5_ws12_dims300,badewannenmord,0.7470322251319885
muntere_ashley_training_data_lower_cbow_lr0.05_epochs1_mincount5_ws12_dims300,muttermord,0.746421217918396
vitaler_nelio_training_data_lower_cbow_lr0.05_epochs1_mincount50_ws12_dims300,mordtat,0.9005117416381836
vitaler_nelio_training_data_lower_cbow_lr0.05_epochs1_mincount50_ws12_dims300,raubmord,0.8479588627815247
vitaler_nelio_training_data_lower_cbow_lr0.05_epochs1_mincount50_ws12_dims300,doppelmord,0.8476212024688721
vitaler_nelio_training_data_lower_cbow_lr0.05_epochs1_mincount50_ws12_dims300,mords,0.8420238494873047
vitaler_nelio_training_data_lower_cbow_lr0.05_epochs1_mincount50_ws12_dims300,rachemord,0.8407596945762634
vitaler_nelio_training_data_lower_cbow_lr0.05_epochs1_mincount50_ws12_dims300,mordor,0.8397432565689087
vitaler_nelio_training_data_lower_cbow_lr0.05_epochs1_mincount50_ws12_dims300,morde,0.8337899446487427
vitaler_nelio_training_data_lower_cbow_lr0.05_epochs1_mincount50_ws12_dims300,mordes,0.8217399716377258
vitaler_nelio_training_data_lower_cbow_lr0.05_epochs1_mincount50_ws12_dims300,mordlust,0.8199149370193481
vitaler_nelio_training_data_lower_cbow_lr0.05_epochs1_mincount50_ws12_dims300,mordfall,0.8121823668479919
vitaler_nelio_training_data_lower_cbow_lr0.05_epochs1_mincount50_ws12_dims300,mordio,0.8070822358131409
vitaler_nelio_training_data_lower_cbow_lr0.05_epochs1_mincount50_ws12_dims300,mordechai,0.8029391169548035
vitaler_nelio_training_data_lower_cbow_lr0.05_epochs1_mincount50_ws12_dims300,meuchelmord,0.7979076504707336
vitaler_nelio_training_data_lower_cbow_lr0.05_epochs1_mincount50_ws12_dims300,mordete,0.7972341179847717
vitaler_nelio_training_data_lower_cbow_lr0.05_epochs1_mincount50_ws12_dims300,mordend,0.7963318228721619
vitaler_nelio_training_data_lower_cbow_lr0.05_epochs1_mincount50_ws12_dims300,mordet,0.7961813807487488
vitaler_nelio_training_data_lower_cbow_lr0.05_epochs1_mincount50_ws12_dims300,giftmord,0.7864508032798767
vitaler_nelio_training_data_lower_cbow_lr0.05_epochs1_mincount50_ws12_dims300,tyrannenmord,0.7836624383926392
vitaler_nelio_training_data_lower_cbow_lr0.05_epochs1_mincount50_ws12_dims300,morden,0.7822803854942322
vitaler_nelio_training_data_lower_cbow_lr0.05_epochs1_mincount50_ws12_dims300,kindsmord,0.7778985500335693
vitaler_nelio_training_data_lower_cbow_lr0.05_epochs1_mincount50_ws12_dims300,mordtaten,0.7754380702972412
vitaler_nelio_training_data_lower_cbow_lr0.05_epochs1_mincount50_ws12_dims300,mordnacht,0.7698565721511841
vitaler_nelio_training_data_lower_cbow_lr0.05_epochs1_mincount50_ws12_dims300,mordfalls,0.7686440348625183
vitaler_nelio_training_data_lower_cbow_lr0.05_epochs1_mincount50_ws12_dims300,mordende,0.765731155872345
vitaler_nelio_training_data_lower_cbow_lr0.05_epochs1_mincount50_ws12_dims300,mordserie,0.7647795081138611
vitaler_nelio_training_data_lower_cbow_lr0.05_epochs1_mincount50_ws12_dims300,mordsspaß,0.7631343603134155
vitaler_nelio_training_data_lower_cbow_lr0.05_epochs1_mincount50_ws12_dims300,vatermord,0.7608498334884644
vitaler_nelio_training_data_lower_cbow_lr0.05_epochs1_mincount50_ws12_dims300,brudermord,0.7561262845993042
vitaler_nelio_training_data_lower_cbow_lr0.05_epochs1_mincount50_ws12_dims300,mordversuch,0.7530301809310913
vitaler_nelio_training_data_lower_cbow_lr0.05_epochs1_mincount50_ws12_dims300,eifersuchtsmord,0.7493138909339905
vitaler_nelio_training_data_lower_cbow_lr0.05_epochs1_mincount50_ws12_dims300,goldmord,0.7479283213615417
vitaler_nelio_training_data_lower_cbow_lr0.05_epochs1_mincount50_ws12_dims300,doppelmordes,0.7472225427627563
vitaler_nelio_training_data_lower_cbow_lr0.05_epochs1_mincount50_ws12_dims300,messermord,0.7457113265991211
vitaler_nelio_training_data_lower_cbow_lr0.05_epochs1_mincount50_ws12_dims300,mordillo,0.7415739893913269
vitaler_nelio_training_data_lower_cbow_lr0.05_epochs1_mincount50_ws12_dims300,mordens,0.74138343334198
vitaler_nelio_training_data_lower_cbow_lr0.05_epochs1_mincount50_ws12_dims300,rufmord,0.7407606840133667
vitaler_nelio_training_data_lower_cbow_lr0.05_epochs1_mincount50_ws12_dims300,mordmotiv,0.7374458909034729
vitaler_nelio_training_data_lower_cbow_lr0.05_epochs1_mincount50_ws12_dims300,raubmordes,0.7372126579284668
vitaler_nelio_training_data_lower_cbow_lr0.05_epochs1_mincount50_ws12_dims300,doppelmords,0.7357075810432434
vitaler_nelio_training_data_lower_cbow_lr0.05_epochs1_mincount50_ws12_dims300,lynchmord,0.735614538192749
vitaler_nelio_training_data_lower_cbow_lr0.05_epochs1_mincount50_ws12_dims300,serienmord,0.7319976091384888
vitaler_nelio_training_data_lower_cbow_lr0.05_epochs1_mincount50_ws12_dims300,mordurteil,0.730103075504303
vitaler_nelio_training_data_lower_cbow_lr0.05_epochs1_mincount50_ws12_dims300,mordkomplott,0.7281609177589417
vitaler_nelio_training_data_lower_cbow_lr0.05_epochs1_mincount50_ws12_dims300,mordvideo,0.7260469794273376
vitaler_nelio_training_data_lower_cbow_lr0.05_epochs1_mincount50_ws12_dims300,muttermord,0.7246536016464233
vitaler_nelio_training_data_lower_cbow_lr0.05_epochs1_mincount50_ws12_dims300,mordeten,0.7239890098571777
vitaler_nelio_training_data_lower_cbow_lr0.05_epochs1_mincount50_ws12_dims300,mordserien,0.7234261631965637
vitaler_nelio_training_data_lower_cbow_lr0.05_epochs1_mincount50_ws12_dims300,ritualmord,0.7226632237434387
vitaler_nelio_training_data_lower_cbow_lr0.05_epochs1_mincount50_ws12_dims300,mordfalles,0.7175352573394775
vitaler_nelio_training_data_lower_cbow_lr0.05_epochs1_mincount50_ws12_dims300,dreifachmord,0.7171173095703125
vitaler_nelio_training_data_lower_cbow_lr0.05_epochs1_mincount50_ws12_dims300,mordplan,0.7165960073471069
vitaler_nelio_training_data_lower_cbow_lr0.05_epochs1_mincount50_ws12_dims300,mädchenmord,0.7164024710655212
vitaler_nelio_training_data_lower_cbow_lr0.05_epochs1_mincount50_ws12_dims300,judenmord,0.7162659764289856
vitaler_nelio_training_data_lower_cbow_lr0.05_epochs1_mincount50_ws12_dims300,massenmord,0.714878499507904
vitaler_nelio_training_data_lower_cbow_lr0.05_epochs1_mincount50_ws12_dims300,mordsgaudi,0.7132280468940735
vitaler_nelio_training_data_lower_cbow_lr0.05_epochs1_mincount50_ws12_dims300,mordopfer,0.7131151556968689
vitaler_nelio_training_data_lower_cbow_lr0.05_epochs1_mincount50_ws12_dims300,mordvorsatz,0.7110016942024231
vitaler_nelio_training_data_lower_cbow_lr0.05_epochs1_mincount50_ws12_dims300,sexualmord,0.7082757949829102
vitaler_nelio_training_data_lower_cbow_lr0.05_epochs1_mincount50_ws12_dims300,mordverdächtige,0.7077696323394775
vitaler_nelio_training_data_lower_cbow_lr0.05_epochs1_mincount50_ws12_dims300,königsmord,0.7073554992675781
vitaler_nelio_training_data_lower_cbow_lr0.05_epochs1_mincount50_ws12_dims300,vierfachmord,0.7059797048568726
vitaler_nelio_training_data_lower_cbow_lr0.05_epochs1_mincount50_ws12_dims300,mordkomplotts,0.698884904384613
vitaler_nelio_training_data_lower_cbow_lr0.05_epochs1_mincount50_ws12_dims300,mordversuchs,0.6981531977653503
vitaler_nelio_training_data_lower_cbow_lr0.05_epochs1_mincount50_ws12_dims300,mordvorwurf,0.698144793510437
vitaler_nelio_training_data_lower_cbow_lr0.05_epochs1_mincount50_ws12_dims300,mordenden,0.6978645324707031
vitaler_nelio_training_data_lower_cbow_lr0.05_epochs1_mincount50_ws12_dims300,bluttat,0.6970821022987366
vitaler_nelio_training_data_lower_cbow_lr0.05_epochs1_mincount50_ws12_dims300,ehrenmord,0.6960028409957886
vitaler_nelio_training_data_lower_cbow_lr0.05_epochs1_mincount50_ws12_dims300,mordender,0.6956095099449158
vitaler_nelio_training_data_lower_cbow_lr0.05_epochs1_mincount50_ws12_dims300,mordfälle,0.6954061388969421
vitaler_nelio_training_data_lower_cbow_lr0.05_epochs1_mincount50_ws12_dims300,polizistenmord,0.6913552284240723
vitaler_nelio_training_data_lower_cbow_lr0.05_epochs1_mincount50_ws12_dims300,selbstmord,0.6897585391998291
vitaler_nelio_training_data_lower_cbow_lr0.05_epochs1_mincount50_ws12_dims300,mordverdächtiger,0.6863917112350464
vitaler_nelio_training_data_lower_cbow_lr0.05_epochs1_mincount50_ws12_dims300,mordversuche,0.685416579246521
vitaler_nelio_training_data_lower_cbow_lr0.05_epochs1_mincount50_ws12_dims300,mordanschlag,0.6854152679443359
vitaler_nelio_training_data_lower_cbow_lr0.05_epochs1_mincount50_ws12_dims300,ermordung,0.6846837997436523
vitaler_nelio_training_data_lower_cbow_lr0.05_epochs1_mincount50_ws12_dims300,fünffachmord,0.6842584609985352
vitaler_nelio_training_data_lower_cbow_lr0.05_epochs1_mincount50_ws12_dims300,mordopfers,0.6827265620231628
vitaler_nelio_training_data_lower_cbow_lr0.05_epochs1_mincount50_ws12_dims300,mordverdächtigen,0.6814972758293152
vitaler_nelio_training_data_lower_cbow_lr0.05_epochs1_mincount50_ws12_dims300,mordwaffe,0.6795144081115723
vitaler_nelio_training_data_lower_cbow_lr0.05_epochs1_mincount50_ws12_dims300,mordermittler,0.6766789555549622
vitaler_nelio_training_data_lower_cbow_lr0.05_epochs1_mincount50_ws12_dims300,mordanklage,0.6760981678962708
vitaler_nelio_training_data_lower_cbow_lr0.05_epochs1_mincount50_ws12_dims300,mordprozess,0.6756616234779358
vitaler_nelio_training_data_lower_cbow_lr0.05_epochs1_mincount50_ws12_dims300,kindesmord,0.6746780872344971
vitaler_nelio_training_data_lower_cbow_lr0.05_epochs1_mincount50_ws12_dims300,mordversuches,0.6719284057617188
vitaler_nelio_training_data_lower_cbow_lr0.05_epochs1_mincount50_ws12_dims300,raubmörder,0.671118974685669
vitaler_nelio_training_data_lower_cbow_lr0.05_epochs1_mincount50_ws12_dims300,mordfällen,0.6708208918571472
vitaler_nelio_training_data_lower_cbow_lr0.05_epochs1_mincount50_ws12_dims300,mordgruppe,0.6704186797142029
vitaler_nelio_training_data_lower_cbow_lr0.05_epochs1_mincount50_ws12_dims300,mordabsicht,0.6697877049446106
vitaler_nelio_training_data_lower_cbow_lr0.05_epochs1_mincount50_ws12_dims300,mordaunt,0.6682559847831726
vitaler_nelio_training_data_lower_cbow_lr0.05_epochs1_mincount50_ws12_dims300,mörder,0.6643420457839966
vitaler_nelio_training_data_lower_cbow_lr0.05_epochs1_mincount50_ws12_dims300,mordtheorie,0.6633530855178833
vitaler_nelio_training_data_lower_cbow_lr0.05_epochs1_mincount50_ws12_dims300,mordfantasien,0.6625140309333801
vitaler_nelio_training_data_lower_cbow_lr0.05_epochs1_mincount50_ws12_dims300,auftragsmord,0.6620488166809082
vitaler_nelio_training_data_lower_cbow_lr0.05_epochs1_mincount50_ws12_dims300,mordplänen,0.6602022051811218
vitaler_nelio_training_data_lower_cbow_lr0.05_epochs1_mincount50_ws12_dims300,mordopfern,0.6599162220954895
vitaler_nelio_training_data_lower_cbow_lr0.05_epochs1_mincount50_ws12_dims300,mordaufruf,0.658537745475769
vitaler_nelio_training_data_lower_cbow_lr0.05_epochs1_mincount50_ws12_dims300,frauenmord,0.6585103869438171
vitaler_nelio_training_data_lower_cbow_lr0.05_epochs1_mincount50_ws12_dims300,massenmordes,0.6565664410591125
vitaler_nelio_training_data_lower_cbow_lr0.05_epochs1_mincount50_ws12_dims300,mordpläne,0.6565024852752686
vitaler_nelio_training_data_lower_cbow_lr0.05_epochs1_mincount50_ws12_dims300,ermorden,0.6562477350234985
spontaner_gideon_training_data_lower_cbow_lr0.05_epochs1_mincount100_ws24_dims300,mordtat,0.9016531109809875
spontaner_gideon_training_data_lower_cbow_lr0.05_epochs1_mincount100_ws24_dims300,mords,0.8490154147148132
spontaner_gideon_training_data_lower_cbow_lr0.05_epochs1_mincount100_ws24_dims300,morde,0.8340984582901001
spontaner_gideon_training_data_lower_cbow_lr0.05_epochs1_mincount100_ws24_dims300,mordor,0.8315266370773315
spontaner_gideon_training_data_lower_cbow_lr0.05_epochs1_mincount100_ws24_dims300,rachemord,0.8304574489593506
spontaner_gideon_training_data_lower_cbow_lr0.05_epochs1_mincount100_ws24_dims300,mordet,0.8178224563598633
spontaner_gideon_training_data_lower_cbow_lr0.05_epochs1_mincount100_ws24_dims300,mordfall,0.8147299289703369
spontaner_gideon_training_data_lower_cbow_lr0.05_epochs1_mincount100_ws24_dims300,raubmord,0.806538999080658
spontaner_gideon_training_data_lower_cbow_lr0.05_epochs1_mincount100_ws24_dims300,mordlust,0.8060097098350525
spontaner_gideon_training_data_lower_cbow_lr0.05_epochs1_mincount100_ws24_dims300,mordes,0.8050131797790527
spontaner_gideon_training_data_lower_cbow_lr0.05_epochs1_mincount100_ws24_dims300,doppelmord,0.8046848177909851
spontaner_gideon_training_data_lower_cbow_lr0.05_epochs1_mincount100_ws24_dims300,mordend,0.8022189140319824
spontaner_gideon_training_data_lower_cbow_lr0.05_epochs1_mincount100_ws24_dims300,morden,0.8013025522232056
spontaner_gideon_training_data_lower_cbow_lr0.05_epochs1_mincount100_ws24_dims300,mordete,0.7946680188179016
spontaner_gideon_training_data_lower_cbow_lr0.05_epochs1_mincount100_ws24_dims300,mordtaten,0.7908568382263184
spontaner_gideon_training_data_lower_cbow_lr0.05_epochs1_mincount100_ws24_dims300,mordechai,0.7866098880767822
spontaner_gideon_training_data_lower_cbow_lr0.05_epochs1_mincount100_ws24_dims300,mordfalls,0.7780320644378662
spontaner_gideon_training_data_lower_cbow_lr0.05_epochs1_mincount100_ws24_dims300,mordnacht,0.777064859867096
spontaner_gideon_training_data_lower_cbow_lr0.05_epochs1_mincount100_ws24_dims300,giftmord,0.7691128253936768
spontaner_gideon_training_data_lower_cbow_lr0.05_epochs1_mincount100_ws24_dims300,kindsmord,0.7654333114624023
spontaner_gideon_training_data_lower_cbow_lr0.05_epochs1_mincount100_ws24_dims300,lynchmord,0.7620835304260254
spontaner_gideon_training_data_lower_cbow_lr0.05_epochs1_mincount100_ws24_dims300,mordende,0.7601461410522461
spontaner_gideon_training_data_lower_cbow_lr0.05_epochs1_mincount100_ws24_dims300,mordens,0.7558690905570984
spontaner_gideon_training_data_lower_cbow_lr0.05_epochs1_mincount100_ws24_dims300,brudermord,0.7550534009933472
spontaner_gideon_training_data_lower_cbow_lr0.05_epochs1_mincount100_ws24_dims300,vatermord,0.7547612190246582
spontaner_gideon_training_data_lower_cbow_lr0.05_epochs1_mincount100_ws24_dims300,mordversuch,0.75370854139328
spontaner_gideon_training_data_lower_cbow_lr0.05_epochs1_mincount100_ws24_dims300,mordserie,0.7530418634414673
spontaner_gideon_training_data_lower_cbow_lr0.05_epochs1_mincount100_ws24_dims300,mordmotiv,0.7520231604576111
spontaner_gideon_training_data_lower_cbow_lr0.05_epochs1_mincount100_ws24_dims300,goldmord,0.7499982118606567
spontaner_gideon_training_data_lower_cbow_lr0.05_epochs1_mincount100_ws24_dims300,mordplan,0.7460803985595703
spontaner_gideon_training_data_lower_cbow_lr0.05_epochs1_mincount100_ws24_dims300,mordeten,0.7339093089103699
spontaner_gideon_training_data_lower_cbow_lr0.05_epochs1_mincount100_ws24_dims300,rufmord,0.7329071760177612
spontaner_gideon_training_data_lower_cbow_lr0.05_epochs1_mincount100_ws24_dims300,messermord,0.7320521473884583
spontaner_gideon_training_data_lower_cbow_lr0.05_epochs1_mincount100_ws24_dims300,mordopfer,0.7310822606086731
spontaner_gideon_training_data_lower_cbow_lr0.05_epochs1_mincount100_ws24_dims300,mordvorsatz,0.7159652709960938
spontaner_gideon_training_data_lower_cbow_lr0.05_epochs1_mincount100_ws24_dims300,mordverdächtige,0.7111971378326416
spontaner_gideon_training_data_lower_cbow_lr0.05_epochs1_mincount100_ws24_dims300,mordurteil,0.7109851241111755
spontaner_gideon_training_data_lower_cbow_lr0.05_epochs1_mincount100_ws24_dims300,mordfälle,0.7065396904945374
spontaner_gideon_training_data_lower_cbow_lr0.05_epochs1_mincount100_ws24_dims300,mordenden,0.704688549041748
spontaner_gideon_training_data_lower_cbow_lr0.05_epochs1_mincount100_ws24_dims300,ritualmord,0.7043576836585999
spontaner_gideon_training_data_lower_cbow_lr0.05_epochs1_mincount100_ws24_dims300,doppelmordes,0.7037560343742371
spontaner_gideon_training_data_lower_cbow_lr0.05_epochs1_mincount100_ws24_dims300,mordermittler,0.7026740908622742
spontaner_gideon_training_data_lower_cbow_lr0.05_epochs1_mincount100_ws24_dims300,mordverdächtiger,0.7014365792274475
spontaner_gideon_training_data_lower_cbow_lr0.05_epochs1_mincount100_ws24_dims300,vierfachmord,0.7013733386993408
spontaner_gideon_training_data_lower_cbow_lr0.05_epochs1_mincount100_ws24_dims300,mordillo,0.6987767219543457
spontaner_gideon_training_data_lower_cbow_lr0.05_epochs1_mincount100_ws24_dims300,mordvorwurf,0.6984896063804626
spontaner_gideon_training_data_lower_cbow_lr0.05_epochs1_mincount100_ws24_dims300,mordverdächtigen,0.6983161568641663
spontaner_gideon_training_data_lower_cbow_lr0.05_epochs1_mincount100_ws24_dims300,mordkomplott,0.6971370577812195
spontaner_gideon_training_data_lower_cbow_lr0.05_epochs1_mincount100_ws24_dims300,mordversuche,0.6957153677940369
spontaner_gideon_training_data_lower_cbow_lr0.05_epochs1_mincount100_ws24_dims300,königsmord,0.6942925453186035
spontaner_gideon_training_data_lower_cbow_lr0.05_epochs1_mincount100_ws24_dims300,raubmordes,0.6942064762115479
spontaner_gideon_training_data_lower_cbow_lr0.05_epochs1_mincount100_ws24_dims300,mordwaffe,0.6922563910484314
spontaner_gideon_training_data_lower_cbow_lr0.05_epochs1_mincount100_ws24_dims300,massenmord,0.6906441450119019
spontaner_gideon_training_data_lower_cbow_lr0.05_epochs1_mincount100_ws24_dims300,mordopfers,0.6905997395515442
spontaner_gideon_training_data_lower_cbow_lr0.05_epochs1_mincount100_ws24_dims300,mordversuchs,0.6904861927032471
spontaner_gideon_training_data_lower_cbow_lr0.05_epochs1_mincount100_ws24_dims300,mordfällen,0.6901905536651611
spontaner_gideon_training_data_lower_cbow_lr0.05_epochs1_mincount100_ws24_dims300,mordabsicht,0.6873708367347717
spontaner_gideon_training_data_lower_cbow_lr0.05_epochs1_mincount100_ws24_dims300,judenmord,0.6861827373504639
spontaner_gideon_training_data_lower_cbow_lr0.05_epochs1_mincount100_ws24_dims300,mordopfern,0.6855466961860657
spontaner_gideon_training_data_lower_cbow_lr0.05_epochs1_mincount100_ws24_dims300,mordversuches,0.6837621927261353
spontaner_gideon_training_data_lower_cbow_lr0.05_epochs1_mincount100_ws24_dims300,mordanklage,0.6835408806800842
spontaner_gideon_training_data_lower_cbow_lr0.05_epochs1_mincount100_ws24_dims300,bluttat,0.6827920079231262
spontaner_gideon_training_data_lower_cbow_lr0.05_epochs1_mincount100_ws24_dims300,mädchenmord,0.6815780401229858
spontaner_gideon_training_data_lower_cbow_lr0.05_epochs1_mincount100_ws24_dims300,dreifachmord,0.6814857125282288
spontaner_gideon_training_data_lower_cbow_lr0.05_epochs1_mincount100_ws24_dims300,selbstmord,0.6797412633895874
spontaner_gideon_training_data_lower_cbow_lr0.05_epochs1_mincount100_ws24_dims300,ermordeter,0.679301917552948
spontaner_gideon_training_data_lower_cbow_lr0.05_epochs1_mincount100_ws24_dims300,mordplänen,0.678540050983429
spontaner_gideon_training_data_lower_cbow_lr0.05_epochs1_mincount100_ws24_dims300,ermordung,0.6774632930755615
spontaner_gideon_training_data_lower_cbow_lr0.05_epochs1_mincount100_ws24_dims300,mordkomplotts,0.6768737435340881
spontaner_gideon_training_data_lower_cbow_lr0.05_epochs1_mincount100_ws24_dims300,mordgruppe,0.6731548309326172
spontaner_gideon_training_data_lower_cbow_lr0.05_epochs1_mincount100_ws24_dims300,ermorden,0.672326385974884
spontaner_gideon_training_data_lower_cbow_lr0.05_epochs1_mincount100_ws24_dims300,mordpläne,0.6719449162483215
spontaner_gideon_training_data_lower_cbow_lr0.05_epochs1_mincount100_ws24_dims300,mordprozess,0.6712601184844971
spontaner_gideon_training_data_lower_cbow_lr0.05_epochs1_mincount100_ws24_dims300,mörder,0.6709823608398438
spontaner_gideon_training_data_lower_cbow_lr0.05_epochs1_mincount100_ws24_dims300,doppelmords,0.6687752604484558
spontaner_gideon_training_data_lower_cbow_lr0.05_epochs1_mincount100_ws24_dims300,ermordet,0.6678212285041809
spontaner_gideon_training_data_lower_cbow_lr0.05_epochs1_mincount100_ws24_dims300,lynchmorde,0.6621294021606445
spontaner_gideon_training_data_lower_cbow_lr0.05_epochs1_mincount100_ws24_dims300,mordanschlag,0.6611430048942566
spontaner_gideon_training_data_lower_cbow_lr0.05_epochs1_mincount100_ws24_dims300,ehrenmord,0.6609762907028198
spontaner_gideon_training_data_lower_cbow_lr0.05_epochs1_mincount100_ws24_dims300,ermordete,0.6585686802864075
spontaner_gideon_training_data_lower_cbow_lr0.05_epochs1_mincount100_ws24_dims300,mordfantasien,0.6573737859725952
spontaner_gideon_training_data_lower_cbow_lr0.05_epochs1_mincount100_ws24_dims300,mordverdacht,0.6569022536277771
spontaner_gideon_training_data_lower_cbow_lr0.05_epochs1_mincount100_ws24_dims300,fünffachmord,0.6554887294769287
spontaner_gideon_training_data_lower_cbow_lr0.05_epochs1_mincount100_ws24_dims300,mordversuchen,0.6545203328132629
spontaner_gideon_training_data_lower_cbow_lr0.05_epochs1_mincount100_ws24_dims300,auftragsmord,0.6534335613250732
spontaner_gideon_training_data_lower_cbow_lr0.05_epochs1_mincount100_ws24_dims300,sexualmord,0.6511049866676331
spontaner_gideon_training_data_lower_cbow_lr0.05_epochs1_mincount100_ws24_dims300,polizistenmord,0.6467525362968445
spontaner_gideon_training_data_lower_cbow_lr0.05_epochs1_mincount100_ws24_dims300,raubmörder,0.6428931355476379
spontaner_gideon_training_data_lower_cbow_lr0.05_epochs1_mincount100_ws24_dims300,handgranatenmord,0.6404619812965393
spontaner_gideon_training_data_lower_cbow_lr0.05_epochs1_mincount100_ws24_dims300,gewalttat,0.6403490900993347
spontaner_gideon_training_data_lower_cbow_lr0.05_epochs1_mincount100_ws24_dims300,mordverdachts,0.6388896107673645
spontaner_gideon_training_data_lower_cbow_lr0.05_epochs1_mincount100_ws24_dims300,gemordet,0.6359965801239014
spontaner_gideon_training_data_lower_cbow_lr0.05_epochs1_mincount100_ws24_dims300,mordanschlags,0.6328793168067932
spontaner_gideon_training_data_lower_cbow_lr0.05_epochs1_mincount100_ws24_dims300,massenmordes,0.6305711269378662
spontaner_gideon_training_data_lower_cbow_lr0.05_epochs1_mincount100_ws24_dims300,mordaschow,0.6272562742233276
spontaner_gideon_training_data_lower_cbow_lr0.05_epochs1_mincount100_ws24_dims300,tötungsdelikt,0.6241137981414795
spontaner_gideon_training_data_lower_cbow_lr0.05_epochs1_mincount100_ws24_dims300,mordvorwürfe,0.6228406429290771
spontaner_gideon_training_data_lower_cbow_lr0.05_epochs1_mincount100_ws24_dims300,kindermord,0.6223704218864441
spontaner_gideon_training_data_lower_cbow_lr0.05_epochs1_mincount100_ws24_dims300,lynchmorden,0.6201684474945068
spontaner_gideon_training_data_lower_cbow_lr0.05_epochs1_mincount100_ws24_dims300,tat,0.6200321316719055
angeregter_armin_training_data_cbow_lr0.05_epochs1_mincount10_ws5_dims300,mordue,0.8624137043952942
angeregter_armin_training_data_cbow_lr0.05_epochs1_mincount10_ws5_dims300,mordecai,0.8619839549064636
angeregter_armin_training_data_cbow_lr0.05_epochs1_mincount10_ws5_dims300,mordtat,0.8619741201400757
angeregter_armin_training_data_cbow_lr0.05_epochs1_mincount10_ws5_dims300,mordswut,0.8409961462020874
angeregter_armin_training_data_cbow_lr0.05_epochs1_mincount10_ws5_dims300,axtmord,0.8369637131690979
angeregter_armin_training_data_cbow_lr0.05_epochs1_mincount10_ws5_dims300,raubmord,0.8182404637336731
angeregter_armin_training_data_cbow_lr0.05_epochs1_mincount10_ws5_dims300,mords,0.8156840801239014
angeregter_armin_training_data_cbow_lr0.05_epochs1_mincount10_ws5_dims300,sexmord,0.8138584494590759
angeregter_armin_training_data_cbow_lr0.05_epochs1_mincount10_ws5_dims300,mordfall,0.8130671977996826
angeregter_armin_training_data_cbow_lr0.05_epochs1_mincount10_ws5_dims300,mordlust,0.8130379915237427
angeregter_armin_training_data_cbow_lr0.05_epochs1_mincount10_ws5_dims300,morde,0.8093713521957397
angeregter_armin_training_data_cbow_lr0.05_epochs1_mincount10_ws5_dims300,mordshetz,0.8072736859321594
angeregter_armin_training_data_cbow_lr0.05_epochs1_mincount10_ws5_dims300,mordechai,0.806846022605896
angeregter_armin_training_data_cbow_lr0.05_epochs1_mincount10_ws5_dims300,mordkrimi,0.8064255118370056
angeregter_armin_training_data_cbow_lr0.05_epochs1_mincount10_ws5_dims300,mord,0.7981115579605103
angeregter_armin_training_data_cbow_lr0.05_epochs1_mincount10_ws5_dims300,mordsspaß,0.7968208193778992
angeregter_armin_training_data_cbow_lr0.05_epochs1_mincount10_ws5_dims300,mordbuben,0.7967096567153931
angeregter_armin_training_data_cbow_lr0.05_epochs1_mincount10_ws5_dims300,mordes,0.7939337491989136
angeregter_armin_training_data_cbow_lr0.05_epochs1_mincount10_ws5_dims300,doppelmord,0.792663037776947
angeregter_armin_training_data_cbow_lr0.05_epochs1_mincount10_ws5_dims300,mordor,0.7906212210655212
angeregter_armin_training_data_cbow_lr0.05_epochs1_mincount10_ws5_dims300,mordred,0.7795341610908508
angeregter_armin_training_data_cbow_lr0.05_epochs1_mincount10_ws5_dims300,mordhau,0.7791475653648376
angeregter_armin_training_data_cbow_lr0.05_epochs1_mincount10_ws5_dims300,mordversuch,0.774345338344574
angeregter_armin_training_data_cbow_lr0.05_epochs1_mincount10_ws5_dims300,rachemord,0.7730591893196106
angeregter_armin_training_data_cbow_lr0.05_epochs1_mincount10_ws5_dims300,mordowia,0.7724912762641907
angeregter_armin_training_data_cbow_lr0.05_epochs1_mincount10_ws5_dims300,morden,0.7713550329208374
angeregter_armin_training_data_cbow_lr0.05_epochs1_mincount10_ws5_dims300,kindsmord,0.7687140107154846
angeregter_armin_training_data_cbow_lr0.05_epochs1_mincount10_ws5_dims300,lustmord,0.7662686705589294
angeregter_armin_training_data_cbow_lr0.05_epochs1_mincount10_ws5_dims300,mordtag,0.763189971446991
angeregter_armin_training_data_cbow_lr0.05_epochs1_mincount10_ws5_dims300,mordsglück,0.7626574635505676
angeregter_armin_training_data_cbow_lr0.05_epochs1_mincount10_ws5_dims300,mordio,0.7601240277290344
angeregter_armin_training_data_cbow_lr0.05_epochs1_mincount10_ws5_dims300,giftmord,0.7597110271453857
angeregter_armin_training_data_cbow_lr0.05_epochs1_mincount10_ws5_dims300,mordslust,0.7592727541923523
angeregter_armin_training_data_cbow_lr0.05_epochs1_mincount10_ws5_dims300,gattenmord,0.7564622163772583
angeregter_armin_training_data_cbow_lr0.05_epochs1_mincount10_ws5_dims300,vatermord,0.753872811794281
angeregter_armin_training_data_cbow_lr0.05_epochs1_mincount10_ws5_dims300,morddelikt,0.7534129023551941
angeregter_armin_training_data_cbow_lr0.05_epochs1_mincount10_ws5_dims300,würgemord,0.7518681287765503
angeregter_armin_training_data_cbow_lr0.05_epochs1_mincount10_ws5_dims300,mordstrumm,0.7498074173927307
angeregter_armin_training_data_cbow_lr0.05_epochs1_mincount10_ws5_dims300,mordsee,0.7459520101547241
angeregter_armin_training_data_cbow_lr0.05_epochs1_mincount10_ws5_dims300,mordvorwurf,0.7459126710891724
angeregter_armin_training_data_cbow_lr0.05_epochs1_mincount10_ws5_dims300,mordsache,0.7455324530601501
angeregter_armin_training_data_cbow_lr0.05_epochs1_mincount10_ws5_dims300,mordfalls,0.7407424449920654
angeregter_armin_training_data_cbow_lr0.05_epochs1_mincount10_ws5_dims300,mordmotiv,0.7393043041229248
angeregter_armin_training_data_cbow_lr0.05_epochs1_mincount10_ws5_dims300,mordskandal,0.7388442754745483
angeregter_armin_training_data_cbow_lr0.05_epochs1_mincount10_ws5_dims300,messermord,0.7370386719703674
angeregter_armin_training_data_cbow_lr0.05_epochs1_mincount10_ws5_dims300,brudermord,0.7367628812789917
angeregter_armin_training_data_cbow_lr0.05_epochs1_mincount10_ws5_dims300,tyrannenmord,0.7365773320198059
angeregter_armin_training_data_cbow_lr0.05_epochs1_mincount10_ws5_dims300,mordkomplott,0.7363183498382568
angeregter_armin_training_data_cbow_lr0.05_epochs1_mincount10_ws5_dims300,mordrätsel,0.7358448505401611
angeregter_armin_training_data_cbow_lr0.05_epochs1_mincount10_ws5_dims300,mordbefehl,0.7356747984886169
angeregter_armin_training_data_cbow_lr0.05_epochs1_mincount10_ws5_dims300,mordabend,0.7354080677032471
angeregter_armin_training_data_cbow_lr0.05_epochs1_mincount10_ws5_dims300,politmord,0.7331557869911194
angeregter_armin_training_data_cbow_lr0.05_epochs1_mincount10_ws5_dims300,teenagermord,0.7323914170265198
angeregter_armin_training_data_cbow_lr0.05_epochs1_mincount10_ws5_dims300,mordens,0.7323005199432373
angeregter_armin_training_data_cbow_lr0.05_epochs1_mincount10_ws5_dims300,mordgelüste,0.7321954965591431
angeregter_armin_training_data_cbow_lr0.05_epochs1_mincount10_ws5_dims300,mordvideo,0.7312500476837158
angeregter_armin_training_data_cbow_lr0.05_epochs1_mincount10_ws5_dims300,morddezernat,0.7304219603538513
angeregter_armin_training_data_cbow_lr0.05_epochs1_mincount10_ws5_dims300,mafiamord,0.7294675707817078
angeregter_armin_training_data_cbow_lr0.05_epochs1_mincount10_ws5_dims300,mordserie,0.7292161583900452
angeregter_armin_training_data_cbow_lr0.05_epochs1_mincount10_ws5_dims300,mordnacht,0.7287590503692627
angeregter_armin_training_data_cbow_lr0.05_epochs1_mincount10_ws5_dims300,lynchmord,0.7281693816184998
angeregter_armin_training_data_cbow_lr0.05_epochs1_mincount10_ws5_dims300,mordhaus,0.7248095273971558
angeregter_armin_training_data_cbow_lr0.05_epochs1_mincount10_ws5_dims300,mordfalles,0.7241748571395874
angeregter_armin_training_data_cbow_lr0.05_epochs1_mincount10_ws5_dims300,mordsgaudi,0.723911702632904
angeregter_armin_training_data_cbow_lr0.05_epochs1_mincount10_ws5_dims300,meuchelmord,0.7238531112670898
angeregter_armin_training_data_cbow_lr0.05_epochs1_mincount10_ws5_dims300,mordplan,0.7234963178634644
angeregter_armin_training_data_cbow_lr0.05_epochs1_mincount10_ws5_dims300,foltermord,0.7234819531440735
angeregter_armin_training_data_cbow_lr0.05_epochs1_mincount10_ws5_dims300,mordangriff,0.7232373356819153
angeregter_armin_training_data_cbow_lr0.05_epochs1_mincount10_ws5_dims300,mordtaten,0.7227152585983276
angeregter_armin_training_data_cbow_lr0.05_epochs1_mincount10_ws5_dims300,mordvorsatz,0.7215891480445862
angeregter_armin_training_data_cbow_lr0.05_epochs1_mincount10_ws5_dims300,mordwand,0.7203249931335449
angeregter_armin_training_data_cbow_lr0.05_epochs1_mincount10_ws5_dims300,morderator,0.7193692922592163
angeregter_armin_training_data_cbow_lr0.05_epochs1_mincount10_ws5_dims300,mordthese,0.7182028889656067
angeregter_armin_training_data_cbow_lr0.05_epochs1_mincount10_ws5_dims300,babymord,0.7175357341766357
angeregter_armin_training_data_cbow_lr0.05_epochs1_mincount10_ws5_dims300,mordshunger,0.7171977758407593
angeregter_armin_training_data_cbow_lr0.05_epochs1_mincount10_ws5_dims300,mordanschlag,0.7171027064323425
angeregter_armin_training_data_cbow_lr0.05_epochs1_mincount10_ws5_dims300,morddrama,0.7166271805763245
angeregter_armin_training_data_cbow_lr0.05_epochs1_mincount10_ws5_dims300,mordors,0.7165371775627136
angeregter_armin_training_data_cbow_lr0.05_epochs1_mincount10_ws5_dims300,raubmordes,0.7157730460166931
angeregter_armin_training_data_cbow_lr0.05_epochs1_mincount10_ws5_dims300,mordmotive,0.7142579555511475
angeregter_armin_training_data_cbow_lr0.05_epochs1_mincount10_ws5_dims300,terrormord,0.7123543620109558
angeregter_armin_training_data_cbow_lr0.05_epochs1_mincount10_ws5_dims300,mordasini,0.712233304977417
angeregter_armin_training_data_cbow_lr0.05_epochs1_mincount10_ws5_dims300,mordprozess,0.7112336754798889
angeregter_armin_training_data_cbow_lr0.05_epochs1_mincount10_ws5_dims300,mehrfachmord,0.7110781669616699
angeregter_armin_training_data_cbow_lr0.05_epochs1_mincount10_ws5_dims300,muttermord,0.7102225422859192
angeregter_armin_training_data_cbow_lr0.05_epochs1_mincount10_ws5_dims300,goldmord,0.7090965509414673
angeregter_armin_training_data_cbow_lr0.05_epochs1_mincount10_ws5_dims300,mordszene,0.7083837985992432
angeregter_armin_training_data_cbow_lr0.05_epochs1_mincount10_ws5_dims300,raubmords,0.7081556916236877
angeregter_armin_training_data_cbow_lr0.05_epochs1_mincount10_ws5_dims300,mädchenmord,0.7080692648887634
angeregter_armin_training_data_cbow_lr0.05_epochs1_mincount10_ws5_dims300,mordurteil,0.7071745991706848
angeregter_armin_training_data_cbow_lr0.05_epochs1_mincount10_ws5_dims300,instamord,0.7069269418716431
angeregter_armin_training_data_cbow_lr0.05_epochs1_mincount10_ws5_dims300,ehrenmord,0.7063115239143372
angeregter_armin_training_data_cbow_lr0.05_epochs1_mincount10_ws5_dims300,mordversuchs,0.7061747908592224
angeregter_armin_training_data_cbow_lr0.05_epochs1_mincount10_ws5_dims300,raubmorde,0.7052803039550781
angeregter_armin_training_data_cbow_lr0.05_epochs1_mincount10_ws5_dims300,mordattacke,0.7052326202392578
angeregter_armin_training_data_cbow_lr0.05_epochs1_mincount10_ws5_dims300,rufmord,0.7045645713806152
angeregter_armin_training_data_cbow_lr0.05_epochs1_mincount10_ws5_dims300,mordowien,0.7031859755516052
angeregter_armin_training_data_cbow_lr0.05_epochs1_mincount10_ws5_dims300,hackenmord,0.7025313973426819
angeregter_armin_training_data_cbow_lr0.05_epochs1_mincount10_ws5_dims300,mordillos,0.702409029006958
angeregter_armin_training_data_cbow_lr0.05_epochs1_mincount10_ws5_dims300,mordvorwurfs,0.7015381455421448
aktiver_vasilije_training_data_lower_cbow_lr0.05_epochs1_mincount10_ws5_dims300,axtmord,0.9066299796104432
aktiver_vasilije_training_data_lower_cbow_lr0.05_epochs1_mincount10_ws5_dims300,mordtat,0.8880460858345032
aktiver_vasilije_training_data_lower_cbow_lr0.05_epochs1_mincount10_ws5_dims300,sexmord,0.8648294806480408
aktiver_vasilije_training_data_lower_cbow_lr0.05_epochs1_mincount10_ws5_dims300,raubmord,0.8554271459579468
aktiver_vasilije_training_data_lower_cbow_lr0.05_epochs1_mincount10_ws5_dims300,mordue,0.8485960364341736
aktiver_vasilije_training_data_lower_cbow_lr0.05_epochs1_mincount10_ws5_dims300,doppelmord,0.8437677621841431
aktiver_vasilije_training_data_lower_cbow_lr0.05_epochs1_mincount10_ws5_dims300,mordecai,0.8319422006607056
aktiver_vasilije_training_data_lower_cbow_lr0.05_epochs1_mincount10_ws5_dims300,rachemord,0.8286291360855103
aktiver_vasilije_training_data_lower_cbow_lr0.05_epochs1_mincount10_ws5_dims300,mords,0.8252615928649902
aktiver_vasilije_training_data_lower_cbow_lr0.05_epochs1_mincount10_ws5_dims300,lustmord,0.8196694254875183
aktiver_vasilije_training_data_lower_cbow_lr0.05_epochs1_mincount10_ws5_dims300,kindsmord,0.8144019842147827
aktiver_vasilije_training_data_lower_cbow_lr0.05_epochs1_mincount10_ws5_dims300,mordor,0.8141072988510132
aktiver_vasilije_training_data_lower_cbow_lr0.05_epochs1_mincount10_ws5_dims300,gattenmord,0.8140168786048889
aktiver_vasilije_training_data_lower_cbow_lr0.05_epochs1_mincount10_ws5_dims300,mordfall,0.8098239898681641
aktiver_vasilije_training_data_lower_cbow_lr0.05_epochs1_mincount10_ws5_dims300,mordswut,0.8074055314064026
aktiver_vasilije_training_data_lower_cbow_lr0.05_epochs1_mincount10_ws5_dims300,meuchelmord,0.8057769536972046
aktiver_vasilije_training_data_lower_cbow_lr0.05_epochs1_mincount10_ws5_dims300,mordhau,0.8054496645927429
aktiver_vasilije_training_data_lower_cbow_lr0.05_epochs1_mincount10_ws5_dims300,mordes,0.80486661195755
aktiver_vasilije_training_data_lower_cbow_lr0.05_epochs1_mincount10_ws5_dims300,mordlust,0.8033614158630371
aktiver_vasilije_training_data_lower_cbow_lr0.05_epochs1_mincount10_ws5_dims300,würgemord,0.8030986189842224
aktiver_vasilije_training_data_lower_cbow_lr0.05_epochs1_mincount10_ws5_dims300,tyrannenmord,0.802067220211029
aktiver_vasilije_training_data_lower_cbow_lr0.05_epochs1_mincount10_ws5_dims300,giftmord,0.8002415895462036
aktiver_vasilije_training_data_lower_cbow_lr0.05_epochs1_mincount10_ws5_dims300,mordshetz,0.7999916672706604
aktiver_vasilije_training_data_lower_cbow_lr0.05_epochs1_mincount10_ws5_dims300,morde,0.799986720085144
aktiver_vasilije_training_data_lower_cbow_lr0.05_epochs1_mincount10_ws5_dims300,babymord,0.7992135882377625
aktiver_vasilije_training_data_lower_cbow_lr0.05_epochs1_mincount10_ws5_dims300,instamord,0.7955560088157654
aktiver_vasilije_training_data_lower_cbow_lr0.05_epochs1_mincount10_ws5_dims300,mordechai,0.793180525302887
aktiver_vasilije_training_data_lower_cbow_lr0.05_epochs1_mincount10_ws5_dims300,mordkrimi,0.7901865839958191
aktiver_vasilije_training_data_lower_cbow_lr0.05_epochs1_mincount10_ws5_dims300,mordowia,0.7899599075317383
aktiver_vasilije_training_data_lower_cbow_lr0.05_epochs1_mincount10_ws5_dims300,rufmord,0.7865557074546814
aktiver_vasilije_training_data_lower_cbow_lr0.05_epochs1_mincount10_ws5_dims300,vatermord,0.7848705649375916
aktiver_vasilije_training_data_lower_cbow_lr0.05_epochs1_mincount10_ws5_dims300,mordet,0.7808034420013428
aktiver_vasilije_training_data_lower_cbow_lr0.05_epochs1_mincount10_ws5_dims300,mordtag,0.7792324423789978
aktiver_vasilije_training_data_lower_cbow_lr0.05_epochs1_mincount10_ws5_dims300,morden,0.7788179516792297
aktiver_vasilije_training_data_lower_cbow_lr0.05_epochs1_mincount10_ws5_dims300,politmord,0.7782729268074036
aktiver_vasilije_training_data_lower_cbow_lr0.05_epochs1_mincount10_ws5_dims300,mordbuben,0.777066171169281
aktiver_vasilije_training_data_lower_cbow_lr0.05_epochs1_mincount10_ws5_dims300,mordversuch,0.7769259810447693
aktiver_vasilije_training_data_lower_cbow_lr0.05_epochs1_mincount10_ws5_dims300,lynchmord,0.7757392525672913
aktiver_vasilije_training_data_lower_cbow_lr0.05_epochs1_mincount10_ws5_dims300,messermord,0.773880124092102
aktiver_vasilije_training_data_lower_cbow_lr0.05_epochs1_mincount10_ws5_dims300,goldmord,0.7728341221809387
aktiver_vasilije_training_data_lower_cbow_lr0.05_epochs1_mincount10_ws5_dims300,mordio,0.7706415057182312
aktiver_vasilije_training_data_lower_cbow_lr0.05_epochs1_mincount10_ws5_dims300,mordsspaß,0.7694233655929565
aktiver_vasilije_training_data_lower_cbow_lr0.05_epochs1_mincount10_ws5_dims300,teenagermord,0.7692270278930664
aktiver_vasilije_training_data_lower_cbow_lr0.05_epochs1_mincount10_ws5_dims300,mordred,0.767227292060852
aktiver_vasilije_training_data_lower_cbow_lr0.05_epochs1_mincount10_ws5_dims300,seelenmord,0.7664464712142944
aktiver_vasilije_training_data_lower_cbow_lr0.05_epochs1_mincount10_ws5_dims300,mordete,0.7659199833869934
aktiver_vasilije_training_data_lower_cbow_lr0.05_epochs1_mincount10_ws5_dims300,brudermord,0.7652472257614136
aktiver_vasilije_training_data_lower_cbow_lr0.05_epochs1_mincount10_ws5_dims300,mordend,0.7639163732528687
aktiver_vasilije_training_data_lower_cbow_lr0.05_epochs1_mincount10_ws5_dims300,discomord,0.7638516426086426
aktiver_vasilije_training_data_lower_cbow_lr0.05_epochs1_mincount10_ws5_dims300,foltermord,0.7612562775611877
aktiver_vasilije_training_data_lower_cbow_lr0.05_epochs1_mincount10_ws5_dims300,morddelikt,0.7607795596122742
aktiver_vasilije_training_data_lower_cbow_lr0.05_epochs1_mincount10_ws5_dims300,muttermord,0.7595621943473816
aktiver_vasilije_training_data_lower_cbow_lr0.05_epochs1_mincount10_ws5_dims300,mordstrumm,0.7582776546478271
aktiver_vasilije_training_data_lower_cbow_lr0.05_epochs1_mincount10_ws5_dims300,feuermord,0.7574838995933533
aktiver_vasilije_training_data_lower_cbow_lr0.05_epochs1_mincount10_ws5_dims300,mordfalls,0.7545775175094604
aktiver_vasilije_training_data_lower_cbow_lr0.05_epochs1_mincount10_ws5_dims300,mädchenmord,0.7539029121398926
aktiver_vasilije_training_data_lower_cbow_lr0.05_epochs1_mincount10_ws5_dims300,eifersuchtsmord,0.7522944211959839
aktiver_vasilije_training_data_lower_cbow_lr0.05_epochs1_mincount10_ws5_dims300,mordsglück,0.7522719502449036
aktiver_vasilije_training_data_lower_cbow_lr0.05_epochs1_mincount10_ws5_dims300,mordslust,0.7518064975738525
aktiver_vasilije_training_data_lower_cbow_lr0.05_epochs1_mincount10_ws5_dims300,raubmordes,0.7518047094345093
aktiver_vasilije_training_data_lower_cbow_lr0.05_epochs1_mincount10_ws5_dims300,mordlüstern,0.7510818243026733
aktiver_vasilije_training_data_lower_cbow_lr0.05_epochs1_mincount10_ws5_dims300,taximord,0.7497756481170654
aktiver_vasilije_training_data_lower_cbow_lr0.05_epochs1_mincount10_ws5_dims300,terrormord,0.7496615648269653
aktiver_vasilije_training_data_lower_cbow_lr0.05_epochs1_mincount10_ws5_dims300,mafiamord,0.7492178678512573
aktiver_vasilije_training_data_lower_cbow_lr0.05_epochs1_mincount10_ws5_dims300,hackenmord,0.7488754987716675
aktiver_vasilije_training_data_lower_cbow_lr0.05_epochs1_mincount10_ws5_dims300,raubmords,0.7478699088096619
aktiver_vasilije_training_data_lower_cbow_lr0.05_epochs1_mincount10_ws5_dims300,ehrenmord,0.7473583221435547
aktiver_vasilije_training_data_lower_cbow_lr0.05_epochs1_mincount10_ws5_dims300,mordsgaudi,0.7472488880157471
aktiver_vasilije_training_data_lower_cbow_lr0.05_epochs1_mincount10_ws5_dims300,judenmord,0.7459688186645508
aktiver_vasilije_training_data_lower_cbow_lr0.05_epochs1_mincount10_ws5_dims300,massenmord,0.7455491423606873
aktiver_vasilije_training_data_lower_cbow_lr0.05_epochs1_mincount10_ws5_dims300,rachemordes,0.7453516125679016
aktiver_vasilije_training_data_lower_cbow_lr0.05_epochs1_mincount10_ws5_dims300,serienmord,0.7444158792495728
aktiver_vasilije_training_data_lower_cbow_lr0.05_epochs1_mincount10_ws5_dims300,vogelmord,0.7432045340538025
aktiver_vasilije_training_data_lower_cbow_lr0.05_epochs1_mincount10_ws5_dims300,mordtaten,0.7426570653915405
aktiver_vasilije_training_data_lower_cbow_lr0.05_epochs1_mincount10_ws5_dims300,mordbefehl,0.7416114807128906
aktiver_vasilije_training_data_lower_cbow_lr0.05_epochs1_mincount10_ws5_dims300,mordsache,0.7406834363937378
aktiver_vasilije_training_data_lower_cbow_lr0.05_epochs1_mincount10_ws5_dims300,justizmord,0.7398958206176758
aktiver_vasilije_training_data_lower_cbow_lr0.05_epochs1_mincount10_ws5_dims300,mordplan,0.7390027046203613
aktiver_vasilije_training_data_lower_cbow_lr0.05_epochs1_mincount10_ws5_dims300,doppelmordes,0.7386589646339417
aktiver_vasilije_training_data_lower_cbow_lr0.05_epochs1_mincount10_ws5_dims300,vierfachmord,0.738120436668396
aktiver_vasilije_training_data_lower_cbow_lr0.05_epochs1_mincount10_ws5_dims300,mordmotiv,0.7356339693069458
aktiver_vasilije_training_data_lower_cbow_lr0.05_epochs1_mincount10_ws5_dims300,sexualmord,0.7354555130004883
aktiver_vasilije_training_data_lower_cbow_lr0.05_epochs1_mincount10_ws5_dims300,mordkomplott,0.7351091504096985
aktiver_vasilije_training_data_lower_cbow_lr0.05_epochs1_mincount10_ws5_dims300,mordvorwurf,0.7336426973342896
aktiver_vasilije_training_data_lower_cbow_lr0.05_epochs1_mincount10_ws5_dims300,zeugenmord,0.7323218584060669
aktiver_vasilije_training_data_lower_cbow_lr0.05_epochs1_mincount10_ws5_dims300,doppelmords,0.7309121489524841
aktiver_vasilije_training_data_lower_cbow_lr0.05_epochs1_mincount10_ws5_dims300,morddezernat,0.7308759093284607
aktiver_vasilije_training_data_lower_cbow_lr0.05_epochs1_mincount10_ws5_dims300,mordvideo,0.7299737930297852
aktiver_vasilije_training_data_lower_cbow_lr0.05_epochs1_mincount10_ws5_dims300,raubmorde,0.7297356724739075
aktiver_vasilije_training_data_lower_cbow_lr0.05_epochs1_mincount10_ws5_dims300,selbstmord,0.7295362949371338
aktiver_vasilije_training_data_lower_cbow_lr0.05_epochs1_mincount10_ws5_dims300,kindesmord,0.728641927242279
aktiver_vasilije_training_data_lower_cbow_lr0.05_epochs1_mincount10_ws5_dims300,mordsmäßig,0.7279072403907776
aktiver_vasilije_training_data_lower_cbow_lr0.05_epochs1_mincount10_ws5_dims300,mordrätsel,0.7277536988258362
aktiver_vasilije_training_data_lower_cbow_lr0.05_epochs1_mincount10_ws5_dims300,mordserie,0.726993978023529
aktiver_vasilije_training_data_lower_cbow_lr0.05_epochs1_mincount10_ws5_dims300,mordthese,0.7269831299781799
aktiver_vasilije_training_data_lower_cbow_lr0.05_epochs1_mincount10_ws5_dims300,dreifachmord,0.7265287041664124
aktiver_vasilije_training_data_lower_cbow_lr0.05_epochs1_mincount10_ws5_dims300,mordvorsatz,0.7258803248405457
aktiver_vasilije_training_data_lower_cbow_lr0.05_epochs1_mincount10_ws5_dims300,mordnacht,0.7257161736488342
aktiver_vasilije_training_data_lower_cbow_lr0.05_epochs1_mincount10_ws5_dims300,mordsee,0.7254985570907593
aktiver_vasilije_training_data_lower_cbow_lr0.05_epochs1_mincount10_ws5_dims300,mehrfachmord,0.7240163683891296
entzückende_ravza_training_data_lower_cbow_lr0.05_epochs1_mincount5_ws6_dims300,mordtat,0.8997854590415955
entzückende_ravza_training_data_lower_cbow_lr0.05_epochs1_mincount5_ws6_dims300,axtmord,0.8981428146362305
entzückende_ravza_training_data_lower_cbow_lr0.05_epochs1_mincount5_ws6_dims300,mordue,0.8751085996627808
entzückende_ravza_training_data_lower_cbow_lr0.05_epochs1_mincount5_ws6_dims300,mordy,0.8681051731109619
entzückende_ravza_training_data_lower_cbow_lr0.05_epochs1_mincount5_ws6_dims300,sexmord,0.8620354533195496
entzückende_ravza_training_data_lower_cbow_lr0.05_epochs1_mincount5_ws6_dims300,krimimord,0.8521838784217834
entzückende_ravza_training_data_lower_cbow_lr0.05_epochs1_mincount5_ws6_dims300,raubmord,0.8474248051643372
entzückende_ravza_training_data_lower_cbow_lr0.05_epochs1_mincount5_ws6_dims300,doppelmord,0.8468812108039856
entzückende_ravza_training_data_lower_cbow_lr0.05_epochs1_mincount5_ws6_dims300,mordecai,0.845151424407959
entzückende_ravza_training_data_lower_cbow_lr0.05_epochs1_mincount5_ws6_dims300,mordor,0.839431643486023
entzückende_ravza_training_data_lower_cbow_lr0.05_epochs1_mincount5_ws6_dims300,mords,0.8386549949645996
entzückende_ravza_training_data_lower_cbow_lr0.05_epochs1_mincount5_ws6_dims300,morde,0.8282828330993652
entzückende_ravza_training_data_lower_cbow_lr0.05_epochs1_mincount5_ws6_dims300,hassmord,0.8281732201576233
entzückende_ravza_training_data_lower_cbow_lr0.05_epochs1_mincount5_ws6_dims300,rachemord,0.8256272077560425
entzückende_ravza_training_data_lower_cbow_lr0.05_epochs1_mincount5_ws6_dims300,mordgier,0.8241006731987
entzückende_ravza_training_data_lower_cbow_lr0.05_epochs1_mincount5_ws6_dims300,mordswut,0.8235599398612976
entzückende_ravza_training_data_lower_cbow_lr0.05_epochs1_mincount5_ws6_dims300,mordo,0.819739580154419
entzückende_ravza_training_data_lower_cbow_lr0.05_epochs1_mincount5_ws6_dims300,mordowia,0.8191702365875244
entzückende_ravza_training_data_lower_cbow_lr0.05_epochs1_mincount5_ws6_dims300,mordthal,0.8165369033813477
entzückende_ravza_training_data_lower_cbow_lr0.05_epochs1_mincount5_ws6_dims300,gattenmord,0.8163022398948669
entzückende_ravza_training_data_lower_cbow_lr0.05_epochs1_mincount5_ws6_dims300,mordsweib,0.8159958124160767
entzückende_ravza_training_data_lower_cbow_lr0.05_epochs1_mincount5_ws6_dims300,lustmord,0.8155784010887146
entzückende_ravza_training_data_lower_cbow_lr0.05_epochs1_mincount5_ws6_dims300,mordau,0.81493079662323
entzückende_ravza_training_data_lower_cbow_lr0.05_epochs1_mincount5_ws6_dims300,mordes,0.8147933483123779
entzückende_ravza_training_data_lower_cbow_lr0.05_epochs1_mincount5_ws6_dims300,mordowja,0.8142800331115723
entzückende_ravza_training_data_lower_cbow_lr0.05_epochs1_mincount5_ws6_dims300,giftmord,0.8114456534385681
entzückende_ravza_training_data_lower_cbow_lr0.05_epochs1_mincount5_ws6_dims300,mordshetz,0.810658872127533
entzückende_ravza_training_data_lower_cbow_lr0.05_epochs1_mincount5_ws6_dims300,mordziol,0.8093581795692444
entzückende_ravza_training_data_lower_cbow_lr0.05_epochs1_mincount5_ws6_dims300,mordgift,0.8079140186309814
entzückende_ravza_training_data_lower_cbow_lr0.05_epochs1_mincount5_ws6_dims300,mordfall,0.8065881133079529
entzückende_ravza_training_data_lower_cbow_lr0.05_epochs1_mincount5_ws6_dims300,tyrannenmord,0.805827260017395
entzückende_ravza_training_data_lower_cbow_lr0.05_epochs1_mincount5_ws6_dims300,würgemord,0.8054489493370056
entzückende_ravza_training_data_lower_cbow_lr0.05_epochs1_mincount5_ws6_dims300,kindsmord,0.8020796775817871
entzückende_ravza_training_data_lower_cbow_lr0.05_epochs1_mincount5_ws6_dims300,mordhau,0.8017523288726807
entzückende_ravza_training_data_lower_cbow_lr0.05_epochs1_mincount5_ws6_dims300,selfmord,0.8013143539428711
entzückende_ravza_training_data_lower_cbow_lr0.05_epochs1_mincount5_ws6_dims300,mordlust,0.801284670829773
entzückende_ravza_training_data_lower_cbow_lr0.05_epochs1_mincount5_ws6_dims300,meißelmord,0.8001641631126404
entzückende_ravza_training_data_lower_cbow_lr0.05_epochs1_mincount5_ws6_dims300,fememord,0.7996200323104858
entzückende_ravza_training_data_lower_cbow_lr0.05_epochs1_mincount5_ws6_dims300,instamord,0.7985860705375671
entzückende_ravza_training_data_lower_cbow_lr0.05_epochs1_mincount5_ws6_dims300,babymord,0.796737015247345
entzückende_ravza_training_data_lower_cbow_lr0.05_epochs1_mincount5_ws6_dims300,mordred,0.7946599721908569
entzückende_ravza_training_data_lower_cbow_lr0.05_epochs1_mincount5_ws6_dims300,mordechai,0.7942938804626465
entzückende_ravza_training_data_lower_cbow_lr0.05_epochs1_mincount5_ws6_dims300,mordet,0.7935025095939636
entzückende_ravza_training_data_lower_cbow_lr0.05_epochs1_mincount5_ws6_dims300,meuchelmord,0.7930894494056702
entzückende_ravza_training_data_lower_cbow_lr0.05_epochs1_mincount5_ws6_dims300,mordsgaude,0.7925305366516113
entzückende_ravza_training_data_lower_cbow_lr0.05_epochs1_mincount5_ws6_dims300,mordkrimi,0.7915223836898804
entzückende_ravza_training_data_lower_cbow_lr0.05_epochs1_mincount5_ws6_dims300,mordorgie,0.7906569242477417
entzückende_ravza_training_data_lower_cbow_lr0.05_epochs1_mincount5_ws6_dims300,mordtag,0.7897997498512268
entzückende_ravza_training_data_lower_cbow_lr0.05_epochs1_mincount5_ws6_dims300,mordete,0.7887095212936401
entzückende_ravza_training_data_lower_cbow_lr0.05_epochs1_mincount5_ws6_dims300,mordio,0.7883065938949585
entzückende_ravza_training_data_lower_cbow_lr0.05_epochs1_mincount5_ws6_dims300,mordaza,0.7867545485496521
entzückende_ravza_training_data_lower_cbow_lr0.05_epochs1_mincount5_ws6_dims300,morden,0.7849425077438354
entzückende_ravza_training_data_lower_cbow_lr0.05_epochs1_mincount5_ws6_dims300,mordsspaß,0.7831984758377075
entzückende_ravza_training_data_lower_cbow_lr0.05_epochs1_mincount5_ws6_dims300,messermord,0.7826224565505981
entzückende_ravza_training_data_lower_cbow_lr0.05_epochs1_mincount5_ws6_dims300,starmord,0.7786248922348022
entzückende_ravza_training_data_lower_cbow_lr0.05_epochs1_mincount5_ws6_dims300,seelenmord,0.7778462171554565
entzückende_ravza_training_data_lower_cbow_lr0.05_epochs1_mincount5_ws6_dims300,mordstrum,0.7776086330413818
entzückende_ravza_training_data_lower_cbow_lr0.05_epochs1_mincount5_ws6_dims300,vatermord,0.7775806784629822
entzückende_ravza_training_data_lower_cbow_lr0.05_epochs1_mincount5_ws6_dims300,brudermord,0.775637686252594
entzückende_ravza_training_data_lower_cbow_lr0.05_epochs1_mincount5_ws6_dims300,geiselmord,0.7755541801452637
entzückende_ravza_training_data_lower_cbow_lr0.05_epochs1_mincount5_ws6_dims300,mordfeldzug,0.7750217318534851
entzückende_ravza_training_data_lower_cbow_lr0.05_epochs1_mincount5_ws6_dims300,mordbuben,0.7747742533683777
entzückende_ravza_training_data_lower_cbow_lr0.05_epochs1_mincount5_ws6_dims300,mordan,0.7746161818504333
entzückende_ravza_training_data_lower_cbow_lr0.05_epochs1_mincount5_ws6_dims300,mordversuch,0.7735753059387207
entzückende_ravza_training_data_lower_cbow_lr0.05_epochs1_mincount5_ws6_dims300,politmord,0.7717429399490356
entzückende_ravza_training_data_lower_cbow_lr0.05_epochs1_mincount5_ws6_dims300,lynchmord,0.770130455493927
entzückende_ravza_training_data_lower_cbow_lr0.05_epochs1_mincount5_ws6_dims300,teenagermord,0.7697494029998779
entzückende_ravza_training_data_lower_cbow_lr0.05_epochs1_mincount5_ws6_dims300,rufmord,0.7695900201797485
entzückende_ravza_training_data_lower_cbow_lr0.05_epochs1_mincount5_ws6_dims300,mordstrumm,0.769381582736969
entzückende_ravza_training_data_lower_cbow_lr0.05_epochs1_mincount5_ws6_dims300,mordsglück,0.7689194679260254
entzückende_ravza_training_data_lower_cbow_lr0.05_epochs1_mincount5_ws6_dims300,morddelikt,0.7666797041893005
entzückende_ravza_training_data_lower_cbow_lr0.05_epochs1_mincount5_ws6_dims300,mordend,0.7666108012199402
entzückende_ravza_training_data_lower_cbow_lr0.05_epochs1_mincount5_ws6_dims300,mordowija,0.7650653719902039
entzückende_ravza_training_data_lower_cbow_lr0.05_epochs1_mincount5_ws6_dims300,judenmord,0.764700174331665
entzückende_ravza_training_data_lower_cbow_lr0.05_epochs1_mincount5_ws6_dims300,goldmord,0.7642728686332703
entzückende_ravza_training_data_lower_cbow_lr0.05_epochs1_mincount5_ws6_dims300,mordsgaudi,0.7633479833602905
entzückende_ravza_training_data_lower_cbow_lr0.05_epochs1_mincount5_ws6_dims300,drogenmord,0.7620591521263123
entzückende_ravza_training_data_lower_cbow_lr0.05_epochs1_mincount5_ws6_dims300,mordsspass,0.7612743973731995
entzückende_ravza_training_data_lower_cbow_lr0.05_epochs1_mincount5_ws6_dims300,terrormord,0.7612615823745728
entzückende_ravza_training_data_lower_cbow_lr0.05_epochs1_mincount5_ws6_dims300,puppenmord,0.7604164481163025
entzückende_ravza_training_data_lower_cbow_lr0.05_epochs1_mincount5_ws6_dims300,männermord,0.7563987970352173
entzückende_ravza_training_data_lower_cbow_lr0.05_epochs1_mincount5_ws6_dims300,mordslust,0.7563648223876953
entzückende_ravza_training_data_lower_cbow_lr0.05_epochs1_mincount5_ws6_dims300,mordlüstern,0.7552496194839478
entzückende_ravza_training_data_lower_cbow_lr0.05_epochs1_mincount5_ws6_dims300,morddezernat,0.7552018761634827
entzückende_ravza_training_data_lower_cbow_lr0.05_epochs1_mincount5_ws6_dims300,mordverbrechen,0.7551479339599609
entzückende_ravza_training_data_lower_cbow_lr0.05_epochs1_mincount5_ws6_dims300,morders,0.7549780011177063
entzückende_ravza_training_data_lower_cbow_lr0.05_epochs1_mincount5_ws6_dims300,mordkomplott,0.7548279166221619
entzückende_ravza_training_data_lower_cbow_lr0.05_epochs1_mincount5_ws6_dims300,mädchenmord,0.7541967630386353
entzückende_ravza_training_data_lower_cbow_lr0.05_epochs1_mincount5_ws6_dims300,mordtaten,0.7532902359962463
entzückende_ravza_training_data_lower_cbow_lr0.05_epochs1_mincount5_ws6_dims300,foltermord,0.7530768513679504
entzückende_ravza_training_data_lower_cbow_lr0.05_epochs1_mincount5_ws6_dims300,mordfalls,0.7526103258132935
entzückende_ravza_training_data_lower_cbow_lr0.05_epochs1_mincount5_ws6_dims300,tyrannenmordes,0.7522804141044617
entzückende_ravza_training_data_lower_cbow_lr0.05_epochs1_mincount5_ws6_dims300,hackenmord,0.7519720196723938
entzückende_ravza_training_data_lower_cbow_lr0.05_epochs1_mincount5_ws6_dims300,massenmord,0.7519474029541016
entzückende_ravza_training_data_lower_cbow_lr0.05_epochs1_mincount5_ws6_dims300,seriemord,0.7505022883415222
entzückende_ravza_training_data_lower_cbow_lr0.05_epochs1_mincount5_ws6_dims300,taximord,0.7503774762153625
entzückende_ravza_training_data_lower_cbow_lr0.05_epochs1_mincount5_ws6_dims300,mordthriller,0.7497881650924683
entzückende_ravza_training_data_lower_cbow_lr0.05_epochs1_mincount5_ws6_dims300,discomord,0.7485684752464294
entzückende_ravza_training_data_lower_cbow_lr0.05_epochs1_mincount5_ws6_dims300,mordsmäßig,0.7483983039855957
entzückende_ravza_training_data_lower_cbow_lr0.05_epochs1_mincount5_ws6_dims300,raubmords,0.7478731870651245
geniale_doreen_training_data_lower_cbow_lr0.05_epochs1_mincount50_ws24_dims300,mordtat,0.9023118615150452
geniale_doreen_training_data_lower_cbow_lr0.05_epochs1_mincount50_ws24_dims300,mords,0.8467742800712585
geniale_doreen_training_data_lower_cbow_lr0.05_epochs1_mincount50_ws24_dims300,morde,0.8422465920448303
geniale_doreen_training_data_lower_cbow_lr0.05_epochs1_mincount50_ws24_dims300,mordor,0.8260089755058289
geniale_doreen_training_data_lower_cbow_lr0.05_epochs1_mincount50_ws24_dims300,doppelmord,0.8206228613853455
geniale_doreen_training_data_lower_cbow_lr0.05_epochs1_mincount50_ws24_dims300,mordet,0.8188228607177734
geniale_doreen_training_data_lower_cbow_lr0.05_epochs1_mincount50_ws24_dims300,rachemord,0.8187599182128906
geniale_doreen_training_data_lower_cbow_lr0.05_epochs1_mincount50_ws24_dims300,mordfall,0.8160247206687927
geniale_doreen_training_data_lower_cbow_lr0.05_epochs1_mincount50_ws24_dims300,morden,0.8159890174865723
geniale_doreen_training_data_lower_cbow_lr0.05_epochs1_mincount50_ws24_dims300,mordes,0.8147389888763428
geniale_doreen_training_data_lower_cbow_lr0.05_epochs1_mincount50_ws24_dims300,raubmord,0.8136458396911621
geniale_doreen_training_data_lower_cbow_lr0.05_epochs1_mincount50_ws24_dims300,mordend,0.8123891949653625
geniale_doreen_training_data_lower_cbow_lr0.05_epochs1_mincount50_ws24_dims300,mordete,0.8097025156021118
geniale_doreen_training_data_lower_cbow_lr0.05_epochs1_mincount50_ws24_dims300,mordlust,0.8007494211196899
geniale_doreen_training_data_lower_cbow_lr0.05_epochs1_mincount50_ws24_dims300,mordechai,0.7989317178726196
geniale_doreen_training_data_lower_cbow_lr0.05_epochs1_mincount50_ws24_dims300,mordio,0.7967840433120728
geniale_doreen_training_data_lower_cbow_lr0.05_epochs1_mincount50_ws24_dims300,mordtaten,0.7855362892150879
geniale_doreen_training_data_lower_cbow_lr0.05_epochs1_mincount50_ws24_dims300,mordende,0.7823013067245483
geniale_doreen_training_data_lower_cbow_lr0.05_epochs1_mincount50_ws24_dims300,mordfalls,0.7776341438293457
geniale_doreen_training_data_lower_cbow_lr0.05_epochs1_mincount50_ws24_dims300,mordsspaß,0.7729128003120422
geniale_doreen_training_data_lower_cbow_lr0.05_epochs1_mincount50_ws24_dims300,mordnacht,0.7713541388511658
geniale_doreen_training_data_lower_cbow_lr0.05_epochs1_mincount50_ws24_dims300,tyrannenmord,0.7702166438102722
geniale_doreen_training_data_lower_cbow_lr0.05_epochs1_mincount50_ws24_dims300,meuchelmord,0.7670194506645203
geniale_doreen_training_data_lower_cbow_lr0.05_epochs1_mincount50_ws24_dims300,mordserie,0.7543623447418213
geniale_doreen_training_data_lower_cbow_lr0.05_epochs1_mincount50_ws24_dims300,kindsmord,0.7512972354888916
geniale_doreen_training_data_lower_cbow_lr0.05_epochs1_mincount50_ws24_dims300,mordens,0.7501881122589111
geniale_doreen_training_data_lower_cbow_lr0.05_epochs1_mincount50_ws24_dims300,vatermord,0.7484334707260132
geniale_doreen_training_data_lower_cbow_lr0.05_epochs1_mincount50_ws24_dims300,mordeten,0.7478905916213989
geniale_doreen_training_data_lower_cbow_lr0.05_epochs1_mincount50_ws24_dims300,giftmord,0.7462055087089539
geniale_doreen_training_data_lower_cbow_lr0.05_epochs1_mincount50_ws24_dims300,rufmord,0.7460625767707825
geniale_doreen_training_data_lower_cbow_lr0.05_epochs1_mincount50_ws24_dims300,goldmord,0.7435969114303589
geniale_doreen_training_data_lower_cbow_lr0.05_epochs1_mincount50_ws24_dims300,brudermord,0.7401039004325867
geniale_doreen_training_data_lower_cbow_lr0.05_epochs1_mincount50_ws24_dims300,mordfalles,0.7373790144920349
geniale_doreen_training_data_lower_cbow_lr0.05_epochs1_mincount50_ws24_dims300,lynchmord,0.7366133332252502
geniale_doreen_training_data_lower_cbow_lr0.05_epochs1_mincount50_ws24_dims300,mordplan,0.7336068749427795
geniale_doreen_training_data_lower_cbow_lr0.05_epochs1_mincount50_ws24_dims300,doppelmordes,0.7332046031951904
geniale_doreen_training_data_lower_cbow_lr0.05_epochs1_mincount50_ws24_dims300,mordender,0.729251503944397
geniale_doreen_training_data_lower_cbow_lr0.05_epochs1_mincount50_ws24_dims300,messermord,0.7273404598236084
geniale_doreen_training_data_lower_cbow_lr0.05_epochs1_mincount50_ws24_dims300,mordmotiv,0.7269076704978943
geniale_doreen_training_data_lower_cbow_lr0.05_epochs1_mincount50_ws24_dims300,mordenden,0.7239090800285339
geniale_doreen_training_data_lower_cbow_lr0.05_epochs1_mincount50_ws24_dims300,mordserien,0.7221873998641968
geniale_doreen_training_data_lower_cbow_lr0.05_epochs1_mincount50_ws24_dims300,mordversuch,0.7206235527992249
geniale_doreen_training_data_lower_cbow_lr0.05_epochs1_mincount50_ws24_dims300,raubmordes,0.720288872718811
geniale_doreen_training_data_lower_cbow_lr0.05_epochs1_mincount50_ws24_dims300,eifersuchtsmord,0.7196090221405029
geniale_doreen_training_data_lower_cbow_lr0.05_epochs1_mincount50_ws24_dims300,mordillo,0.7174860835075378
geniale_doreen_training_data_lower_cbow_lr0.05_epochs1_mincount50_ws24_dims300,mordverdächtige,0.7151446342468262
geniale_doreen_training_data_lower_cbow_lr0.05_epochs1_mincount50_ws24_dims300,serienmord,0.7136623859405518
geniale_doreen_training_data_lower_cbow_lr0.05_epochs1_mincount50_ws24_dims300,mordurteil,0.7112463712692261
geniale_doreen_training_data_lower_cbow_lr0.05_epochs1_mincount50_ws24_dims300,muttermord,0.7105644345283508
geniale_doreen_training_data_lower_cbow_lr0.05_epochs1_mincount50_ws24_dims300,massenmord,0.7104324698448181
geniale_doreen_training_data_lower_cbow_lr0.05_epochs1_mincount50_ws24_dims300,mordkomplott,0.7088869214057922
geniale_doreen_training_data_lower_cbow_lr0.05_epochs1_mincount50_ws24_dims300,mordopfer,0.7068805694580078
geniale_doreen_training_data_lower_cbow_lr0.05_epochs1_mincount50_ws24_dims300,mordsgaudi,0.7067571878433228
geniale_doreen_training_data_lower_cbow_lr0.05_epochs1_mincount50_ws24_dims300,mordfälle,0.7043262124061584
geniale_doreen_training_data_lower_cbow_lr0.05_epochs1_mincount50_ws24_dims300,dreifachmord,0.7042906284332275
geniale_doreen_training_data_lower_cbow_lr0.05_epochs1_mincount50_ws24_dims300,mordvorwurf,0.7001524567604065
geniale_doreen_training_data_lower_cbow_lr0.05_epochs1_mincount50_ws24_dims300,mordvideo,0.6995982527732849
geniale_doreen_training_data_lower_cbow_lr0.05_epochs1_mincount50_ws24_dims300,mordverdächtigen,0.69639652967453
geniale_doreen_training_data_lower_cbow_lr0.05_epochs1_mincount50_ws24_dims300,judenmord,0.6949301958084106
geniale_doreen_training_data_lower_cbow_lr0.05_epochs1_mincount50_ws24_dims300,mordvorsatz,0.6946967840194702
geniale_doreen_training_data_lower_cbow_lr0.05_epochs1_mincount50_ws24_dims300,vierfachmord,0.6932170987129211
geniale_doreen_training_data_lower_cbow_lr0.05_epochs1_mincount50_ws24_dims300,mordwaffe,0.6930178999900818
geniale_doreen_training_data_lower_cbow_lr0.05_epochs1_mincount50_ws24_dims300,königsmord,0.6927677989006042
geniale_doreen_training_data_lower_cbow_lr0.05_epochs1_mincount50_ws24_dims300,mordverdächtiger,0.6919865608215332
geniale_doreen_training_data_lower_cbow_lr0.05_epochs1_mincount50_ws24_dims300,doppelmords,0.6916497349739075
geniale_doreen_training_data_lower_cbow_lr0.05_epochs1_mincount50_ws24_dims300,mordfällen,0.6896483898162842
geniale_doreen_training_data_lower_cbow_lr0.05_epochs1_mincount50_ws24_dims300,mordfantasien,0.6885959506034851
geniale_doreen_training_data_lower_cbow_lr0.05_epochs1_mincount50_ws24_dims300,ritualmord,0.6883032321929932
geniale_doreen_training_data_lower_cbow_lr0.05_epochs1_mincount50_ws24_dims300,mordkomplotts,0.6855530142784119
geniale_doreen_training_data_lower_cbow_lr0.05_epochs1_mincount50_ws24_dims300,mordplänen,0.6828078627586365
geniale_doreen_training_data_lower_cbow_lr0.05_epochs1_mincount50_ws24_dims300,mörder,0.681422770023346
geniale_doreen_training_data_lower_cbow_lr0.05_epochs1_mincount50_ws24_dims300,ermorden,0.6797975897789001
geniale_doreen_training_data_lower_cbow_lr0.05_epochs1_mincount50_ws24_dims300,mädchenmord,0.6797870397567749
geniale_doreen_training_data_lower_cbow_lr0.05_epochs1_mincount50_ws24_dims300,mordopfern,0.6794375777244568
geniale_doreen_training_data_lower_cbow_lr0.05_epochs1_mincount50_ws24_dims300,mordpläne,0.6779130101203918
geniale_doreen_training_data_lower_cbow_lr0.05_epochs1_mincount50_ws24_dims300,mordtheorie,0.6778154969215393
geniale_doreen_training_data_lower_cbow_lr0.05_epochs1_mincount50_ws24_dims300,ermordung,0.6776602268218994
geniale_doreen_training_data_lower_cbow_lr0.05_epochs1_mincount50_ws24_dims300,mordermittler,0.6770325899124146
geniale_doreen_training_data_lower_cbow_lr0.05_epochs1_mincount50_ws24_dims300,mordanklage,0.6766184568405151
geniale_doreen_training_data_lower_cbow_lr0.05_epochs1_mincount50_ws24_dims300,ermordetem,0.6764773726463318
geniale_doreen_training_data_lower_cbow_lr0.05_epochs1_mincount50_ws24_dims300,mordopfers,0.6734856367111206
geniale_doreen_training_data_lower_cbow_lr0.05_epochs1_mincount50_ws24_dims300,ermordeter,0.6725301742553711
geniale_doreen_training_data_lower_cbow_lr0.05_epochs1_mincount50_ws24_dims300,fünffachmord,0.6705203652381897
geniale_doreen_training_data_lower_cbow_lr0.05_epochs1_mincount50_ws24_dims300,ehrenmord,0.6679216027259827
geniale_doreen_training_data_lower_cbow_lr0.05_epochs1_mincount50_ws24_dims300,mordprozess,0.6673353314399719
geniale_doreen_training_data_lower_cbow_lr0.05_epochs1_mincount50_ws24_dims300,mordanschlag,0.6670402884483337
geniale_doreen_training_data_lower_cbow_lr0.05_epochs1_mincount50_ws24_dims300,ermordet,0.6642177700996399
geniale_doreen_training_data_lower_cbow_lr0.05_epochs1_mincount50_ws24_dims300,selbstmord,0.6628336310386658
geniale_doreen_training_data_lower_cbow_lr0.05_epochs1_mincount50_ws24_dims300,bluttat,0.6618789434432983
geniale_doreen_training_data_lower_cbow_lr0.05_epochs1_mincount50_ws24_dims300,ermordete,0.6601950526237488
geniale_doreen_training_data_lower_cbow_lr0.05_epochs1_mincount50_ws24_dims300,raubmörder,0.6594744324684143
geniale_doreen_training_data_lower_cbow_lr0.05_epochs1_mincount50_ws24_dims300,mordversuche,0.6584398150444031
geniale_doreen_training_data_lower_cbow_lr0.05_epochs1_mincount50_ws24_dims300,mordgruppe,0.6563940048217773
geniale_doreen_training_data_lower_cbow_lr0.05_epochs1_mincount50_ws24_dims300,mordwinien,0.6548789143562317
geniale_doreen_training_data_lower_cbow_lr0.05_epochs1_mincount50_ws24_dims300,mordversuchs,0.6535754203796387
geniale_doreen_training_data_lower_cbow_lr0.05_epochs1_mincount50_ws24_dims300,mordanklagen,0.6532737612724304
geniale_doreen_training_data_lower_cbow_lr0.05_epochs1_mincount50_ws24_dims300,mordermittlern,0.6527948379516602
geniale_doreen_training_data_lower_cbow_lr0.05_epochs1_mincount50_ws24_dims300,mordverdacht,0.651935338973999
geniale_doreen_training_data_lower_cbow_lr0.05_epochs1_mincount50_ws24_dims300,mordabsicht,0.6498728394508362
geniale_doreen_training_data_lower_cbow_lr0.05_epochs1_mincount50_ws24_dims300,auftragsmord,0.6490753889083862
vitaler_kay_training_data_cbow_lr0.05_epochs1_mincount50_ws24_dims300,mordtat,0.8720947504043579
vitaler_kay_training_data_cbow_lr0.05_epochs1_mincount50_ws24_dims300,mords,0.8480967879295349
vitaler_kay_training_data_cbow_lr0.05_epochs1_mincount50_ws24_dims300,morde,0.8414236903190613
vitaler_kay_training_data_cbow_lr0.05_epochs1_mincount50_ws24_dims300,mordlust,0.8402656316757202
vitaler_kay_training_data_cbow_lr0.05_epochs1_mincount50_ws24_dims300,mordor,0.8259973526000977
vitaler_kay_training_data_cbow_lr0.05_epochs1_mincount50_ws24_dims300,mordfall,0.8252374529838562
vitaler_kay_training_data_cbow_lr0.05_epochs1_mincount50_ws24_dims300,mordechai,0.8129740357398987
vitaler_kay_training_data_cbow_lr0.05_epochs1_mincount50_ws24_dims300,mordes,0.804989755153656
vitaler_kay_training_data_cbow_lr0.05_epochs1_mincount50_ws24_dims300,morden,0.7942867875099182
vitaler_kay_training_data_cbow_lr0.05_epochs1_mincount50_ws24_dims300,mordsspaß,0.7889518141746521
vitaler_kay_training_data_cbow_lr0.05_epochs1_mincount50_ws24_dims300,mordio,0.7778934240341187
vitaler_kay_training_data_cbow_lr0.05_epochs1_mincount50_ws24_dims300,mordfalls,0.7763661742210388
vitaler_kay_training_data_cbow_lr0.05_epochs1_mincount50_ws24_dims300,mordens,0.7680933475494385
vitaler_kay_training_data_cbow_lr0.05_epochs1_mincount50_ws24_dims300,mordnacht,0.7630854845046997
vitaler_kay_training_data_cbow_lr0.05_epochs1_mincount50_ws24_dims300,mordserie,0.7609606981277466
vitaler_kay_training_data_cbow_lr0.05_epochs1_mincount50_ws24_dims300,rachemord,0.7592536211013794
vitaler_kay_training_data_cbow_lr0.05_epochs1_mincount50_ws24_dims300,mordmotiv,0.7498049139976501
vitaler_kay_training_data_cbow_lr0.05_epochs1_mincount50_ws24_dims300,mordfalles,0.7484504580497742
vitaler_kay_training_data_cbow_lr0.05_epochs1_mincount50_ws24_dims300,raubmord,0.7418608069419861
vitaler_kay_training_data_cbow_lr0.05_epochs1_mincount50_ws24_dims300,doppelmord,0.7413380742073059
vitaler_kay_training_data_cbow_lr0.05_epochs1_mincount50_ws24_dims300,mordtaten,0.7315781712532043
vitaler_kay_training_data_cbow_lr0.05_epochs1_mincount50_ws24_dims300,mordopfer,0.7223671674728394
vitaler_kay_training_data_cbow_lr0.05_epochs1_mincount50_ws24_dims300,mordversuch,0.7220438122749329
vitaler_kay_training_data_cbow_lr0.05_epochs1_mincount50_ws24_dims300,mordvideo,0.7198612689971924
vitaler_kay_training_data_cbow_lr0.05_epochs1_mincount50_ws24_dims300,mordvorwurf,0.7182521224021912
vitaler_kay_training_data_cbow_lr0.05_epochs1_mincount50_ws24_dims300,mordplan,0.7176574468612671
vitaler_kay_training_data_cbow_lr0.05_epochs1_mincount50_ws24_dims300,mordurteil,0.7171759605407715
vitaler_kay_training_data_cbow_lr0.05_epochs1_mincount50_ws24_dims300,giftmord,0.7156451940536499
vitaler_kay_training_data_cbow_lr0.05_epochs1_mincount50_ws24_dims300,mordfälle,0.7131789326667786
vitaler_kay_training_data_cbow_lr0.05_epochs1_mincount50_ws24_dims300,mordkomplott,0.7089253664016724
vitaler_kay_training_data_cbow_lr0.05_epochs1_mincount50_ws24_dims300,mordverdächtige,0.7080925107002258
vitaler_kay_training_data_cbow_lr0.05_epochs1_mincount50_ws24_dims300,mordillo,0.7079988718032837
vitaler_kay_training_data_cbow_lr0.05_epochs1_mincount50_ws24_dims300,ermordet,0.7069480419158936
vitaler_kay_training_data_cbow_lr0.05_epochs1_mincount50_ws24_dims300,mordanschlag,0.7017173171043396
vitaler_kay_training_data_cbow_lr0.05_epochs1_mincount50_ws24_dims300,mordserien,0.700095534324646
vitaler_kay_training_data_cbow_lr0.05_epochs1_mincount50_ws24_dims300,mordfantasien,0.6992101073265076
vitaler_kay_training_data_cbow_lr0.05_epochs1_mincount50_ws24_dims300,tyrannenmord,0.6966442465782166
vitaler_kay_training_data_cbow_lr0.05_epochs1_mincount50_ws24_dims300,lynchmord,0.6953295469284058
vitaler_kay_training_data_cbow_lr0.05_epochs1_mincount50_ws24_dims300,mordwaffe,0.6951659917831421
vitaler_kay_training_data_cbow_lr0.05_epochs1_mincount50_ws24_dims300,kindsmord,0.6903308033943176
vitaler_kay_training_data_cbow_lr0.05_epochs1_mincount50_ws24_dims300,mordfällen,0.6891422271728516
vitaler_kay_training_data_cbow_lr0.05_epochs1_mincount50_ws24_dims300,mordopfern,0.6876512765884399
vitaler_kay_training_data_cbow_lr0.05_epochs1_mincount50_ws24_dims300,mordaunt,0.6875766515731812
vitaler_kay_training_data_cbow_lr0.05_epochs1_mincount50_ws24_dims300,mordvorsatz,0.6867325901985168
vitaler_kay_training_data_cbow_lr0.05_epochs1_mincount50_ws24_dims300,mordanklage,0.6866092681884766
vitaler_kay_training_data_cbow_lr0.05_epochs1_mincount50_ws24_dims300,mordgruppe,0.6832804679870605
vitaler_kay_training_data_cbow_lr0.05_epochs1_mincount50_ws24_dims300,mordsgaudi,0.6821377873420715
vitaler_kay_training_data_cbow_lr0.05_epochs1_mincount50_ws24_dims300,raubmordes,0.6814357042312622
vitaler_kay_training_data_cbow_lr0.05_epochs1_mincount50_ws24_dims300,vatermord,0.6806420087814331
vitaler_kay_training_data_cbow_lr0.05_epochs1_mincount50_ws24_dims300,ermordeter,0.6797939538955688
vitaler_kay_training_data_cbow_lr0.05_epochs1_mincount50_ws24_dims300,mordverdächtiger,0.6796061396598816
vitaler_kay_training_data_cbow_lr0.05_epochs1_mincount50_ws24_dims300,eifersuchtsmord,0.6793537139892578
vitaler_kay_training_data_cbow_lr0.05_epochs1_mincount50_ws24_dims300,brudermord,0.6791322231292725
vitaler_kay_training_data_cbow_lr0.05_epochs1_mincount50_ws24_dims300,mordkomplotts,0.6789877414703369
vitaler_kay_training_data_cbow_lr0.05_epochs1_mincount50_ws24_dims300,meuchelmord,0.6777260899543762
vitaler_kay_training_data_cbow_lr0.05_epochs1_mincount50_ws24_dims300,massenmord,0.6768312454223633
vitaler_kay_training_data_cbow_lr0.05_epochs1_mincount50_ws24_dims300,mordabsicht,0.6767889857292175
vitaler_kay_training_data_cbow_lr0.05_epochs1_mincount50_ws24_dims300,mordverdächtigen,0.6760390996932983
vitaler_kay_training_data_cbow_lr0.05_epochs1_mincount50_ws24_dims300,dreifachmord,0.6735033392906189
vitaler_kay_training_data_cbow_lr0.05_epochs1_mincount50_ws24_dims300,mordaufruf,0.6734177470207214
vitaler_kay_training_data_cbow_lr0.05_epochs1_mincount50_ws24_dims300,ermordete,0.6724082231521606
vitaler_kay_training_data_cbow_lr0.05_epochs1_mincount50_ws24_dims300,mordopfers,0.6693394184112549
vitaler_kay_training_data_cbow_lr0.05_epochs1_mincount50_ws24_dims300,ermorden,0.6686513423919678
vitaler_kay_training_data_cbow_lr0.05_epochs1_mincount50_ws24_dims300,mordpläne,0.668066680431366
vitaler_kay_training_data_cbow_lr0.05_epochs1_mincount50_ws24_dims300,messermord,0.6673679351806641
vitaler_kay_training_data_cbow_lr0.05_epochs1_mincount50_ws24_dims300,mordermittler,0.665959358215332
vitaler_kay_training_data_cbow_lr0.05_epochs1_mincount50_ws24_dims300,selbstmord,0.6653698682785034
vitaler_kay_training_data_cbow_lr0.05_epochs1_mincount50_ws24_dims300,mordplänen,0.6650909185409546
vitaler_kay_training_data_cbow_lr0.05_epochs1_mincount50_ws24_dims300,serienmord,0.6624980568885803
vitaler_kay_training_data_cbow_lr0.05_epochs1_mincount50_ws24_dims300,doppelmordes,0.6623627543449402
vitaler_kay_training_data_cbow_lr0.05_epochs1_mincount50_ws24_dims300,mordalarm,0.6619324684143066
vitaler_kay_training_data_cbow_lr0.05_epochs1_mincount50_ws24_dims300,bluttat,0.6572245955467224
vitaler_kay_training_data_cbow_lr0.05_epochs1_mincount50_ws24_dims300,ermordung,0.6571076512336731
vitaler_kay_training_data_cbow_lr0.05_epochs1_mincount50_ws24_dims300,mordanklagen,0.6565543413162231
vitaler_kay_training_data_cbow_lr0.05_epochs1_mincount50_ws24_dims300,mordprozess,0.6519599556922913
vitaler_kay_training_data_cbow_lr0.05_epochs1_mincount50_ws24_dims300,mordversuchs,0.6512919664382935
vitaler_kay_training_data_cbow_lr0.05_epochs1_mincount50_ws24_dims300,mordwinien,0.6503729820251465
vitaler_kay_training_data_cbow_lr0.05_epochs1_mincount50_ws24_dims300,mordanschlags,0.6485993266105652
vitaler_kay_training_data_cbow_lr0.05_epochs1_mincount50_ws24_dims300,vierfachmord,0.646538496017456
vitaler_kay_training_data_cbow_lr0.05_epochs1_mincount50_ws24_dims300,mordanschläge,0.6460413932800293
vitaler_kay_training_data_cbow_lr0.05_epochs1_mincount50_ws24_dims300,mordversuche,0.6459429860115051
vitaler_kay_training_data_cbow_lr0.05_epochs1_mincount50_ws24_dims300,mordaschow,0.6411713361740112
vitaler_kay_training_data_cbow_lr0.05_epochs1_mincount50_ws24_dims300,mordverdachts,0.6401280164718628
vitaler_kay_training_data_cbow_lr0.05_epochs1_mincount50_ws24_dims300,mordverdacht,0.6389053463935852
vitaler_kay_training_data_cbow_lr0.05_epochs1_mincount50_ws24_dims300,mordversuches,0.6386581063270569
vitaler_kay_training_data_cbow_lr0.05_epochs1_mincount50_ws24_dims300,doppelmords,0.6369377970695496
vitaler_kay_training_data_cbow_lr0.05_epochs1_mincount50_ws24_dims300,mädchenmord,0.6341454982757568
vitaler_kay_training_data_cbow_lr0.05_epochs1_mincount50_ws24_dims300,mordermittlern,0.6338813900947571
vitaler_kay_training_data_cbow_lr0.05_epochs1_mincount50_ws24_dims300,tat,0.6335034370422363
vitaler_kay_training_data_cbow_lr0.05_epochs1_mincount50_ws24_dims300,judenmord,0.6323821544647217
vitaler_kay_training_data_cbow_lr0.05_epochs1_mincount50_ws24_dims300,ermordeter,0.631000816822052
vitaler_kay_training_data_cbow_lr0.05_epochs1_mincount50_ws24_dims300,mordrate,0.6299634575843811
vitaler_kay_training_data_cbow_lr0.05_epochs1_mincount50_ws24_dims300,mordkommando,0.6293049454689026
vitaler_kay_training_data_cbow_lr0.05_epochs1_mincount50_ws24_dims300,mörder,0.6291271448135376
vitaler_kay_training_data_cbow_lr0.05_epochs1_mincount50_ws24_dims300,mordvorwürfen,0.6290814876556396
vitaler_kay_training_data_cbow_lr0.05_epochs1_mincount50_ws24_dims300,muttermord,0.62892746925354
vitaler_kay_training_data_cbow_lr0.05_epochs1_mincount50_ws24_dims300,lynchmorde,0.6286857724189758
vitaler_kay_training_data_cbow_lr0.05_epochs1_mincount50_ws24_dims300,goldmord,0.6286510229110718
vitaler_kay_training_data_cbow_lr0.05_epochs1_mincount50_ws24_dims300,mordvorwürfe,0.627906322479248
vitaler_kay_training_data_cbow_lr0.05_epochs1_mincount50_ws24_dims300,ermordetem,0.6271916627883911
grandioser_teoman_training_data_lower_cbow_lr0.05_epochs1_mincount100_ws6_dims300,mordtat,0.884541928768158
grandioser_teoman_training_data_lower_cbow_lr0.05_epochs1_mincount100_ws6_dims300,doppelmord,0.8432255387306213
grandioser_teoman_training_data_lower_cbow_lr0.05_epochs1_mincount100_ws6_dims300,mordor,0.8354939818382263
grandioser_teoman_training_data_lower_cbow_lr0.05_epochs1_mincount100_ws6_dims300,raubmord,0.8342270851135254
grandioser_teoman_training_data_lower_cbow_lr0.05_epochs1_mincount100_ws6_dims300,rachemord,0.8310393691062927
grandioser_teoman_training_data_lower_cbow_lr0.05_epochs1_mincount100_ws6_dims300,mords,0.8276290893554688
grandioser_teoman_training_data_lower_cbow_lr0.05_epochs1_mincount100_ws6_dims300,mordes,0.8095863461494446
grandioser_teoman_training_data_lower_cbow_lr0.05_epochs1_mincount100_ws6_dims300,mordechai,0.8063676357269287
grandioser_teoman_training_data_lower_cbow_lr0.05_epochs1_mincount100_ws6_dims300,morde,0.8061603307723999
grandioser_teoman_training_data_lower_cbow_lr0.05_epochs1_mincount100_ws6_dims300,mordfall,0.8055321574211121
grandioser_teoman_training_data_lower_cbow_lr0.05_epochs1_mincount100_ws6_dims300,mordlust,0.7969272136688232
grandioser_teoman_training_data_lower_cbow_lr0.05_epochs1_mincount100_ws6_dims300,mordversuch,0.7929880023002625
grandioser_teoman_training_data_lower_cbow_lr0.05_epochs1_mincount100_ws6_dims300,kindsmord,0.7911393642425537
grandioser_teoman_training_data_lower_cbow_lr0.05_epochs1_mincount100_ws6_dims300,giftmord,0.7840418219566345
grandioser_teoman_training_data_lower_cbow_lr0.05_epochs1_mincount100_ws6_dims300,mordet,0.781144917011261
grandioser_teoman_training_data_lower_cbow_lr0.05_epochs1_mincount100_ws6_dims300,mordete,0.7732117772102356
grandioser_teoman_training_data_lower_cbow_lr0.05_epochs1_mincount100_ws6_dims300,goldmord,0.7700320482254028
grandioser_teoman_training_data_lower_cbow_lr0.05_epochs1_mincount100_ws6_dims300,lynchmord,0.7647423148155212
grandioser_teoman_training_data_lower_cbow_lr0.05_epochs1_mincount100_ws6_dims300,mordend,0.757418692111969
grandioser_teoman_training_data_lower_cbow_lr0.05_epochs1_mincount100_ws6_dims300,rufmord,0.7546043395996094
grandioser_teoman_training_data_lower_cbow_lr0.05_epochs1_mincount100_ws6_dims300,morden,0.7543676495552063
grandioser_teoman_training_data_lower_cbow_lr0.05_epochs1_mincount100_ws6_dims300,brudermord,0.7531224489212036
grandioser_teoman_training_data_lower_cbow_lr0.05_epochs1_mincount100_ws6_dims300,vatermord,0.7516055703163147
grandioser_teoman_training_data_lower_cbow_lr0.05_epochs1_mincount100_ws6_dims300,doppelmordes,0.7478070855140686
grandioser_teoman_training_data_lower_cbow_lr0.05_epochs1_mincount100_ws6_dims300,messermord,0.7458104491233826
grandioser_teoman_training_data_lower_cbow_lr0.05_epochs1_mincount100_ws6_dims300,mordfalls,0.7439846396446228
grandioser_teoman_training_data_lower_cbow_lr0.05_epochs1_mincount100_ws6_dims300,mordtaten,0.7404951453208923
grandioser_teoman_training_data_lower_cbow_lr0.05_epochs1_mincount100_ws6_dims300,judenmord,0.7399527430534363
grandioser_teoman_training_data_lower_cbow_lr0.05_epochs1_mincount100_ws6_dims300,mordnacht,0.7364541292190552
grandioser_teoman_training_data_lower_cbow_lr0.05_epochs1_mincount100_ws6_dims300,mordkomplott,0.7354511618614197
grandioser_teoman_training_data_lower_cbow_lr0.05_epochs1_mincount100_ws6_dims300,raubmordes,0.7342908382415771
grandioser_teoman_training_data_lower_cbow_lr0.05_epochs1_mincount100_ws6_dims300,mordserie,0.7323597073554993
grandioser_teoman_training_data_lower_cbow_lr0.05_epochs1_mincount100_ws6_dims300,mädchenmord,0.7322387099266052
grandioser_teoman_training_data_lower_cbow_lr0.05_epochs1_mincount100_ws6_dims300,doppelmords,0.7319607138633728
grandioser_teoman_training_data_lower_cbow_lr0.05_epochs1_mincount100_ws6_dims300,sexualmord,0.7305968403816223
grandioser_teoman_training_data_lower_cbow_lr0.05_epochs1_mincount100_ws6_dims300,mordplan,0.7287353277206421
grandioser_teoman_training_data_lower_cbow_lr0.05_epochs1_mincount100_ws6_dims300,mordversuchs,0.728033185005188
grandioser_teoman_training_data_lower_cbow_lr0.05_epochs1_mincount100_ws6_dims300,mordende,0.7264413833618164
grandioser_teoman_training_data_lower_cbow_lr0.05_epochs1_mincount100_ws6_dims300,ritualmord,0.7237619161605835
grandioser_teoman_training_data_lower_cbow_lr0.05_epochs1_mincount100_ws6_dims300,mordurteil,0.719060480594635
grandioser_teoman_training_data_lower_cbow_lr0.05_epochs1_mincount100_ws6_dims300,mordens,0.7188256978988647
grandioser_teoman_training_data_lower_cbow_lr0.05_epochs1_mincount100_ws6_dims300,mordvorsatz,0.7173393368721008
grandioser_teoman_training_data_lower_cbow_lr0.05_epochs1_mincount100_ws6_dims300,mordvorwurf,0.7170422673225403
grandioser_teoman_training_data_lower_cbow_lr0.05_epochs1_mincount100_ws6_dims300,ehrenmord,0.7169047594070435
grandioser_teoman_training_data_lower_cbow_lr0.05_epochs1_mincount100_ws6_dims300,mordmotiv,0.7165684103965759
grandioser_teoman_training_data_lower_cbow_lr0.05_epochs1_mincount100_ws6_dims300,dreifachmord,0.7159169912338257
grandioser_teoman_training_data_lower_cbow_lr0.05_epochs1_mincount100_ws6_dims300,mordillo,0.71416175365448
grandioser_teoman_training_data_lower_cbow_lr0.05_epochs1_mincount100_ws6_dims300,mordversuche,0.7129626870155334
grandioser_teoman_training_data_lower_cbow_lr0.05_epochs1_mincount100_ws6_dims300,mordkomplotts,0.7114859223365784
grandioser_teoman_training_data_lower_cbow_lr0.05_epochs1_mincount100_ws6_dims300,selbstmord,0.7108942866325378
grandioser_teoman_training_data_lower_cbow_lr0.05_epochs1_mincount100_ws6_dims300,massenmord,0.7055100798606873
grandioser_teoman_training_data_lower_cbow_lr0.05_epochs1_mincount100_ws6_dims300,vierfachmord,0.7027968764305115
grandioser_teoman_training_data_lower_cbow_lr0.05_epochs1_mincount100_ws6_dims300,mordversuches,0.6904357075691223
grandioser_teoman_training_data_lower_cbow_lr0.05_epochs1_mincount100_ws6_dims300,königsmord,0.6887502074241638
grandioser_teoman_training_data_lower_cbow_lr0.05_epochs1_mincount100_ws6_dims300,mordverdächtige,0.6884450912475586
grandioser_teoman_training_data_lower_cbow_lr0.05_epochs1_mincount100_ws6_dims300,mordprozess,0.6873700618743896
grandioser_teoman_training_data_lower_cbow_lr0.05_epochs1_mincount100_ws6_dims300,fünffachmord,0.6873331069946289
grandioser_teoman_training_data_lower_cbow_lr0.05_epochs1_mincount100_ws6_dims300,polizistenmord,0.6855509877204895
grandioser_teoman_training_data_lower_cbow_lr0.05_epochs1_mincount100_ws6_dims300,kindermord,0.6853089332580566
grandioser_teoman_training_data_lower_cbow_lr0.05_epochs1_mincount100_ws6_dims300,mordeten,0.6847163438796997
grandioser_teoman_training_data_lower_cbow_lr0.05_epochs1_mincount100_ws6_dims300,mordopfer,0.683961033821106
grandioser_teoman_training_data_lower_cbow_lr0.05_epochs1_mincount100_ws6_dims300,mordanschlag,0.6827981472015381
grandioser_teoman_training_data_lower_cbow_lr0.05_epochs1_mincount100_ws6_dims300,bluttat,0.682207465171814
grandioser_teoman_training_data_lower_cbow_lr0.05_epochs1_mincount100_ws6_dims300,mordfälle,0.679931104183197
grandioser_teoman_training_data_lower_cbow_lr0.05_epochs1_mincount100_ws6_dims300,frauenmord,0.6767522096633911
grandioser_teoman_training_data_lower_cbow_lr0.05_epochs1_mincount100_ws6_dims300,mordverdächtiger,0.6757334470748901
grandioser_teoman_training_data_lower_cbow_lr0.05_epochs1_mincount100_ws6_dims300,mordanklage,0.6750247478485107
grandioser_teoman_training_data_lower_cbow_lr0.05_epochs1_mincount100_ws6_dims300,tötungsdelikt,0.6737455129623413
grandioser_teoman_training_data_lower_cbow_lr0.05_epochs1_mincount100_ws6_dims300,auftragsmord,0.6707398295402527
grandioser_teoman_training_data_lower_cbow_lr0.05_epochs1_mincount100_ws6_dims300,ermordung,0.6686683893203735
grandioser_teoman_training_data_lower_cbow_lr0.05_epochs1_mincount100_ws6_dims300,mordverdächtigen,0.6659780740737915
grandioser_teoman_training_data_lower_cbow_lr0.05_epochs1_mincount100_ws6_dims300,mordwaffe,0.6632715463638306
grandioser_teoman_training_data_lower_cbow_lr0.05_epochs1_mincount100_ws6_dims300,mordabsicht,0.6617796421051025
grandioser_teoman_training_data_lower_cbow_lr0.05_epochs1_mincount100_ws6_dims300,mordaufruf,0.6579482555389404
grandioser_teoman_training_data_lower_cbow_lr0.05_epochs1_mincount100_ws6_dims300,mordenden,0.6547737717628479
grandioser_teoman_training_data_lower_cbow_lr0.05_epochs1_mincount100_ws6_dims300,mordversuchen,0.653553307056427
grandioser_teoman_training_data_lower_cbow_lr0.05_epochs1_mincount100_ws6_dims300,mordverdacht,0.6516211032867432
grandioser_teoman_training_data_lower_cbow_lr0.05_epochs1_mincount100_ws6_dims300,mordermittler,0.6507483720779419
grandioser_teoman_training_data_lower_cbow_lr0.05_epochs1_mincount100_ws6_dims300,mordopfers,0.6500921845436096
grandioser_teoman_training_data_lower_cbow_lr0.05_epochs1_mincount100_ws6_dims300,journalistenmord,0.6480240225791931
grandioser_teoman_training_data_lower_cbow_lr0.05_epochs1_mincount100_ws6_dims300,totschlag,0.6479747295379639
grandioser_teoman_training_data_lower_cbow_lr0.05_epochs1_mincount100_ws6_dims300,mordfällen,0.6474396586418152
grandioser_teoman_training_data_lower_cbow_lr0.05_epochs1_mincount100_ws6_dims300,mordfantasien,0.6458972692489624
grandioser_teoman_training_data_lower_cbow_lr0.05_epochs1_mincount100_ws6_dims300,selbstmordes,0.6452072858810425
grandioser_teoman_training_data_lower_cbow_lr0.05_epochs1_mincount100_ws6_dims300,mordgruppe,0.6439013481140137
grandioser_teoman_training_data_lower_cbow_lr0.05_epochs1_mincount100_ws6_dims300,mordpläne,0.6436517238616943
grandioser_teoman_training_data_lower_cbow_lr0.05_epochs1_mincount100_ws6_dims300,raubmörder,0.6434218287467957
grandioser_teoman_training_data_lower_cbow_lr0.05_epochs1_mincount100_ws6_dims300,massenmordes,0.6413105726242065
grandioser_teoman_training_data_lower_cbow_lr0.05_epochs1_mincount100_ws6_dims300,gewalttat,0.6388640999794006
grandioser_teoman_training_data_lower_cbow_lr0.05_epochs1_mincount100_ws6_dims300,ermorden,0.6382105946540833
grandioser_teoman_training_data_lower_cbow_lr0.05_epochs1_mincount100_ws6_dims300,mordplänen,0.6357927322387695
grandioser_teoman_training_data_lower_cbow_lr0.05_epochs1_mincount100_ws6_dims300,handgranatenmord,0.634949803352356
grandioser_teoman_training_data_lower_cbow_lr0.05_epochs1_mincount100_ws6_dims300,lynchmorde,0.634614109992981
grandioser_teoman_training_data_lower_cbow_lr0.05_epochs1_mincount100_ws6_dims300,mordopfern,0.6345758438110352
grandioser_teoman_training_data_lower_cbow_lr0.05_epochs1_mincount100_ws6_dims300,mordaunt,0.6331564784049988
grandioser_teoman_training_data_lower_cbow_lr0.05_epochs1_mincount100_ws6_dims300,ermordete,0.632196307182312
grandioser_teoman_training_data_lower_cbow_lr0.05_epochs1_mincount100_ws6_dims300,ermordeter,0.6320513486862183
grandioser_teoman_training_data_lower_cbow_lr0.05_epochs1_mincount100_ws6_dims300,mordverdachts,0.6316548585891724
grandioser_teoman_training_data_lower_cbow_lr0.05_epochs1_mincount100_ws6_dims300,mordalarm,0.6305516362190247
grandioser_teoman_training_data_lower_cbow_lr0.05_epochs1_mincount100_ws6_dims300,mordvorwürfe,0.6291332840919495
wachsamer_nikolaj_training_data_cbow_lr0.05_epochs1_mincount100_ws5_dims300,mordtat,0.8512261509895325
wachsamer_nikolaj_training_data_cbow_lr0.05_epochs1_mincount100_ws5_dims300,mords,0.8257255554199219
wachsamer_nikolaj_training_data_cbow_lr0.05_epochs1_mincount100_ws5_dims300,raubmord,0.8143138289451599
wachsamer_nikolaj_training_data_cbow_lr0.05_epochs1_mincount100_ws5_dims300,mordechai,0.8081424236297607
wachsamer_nikolaj_training_data_cbow_lr0.05_epochs1_mincount100_ws5_dims300,mordlust,0.8074144721031189
wachsamer_nikolaj_training_data_cbow_lr0.05_epochs1_mincount100_ws5_dims300,mordes,0.8072580695152283
wachsamer_nikolaj_training_data_cbow_lr0.05_epochs1_mincount100_ws5_dims300,mordor,0.8004938364028931
wachsamer_nikolaj_training_data_cbow_lr0.05_epochs1_mincount100_ws5_dims300,doppelmord,0.7979361414909363
wachsamer_nikolaj_training_data_cbow_lr0.05_epochs1_mincount100_ws5_dims300,morde,0.7929401993751526
wachsamer_nikolaj_training_data_cbow_lr0.05_epochs1_mincount100_ws5_dims300,mordversuch,0.7858756184577942
wachsamer_nikolaj_training_data_cbow_lr0.05_epochs1_mincount100_ws5_dims300,mordfall,0.7845699787139893
wachsamer_nikolaj_training_data_cbow_lr0.05_epochs1_mincount100_ws5_dims300,rachemord,0.7615664601325989
wachsamer_nikolaj_training_data_cbow_lr0.05_epochs1_mincount100_ws5_dims300,morden,0.7590308785438538
wachsamer_nikolaj_training_data_cbow_lr0.05_epochs1_mincount100_ws5_dims300,giftmord,0.757609486579895
wachsamer_nikolaj_training_data_cbow_lr0.05_epochs1_mincount100_ws5_dims300,kindsmord,0.7434480786323547
wachsamer_nikolaj_training_data_cbow_lr0.05_epochs1_mincount100_ws5_dims300,vatermord,0.7386329174041748
wachsamer_nikolaj_training_data_cbow_lr0.05_epochs1_mincount100_ws5_dims300,messermord,0.7356010675430298
wachsamer_nikolaj_training_data_cbow_lr0.05_epochs1_mincount100_ws5_dims300,mordvorwurf,0.7309367656707764
wachsamer_nikolaj_training_data_cbow_lr0.05_epochs1_mincount100_ws5_dims300,brudermord,0.7294191122055054
wachsamer_nikolaj_training_data_cbow_lr0.05_epochs1_mincount100_ws5_dims300,mordens,0.7280040383338928
wachsamer_nikolaj_training_data_cbow_lr0.05_epochs1_mincount100_ws5_dims300,raubmordes,0.7252163290977478
wachsamer_nikolaj_training_data_cbow_lr0.05_epochs1_mincount100_ws5_dims300,mordnacht,0.7250446677207947
wachsamer_nikolaj_training_data_cbow_lr0.05_epochs1_mincount100_ws5_dims300,mordurteil,0.7230376601219177
wachsamer_nikolaj_training_data_cbow_lr0.05_epochs1_mincount100_ws5_dims300,mordversuchs,0.7215093374252319
wachsamer_nikolaj_training_data_cbow_lr0.05_epochs1_mincount100_ws5_dims300,doppelmordes,0.7212640047073364
wachsamer_nikolaj_training_data_cbow_lr0.05_epochs1_mincount100_ws5_dims300,mordanschlag,0.7180959582328796
wachsamer_nikolaj_training_data_cbow_lr0.05_epochs1_mincount100_ws5_dims300,mordmotiv,0.7165110111236572
wachsamer_nikolaj_training_data_cbow_lr0.05_epochs1_mincount100_ws5_dims300,mordillo,0.7130953669548035
wachsamer_nikolaj_training_data_cbow_lr0.05_epochs1_mincount100_ws5_dims300,mordfalls,0.7118704319000244
wachsamer_nikolaj_training_data_cbow_lr0.05_epochs1_mincount100_ws5_dims300,mordplan,0.711481511592865
wachsamer_nikolaj_training_data_cbow_lr0.05_epochs1_mincount100_ws5_dims300,goldmord,0.7105461359024048
wachsamer_nikolaj_training_data_cbow_lr0.05_epochs1_mincount100_ws5_dims300,mordvorsatz,0.7096695899963379
wachsamer_nikolaj_training_data_cbow_lr0.05_epochs1_mincount100_ws5_dims300,mordaufruf,0.7049455046653748
wachsamer_nikolaj_training_data_cbow_lr0.05_epochs1_mincount100_ws5_dims300,lynchmord,0.7032600045204163
wachsamer_nikolaj_training_data_cbow_lr0.05_epochs1_mincount100_ws5_dims300,massenmord,0.7006957530975342
wachsamer_nikolaj_training_data_cbow_lr0.05_epochs1_mincount100_ws5_dims300,mordtaten,0.6995043158531189
wachsamer_nikolaj_training_data_cbow_lr0.05_epochs1_mincount100_ws5_dims300,selbstmord,0.6988236904144287
wachsamer_nikolaj_training_data_cbow_lr0.05_epochs1_mincount100_ws5_dims300,mordkomplott,0.6982243061065674
wachsamer_nikolaj_training_data_cbow_lr0.05_epochs1_mincount100_ws5_dims300,mordserie,0.6978515982627869
wachsamer_nikolaj_training_data_cbow_lr0.05_epochs1_mincount100_ws5_dims300,doppelmords,0.6932697892189026
wachsamer_nikolaj_training_data_cbow_lr0.05_epochs1_mincount100_ws5_dims300,dreifachmord,0.689537525177002
wachsamer_nikolaj_training_data_cbow_lr0.05_epochs1_mincount100_ws5_dims300,judenmord,0.6874338388442993
wachsamer_nikolaj_training_data_cbow_lr0.05_epochs1_mincount100_ws5_dims300,sexualmord,0.6869103908538818
wachsamer_nikolaj_training_data_cbow_lr0.05_epochs1_mincount100_ws5_dims300,mädchenmord,0.6859716176986694
wachsamer_nikolaj_training_data_cbow_lr0.05_epochs1_mincount100_ws5_dims300,mordanklage,0.685725212097168
wachsamer_nikolaj_training_data_cbow_lr0.05_epochs1_mincount100_ws5_dims300,vierfachmord,0.6848751902580261
wachsamer_nikolaj_training_data_cbow_lr0.05_epochs1_mincount100_ws5_dims300,ermordet,0.6820638179779053
wachsamer_nikolaj_training_data_cbow_lr0.05_epochs1_mincount100_ws5_dims300,rufmord,0.6808408498764038
wachsamer_nikolaj_training_data_cbow_lr0.05_epochs1_mincount100_ws5_dims300,bluttat,0.6807356476783752
wachsamer_nikolaj_training_data_cbow_lr0.05_epochs1_mincount100_ws5_dims300,mordversuche,0.6790270209312439
wachsamer_nikolaj_training_data_cbow_lr0.05_epochs1_mincount100_ws5_dims300,mordwaffe,0.6784610748291016
wachsamer_nikolaj_training_data_cbow_lr0.05_epochs1_mincount100_ws5_dims300,mordverdächtige,0.6773252487182617
wachsamer_nikolaj_training_data_cbow_lr0.05_epochs1_mincount100_ws5_dims300,mordprozess,0.6772792935371399
wachsamer_nikolaj_training_data_cbow_lr0.05_epochs1_mincount100_ws5_dims300,mordversuches,0.6765239238739014
wachsamer_nikolaj_training_data_cbow_lr0.05_epochs1_mincount100_ws5_dims300,polizistenmord,0.6723400950431824
wachsamer_nikolaj_training_data_cbow_lr0.05_epochs1_mincount100_ws5_dims300,mordkomplotts,0.6715331673622131
wachsamer_nikolaj_training_data_cbow_lr0.05_epochs1_mincount100_ws5_dims300,mordplänen,0.6713311076164246
wachsamer_nikolaj_training_data_cbow_lr0.05_epochs1_mincount100_ws5_dims300,mordaunt,0.6685250997543335
wachsamer_nikolaj_training_data_cbow_lr0.05_epochs1_mincount100_ws5_dims300,ehrenmord,0.6668103337287903
wachsamer_nikolaj_training_data_cbow_lr0.05_epochs1_mincount100_ws5_dims300,mordanschlags,0.6661374568939209
wachsamer_nikolaj_training_data_cbow_lr0.05_epochs1_mincount100_ws5_dims300,ermordung,0.6649044752120972
wachsamer_nikolaj_training_data_cbow_lr0.05_epochs1_mincount100_ws5_dims300,ritualmord,0.6635620594024658
wachsamer_nikolaj_training_data_cbow_lr0.05_epochs1_mincount100_ws5_dims300,mordverdächtiger,0.6616744995117188
wachsamer_nikolaj_training_data_cbow_lr0.05_epochs1_mincount100_ws5_dims300,mordalarm,0.6610025763511658
wachsamer_nikolaj_training_data_cbow_lr0.05_epochs1_mincount100_ws5_dims300,mordverdächtigen,0.6607703566551208
wachsamer_nikolaj_training_data_cbow_lr0.05_epochs1_mincount100_ws5_dims300,mordverdacht,0.6607104539871216
wachsamer_nikolaj_training_data_cbow_lr0.05_epochs1_mincount100_ws5_dims300,frauenmord,0.6590569019317627
wachsamer_nikolaj_training_data_cbow_lr0.05_epochs1_mincount100_ws5_dims300,ermordete,0.6555508971214294
wachsamer_nikolaj_training_data_cbow_lr0.05_epochs1_mincount100_ws5_dims300,totschlag,0.6554436087608337
wachsamer_nikolaj_training_data_cbow_lr0.05_epochs1_mincount100_ws5_dims300,mordfälle,0.6547204852104187
wachsamer_nikolaj_training_data_cbow_lr0.05_epochs1_mincount100_ws5_dims300,königsmord,0.6543290019035339
wachsamer_nikolaj_training_data_cbow_lr0.05_epochs1_mincount100_ws5_dims300,mordverdachts,0.6528293490409851
wachsamer_nikolaj_training_data_cbow_lr0.05_epochs1_mincount100_ws5_dims300,selbstmordes,0.6519123315811157
wachsamer_nikolaj_training_data_cbow_lr0.05_epochs1_mincount100_ws5_dims300,fünffachmord,0.6514719724655151
wachsamer_nikolaj_training_data_cbow_lr0.05_epochs1_mincount100_ws5_dims300,mordopfer,0.6513711214065552
wachsamer_nikolaj_training_data_cbow_lr0.05_epochs1_mincount100_ws5_dims300,mordfällen,0.6506283283233643
wachsamer_nikolaj_training_data_cbow_lr0.05_epochs1_mincount100_ws5_dims300,mordfantasien,0.6502193808555603
wachsamer_nikolaj_training_data_cbow_lr0.05_epochs1_mincount100_ws5_dims300,tötungsdelikt,0.649655282497406
wachsamer_nikolaj_training_data_cbow_lr0.05_epochs1_mincount100_ws5_dims300,massenmordes,0.649093508720398
wachsamer_nikolaj_training_data_cbow_lr0.05_epochs1_mincount100_ws5_dims300,mordabsicht,0.6480504274368286
wachsamer_nikolaj_training_data_cbow_lr0.05_epochs1_mincount100_ws5_dims300,ermordeter,0.6430708765983582
wachsamer_nikolaj_training_data_cbow_lr0.05_epochs1_mincount100_ws5_dims300,kindermord,0.6417298913002014
wachsamer_nikolaj_training_data_cbow_lr0.05_epochs1_mincount100_ws5_dims300,auftragsmord,0.6390945315361023
wachsamer_nikolaj_training_data_cbow_lr0.05_epochs1_mincount100_ws5_dims300,mordversuchen,0.6357772350311279
wachsamer_nikolaj_training_data_cbow_lr0.05_epochs1_mincount100_ws5_dims300,mordgruppe,0.6354668140411377
wachsamer_nikolaj_training_data_cbow_lr0.05_epochs1_mincount100_ws5_dims300,mordauftrag,0.6349496841430664
wachsamer_nikolaj_training_data_cbow_lr0.05_epochs1_mincount100_ws5_dims300,raubmörder,0.6344494819641113
wachsamer_nikolaj_training_data_cbow_lr0.05_epochs1_mincount100_ws5_dims300,mordermittler,0.6335551738739014
wachsamer_nikolaj_training_data_cbow_lr0.05_epochs1_mincount100_ws5_dims300,handgranatenmord,0.6324988603591919
wachsamer_nikolaj_training_data_cbow_lr0.05_epochs1_mincount100_ws5_dims300,mordanschläge,0.6291232109069824
wachsamer_nikolaj_training_data_cbow_lr0.05_epochs1_mincount100_ws5_dims300,mordpläne,0.626053512096405
wachsamer_nikolaj_training_data_cbow_lr0.05_epochs1_mincount100_ws5_dims300,mordopfern,0.6259645223617554
wachsamer_nikolaj_training_data_cbow_lr0.05_epochs1_mincount100_ws5_dims300,mordopfers,0.6220291256904602
wachsamer_nikolaj_training_data_cbow_lr0.05_epochs1_mincount100_ws5_dims300,gewalttat,0.6205760836601257
wachsamer_nikolaj_training_data_cbow_lr0.05_epochs1_mincount100_ws5_dims300,mordaschow,0.6174929738044739
wachsamer_nikolaj_training_data_cbow_lr0.05_epochs1_mincount100_ws5_dims300,mordvorwürfe,0.6173821687698364
wachsamer_nikolaj_training_data_cbow_lr0.05_epochs1_mincount100_ws5_dims300,entführungsdrama,0.6168079376220703
wachsamer_nikolaj_training_data_cbow_lr0.05_epochs1_mincount100_ws5_dims300,mordkommando,0.616003692150116
wachsamer_nikolaj_training_data_cbow_lr0.05_epochs1_mincount100_ws5_dims300,raubüberfall,0.615484356880188
wachsamer_nikolaj_training_data_cbow_lr0.05_epochs1_mincount100_ws5_dims300,selbstmordversuch,0.6132985949516296
griawiger_niki_training_data_cbow_lr0.05_epochs1_mincount5_ws6_dims300,mordtat,0.8741400837898254
griawiger_niki_training_data_cbow_lr0.05_epochs1_mincount5_ws6_dims300,mordue,0.8711344003677368
griawiger_niki_training_data_cbow_lr0.05_epochs1_mincount5_ws6_dims300,mordy,0.8590711951255798
griawiger_niki_training_data_cbow_lr0.05_epochs1_mincount5_ws6_dims300,mordecai,0.8503692746162415
griawiger_niki_training_data_cbow_lr0.05_epochs1_mincount5_ws6_dims300,mordswut,0.8449192047119141
griawiger_niki_training_data_cbow_lr0.05_epochs1_mincount5_ws6_dims300,seriemord,0.840332567691803
griawiger_niki_training_data_cbow_lr0.05_epochs1_mincount5_ws6_dims300,axtmord,0.8384408354759216
griawiger_niki_training_data_cbow_lr0.05_epochs1_mincount5_ws6_dims300,mords,0.8277343511581421
griawiger_niki_training_data_cbow_lr0.05_epochs1_mincount5_ws6_dims300,mordgift,0.8262647390365601
griawiger_niki_training_data_cbow_lr0.05_epochs1_mincount5_ws6_dims300,morde,0.8219305276870728
griawiger_niki_training_data_cbow_lr0.05_epochs1_mincount5_ws6_dims300,mordziol,0.8207888603210449
griawiger_niki_training_data_cbow_lr0.05_epochs1_mincount5_ws6_dims300,mordor,0.8156967759132385
griawiger_niki_training_data_cbow_lr0.05_epochs1_mincount5_ws6_dims300,mordau,0.8152785897254944
griawiger_niki_training_data_cbow_lr0.05_epochs1_mincount5_ws6_dims300,mordkrimi,0.8112898468971252
griawiger_niki_training_data_cbow_lr0.05_epochs1_mincount5_ws6_dims300,raubmord,0.8110473155975342
griawiger_niki_training_data_cbow_lr0.05_epochs1_mincount5_ws6_dims300,mordgier,0.810401976108551
griawiger_niki_training_data_cbow_lr0.05_epochs1_mincount5_ws6_dims300,mordes,0.8098622560501099
griawiger_niki_training_data_cbow_lr0.05_epochs1_mincount5_ws6_dims300,mordshetz,0.8090362548828125
griawiger_niki_training_data_cbow_lr0.05_epochs1_mincount5_ws6_dims300,sexmord,0.8078766465187073
griawiger_niki_training_data_cbow_lr0.05_epochs1_mincount5_ws6_dims300,mordlust,0.8078197836875916
griawiger_niki_training_data_cbow_lr0.05_epochs1_mincount5_ws6_dims300,mordbuben,0.8049068450927734
griawiger_niki_training_data_cbow_lr0.05_epochs1_mincount5_ws6_dims300,doppelmord,0.8020534515380859
griawiger_niki_training_data_cbow_lr0.05_epochs1_mincount5_ws6_dims300,mordowia,0.8015580177307129
griawiger_niki_training_data_cbow_lr0.05_epochs1_mincount5_ws6_dims300,mordsspaß,0.801353394985199
griawiger_niki_training_data_cbow_lr0.05_epochs1_mincount5_ws6_dims300,mordfall,0.8009265065193176
griawiger_niki_training_data_cbow_lr0.05_epochs1_mincount5_ws6_dims300,mordaza,0.7999464273452759
griawiger_niki_training_data_cbow_lr0.05_epochs1_mincount5_ws6_dims300,mord,0.7974978089332581
griawiger_niki_training_data_cbow_lr0.05_epochs1_mincount5_ws6_dims300,mordowja,0.7974594831466675
griawiger_niki_training_data_cbow_lr0.05_epochs1_mincount5_ws6_dims300,mordo,0.7964228987693787
griawiger_niki_training_data_cbow_lr0.05_epochs1_mincount5_ws6_dims300,mordsweib,0.7956928014755249
griawiger_niki_training_data_cbow_lr0.05_epochs1_mincount5_ws6_dims300,mordred,0.7954723238945007
griawiger_niki_training_data_cbow_lr0.05_epochs1_mincount5_ws6_dims300,mordan,0.7954154014587402
griawiger_niki_training_data_cbow_lr0.05_epochs1_mincount5_ws6_dims300,mordsgaude,0.7924244999885559
griawiger_niki_training_data_cbow_lr0.05_epochs1_mincount5_ws6_dims300,mordorgie,0.791997492313385
griawiger_niki_training_data_cbow_lr0.05_epochs1_mincount5_ws6_dims300,mordthal,0.7891427278518677
griawiger_niki_training_data_cbow_lr0.05_epochs1_mincount5_ws6_dims300,mordhau,0.7878931760787964
griawiger_niki_training_data_cbow_lr0.05_epochs1_mincount5_ws6_dims300,mordechai,0.784432053565979
griawiger_niki_training_data_cbow_lr0.05_epochs1_mincount5_ws6_dims300,mordsglück,0.7842342853546143
griawiger_niki_training_data_cbow_lr0.05_epochs1_mincount5_ws6_dims300,lustmord,0.7821498513221741
griawiger_niki_training_data_cbow_lr0.05_epochs1_mincount5_ws6_dims300,rachemord,0.7771234512329102
griawiger_niki_training_data_cbow_lr0.05_epochs1_mincount5_ws6_dims300,meißelmord,0.7758951783180237
griawiger_niki_training_data_cbow_lr0.05_epochs1_mincount5_ws6_dims300,mordfeldzug,0.7746586203575134
griawiger_niki_training_data_cbow_lr0.05_epochs1_mincount5_ws6_dims300,mordtag,0.7728453874588013
griawiger_niki_training_data_cbow_lr0.05_epochs1_mincount5_ws6_dims300,mordashov,0.7724879384040833
griawiger_niki_training_data_cbow_lr0.05_epochs1_mincount5_ws6_dims300,mordslust,0.7701570391654968
griawiger_niki_training_data_cbow_lr0.05_epochs1_mincount5_ws6_dims300,tyrannenmord,0.7696676254272461
griawiger_niki_training_data_cbow_lr0.05_epochs1_mincount5_ws6_dims300,hassmord,0.7694530487060547
griawiger_niki_training_data_cbow_lr0.05_epochs1_mincount5_ws6_dims300,giftmord,0.7686304450035095
griawiger_niki_training_data_cbow_lr0.05_epochs1_mincount5_ws6_dims300,morden,0.7680081725120544
griawiger_niki_training_data_cbow_lr0.05_epochs1_mincount5_ws6_dims300,morddelikt,0.7665863037109375
griawiger_niki_training_data_cbow_lr0.05_epochs1_mincount5_ws6_dims300,mordio,0.7659701108932495
griawiger_niki_training_data_cbow_lr0.05_epochs1_mincount5_ws6_dims300,würgemord,0.7641012668609619
griawiger_niki_training_data_cbow_lr0.05_epochs1_mincount5_ws6_dims300,gattenmord,0.7624508738517761
griawiger_niki_training_data_cbow_lr0.05_epochs1_mincount5_ws6_dims300,mordwinzew,0.7613672018051147
griawiger_niki_training_data_cbow_lr0.05_epochs1_mincount5_ws6_dims300,fememord,0.7562243938446045
griawiger_niki_training_data_cbow_lr0.05_epochs1_mincount5_ws6_dims300,mordmotiv,0.7560683488845825
griawiger_niki_training_data_cbow_lr0.05_epochs1_mincount5_ws6_dims300,mordsache,0.7551172375679016
griawiger_niki_training_data_cbow_lr0.05_epochs1_mincount5_ws6_dims300,mordvorwurf,0.7541961669921875
griawiger_niki_training_data_cbow_lr0.05_epochs1_mincount5_ws6_dims300,kindsmord,0.7523410320281982
griawiger_niki_training_data_cbow_lr0.05_epochs1_mincount5_ws6_dims300,vatermord,0.7519830465316772
griawiger_niki_training_data_cbow_lr0.05_epochs1_mincount5_ws6_dims300,morders,0.75144362449646
griawiger_niki_training_data_cbow_lr0.05_epochs1_mincount5_ws6_dims300,mordversuch,0.7511922717094421
griawiger_niki_training_data_cbow_lr0.05_epochs1_mincount5_ws6_dims300,mordsgaudi,0.7496548891067505
griawiger_niki_training_data_cbow_lr0.05_epochs1_mincount5_ws6_dims300,mordstrumm,0.7494499087333679
griawiger_niki_training_data_cbow_lr0.05_epochs1_mincount5_ws6_dims300,mordskandal,0.7487702965736389
griawiger_niki_training_data_cbow_lr0.05_epochs1_mincount5_ws6_dims300,selfmord,0.7482454180717468
griawiger_niki_training_data_cbow_lr0.05_epochs1_mincount5_ws6_dims300,mordens,0.744023323059082
griawiger_niki_training_data_cbow_lr0.05_epochs1_mincount5_ws6_dims300,mordsee,0.7425585389137268
griawiger_niki_training_data_cbow_lr0.05_epochs1_mincount5_ws6_dims300,geiselmord,0.742226779460907
griawiger_niki_training_data_cbow_lr0.05_epochs1_mincount5_ws6_dims300,mordabend,0.7409918308258057
griawiger_niki_training_data_cbow_lr0.05_epochs1_mincount5_ws6_dims300,mordowija,0.7406215071678162
griawiger_niki_training_data_cbow_lr0.05_epochs1_mincount5_ws6_dims300,mordserie,0.7393372058868408
griawiger_niki_training_data_cbow_lr0.05_epochs1_mincount5_ws6_dims300,mordors,0.7391344904899597
griawiger_niki_training_data_cbow_lr0.05_epochs1_mincount5_ws6_dims300,mordvideo,0.738541841506958
griawiger_niki_training_data_cbow_lr0.05_epochs1_mincount5_ws6_dims300,meuchelmord,0.7372875809669495
griawiger_niki_training_data_cbow_lr0.05_epochs1_mincount5_ws6_dims300,mordrätsel,0.7371596693992615
griawiger_niki_training_data_cbow_lr0.05_epochs1_mincount5_ws6_dims300,babymord,0.7371083498001099
griawiger_niki_training_data_cbow_lr0.05_epochs1_mincount5_ws6_dims300,mordverbrechen,0.7369420528411865
griawiger_niki_training_data_cbow_lr0.05_epochs1_mincount5_ws6_dims300,mordfalls,0.7365239262580872
griawiger_niki_training_data_cbow_lr0.05_epochs1_mincount5_ws6_dims300,raubmordes,0.7343608736991882
griawiger_niki_training_data_cbow_lr0.05_epochs1_mincount5_ws6_dims300,mordnacht,0.7343292236328125
griawiger_niki_training_data_cbow_lr0.05_epochs1_mincount5_ws6_dims300,lynchmord,0.7335212826728821
griawiger_niki_training_data_cbow_lr0.05_epochs1_mincount5_ws6_dims300,mordthriller,0.7322230935096741
griawiger_niki_training_data_cbow_lr0.05_epochs1_mincount5_ws6_dims300,mordzeugin,0.7316800355911255
griawiger_niki_training_data_cbow_lr0.05_epochs1_mincount5_ws6_dims300,tyrannenmordes,0.7309797406196594
griawiger_niki_training_data_cbow_lr0.05_epochs1_mincount5_ws6_dims300,messermord,0.7309127449989319
griawiger_niki_training_data_cbow_lr0.05_epochs1_mincount5_ws6_dims300,mordwand,0.7305089831352234
griawiger_niki_training_data_cbow_lr0.05_epochs1_mincount5_ws6_dims300,mordangriff,0.7295829057693481
griawiger_niki_training_data_cbow_lr0.05_epochs1_mincount5_ws6_dims300,mordvorwurfs,0.7295244336128235
griawiger_niki_training_data_cbow_lr0.05_epochs1_mincount5_ws6_dims300,morddezernat,0.7286970615386963
griawiger_niki_training_data_cbow_lr0.05_epochs1_mincount5_ws6_dims300,mordhaus,0.7286067008972168
griawiger_niki_training_data_cbow_lr0.05_epochs1_mincount5_ws6_dims300,mordanschlag,0.7285598516464233
griawiger_niki_training_data_cbow_lr0.05_epochs1_mincount5_ws6_dims300,mafiamord,0.7285003662109375
griawiger_niki_training_data_cbow_lr0.05_epochs1_mincount5_ws6_dims300,mordgelüste,0.7284300923347473
griawiger_niki_training_data_cbow_lr0.05_epochs1_mincount5_ws6_dims300,foltermord,0.728410005569458
griawiger_niki_training_data_cbow_lr0.05_epochs1_mincount5_ws6_dims300,politmord,0.7281866073608398
griawiger_niki_training_data_cbow_lr0.05_epochs1_mincount5_ws6_dims300,doppelmordes,0.7280965447425842
griawiger_niki_training_data_cbow_lr0.05_epochs1_mincount5_ws6_dims300,mordmotive,0.7266242504119873
griawiger_niki_training_data_cbow_lr0.05_epochs1_mincount5_ws6_dims300,puppenmord,0.7247427105903625
griawiger_niki_training_data_cbow_lr0.05_epochs1_mincount5_ws6_dims300,goldmord,0.7244590520858765
topfiter_theodor_training_data_cbow_lr0.05_epochs1_mincount50_ws6_dims300,mordtat,0.858128011226654
topfiter_theodor_training_data_cbow_lr0.05_epochs1_mincount50_ws6_dims300,mords,0.8245038986206055
topfiter_theodor_training_data_cbow_lr0.05_epochs1_mincount50_ws6_dims300,mordlust,0.8096545934677124
topfiter_theodor_training_data_cbow_lr0.05_epochs1_mincount50_ws6_dims300,morde,0.8049060106277466
topfiter_theodor_training_data_cbow_lr0.05_epochs1_mincount50_ws6_dims300,raubmord,0.8047379851341248
topfiter_theodor_training_data_cbow_lr0.05_epochs1_mincount50_ws6_dims300,mordechai,0.8040760159492493
topfiter_theodor_training_data_cbow_lr0.05_epochs1_mincount50_ws6_dims300,mordes,0.803757905960083
topfiter_theodor_training_data_cbow_lr0.05_epochs1_mincount50_ws6_dims300,mordsspaß,0.794234037399292
topfiter_theodor_training_data_cbow_lr0.05_epochs1_mincount50_ws6_dims300,mordor,0.7940959930419922
topfiter_theodor_training_data_cbow_lr0.05_epochs1_mincount50_ws6_dims300,doppelmord,0.793171226978302
topfiter_theodor_training_data_cbow_lr0.05_epochs1_mincount50_ws6_dims300,mordversuch,0.7850147485733032
topfiter_theodor_training_data_cbow_lr0.05_epochs1_mincount50_ws6_dims300,mordfall,0.7818231582641602
topfiter_theodor_training_data_cbow_lr0.05_epochs1_mincount50_ws6_dims300,mordio,0.7692633271217346
topfiter_theodor_training_data_cbow_lr0.05_epochs1_mincount50_ws6_dims300,rachemord,0.7685338854789734
topfiter_theodor_training_data_cbow_lr0.05_epochs1_mincount50_ws6_dims300,morden,0.7602359652519226
topfiter_theodor_training_data_cbow_lr0.05_epochs1_mincount50_ws6_dims300,giftmord,0.7528902888298035
topfiter_theodor_training_data_cbow_lr0.05_epochs1_mincount50_ws6_dims300,tyrannenmord,0.7427210211753845
topfiter_theodor_training_data_cbow_lr0.05_epochs1_mincount50_ws6_dims300,mordvideo,0.7426634430885315
topfiter_theodor_training_data_cbow_lr0.05_epochs1_mincount50_ws6_dims300,mordvorwurf,0.7393175363540649
topfiter_theodor_training_data_cbow_lr0.05_epochs1_mincount50_ws6_dims300,lynchmord,0.7357237339019775
topfiter_theodor_training_data_cbow_lr0.05_epochs1_mincount50_ws6_dims300,mordmotiv,0.7346969842910767
topfiter_theodor_training_data_cbow_lr0.05_epochs1_mincount50_ws6_dims300,mordnacht,0.7345402836799622
topfiter_theodor_training_data_cbow_lr0.05_epochs1_mincount50_ws6_dims300,mordsgaudi,0.734297513961792
topfiter_theodor_training_data_cbow_lr0.05_epochs1_mincount50_ws6_dims300,vatermord,0.7323111295700073
topfiter_theodor_training_data_cbow_lr0.05_epochs1_mincount50_ws6_dims300,meuchelmord,0.7304691672325134
topfiter_theodor_training_data_cbow_lr0.05_epochs1_mincount50_ws6_dims300,mordens,0.7279039621353149
topfiter_theodor_training_data_cbow_lr0.05_epochs1_mincount50_ws6_dims300,kindsmord,0.7239015698432922
topfiter_theodor_training_data_cbow_lr0.05_epochs1_mincount50_ws6_dims300,mordversuchs,0.7225667834281921
topfiter_theodor_training_data_cbow_lr0.05_epochs1_mincount50_ws6_dims300,mordplan,0.7191645503044128
topfiter_theodor_training_data_cbow_lr0.05_epochs1_mincount50_ws6_dims300,mordvorsatz,0.7190676927566528
topfiter_theodor_training_data_cbow_lr0.05_epochs1_mincount50_ws6_dims300,mordserie,0.7185607552528381
topfiter_theodor_training_data_cbow_lr0.05_epochs1_mincount50_ws6_dims300,mordfalls,0.7160866260528564
topfiter_theodor_training_data_cbow_lr0.05_epochs1_mincount50_ws6_dims300,doppelmordes,0.714712917804718
topfiter_theodor_training_data_cbow_lr0.05_epochs1_mincount50_ws6_dims300,raubmordes,0.7145644426345825
topfiter_theodor_training_data_cbow_lr0.05_epochs1_mincount50_ws6_dims300,mordanschlag,0.712733805179596
topfiter_theodor_training_data_cbow_lr0.05_epochs1_mincount50_ws6_dims300,mordurteil,0.7106996178627014
topfiter_theodor_training_data_cbow_lr0.05_epochs1_mincount50_ws6_dims300,messermord,0.7095378637313843
topfiter_theodor_training_data_cbow_lr0.05_epochs1_mincount50_ws6_dims300,mordtaten,0.7033116817474365
topfiter_theodor_training_data_cbow_lr0.05_epochs1_mincount50_ws6_dims300,brudermord,0.7031148076057434
topfiter_theodor_training_data_cbow_lr0.05_epochs1_mincount50_ws6_dims300,eifersuchtsmord,0.7022597789764404
topfiter_theodor_training_data_cbow_lr0.05_epochs1_mincount50_ws6_dims300,mädchenmord,0.6998845934867859
topfiter_theodor_training_data_cbow_lr0.05_epochs1_mincount50_ws6_dims300,rufmord,0.6969483494758606
topfiter_theodor_training_data_cbow_lr0.05_epochs1_mincount50_ws6_dims300,mordillo,0.6961129903793335
topfiter_theodor_training_data_cbow_lr0.05_epochs1_mincount50_ws6_dims300,mordfalles,0.6948553323745728
topfiter_theodor_training_data_cbow_lr0.05_epochs1_mincount50_ws6_dims300,judenmord,0.6942293643951416
topfiter_theodor_training_data_cbow_lr0.05_epochs1_mincount50_ws6_dims300,mordkomplott,0.6923922896385193
topfiter_theodor_training_data_cbow_lr0.05_epochs1_mincount50_ws6_dims300,ermordet,0.6913789510726929
topfiter_theodor_training_data_cbow_lr0.05_epochs1_mincount50_ws6_dims300,doppelmords,0.6910990476608276
topfiter_theodor_training_data_cbow_lr0.05_epochs1_mincount50_ws6_dims300,massenmord,0.6906154155731201
topfiter_theodor_training_data_cbow_lr0.05_epochs1_mincount50_ws6_dims300,muttermord,0.6868414878845215
topfiter_theodor_training_data_cbow_lr0.05_epochs1_mincount50_ws6_dims300,goldmord,0.6830592751502991
topfiter_theodor_training_data_cbow_lr0.05_epochs1_mincount50_ws6_dims300,mordprozess,0.6828083395957947
topfiter_theodor_training_data_cbow_lr0.05_epochs1_mincount50_ws6_dims300,mordversuche,0.682336151599884
topfiter_theodor_training_data_cbow_lr0.05_epochs1_mincount50_ws6_dims300,vierfachmord,0.6798287630081177
topfiter_theodor_training_data_cbow_lr0.05_epochs1_mincount50_ws6_dims300,ehrenmord,0.67970210313797
topfiter_theodor_training_data_cbow_lr0.05_epochs1_mincount50_ws6_dims300,mordverdächtige,0.6778160929679871
topfiter_theodor_training_data_cbow_lr0.05_epochs1_mincount50_ws6_dims300,serienmord,0.6773131489753723
topfiter_theodor_training_data_cbow_lr0.05_epochs1_mincount50_ws6_dims300,mordversuches,0.6745101809501648
topfiter_theodor_training_data_cbow_lr0.05_epochs1_mincount50_ws6_dims300,dreifachmord,0.6740939617156982
topfiter_theodor_training_data_cbow_lr0.05_epochs1_mincount50_ws6_dims300,mordanklage,0.67396080493927
topfiter_theodor_training_data_cbow_lr0.05_epochs1_mincount50_ws6_dims300,mordwaffe,0.6711947321891785
topfiter_theodor_training_data_cbow_lr0.05_epochs1_mincount50_ws6_dims300,mordanschlags,0.6689822673797607
topfiter_theodor_training_data_cbow_lr0.05_epochs1_mincount50_ws6_dims300,mordfälle,0.6688984632492065
topfiter_theodor_training_data_cbow_lr0.05_epochs1_mincount50_ws6_dims300,mordaufruf,0.6681423783302307
topfiter_theodor_training_data_cbow_lr0.05_epochs1_mincount50_ws6_dims300,selbstmord,0.6678243279457092
topfiter_theodor_training_data_cbow_lr0.05_epochs1_mincount50_ws6_dims300,fünffachmord,0.6669222712516785
topfiter_theodor_training_data_cbow_lr0.05_epochs1_mincount50_ws6_dims300,mordplänen,0.6658257246017456
topfiter_theodor_training_data_cbow_lr0.05_epochs1_mincount50_ws6_dims300,bluttat,0.6653954386711121
topfiter_theodor_training_data_cbow_lr0.05_epochs1_mincount50_ws6_dims300,mordaunt,0.6651342511177063
topfiter_theodor_training_data_cbow_lr0.05_epochs1_mincount50_ws6_dims300,mordfällen,0.6649342179298401
topfiter_theodor_training_data_cbow_lr0.05_epochs1_mincount50_ws6_dims300,ermordete,0.662567675113678
topfiter_theodor_training_data_cbow_lr0.05_epochs1_mincount50_ws6_dims300,mordkomplotts,0.6615035533905029
topfiter_theodor_training_data_cbow_lr0.05_epochs1_mincount50_ws6_dims300,mordopfer,0.6612672209739685
topfiter_theodor_training_data_cbow_lr0.05_epochs1_mincount50_ws6_dims300,mordverdächtiger,0.660781979560852
topfiter_theodor_training_data_cbow_lr0.05_epochs1_mincount50_ws6_dims300,ermordung,0.6599475145339966
topfiter_theodor_training_data_cbow_lr0.05_epochs1_mincount50_ws6_dims300,sexualmord,0.659693717956543
topfiter_theodor_training_data_cbow_lr0.05_epochs1_mincount50_ws6_dims300,mordalarm,0.659488320350647
topfiter_theodor_training_data_cbow_lr0.05_epochs1_mincount50_ws6_dims300,ermorden,0.6573371887207031
topfiter_theodor_training_data_cbow_lr0.05_epochs1_mincount50_ws6_dims300,mordserien,0.6567944288253784
topfiter_theodor_training_data_cbow_lr0.05_epochs1_mincount50_ws6_dims300,mordfantasien,0.6558679342269897
topfiter_theodor_training_data_cbow_lr0.05_epochs1_mincount50_ws6_dims300,mordverdächtigen,0.6553494334220886
topfiter_theodor_training_data_cbow_lr0.05_epochs1_mincount50_ws6_dims300,polizistenmord,0.6528940796852112
topfiter_theodor_training_data_cbow_lr0.05_epochs1_mincount50_ws6_dims300,mordverdachts,0.652626097202301
topfiter_theodor_training_data_cbow_lr0.05_epochs1_mincount50_ws6_dims300,mordverdacht,0.6510584354400635
topfiter_theodor_training_data_cbow_lr0.05_epochs1_mincount50_ws6_dims300,frauenmord,0.6505131125450134
topfiter_theodor_training_data_cbow_lr0.05_epochs1_mincount50_ws6_dims300,tötungsdelikt,0.6504523158073425
topfiter_theodor_training_data_cbow_lr0.05_epochs1_mincount50_ws6_dims300,mordabsicht,0.6498053073883057
topfiter_theodor_training_data_cbow_lr0.05_epochs1_mincount50_ws6_dims300,mordgruppe,0.6495996117591858
topfiter_theodor_training_data_cbow_lr0.05_epochs1_mincount50_ws6_dims300,königsmord,0.6488890647888184
topfiter_theodor_training_data_cbow_lr0.05_epochs1_mincount50_ws6_dims300,totschlag,0.6433921456336975
topfiter_theodor_training_data_cbow_lr0.05_epochs1_mincount50_ws6_dims300,auftragsmord,0.6426529884338379
topfiter_theodor_training_data_cbow_lr0.05_epochs1_mincount50_ws6_dims300,mordaschow,0.6420556306838989
topfiter_theodor_training_data_cbow_lr0.05_epochs1_mincount50_ws6_dims300,mordversuchen,0.6392952799797058
topfiter_theodor_training_data_cbow_lr0.05_epochs1_mincount50_ws6_dims300,ermordeter,0.6389740109443665
topfiter_theodor_training_data_cbow_lr0.05_epochs1_mincount50_ws6_dims300,mordpläne,0.6388116478919983
topfiter_theodor_training_data_cbow_lr0.05_epochs1_mincount50_ws6_dims300,mordermittler,0.6386082768440247
topfiter_theodor_training_data_cbow_lr0.05_epochs1_mincount50_ws6_dims300,mordwinien,0.6379270553588867
topfiter_theodor_training_data_cbow_lr0.05_epochs1_mincount50_ws6_dims300,mordvorwürfen,0.6365519165992737
topfiter_theodor_training_data_cbow_lr0.05_epochs1_mincount50_ws6_dims300,mordopfern,0.6355407238006592
topfiter_theodor_training_data_cbow_lr0.05_epochs1_mincount50_ws6_dims300,massenmordes,0.6354504227638245
lebendige_stella_training_data_cbow_lr0.05_epochs1_mincount50_ws5_dims300,mordtat,0.8740089535713196
lebendige_stella_training_data_cbow_lr0.05_epochs1_mincount50_ws5_dims300,mords,0.832190752029419
lebendige_stella_training_data_cbow_lr0.05_epochs1_mincount50_ws5_dims300,raubmord,0.8142838478088379
lebendige_stella_training_data_cbow_lr0.05_epochs1_mincount50_ws5_dims300,mordes,0.8008614778518677
lebendige_stella_training_data_cbow_lr0.05_epochs1_mincount50_ws5_dims300,mordlust,0.8007287383079529
lebendige_stella_training_data_cbow_lr0.05_epochs1_mincount50_ws5_dims300,mordor,0.800593912601471
lebendige_stella_training_data_cbow_lr0.05_epochs1_mincount50_ws5_dims300,mordechai,0.7998663783073425
lebendige_stella_training_data_cbow_lr0.05_epochs1_mincount50_ws5_dims300,doppelmord,0.798484206199646
lebendige_stella_training_data_cbow_lr0.05_epochs1_mincount50_ws5_dims300,morde,0.7977469563484192
lebendige_stella_training_data_cbow_lr0.05_epochs1_mincount50_ws5_dims300,mordsspaß,0.7971727848052979
lebendige_stella_training_data_cbow_lr0.05_epochs1_mincount50_ws5_dims300,mordfall,0.7847757339477539
lebendige_stella_training_data_cbow_lr0.05_epochs1_mincount50_ws5_dims300,mordversuch,0.7837139964103699
lebendige_stella_training_data_cbow_lr0.05_epochs1_mincount50_ws5_dims300,mordio,0.7696986794471741
lebendige_stella_training_data_cbow_lr0.05_epochs1_mincount50_ws5_dims300,rachemord,0.7653304934501648
lebendige_stella_training_data_cbow_lr0.05_epochs1_mincount50_ws5_dims300,kindsmord,0.7630670666694641
lebendige_stella_training_data_cbow_lr0.05_epochs1_mincount50_ws5_dims300,giftmord,0.7588406801223755
lebendige_stella_training_data_cbow_lr0.05_epochs1_mincount50_ws5_dims300,morden,0.7547473311424255
lebendige_stella_training_data_cbow_lr0.05_epochs1_mincount50_ws5_dims300,vatermord,0.752069354057312
lebendige_stella_training_data_cbow_lr0.05_epochs1_mincount50_ws5_dims300,tyrannenmord,0.7492597103118896
lebendige_stella_training_data_cbow_lr0.05_epochs1_mincount50_ws5_dims300,mordsgaudi,0.7430756688117981
lebendige_stella_training_data_cbow_lr0.05_epochs1_mincount50_ws5_dims300,meuchelmord,0.7429942488670349
lebendige_stella_training_data_cbow_lr0.05_epochs1_mincount50_ws5_dims300,lynchmord,0.7398117184638977
lebendige_stella_training_data_cbow_lr0.05_epochs1_mincount50_ws5_dims300,mordens,0.7381282448768616
lebendige_stella_training_data_cbow_lr0.05_epochs1_mincount50_ws5_dims300,brudermord,0.7362351417541504
lebendige_stella_training_data_cbow_lr0.05_epochs1_mincount50_ws5_dims300,mordvideo,0.7358588576316833
lebendige_stella_training_data_cbow_lr0.05_epochs1_mincount50_ws5_dims300,messermord,0.733632504940033
lebendige_stella_training_data_cbow_lr0.05_epochs1_mincount50_ws5_dims300,mordnacht,0.7293736338615417
lebendige_stella_training_data_cbow_lr0.05_epochs1_mincount50_ws5_dims300,mordserie,0.7243977189064026
lebendige_stella_training_data_cbow_lr0.05_epochs1_mincount50_ws5_dims300,mordkomplott,0.722685694694519
lebendige_stella_training_data_cbow_lr0.05_epochs1_mincount50_ws5_dims300,mordurteil,0.7217334508895874
lebendige_stella_training_data_cbow_lr0.05_epochs1_mincount50_ws5_dims300,mordversuchs,0.7193729877471924
lebendige_stella_training_data_cbow_lr0.05_epochs1_mincount50_ws5_dims300,mordmotiv,0.7186864018440247
lebendige_stella_training_data_cbow_lr0.05_epochs1_mincount50_ws5_dims300,mordvorwurf,0.7179930210113525
lebendige_stella_training_data_cbow_lr0.05_epochs1_mincount50_ws5_dims300,dreifachmord,0.7168278098106384
lebendige_stella_training_data_cbow_lr0.05_epochs1_mincount50_ws5_dims300,judenmord,0.7161009907722473
lebendige_stella_training_data_cbow_lr0.05_epochs1_mincount50_ws5_dims300,mordfalls,0.7157964706420898
lebendige_stella_training_data_cbow_lr0.05_epochs1_mincount50_ws5_dims300,mordanschlag,0.7152299284934998
lebendige_stella_training_data_cbow_lr0.05_epochs1_mincount50_ws5_dims300,massenmord,0.7146862745285034
lebendige_stella_training_data_cbow_lr0.05_epochs1_mincount50_ws5_dims300,mordplan,0.7139474153518677
lebendige_stella_training_data_cbow_lr0.05_epochs1_mincount50_ws5_dims300,mordtaten,0.7112279534339905
lebendige_stella_training_data_cbow_lr0.05_epochs1_mincount50_ws5_dims300,goldmord,0.7105817794799805
lebendige_stella_training_data_cbow_lr0.05_epochs1_mincount50_ws5_dims300,eifersuchtsmord,0.7102347016334534
lebendige_stella_training_data_cbow_lr0.05_epochs1_mincount50_ws5_dims300,raubmordes,0.709456205368042
lebendige_stella_training_data_cbow_lr0.05_epochs1_mincount50_ws5_dims300,fünffachmord,0.7090550661087036
lebendige_stella_training_data_cbow_lr0.05_epochs1_mincount50_ws5_dims300,serienmord,0.7073283791542053
lebendige_stella_training_data_cbow_lr0.05_epochs1_mincount50_ws5_dims300,doppelmordes,0.7067022919654846
lebendige_stella_training_data_cbow_lr0.05_epochs1_mincount50_ws5_dims300,ehrenmord,0.7058375477790833
lebendige_stella_training_data_cbow_lr0.05_epochs1_mincount50_ws5_dims300,muttermord,0.7046170234680176
lebendige_stella_training_data_cbow_lr0.05_epochs1_mincount50_ws5_dims300,mordvorsatz,0.704520583152771
lebendige_stella_training_data_cbow_lr0.05_epochs1_mincount50_ws5_dims300,mädchenmord,0.7017048597335815
lebendige_stella_training_data_cbow_lr0.05_epochs1_mincount50_ws5_dims300,mordfalles,0.7016099691390991
lebendige_stella_training_data_cbow_lr0.05_epochs1_mincount50_ws5_dims300,mordillo,0.6979598999023438
lebendige_stella_training_data_cbow_lr0.05_epochs1_mincount50_ws5_dims300,vierfachmord,0.6978694200515747
lebendige_stella_training_data_cbow_lr0.05_epochs1_mincount50_ws5_dims300,rufmord,0.6944895386695862
lebendige_stella_training_data_cbow_lr0.05_epochs1_mincount50_ws5_dims300,mordkomplotts,0.6938418745994568
lebendige_stella_training_data_cbow_lr0.05_epochs1_mincount50_ws5_dims300,sexualmord,0.6923403739929199
lebendige_stella_training_data_cbow_lr0.05_epochs1_mincount50_ws5_dims300,doppelmords,0.6920676827430725
lebendige_stella_training_data_cbow_lr0.05_epochs1_mincount50_ws5_dims300,mordversuche,0.6897838115692139
lebendige_stella_training_data_cbow_lr0.05_epochs1_mincount50_ws5_dims300,mordprozess,0.6884239912033081
lebendige_stella_training_data_cbow_lr0.05_epochs1_mincount50_ws5_dims300,selbstmord,0.6849276423454285
lebendige_stella_training_data_cbow_lr0.05_epochs1_mincount50_ws5_dims300,mordverdächtige,0.6833334565162659
lebendige_stella_training_data_cbow_lr0.05_epochs1_mincount50_ws5_dims300,mordversuches,0.6818643808364868
lebendige_stella_training_data_cbow_lr0.05_epochs1_mincount50_ws5_dims300,mordaufruf,0.6790905594825745
lebendige_stella_training_data_cbow_lr0.05_epochs1_mincount50_ws5_dims300,bluttat,0.6786969304084778
lebendige_stella_training_data_cbow_lr0.05_epochs1_mincount50_ws5_dims300,mordaunt,0.6748011708259583
lebendige_stella_training_data_cbow_lr0.05_epochs1_mincount50_ws5_dims300,mordopfer,0.6744869947433472
lebendige_stella_training_data_cbow_lr0.05_epochs1_mincount50_ws5_dims300,mordfälle,0.6737491488456726
lebendige_stella_training_data_cbow_lr0.05_epochs1_mincount50_ws5_dims300,frauenmord,0.6735838055610657
lebendige_stella_training_data_cbow_lr0.05_epochs1_mincount50_ws5_dims300,ermordet,0.6724852323532104
lebendige_stella_training_data_cbow_lr0.05_epochs1_mincount50_ws5_dims300,ritualmord,0.6709504127502441
lebendige_stella_training_data_cbow_lr0.05_epochs1_mincount50_ws5_dims300,mordanklage,0.6702941060066223
lebendige_stella_training_data_cbow_lr0.05_epochs1_mincount50_ws5_dims300,ermordung,0.6677321791648865
lebendige_stella_training_data_cbow_lr0.05_epochs1_mincount50_ws5_dims300,mordwaffe,0.6676952242851257
lebendige_stella_training_data_cbow_lr0.05_epochs1_mincount50_ws5_dims300,königsmord,0.6668528914451599
lebendige_stella_training_data_cbow_lr0.05_epochs1_mincount50_ws5_dims300,polizistenmord,0.6655990481376648
lebendige_stella_training_data_cbow_lr0.05_epochs1_mincount50_ws5_dims300,mordverdächtiger,0.6652846932411194
lebendige_stella_training_data_cbow_lr0.05_epochs1_mincount50_ws5_dims300,mordanschlags,0.664644181728363
lebendige_stella_training_data_cbow_lr0.05_epochs1_mincount50_ws5_dims300,kindesmord,0.6633208990097046
lebendige_stella_training_data_cbow_lr0.05_epochs1_mincount50_ws5_dims300,mordalarm,0.6631478071212769
lebendige_stella_training_data_cbow_lr0.05_epochs1_mincount50_ws5_dims300,mordplänen,0.6619455814361572
lebendige_stella_training_data_cbow_lr0.05_epochs1_mincount50_ws5_dims300,mordverdacht,0.6614086031913757
lebendige_stella_training_data_cbow_lr0.05_epochs1_mincount50_ws5_dims300,tötungsdelikt,0.6605211496353149
lebendige_stella_training_data_cbow_lr0.05_epochs1_mincount50_ws5_dims300,mordverdächtigen,0.6596513986587524
lebendige_stella_training_data_cbow_lr0.05_epochs1_mincount50_ws5_dims300,mordfällen,0.657099723815918
lebendige_stella_training_data_cbow_lr0.05_epochs1_mincount50_ws5_dims300,mordserien,0.6557354927062988
lebendige_stella_training_data_cbow_lr0.05_epochs1_mincount50_ws5_dims300,mordfantasien,0.6554917097091675
lebendige_stella_training_data_cbow_lr0.05_epochs1_mincount50_ws5_dims300,totschlag,0.6551698446273804
lebendige_stella_training_data_cbow_lr0.05_epochs1_mincount50_ws5_dims300,ermordete,0.6544864773750305
lebendige_stella_training_data_cbow_lr0.05_epochs1_mincount50_ws5_dims300,auftragsmord,0.6525770425796509
lebendige_stella_training_data_cbow_lr0.05_epochs1_mincount50_ws5_dims300,mordverdachts,0.652377724647522
lebendige_stella_training_data_cbow_lr0.05_epochs1_mincount50_ws5_dims300,kindermord,0.6522394418716431
lebendige_stella_training_data_cbow_lr0.05_epochs1_mincount50_ws5_dims300,ermorden,0.6517704129219055
lebendige_stella_training_data_cbow_lr0.05_epochs1_mincount50_ws5_dims300,mordabsicht,0.6502290368080139
lebendige_stella_training_data_cbow_lr0.05_epochs1_mincount50_ws5_dims300,massenmordes,0.6496046781539917
lebendige_stella_training_data_cbow_lr0.05_epochs1_mincount50_ws5_dims300,mordgruppe,0.645887553691864
lebendige_stella_training_data_cbow_lr0.05_epochs1_mincount50_ws5_dims300,ermordeter,0.6413798332214355
lebendige_stella_training_data_cbow_lr0.05_epochs1_mincount50_ws5_dims300,mordopfern,0.6401286721229553
lebendige_stella_training_data_cbow_lr0.05_epochs1_mincount50_ws5_dims300,mordaschow,0.6399546265602112
lebendige_stella_training_data_cbow_lr0.05_epochs1_mincount50_ws5_dims300,mordpläne,0.6396114230155945
lebendige_stella_training_data_cbow_lr0.05_epochs1_mincount50_ws5_dims300,selbstmordes,0.6373816728591919
cc.de.300,morden,0.7455110549926758
cc.de.300,morde,0.7427424192428589
cc.de.300,totschlag,0.7408966422080994
cc.de.300,doppelmord,0.733852207660675
cc.de.300,mörder,0.714617908000946
cc.de.300,frauenmord,0.71052485704422
cc.de.300,mordversuch,0.7097964882850647
cc.de.300,mordfall,0.6960883736610413
cc.de.300,selbstmord,0.690954864025116
cc.de.300,auftragsmord,0.6857342720031738
cc.de.300,todschlag,0.684474527835846
cc.de.300,rachemord,0.6808486580848694
cc.de.300,mordes,0.6778623461723328
cc.de.300,verbrechen,0.6765487194061279
cc.de.300,massenmord,0.669174313545227
cc.de.300,serienmord,0.6680291891098022
cc.de.300,gattenmord,0.6678105592727661
cc.de.300,mädchenmord,0.6611542105674744
cc.de.300,dreifachmord,0.6594911813735962
cc.de.300,raubmord,0.6581616401672363
cc.de.300,muttermord,0.6576884984970093
cc.de.300,sexualmord,0.6520747542381287
cc.de.300,giftmord,0.6447768211364746
cc.de.300,ermordung,0.6426774859428406
cc.de.300,entführung,0.6419488191604614
cc.de.300,leichenraub,0.6409554481506348
cc.de.300,mordanschlag,0.6396113038063049
cc.de.300,mehrfachmord,0.6372259259223938
cc.de.300,verrat,0.6364653706550598
cc.de.300,doppelmordes,0.6259074807167053
cc.de.300,morder,0.6242913007736206
cc.de.300,brudermord,0.6220079660415649
cc.de.300,mords,0.6195572018623352
cc.de.300,mord,0.6170942187309265
cc.de.300,polizistenmord,0.6164646148681641
cc.de.300,vergewaltigung,0.6148325204849243
cc.de.300,gewaltverbrechen,0.6144371032714844
cc.de.300,königsmord,0.6138803362846375
cc.de.300,vierfachmord,0.6122727990150452
cc.de.300,vatermord,0.6122109889984131
cc.de.300,tötungsversuch,0.6117784976959229
cc.de.300,meuchelmord,0.6104322075843811
cc.de.300,kindermorde,0.6072536110877991
cc.de.300,verdeckungsmord,0.6068193316459656
cc.de.300,mörderspiele,0.6046862602233887
cc.de.300,mordermittlung,0.6018120646476746
cc.de.300,mordserie,0.6015998125076294
cc.de.300,priestermord,0.5993705987930298
cc.de.300,frauenmorden,0.5982906818389893
cc.de.300,auftragsmorden,0.5981827974319458
cc.de.300,mordermittlungen,0.597645103931427
cc.de.300,seelenmord,0.5955958962440491
cc.de.300,kindsmord,0.5955053567886353
cc.de.300,mördern,0.595268964767456
cc.de.300,polizistenmorde,0.594807505607605
cc.de.300,schwerverbrechen,0.5944997072219849
cc.de.300,serienmorden,0.5936676859855652
cc.de.300,soldatenmord,0.5934499502182007
cc.de.300,tiermord,0.5921393036842346
cc.de.300,serienmorde,0.5914785265922546
cc.de.300,mörderspiel,0.5906477570533752
cc.de.300,polizistenmorden,0.5886519551277161
cc.de.300,mädchenmörder,0.5883156061172485
cc.de.300,totschläge,0.5862281322479248
cc.de.300,lynchmord,0.5844710469245911
cc.de.300,tötungsdelikt,0.5840824842453003
cc.de.300,suizid,0.5835498571395874
cc.de.300,mordanschläge,0.5830601453781128
cc.de.300,tod,0.58237224817276
cc.de.300,bankeinbruch,0.58051997423172
cc.de.300,mordversuchen,0.5795047879219055
cc.de.300,leichenfund,0.5777276754379272
cc.de.300,bluttat,0.5774710774421692
cc.de.300,serienmörder,0.5758950114250183
cc.de.300,tötung,0.5752529501914978
cc.de.300,puppenmord,0.5751645565032959
cc.de.300,überfall,0.5740506052970886
cc.de.300,krimi,0.5734900832176208
cc.de.300,massaker,0.5726413726806641
cc.de.300,gewalttat,0.5723341107368469
cc.de.300,auftragsmorde,0.5710945725440979
cc.de.300,polizistenmordes,0.5707638263702393
cc.de.300,ritualmörder,0.5706264972686768
cc.de.300,erpressung,0.5700026750564575
cc.de.300,kindermord,0.5687146186828613
cc.de.300,mordgedanken,0.5684365630149841
cc.de.300,entführungsversuch,0.5682793855667114
cc.de.300,mordschlag,0.5681280493736267
cc.de.300,attentat,0.5672640204429626
cc.de.300,kindesmord,0.5666822791099548
cc.de.300,auftragsmordes,0.5661523342132568
cc.de.300,menschenraub,0.5656881332397461
cc.de.300,ehrenmord,0.5643466114997864
cc.de.300,raubüberfall,0.563278079032898
cc.de.300,ritualmord,0.5627858638763428
cc.de.300,ehebruch,0.562569260597229
cc.de.300,gewaltakt,0.5619834065437317
cc.de.300,mordende,0.5614109635353088
cc.de.300,mordversuche,0.5610008835792542
cc.de.300,racheakt,0.5609297752380371
