Model,Neighbor,Similarity
reizvoller_khalid_training_data_cbow_lr0.05_epochs1_mincount100_ws6_dims300,ehefrau,0.8143952488899231
reizvoller_khalid_training_data_cbow_lr0.05_epochs1_mincount100_ws6_dims300,lebensgefährtin,0.7957788705825806
reizvoller_khalid_training_data_cbow_lr0.05_epochs1_mincount100_ws6_dims300,schwägerin,0.7907798290252686
reizvoller_khalid_training_data_cbow_lr0.05_epochs1_mincount100_ws6_dims300,ehepartnerin,0.7877950072288513
reizvoller_khalid_training_data_cbow_lr0.05_epochs1_mincount100_ws6_dims300,freundin,0.7730464935302734
reizvoller_khalid_training_data_cbow_lr0.05_epochs1_mincount100_ws6_dims300,dienerin,0.7707822322845459
reizvoller_khalid_training_data_cbow_lr0.05_epochs1_mincount100_ws6_dims300,exfreundin,0.7625734806060791
reizvoller_khalid_training_data_cbow_lr0.05_epochs1_mincount100_ws6_dims300,exfrau,0.7601588368415833
reizvoller_khalid_training_data_cbow_lr0.05_epochs1_mincount100_ws6_dims300,nachbarin,0.7601268887519836
reizvoller_khalid_training_data_cbow_lr0.05_epochs1_mincount100_ws6_dims300,haushälterin,0.7584330439567566
reizvoller_khalid_training_data_cbow_lr0.05_epochs1_mincount100_ws6_dims300,mutter,0.7578601837158203
reizvoller_khalid_training_data_cbow_lr0.05_epochs1_mincount100_ws6_dims300,kellnerin,0.7544854879379272
reizvoller_khalid_training_data_cbow_lr0.05_epochs1_mincount100_ws6_dims300,gattin,0.7483295798301697
reizvoller_khalid_training_data_cbow_lr0.05_epochs1_mincount100_ws6_dims300,rentnerin,0.7462143898010254
reizvoller_khalid_training_data_cbow_lr0.05_epochs1_mincount100_ws6_dims300,nebenbuhlerin,0.7416735887527466
reizvoller_khalid_training_data_cbow_lr0.05_epochs1_mincount100_ws6_dims300,mitbewohnerin,0.7409816384315491
reizvoller_khalid_training_data_cbow_lr0.05_epochs1_mincount100_ws6_dims300,pensionistin,0.7394548058509827
reizvoller_khalid_training_data_cbow_lr0.05_epochs1_mincount100_ws6_dims300,babysitterin,0.7381527423858643
reizvoller_khalid_training_data_cbow_lr0.05_epochs1_mincount100_ws6_dims300,partnerin,0.7346935272216797
reizvoller_khalid_training_data_cbow_lr0.05_epochs1_mincount100_ws6_dims300,verehrerin,0.7280235886573792
reizvoller_khalid_training_data_cbow_lr0.05_epochs1_mincount100_ws6_dims300,kindsmörderin,0.7252478003501892
reizvoller_khalid_training_data_cbow_lr0.05_epochs1_mincount100_ws6_dims300,stiefmutter,0.7231200933456421
reizvoller_khalid_training_data_cbow_lr0.05_epochs1_mincount100_ws6_dims300,jugendfreundin,0.7217699885368347
reizvoller_khalid_training_data_cbow_lr0.05_epochs1_mincount100_ws6_dims300,zigeunerin,0.7210538983345032
reizvoller_khalid_training_data_cbow_lr0.05_epochs1_mincount100_ws6_dims300,lebenspartnerin,0.7191856503486633
reizvoller_khalid_training_data_cbow_lr0.05_epochs1_mincount100_ws6_dims300,perin,0.7181644439697266
reizvoller_khalid_training_data_cbow_lr0.05_epochs1_mincount100_ws6_dims300,mesnerin,0.7177411317825317
reizvoller_khalid_training_data_cbow_lr0.05_epochs1_mincount100_ws6_dims300,großmutter,0.7173473834991455
reizvoller_khalid_training_data_cbow_lr0.05_epochs1_mincount100_ws6_dims300,taxifahrerin,0.7156746983528137
reizvoller_khalid_training_data_cbow_lr0.05_epochs1_mincount100_ws6_dims300,räuberin,0.7138736248016357
reizvoller_khalid_training_data_cbow_lr0.05_epochs1_mincount100_ws6_dims300,schwester,0.7129682898521423
reizvoller_khalid_training_data_cbow_lr0.05_epochs1_mincount100_ws6_dims300,täterin,0.7122772336006165
reizvoller_khalid_training_data_cbow_lr0.05_epochs1_mincount100_ws6_dims300,stalkerin,0.7114964723587036
reizvoller_khalid_training_data_cbow_lr0.05_epochs1_mincount100_ws6_dims300,halterin,0.7110475897789001
reizvoller_khalid_training_data_cbow_lr0.05_epochs1_mincount100_ws6_dims300,bettlerin,0.7105676531791687
reizvoller_khalid_training_data_cbow_lr0.05_epochs1_mincount100_ws6_dims300,stieftochter,0.7095851898193359
reizvoller_khalid_training_data_cbow_lr0.05_epochs1_mincount100_ws6_dims300,gefährtin,0.7089606523513794
reizvoller_khalid_training_data_cbow_lr0.05_epochs1_mincount100_ws6_dims300,taxlerin,0.7087351679801941
reizvoller_khalid_training_data_cbow_lr0.05_epochs1_mincount100_ws6_dims300,ehegattin,0.7072468996047974
reizvoller_khalid_training_data_cbow_lr0.05_epochs1_mincount100_ws6_dims300,wärterin,0.7070685625076294
reizvoller_khalid_training_data_cbow_lr0.05_epochs1_mincount100_ws6_dims300,oberin,0.7067603468894958
reizvoller_khalid_training_data_cbow_lr0.05_epochs1_mincount100_ws6_dims300,hausfrau,0.7055853009223938
reizvoller_khalid_training_data_cbow_lr0.05_epochs1_mincount100_ws6_dims300,begleiterin,0.7040144801139832
reizvoller_khalid_training_data_cbow_lr0.05_epochs1_mincount100_ws6_dims300,mann,0.703416109085083
reizvoller_khalid_training_data_cbow_lr0.05_epochs1_mincount100_ws6_dims300,kollegin,0.7033746838569641
reizvoller_khalid_training_data_cbow_lr0.05_epochs1_mincount100_ws6_dims300,polizistin,0.701195478439331
reizvoller_khalid_training_data_cbow_lr0.05_epochs1_mincount100_ws6_dims300,schwerin,0.7009806632995605
reizvoller_khalid_training_data_cbow_lr0.05_epochs1_mincount100_ws6_dims300,passantin,0.6982701420783997
reizvoller_khalid_training_data_cbow_lr0.05_epochs1_mincount100_ws6_dims300,brautmutter,0.6970338821411133
reizvoller_khalid_training_data_cbow_lr0.05_epochs1_mincount100_ws6_dims300,teenagerin,0.6968305706977844
reizvoller_khalid_training_data_cbow_lr0.05_epochs1_mincount100_ws6_dims300,glyzerin,0.6962447166442871
reizvoller_khalid_training_data_cbow_lr0.05_epochs1_mincount100_ws6_dims300,halbschwester,0.6962078213691711
reizvoller_khalid_training_data_cbow_lr0.05_epochs1_mincount100_ws6_dims300,arzthelferin,0.6953752040863037
reizvoller_khalid_training_data_cbow_lr0.05_epochs1_mincount100_ws6_dims300,stiefschwester,0.6943800449371338
reizvoller_khalid_training_data_cbow_lr0.05_epochs1_mincount100_ws6_dims300,alkoholikerin,0.6937791705131531
reizvoller_khalid_training_data_cbow_lr0.05_epochs1_mincount100_ws6_dims300,hausbewohnerin,0.6929541230201721
reizvoller_khalid_training_data_cbow_lr0.05_epochs1_mincount100_ws6_dims300,klientin,0.6921758651733398
reizvoller_khalid_training_data_cbow_lr0.05_epochs1_mincount100_ws6_dims300,taxilenkerin,0.6900653839111328
reizvoller_khalid_training_data_cbow_lr0.05_epochs1_mincount100_ws6_dims300,beifahrerin,0.6898707151412964
reizvoller_khalid_training_data_cbow_lr0.05_epochs1_mincount100_ws6_dims300,somalierin,0.689458966255188
reizvoller_khalid_training_data_cbow_lr0.05_epochs1_mincount100_ws6_dims300,hausbesitzerin,0.6889325380325317
reizvoller_khalid_training_data_cbow_lr0.05_epochs1_mincount100_ws6_dims300,fluchthelferin,0.6880552172660828
reizvoller_khalid_training_data_cbow_lr0.05_epochs1_mincount100_ws6_dims300,mörderin,0.6874457001686096
reizvoller_khalid_training_data_cbow_lr0.05_epochs1_mincount100_ws6_dims300,mitschülerin,0.6870368123054504
reizvoller_khalid_training_data_cbow_lr0.05_epochs1_mincount100_ws6_dims300,frauenärztin,0.6870092749595642
reizvoller_khalid_training_data_cbow_lr0.05_epochs1_mincount100_ws6_dims300,kindsmutter,0.6869442462921143
reizvoller_khalid_training_data_cbow_lr0.05_epochs1_mincount100_ws6_dims300,irakerin,0.6863949298858643
reizvoller_khalid_training_data_cbow_lr0.05_epochs1_mincount100_ws6_dims300,ehebrecherin,0.6855325698852539
reizvoller_khalid_training_data_cbow_lr0.05_epochs1_mincount100_ws6_dims300,wienerin,0.6851539015769958
reizvoller_khalid_training_data_cbow_lr0.05_epochs1_mincount100_ws6_dims300,syrerin,0.684904932975769
reizvoller_khalid_training_data_cbow_lr0.05_epochs1_mincount100_ws6_dims300,geburtshelferin,0.6839633584022522
reizvoller_khalid_training_data_cbow_lr0.05_epochs1_mincount100_ws6_dims300,besitzerin,0.6823729276657104
reizvoller_khalid_training_data_cbow_lr0.05_epochs1_mincount100_ws6_dims300,liebhaberin,0.6821430325508118
reizvoller_khalid_training_data_cbow_lr0.05_epochs1_mincount100_ws6_dims300,schwiegermutter,0.6820683479309082
reizvoller_khalid_training_data_cbow_lr0.05_epochs1_mincount100_ws6_dims300,steyrerin,0.6814975142478943
reizvoller_khalid_training_data_cbow_lr0.05_epochs1_mincount100_ws6_dims300,seniorin,0.6813720464706421
reizvoller_khalid_training_data_cbow_lr0.05_epochs1_mincount100_ws6_dims300,busfahrerin,0.6813076734542847
reizvoller_khalid_training_data_cbow_lr0.05_epochs1_mincount100_ws6_dims300,joggerin,0.6812347769737244
reizvoller_khalid_training_data_cbow_lr0.05_epochs1_mincount100_ws6_dims300,ersthelferin,0.6799160838127136
reizvoller_khalid_training_data_cbow_lr0.05_epochs1_mincount100_ws6_dims300,vorbesitzerin,0.6790552735328674
reizvoller_khalid_training_data_cbow_lr0.05_epochs1_mincount100_ws6_dims300,bosnierin,0.6787989735603333
reizvoller_khalid_training_data_cbow_lr0.05_epochs1_mincount100_ws6_dims300,schaffnerin,0.6764397621154785
reizvoller_khalid_training_data_cbow_lr0.05_epochs1_mincount100_ws6_dims300,schwiegertochter,0.6764267683029175
reizvoller_khalid_training_data_cbow_lr0.05_epochs1_mincount100_ws6_dims300,heimhelferin,0.6764203906059265
reizvoller_khalid_training_data_cbow_lr0.05_epochs1_mincount100_ws6_dims300,mofalenkerin,0.6755266189575195
reizvoller_khalid_training_data_cbow_lr0.05_epochs1_mincount100_ws6_dims300,schifahrerin,0.6750321388244629
reizvoller_khalid_training_data_cbow_lr0.05_epochs1_mincount100_ws6_dims300,schulfreundin,0.6746789216995239
reizvoller_khalid_training_data_cbow_lr0.05_epochs1_mincount100_ws6_dims300,kassierin,0.6744806170463562
reizvoller_khalid_training_data_cbow_lr0.05_epochs1_mincount100_ws6_dims300,zahnarzthelferin,0.6743122339248657
reizvoller_khalid_training_data_cbow_lr0.05_epochs1_mincount100_ws6_dims300,anwohnerin,0.6742210984230042
reizvoller_khalid_training_data_cbow_lr0.05_epochs1_mincount100_ws6_dims300,haupttäterin,0.6741496324539185
reizvoller_khalid_training_data_cbow_lr0.05_epochs1_mincount100_ws6_dims300,aufpasserin,0.67412930727005
reizvoller_khalid_training_data_cbow_lr0.05_epochs1_mincount100_ws6_dims300,chauffeurin,0.6737322807312012
reizvoller_khalid_training_data_cbow_lr0.05_epochs1_mincount100_ws6_dims300,wächterin,0.6729867458343506
reizvoller_khalid_training_data_cbow_lr0.05_epochs1_mincount100_ws6_dims300,sanitäterin,0.6729331016540527
reizvoller_khalid_training_data_cbow_lr0.05_epochs1_mincount100_ws6_dims300,katzenbesitzerin,0.6714860796928406
reizvoller_khalid_training_data_cbow_lr0.05_epochs1_mincount100_ws6_dims300,pflegerin,0.6713595986366272
reizvoller_khalid_training_data_cbow_lr0.05_epochs1_mincount100_ws6_dims300,flitzerin,0.6710189580917358
reizvoller_khalid_training_data_cbow_lr0.05_epochs1_mincount100_ws6_dims300,mittäterin,0.6707178950309753
reizvoller_khalid_training_data_cbow_lr0.05_epochs1_mincount100_ws6_dims300,schulkollegin,0.6702984571456909
aktiver_vasilije_training_data_lower_cbow_lr0.05_epochs1_mincount10_ws5_dims300,ehefrau,0.8413536548614502
aktiver_vasilije_training_data_lower_cbow_lr0.05_epochs1_mincount10_ws5_dims300,exfrau,0.8376047611236572
aktiver_vasilije_training_data_lower_cbow_lr0.05_epochs1_mincount10_ws5_dims300,ehfrau,0.8310567140579224
aktiver_vasilije_training_data_lower_cbow_lr0.05_epochs1_mincount10_ws5_dims300,urfrau,0.7975197434425354
aktiver_vasilije_training_data_lower_cbow_lr0.05_epochs1_mincount10_ws5_dims300,lebefrau,0.7970477938652039
aktiver_vasilije_training_data_lower_cbow_lr0.05_epochs1_mincount10_ws5_dims300,frauin,0.7965291142463684
aktiver_vasilije_training_data_lower_cbow_lr0.05_epochs1_mincount10_ws5_dims300,barfrau,0.7963545918464661
aktiver_vasilije_training_data_lower_cbow_lr0.05_epochs1_mincount10_ws5_dims300,ehepartnerin,0.7954142093658447
aktiver_vasilije_training_data_lower_cbow_lr0.05_epochs1_mincount10_ws5_dims300,lebensgefährtin,0.7920771241188049
aktiver_vasilije_training_data_lower_cbow_lr0.05_epochs1_mincount10_ws5_dims300,maegdefrau,0.7919685244560242
aktiver_vasilije_training_data_lower_cbow_lr0.05_epochs1_mincount10_ws5_dims300,kindfrau,0.7852929830551147
aktiver_vasilije_training_data_lower_cbow_lr0.05_epochs1_mincount10_ws5_dims300,gattin,0.7784099578857422
aktiver_vasilije_training_data_lower_cbow_lr0.05_epochs1_mincount10_ws5_dims300,ahnfrau,0.7776923775672913
aktiver_vasilije_training_data_lower_cbow_lr0.05_epochs1_mincount10_ws5_dims300,klofrau,0.7771377563476562
aktiver_vasilije_training_data_lower_cbow_lr0.05_epochs1_mincount10_ws5_dims300,freundin,0.7768022418022156
aktiver_vasilije_training_data_lower_cbow_lr0.05_epochs1_mincount10_ws5_dims300,fremdgeherin,0.7732704281806946
aktiver_vasilije_training_data_lower_cbow_lr0.05_epochs1_mincount10_ws5_dims300,exfreundin,0.7716562747955322
aktiver_vasilije_training_data_lower_cbow_lr0.05_epochs1_mincount10_ws5_dims300,schwägerin,0.7706237435340881
aktiver_vasilije_training_data_lower_cbow_lr0.05_epochs1_mincount10_ws5_dims300,eherfrau,0.7668046355247498
aktiver_vasilije_training_data_lower_cbow_lr0.05_epochs1_mincount10_ws5_dims300,kärtnerin,0.765697181224823
aktiver_vasilije_training_data_lower_cbow_lr0.05_epochs1_mincount10_ws5_dims300,männermörderin,0.7650996446609497
aktiver_vasilije_training_data_lower_cbow_lr0.05_epochs1_mincount10_ws5_dims300,zuhälterin,0.7650620937347412
aktiver_vasilije_training_data_lower_cbow_lr0.05_epochs1_mincount10_ws5_dims300,sexpartnerin,0.7647876143455505
aktiver_vasilije_training_data_lower_cbow_lr0.05_epochs1_mincount10_ws5_dims300,nebenbuhlerin,0.7631535530090332
aktiver_vasilije_training_data_lower_cbow_lr0.05_epochs1_mincount10_ws5_dims300,peinigerin,0.7606388330459595
aktiver_vasilije_training_data_lower_cbow_lr0.05_epochs1_mincount10_ws5_dims300,partnerin,0.7566321492195129
aktiver_vasilije_training_data_lower_cbow_lr0.05_epochs1_mincount10_ws5_dims300,nachbarin,0.7554282546043396
aktiver_vasilije_training_data_lower_cbow_lr0.05_epochs1_mincount10_ws5_dims300,küsserin,0.7553337812423706
aktiver_vasilije_training_data_lower_cbow_lr0.05_epochs1_mincount10_ws5_dims300,exgattin,0.7541322112083435
aktiver_vasilije_training_data_lower_cbow_lr0.05_epochs1_mincount10_ws5_dims300,arztgattin,0.7538945078849792
aktiver_vasilije_training_data_lower_cbow_lr0.05_epochs1_mincount10_ws5_dims300,undin,0.7526479959487915
aktiver_vasilije_training_data_lower_cbow_lr0.05_epochs1_mincount10_ws5_dims300,mutter,0.7522631287574768
aktiver_vasilije_training_data_lower_cbow_lr0.05_epochs1_mincount10_ws5_dims300,haushälterin,0.7515960335731506
aktiver_vasilije_training_data_lower_cbow_lr0.05_epochs1_mincount10_ws5_dims300,schwyzerin,0.7515677809715271
aktiver_vasilije_training_data_lower_cbow_lr0.05_epochs1_mincount10_ws5_dims300,triebtäterin,0.7505005598068237
aktiver_vasilije_training_data_lower_cbow_lr0.05_epochs1_mincount10_ws5_dims300,alibifrau,0.750088095664978
aktiver_vasilije_training_data_lower_cbow_lr0.05_epochs1_mincount10_ws5_dims300,säuferin,0.7496224641799927
aktiver_vasilije_training_data_lower_cbow_lr0.05_epochs1_mincount10_ws5_dims300,pförtnerin,0.7469181418418884
aktiver_vasilije_training_data_lower_cbow_lr0.05_epochs1_mincount10_ws5_dims300,babysitterin,0.7457359433174133
aktiver_vasilije_training_data_lower_cbow_lr0.05_epochs1_mincount10_ws5_dims300,hausfrau,0.7446086406707764
aktiver_vasilije_training_data_lower_cbow_lr0.05_epochs1_mincount10_ws5_dims300,mutterhündin,0.7441483736038208
aktiver_vasilije_training_data_lower_cbow_lr0.05_epochs1_mincount10_ws5_dims300,rentnerin,0.7436102032661438
aktiver_vasilije_training_data_lower_cbow_lr0.05_epochs1_mincount10_ws5_dims300,erstfrau,0.7421256303787231
aktiver_vasilije_training_data_lower_cbow_lr0.05_epochs1_mincount10_ws5_dims300,vorfrau,0.7417252063751221
aktiver_vasilije_training_data_lower_cbow_lr0.05_epochs1_mincount10_ws5_dims300,pensionistin,0.741563081741333
aktiver_vasilije_training_data_lower_cbow_lr0.05_epochs1_mincount10_ws5_dims300,nerin,0.7414678931236267
aktiver_vasilije_training_data_lower_cbow_lr0.05_epochs1_mincount10_ws5_dims300,lebensfrau,0.7407695055007935
aktiver_vasilije_training_data_lower_cbow_lr0.05_epochs1_mincount10_ws5_dims300,mitbewohnerin,0.7399706244468689
aktiver_vasilije_training_data_lower_cbow_lr0.05_epochs1_mincount10_ws5_dims300,buhfrau,0.7389827966690063
aktiver_vasilije_training_data_lower_cbow_lr0.05_epochs1_mincount10_ws5_dims300,vplerin,0.738503634929657
aktiver_vasilije_training_data_lower_cbow_lr0.05_epochs1_mincount10_ws5_dims300,lebenspartnerin,0.7377347350120544
aktiver_vasilije_training_data_lower_cbow_lr0.05_epochs1_mincount10_ws5_dims300,exkollegin,0.7375984787940979
aktiver_vasilije_training_data_lower_cbow_lr0.05_epochs1_mincount10_ws5_dims300,leibwächterin,0.7370872497558594
aktiver_vasilije_training_data_lower_cbow_lr0.05_epochs1_mincount10_ws5_dims300,liebesdienerin,0.736731767654419
aktiver_vasilije_training_data_lower_cbow_lr0.05_epochs1_mincount10_ws5_dims300,berin,0.7364088296890259
aktiver_vasilije_training_data_lower_cbow_lr0.05_epochs1_mincount10_ws5_dims300,taxlerin,0.7361053228378296
aktiver_vasilije_training_data_lower_cbow_lr0.05_epochs1_mincount10_ws5_dims300,gebärerin,0.7360827326774597
aktiver_vasilije_training_data_lower_cbow_lr0.05_epochs1_mincount10_ws5_dims300,stalkerin,0.7345792055130005
aktiver_vasilije_training_data_lower_cbow_lr0.05_epochs1_mincount10_ws5_dims300,perin,0.7344715595245361
aktiver_vasilije_training_data_lower_cbow_lr0.05_epochs1_mincount10_ws5_dims300,ehegattin,0.7343698740005493
aktiver_vasilije_training_data_lower_cbow_lr0.05_epochs1_mincount10_ws5_dims300,verehrerin,0.7341986894607544
aktiver_vasilije_training_data_lower_cbow_lr0.05_epochs1_mincount10_ws5_dims300,göfnerin,0.7332372665405273
aktiver_vasilije_training_data_lower_cbow_lr0.05_epochs1_mincount10_ws5_dims300,expartnerin,0.7327859401702881
aktiver_vasilije_training_data_lower_cbow_lr0.05_epochs1_mincount10_ws5_dims300,nochehefrau,0.7324594259262085
aktiver_vasilije_training_data_lower_cbow_lr0.05_epochs1_mincount10_ws5_dims300,mobberin,0.73073810338974
aktiver_vasilije_training_data_lower_cbow_lr0.05_epochs1_mincount10_ws5_dims300,kellnerin,0.7301068902015686
aktiver_vasilije_training_data_lower_cbow_lr0.05_epochs1_mincount10_ws5_dims300,mesnerin,0.729570746421814
aktiver_vasilije_training_data_lower_cbow_lr0.05_epochs1_mincount10_ws5_dims300,schirmfrau,0.7294851541519165
aktiver_vasilije_training_data_lower_cbow_lr0.05_epochs1_mincount10_ws5_dims300,täterin,0.7283436059951782
aktiver_vasilije_training_data_lower_cbow_lr0.05_epochs1_mincount10_ws5_dims300,quäkerin,0.7272289991378784
aktiver_vasilije_training_data_lower_cbow_lr0.05_epochs1_mincount10_ws5_dims300,räuberin,0.7269569635391235
aktiver_vasilije_training_data_lower_cbow_lr0.05_epochs1_mincount10_ws5_dims300,kerin,0.726922333240509
aktiver_vasilije_training_data_lower_cbow_lr0.05_epochs1_mincount10_ws5_dims300,kollegin,0.7261378169059753
aktiver_vasilije_training_data_lower_cbow_lr0.05_epochs1_mincount10_ws5_dims300,geherin,0.7253641486167908
aktiver_vasilije_training_data_lower_cbow_lr0.05_epochs1_mincount10_ws5_dims300,trantin,0.7248403429985046
aktiver_vasilije_training_data_lower_cbow_lr0.05_epochs1_mincount10_ws5_dims300,gattenmörderin,0.7248237729072571
aktiver_vasilije_training_data_lower_cbow_lr0.05_epochs1_mincount10_ws5_dims300,pyerin,0.724708080291748
aktiver_vasilije_training_data_lower_cbow_lr0.05_epochs1_mincount10_ws5_dims300,passantin,0.724632203578949
aktiver_vasilije_training_data_lower_cbow_lr0.05_epochs1_mincount10_ws5_dims300,aberin,0.7243094444274902
aktiver_vasilije_training_data_lower_cbow_lr0.05_epochs1_mincount10_ws5_dims300,ersthelferin,0.7242313623428345
aktiver_vasilije_training_data_lower_cbow_lr0.05_epochs1_mincount10_ws5_dims300,wärterin,0.7238016724586487
aktiver_vasilije_training_data_lower_cbow_lr0.05_epochs1_mincount10_ws5_dims300,bezauerin,0.723792314529419
aktiver_vasilije_training_data_lower_cbow_lr0.05_epochs1_mincount10_ws5_dims300,ketzerin,0.7237666845321655
aktiver_vasilije_training_data_lower_cbow_lr0.05_epochs1_mincount10_ws5_dims300,p-mutter,0.7236483097076416
aktiver_vasilije_training_data_lower_cbow_lr0.05_epochs1_mincount10_ws5_dims300,lebensfreundin,0.7232664227485657
aktiver_vasilije_training_data_lower_cbow_lr0.05_epochs1_mincount10_ws5_dims300,familienhelferin,0.7226001024246216
aktiver_vasilije_training_data_lower_cbow_lr0.05_epochs1_mincount10_ws5_dims300,rozerin,0.7225097417831421
aktiver_vasilije_training_data_lower_cbow_lr0.05_epochs1_mincount10_ws5_dims300,schenkerin,0.7224665880203247
aktiver_vasilije_training_data_lower_cbow_lr0.05_epochs1_mincount10_ws5_dims300,séverin,0.721533477306366
aktiver_vasilije_training_data_lower_cbow_lr0.05_epochs1_mincount10_ws5_dims300,strohfrau,0.7212896347045898
aktiver_vasilije_training_data_lower_cbow_lr0.05_epochs1_mincount10_ws5_dims300,büglerin,0.7210724949836731
aktiver_vasilije_training_data_lower_cbow_lr0.05_epochs1_mincount10_ws5_dims300,kawerin,0.720396101474762
aktiver_vasilije_training_data_lower_cbow_lr0.05_epochs1_mincount10_ws5_dims300,türsteherin,0.7200802564620972
aktiver_vasilije_training_data_lower_cbow_lr0.05_epochs1_mincount10_ws5_dims300,bettlerin,0.7194591164588928
aktiver_vasilije_training_data_lower_cbow_lr0.05_epochs1_mincount10_ws5_dims300,stiefmutter,0.7192323803901672
aktiver_vasilije_training_data_lower_cbow_lr0.05_epochs1_mincount10_ws5_dims300,kindsmörderin,0.7191856503486633
aktiver_vasilije_training_data_lower_cbow_lr0.05_epochs1_mincount10_ws5_dims300,derin,0.7191066741943359
aktiver_vasilije_training_data_lower_cbow_lr0.05_epochs1_mincount10_ws5_dims300,möggnerin,0.7190759778022766
aktiver_vasilije_training_data_lower_cbow_lr0.05_epochs1_mincount10_ws5_dims300,vorfahrerin,0.7189486622810364
aktiver_vasilije_training_data_lower_cbow_lr0.05_epochs1_mincount10_ws5_dims300,umarmerin,0.7189270853996277
muntere_ashley_training_data_lower_cbow_lr0.05_epochs1_mincount5_ws12_dims300,exfrau,0.8371910452842712
muntere_ashley_training_data_lower_cbow_lr0.05_epochs1_mincount5_ws12_dims300,mannfrau,0.8334746360778809
muntere_ashley_training_data_lower_cbow_lr0.05_epochs1_mincount5_ws12_dims300,ehfrau,0.8332899212837219
muntere_ashley_training_data_lower_cbow_lr0.05_epochs1_mincount5_ws12_dims300,ehefrau,0.8302580118179321
muntere_ashley_training_data_lower_cbow_lr0.05_epochs1_mincount5_ws12_dims300,frauin,0.8215835690498352
muntere_ashley_training_data_lower_cbow_lr0.05_epochs1_mincount5_ws12_dims300,exehefrau,0.8033251166343689
muntere_ashley_training_data_lower_cbow_lr0.05_epochs1_mincount5_ws12_dims300,maegdefrau,0.8021345734596252
muntere_ashley_training_data_lower_cbow_lr0.05_epochs1_mincount5_ws12_dims300,männerin,0.7956526279449463
muntere_ashley_training_data_lower_cbow_lr0.05_epochs1_mincount5_ws12_dims300,urfrau,0.7934588193893433
muntere_ashley_training_data_lower_cbow_lr0.05_epochs1_mincount5_ws12_dims300,barfrau,0.7914717197418213
muntere_ashley_training_data_lower_cbow_lr0.05_epochs1_mincount5_ws12_dims300,lebefrau,0.7886569499969482
muntere_ashley_training_data_lower_cbow_lr0.05_epochs1_mincount5_ws12_dims300,waidfrau,0.787720799446106
muntere_ashley_training_data_lower_cbow_lr0.05_epochs1_mincount5_ws12_dims300,erdfrau,0.7798618078231812
muntere_ashley_training_data_lower_cbow_lr0.05_epochs1_mincount5_ws12_dims300,klofrau,0.779244601726532
muntere_ashley_training_data_lower_cbow_lr0.05_epochs1_mincount5_ws12_dims300,männermörderin,0.7785837054252625
muntere_ashley_training_data_lower_cbow_lr0.05_epochs1_mincount5_ws12_dims300,häuslfrau,0.7777807116508484
muntere_ashley_training_data_lower_cbow_lr0.05_epochs1_mincount5_ws12_dims300,mutterin,0.775810718536377
muntere_ashley_training_data_lower_cbow_lr0.05_epochs1_mincount5_ws12_dims300,kindfrau,0.774430513381958
muntere_ashley_training_data_lower_cbow_lr0.05_epochs1_mincount5_ws12_dims300,ehepartnerin,0.7712539434432983
muntere_ashley_training_data_lower_cbow_lr0.05_epochs1_mincount5_ws12_dims300,lebensgefährtin,0.769730269908905
muntere_ashley_training_data_lower_cbow_lr0.05_epochs1_mincount5_ws12_dims300,muttermörderin,0.7696713209152222
muntere_ashley_training_data_lower_cbow_lr0.05_epochs1_mincount5_ws12_dims300,eherfrau,0.7682462334632874
muntere_ashley_training_data_lower_cbow_lr0.05_epochs1_mincount5_ws12_dims300,ahnfrau,0.7642165422439575
muntere_ashley_training_data_lower_cbow_lr0.05_epochs1_mincount5_ws12_dims300,schwägerin,0.7630913257598877
muntere_ashley_training_data_lower_cbow_lr0.05_epochs1_mincount5_ws12_dims300,hausfrau,0.7597626447677612
muntere_ashley_training_data_lower_cbow_lr0.05_epochs1_mincount5_ws12_dims300,frauund,0.7547372579574585
muntere_ashley_training_data_lower_cbow_lr0.05_epochs1_mincount5_ws12_dims300,fremdgeherin,0.7543227076530457
muntere_ashley_training_data_lower_cbow_lr0.05_epochs1_mincount5_ws12_dims300,exfreundin,0.7480059266090393
muntere_ashley_training_data_lower_cbow_lr0.05_epochs1_mincount5_ws12_dims300,fronfrau,0.7473532557487488
muntere_ashley_training_data_lower_cbow_lr0.05_epochs1_mincount5_ws12_dims300,furzfrau,0.746498703956604
muntere_ashley_training_data_lower_cbow_lr0.05_epochs1_mincount5_ws12_dims300,lebensfrau,0.7464252710342407
muntere_ashley_training_data_lower_cbow_lr0.05_epochs1_mincount5_ws12_dims300,freundin,0.7455569505691528
muntere_ashley_training_data_lower_cbow_lr0.05_epochs1_mincount5_ws12_dims300,nachbarsfrau,0.7437596917152405
muntere_ashley_training_data_lower_cbow_lr0.05_epochs1_mincount5_ws12_dims300,zuhälterin,0.7436641454696655
muntere_ashley_training_data_lower_cbow_lr0.05_epochs1_mincount5_ws12_dims300,alibifrau,0.7420079112052917
muntere_ashley_training_data_lower_cbow_lr0.05_epochs1_mincount5_ws12_dims300,kaktusfrau,0.7401925921440125
muntere_ashley_training_data_lower_cbow_lr0.05_epochs1_mincount5_ws12_dims300,liebesdienerin,0.7378507256507874
muntere_ashley_training_data_lower_cbow_lr0.05_epochs1_mincount5_ws12_dims300,babysitterin,0.7370442748069763
muntere_ashley_training_data_lower_cbow_lr0.05_epochs1_mincount5_ws12_dims300,arztfrau,0.7358952164649963
muntere_ashley_training_data_lower_cbow_lr0.05_epochs1_mincount5_ws12_dims300,gutsfrau,0.7348071336746216
muntere_ashley_training_data_lower_cbow_lr0.05_epochs1_mincount5_ws12_dims300,opferin,0.7345814108848572
muntere_ashley_training_data_lower_cbow_lr0.05_epochs1_mincount5_ws12_dims300,kindsfrau,0.7344635128974915
muntere_ashley_training_data_lower_cbow_lr0.05_epochs1_mincount5_ws12_dims300,kellnerin,0.7337486743927002
muntere_ashley_training_data_lower_cbow_lr0.05_epochs1_mincount5_ws12_dims300,haushälterin,0.7328103184700012
muntere_ashley_training_data_lower_cbow_lr0.05_epochs1_mincount5_ws12_dims300,undin,0.7324092388153076
muntere_ashley_training_data_lower_cbow_lr0.05_epochs1_mincount5_ws12_dims300,mädchenmalerin,0.7323152422904968
muntere_ashley_training_data_lower_cbow_lr0.05_epochs1_mincount5_ws12_dims300,männerhasserin,0.7322160601615906
muntere_ashley_training_data_lower_cbow_lr0.05_epochs1_mincount5_ws12_dims300,säuferin,0.7312914729118347
muntere_ashley_training_data_lower_cbow_lr0.05_epochs1_mincount5_ws12_dims300,suberin,0.731253981590271
muntere_ashley_training_data_lower_cbow_lr0.05_epochs1_mincount5_ws12_dims300,kärtnerin,0.728521466255188
muntere_ashley_training_data_lower_cbow_lr0.05_epochs1_mincount5_ws12_dims300,sylterin,0.7280086874961853
muntere_ashley_training_data_lower_cbow_lr0.05_epochs1_mincount5_ws12_dims300,mutter,0.7279855608940125
muntere_ashley_training_data_lower_cbow_lr0.05_epochs1_mincount5_ws12_dims300,nebenbuhlerin,0.7267529368400574
muntere_ashley_training_data_lower_cbow_lr0.05_epochs1_mincount5_ws12_dims300,buhfrau,0.7266921401023865
muntere_ashley_training_data_lower_cbow_lr0.05_epochs1_mincount5_ws12_dims300,gebärerin,0.7266446948051453
muntere_ashley_training_data_lower_cbow_lr0.05_epochs1_mincount5_ws12_dims300,gattin,0.7260062098503113
muntere_ashley_training_data_lower_cbow_lr0.05_epochs1_mincount5_ws12_dims300,überfrau,0.7259249687194824
muntere_ashley_training_data_lower_cbow_lr0.05_epochs1_mincount5_ws12_dims300,küsserin,0.7254667282104492
muntere_ashley_training_data_lower_cbow_lr0.05_epochs1_mincount5_ws12_dims300,lebenspartnerin,0.7254474759101868
muntere_ashley_training_data_lower_cbow_lr0.05_epochs1_mincount5_ws12_dims300,pförtnerin,0.7253229022026062
muntere_ashley_training_data_lower_cbow_lr0.05_epochs1_mincount5_ws12_dims300,erstfrau,0.7252606749534607
muntere_ashley_training_data_lower_cbow_lr0.05_epochs1_mincount5_ws12_dims300,babymörderin,0.7236446738243103
muntere_ashley_training_data_lower_cbow_lr0.05_epochs1_mincount5_ws12_dims300,feundin,0.7232344746589661
muntere_ashley_training_data_lower_cbow_lr0.05_epochs1_mincount5_ws12_dims300,kindsmörderin,0.7228313684463501
muntere_ashley_training_data_lower_cbow_lr0.05_epochs1_mincount5_ws12_dims300,peinigerin,0.7224331498146057
muntere_ashley_training_data_lower_cbow_lr0.05_epochs1_mincount5_ws12_dims300,fährfrau,0.7224128246307373
muntere_ashley_training_data_lower_cbow_lr0.05_epochs1_mincount5_ws12_dims300,schwyzerin,0.7219333648681641
muntere_ashley_training_data_lower_cbow_lr0.05_epochs1_mincount5_ws12_dims300,hausoberin,0.7210628390312195
muntere_ashley_training_data_lower_cbow_lr0.05_epochs1_mincount5_ws12_dims300,vplerin,0.7210482954978943
muntere_ashley_training_data_lower_cbow_lr0.05_epochs1_mincount5_ws12_dims300,orffrau,0.7205487489700317
muntere_ashley_training_data_lower_cbow_lr0.05_epochs1_mincount5_ws12_dims300,marzerin,0.7195595502853394
muntere_ashley_training_data_lower_cbow_lr0.05_epochs1_mincount5_ws12_dims300,alibifreundin,0.7194056510925293
muntere_ashley_training_data_lower_cbow_lr0.05_epochs1_mincount5_ws12_dims300,küsntlerin,0.7192634344100952
muntere_ashley_training_data_lower_cbow_lr0.05_epochs1_mincount5_ws12_dims300,rentnerin,0.7184410691261292
muntere_ashley_training_data_lower_cbow_lr0.05_epochs1_mincount5_ws12_dims300,partnerin,0.7184063196182251
muntere_ashley_training_data_lower_cbow_lr0.05_epochs1_mincount5_ws12_dims300,ehestörerin,0.7182185053825378
muntere_ashley_training_data_lower_cbow_lr0.05_epochs1_mincount5_ws12_dims300,sexpartnerin,0.717875063419342
muntere_ashley_training_data_lower_cbow_lr0.05_epochs1_mincount5_ws12_dims300,vollblutfrau,0.7174690365791321
muntere_ashley_training_data_lower_cbow_lr0.05_epochs1_mincount5_ws12_dims300,mobberin,0.7161880135536194
muntere_ashley_training_data_lower_cbow_lr0.05_epochs1_mincount5_ws12_dims300,vorfrau,0.7160912156105042
muntere_ashley_training_data_lower_cbow_lr0.05_epochs1_mincount5_ws12_dims300,zechkellnerin,0.7160835862159729
muntere_ashley_training_data_lower_cbow_lr0.05_epochs1_mincount5_ws12_dims300,mann,0.7153705358505249
muntere_ashley_training_data_lower_cbow_lr0.05_epochs1_mincount5_ws12_dims300,stalkerin,0.7153151631355286
muntere_ashley_training_data_lower_cbow_lr0.05_epochs1_mincount5_ws12_dims300,alkovenerin,0.7150428295135498
muntere_ashley_training_data_lower_cbow_lr0.05_epochs1_mincount5_ws12_dims300,zugehfrau,0.7148692011833191
muntere_ashley_training_data_lower_cbow_lr0.05_epochs1_mincount5_ws12_dims300,oberin,0.7139373421669006
muntere_ashley_training_data_lower_cbow_lr0.05_epochs1_mincount5_ws12_dims300,berin,0.7138633131980896
muntere_ashley_training_data_lower_cbow_lr0.05_epochs1_mincount5_ws12_dims300,axtmörderin,0.7133570313453674
muntere_ashley_training_data_lower_cbow_lr0.05_epochs1_mincount5_ws12_dims300,herrerin,0.7132219076156616
muntere_ashley_training_data_lower_cbow_lr0.05_epochs1_mincount5_ws12_dims300,gattenmörderin,0.7122807502746582
muntere_ashley_training_data_lower_cbow_lr0.05_epochs1_mincount5_ws12_dims300,malierin,0.7122534513473511
muntere_ashley_training_data_lower_cbow_lr0.05_epochs1_mincount5_ws12_dims300,räuberin,0.7114919424057007
muntere_ashley_training_data_lower_cbow_lr0.05_epochs1_mincount5_ws12_dims300,würgerin,0.7111459374427795
muntere_ashley_training_data_lower_cbow_lr0.05_epochs1_mincount5_ws12_dims300,ketzerin,0.7110573053359985
muntere_ashley_training_data_lower_cbow_lr0.05_epochs1_mincount5_ws12_dims300,arztgattin,0.7106165289878845
muntere_ashley_training_data_lower_cbow_lr0.05_epochs1_mincount5_ws12_dims300,perin,0.7103559970855713
muntere_ashley_training_data_lower_cbow_lr0.05_epochs1_mincount5_ws12_dims300,männerfresserin,0.7101167440414429
muntere_ashley_training_data_lower_cbow_lr0.05_epochs1_mincount5_ws12_dims300,täterin,0.7100501656532288
muntere_ashley_training_data_lower_cbow_lr0.05_epochs1_mincount5_ws12_dims300,mutte,0.709930956363678
muntere_ashley_training_data_lower_cbow_lr0.05_epochs1_mincount5_ws12_dims300,nachbarin,0.7091023921966553
grantiger_baris_training_data_lower_cbow_lr0.05_epochs1_mincount10_ws24_dims300,ehfrau,0.8163859248161316
grantiger_baris_training_data_lower_cbow_lr0.05_epochs1_mincount10_ws24_dims300,exfrau,0.8161351084709167
grantiger_baris_training_data_lower_cbow_lr0.05_epochs1_mincount10_ws24_dims300,ehefrau,0.8027918934822083
grantiger_baris_training_data_lower_cbow_lr0.05_epochs1_mincount10_ws24_dims300,frauin,0.7818113565444946
grantiger_baris_training_data_lower_cbow_lr0.05_epochs1_mincount10_ws24_dims300,lebefrau,0.7649682760238647
grantiger_baris_training_data_lower_cbow_lr0.05_epochs1_mincount10_ws24_dims300,lebensgefährtin,0.7644440531730652
grantiger_baris_training_data_lower_cbow_lr0.05_epochs1_mincount10_ws24_dims300,barfrau,0.7634915113449097
grantiger_baris_training_data_lower_cbow_lr0.05_epochs1_mincount10_ws24_dims300,schwägerin,0.7589916586875916
grantiger_baris_training_data_lower_cbow_lr0.05_epochs1_mincount10_ws24_dims300,ehepartnerin,0.7518107891082764
grantiger_baris_training_data_lower_cbow_lr0.05_epochs1_mincount10_ws24_dims300,eherfrau,0.7499856352806091
grantiger_baris_training_data_lower_cbow_lr0.05_epochs1_mincount10_ws24_dims300,urfrau,0.7497985363006592
grantiger_baris_training_data_lower_cbow_lr0.05_epochs1_mincount10_ws24_dims300,maegdefrau,0.7489742636680603
grantiger_baris_training_data_lower_cbow_lr0.05_epochs1_mincount10_ws24_dims300,männermörderin,0.7487661838531494
grantiger_baris_training_data_lower_cbow_lr0.05_epochs1_mincount10_ws24_dims300,hausfrau,0.7468395233154297
grantiger_baris_training_data_lower_cbow_lr0.05_epochs1_mincount10_ws24_dims300,fremdgeherin,0.7461592555046082
grantiger_baris_training_data_lower_cbow_lr0.05_epochs1_mincount10_ws24_dims300,kindfrau,0.7443239688873291
grantiger_baris_training_data_lower_cbow_lr0.05_epochs1_mincount10_ws24_dims300,klofrau,0.7442249059677124
grantiger_baris_training_data_lower_cbow_lr0.05_epochs1_mincount10_ws24_dims300,mutter,0.7332754731178284
grantiger_baris_training_data_lower_cbow_lr0.05_epochs1_mincount10_ws24_dims300,ahnfrau,0.7321216464042664
grantiger_baris_training_data_lower_cbow_lr0.05_epochs1_mincount10_ws24_dims300,buhfrau,0.723531186580658
grantiger_baris_training_data_lower_cbow_lr0.05_epochs1_mincount10_ws24_dims300,zuhälterin,0.721045970916748
grantiger_baris_training_data_lower_cbow_lr0.05_epochs1_mincount10_ws24_dims300,haushälterin,0.7207309603691101
grantiger_baris_training_data_lower_cbow_lr0.05_epochs1_mincount10_ws24_dims300,mann,0.7150334119796753
grantiger_baris_training_data_lower_cbow_lr0.05_epochs1_mincount10_ws24_dims300,alibifrau,0.7130337357521057
grantiger_baris_training_data_lower_cbow_lr0.05_epochs1_mincount10_ws24_dims300,erstfrau,0.7115095853805542
grantiger_baris_training_data_lower_cbow_lr0.05_epochs1_mincount10_ws24_dims300,schwyzerin,0.7098653316497803
grantiger_baris_training_data_lower_cbow_lr0.05_epochs1_mincount10_ws24_dims300,liebesdienerin,0.7092596888542175
grantiger_baris_training_data_lower_cbow_lr0.05_epochs1_mincount10_ws24_dims300,lebensfrau,0.7088658213615417
grantiger_baris_training_data_lower_cbow_lr0.05_epochs1_mincount10_ws24_dims300,undin,0.7071135640144348
grantiger_baris_training_data_lower_cbow_lr0.05_epochs1_mincount10_ws24_dims300,gebärerin,0.7070579528808594
grantiger_baris_training_data_lower_cbow_lr0.05_epochs1_mincount10_ws24_dims300,hausoberin,0.706804633140564
grantiger_baris_training_data_lower_cbow_lr0.05_epochs1_mincount10_ws24_dims300,pförtnerin,0.7049973011016846
grantiger_baris_training_data_lower_cbow_lr0.05_epochs1_mincount10_ws24_dims300,überfrau,0.7048527598381042
grantiger_baris_training_data_lower_cbow_lr0.05_epochs1_mincount10_ws24_dims300,nebenbuhlerin,0.7044895887374878
grantiger_baris_training_data_lower_cbow_lr0.05_epochs1_mincount10_ws24_dims300,säuferin,0.7041702270507812
grantiger_baris_training_data_lower_cbow_lr0.05_epochs1_mincount10_ws24_dims300,kärtnerin,0.7035273313522339
grantiger_baris_training_data_lower_cbow_lr0.05_epochs1_mincount10_ws24_dims300,peinigerin,0.7009856104850769
grantiger_baris_training_data_lower_cbow_lr0.05_epochs1_mincount10_ws24_dims300,triebtäterin,0.7007333040237427
grantiger_baris_training_data_lower_cbow_lr0.05_epochs1_mincount10_ws24_dims300,zugehfrau,0.7003788352012634
grantiger_baris_training_data_lower_cbow_lr0.05_epochs1_mincount10_ws24_dims300,oberin,0.6987035870552063
grantiger_baris_training_data_lower_cbow_lr0.05_epochs1_mincount10_ws24_dims300,täterin,0.6984553933143616
grantiger_baris_training_data_lower_cbow_lr0.05_epochs1_mincount10_ws24_dims300,freundin,0.6981583833694458
grantiger_baris_training_data_lower_cbow_lr0.05_epochs1_mincount10_ws24_dims300,exfreundin,0.6971696019172668
grantiger_baris_training_data_lower_cbow_lr0.05_epochs1_mincount10_ws24_dims300,pyerin,0.6956177949905396
grantiger_baris_training_data_lower_cbow_lr0.05_epochs1_mincount10_ws24_dims300,rozerin,0.6950383186340332
grantiger_baris_training_data_lower_cbow_lr0.05_epochs1_mincount10_ws24_dims300,küsserin,0.6949363946914673
grantiger_baris_training_data_lower_cbow_lr0.05_epochs1_mincount10_ws24_dims300,nachbarin,0.6940287947654724
grantiger_baris_training_data_lower_cbow_lr0.05_epochs1_mincount10_ws24_dims300,p-mutter,0.6939479112625122
grantiger_baris_training_data_lower_cbow_lr0.05_epochs1_mincount10_ws24_dims300,vorfrau,0.6929564476013184
grantiger_baris_training_data_lower_cbow_lr0.05_epochs1_mincount10_ws24_dims300,aberin,0.6929029822349548
grantiger_baris_training_data_lower_cbow_lr0.05_epochs1_mincount10_ws24_dims300,mesnerin,0.6928725242614746
grantiger_baris_training_data_lower_cbow_lr0.05_epochs1_mincount10_ws24_dims300,babysitterin,0.6928305625915527
grantiger_baris_training_data_lower_cbow_lr0.05_epochs1_mincount10_ws24_dims300,meßnerin,0.6927514672279358
grantiger_baris_training_data_lower_cbow_lr0.05_epochs1_mincount10_ws24_dims300,kerin,0.6923747658729553
grantiger_baris_training_data_lower_cbow_lr0.05_epochs1_mincount10_ws24_dims300,nerin,0.6923270225524902
grantiger_baris_training_data_lower_cbow_lr0.05_epochs1_mincount10_ws24_dims300,berin,0.6922972798347473
grantiger_baris_training_data_lower_cbow_lr0.05_epochs1_mincount10_ws24_dims300,lebenspartnerin,0.6918973326683044
grantiger_baris_training_data_lower_cbow_lr0.05_epochs1_mincount10_ws24_dims300,räuberin,0.6914698481559753
grantiger_baris_training_data_lower_cbow_lr0.05_epochs1_mincount10_ws24_dims300,kellnerin,0.6911739706993103
grantiger_baris_training_data_lower_cbow_lr0.05_epochs1_mincount10_ws24_dims300,männerhasserin,0.6905564665794373
grantiger_baris_training_data_lower_cbow_lr0.05_epochs1_mincount10_ws24_dims300,vplerin,0.6896756887435913
grantiger_baris_training_data_lower_cbow_lr0.05_epochs1_mincount10_ws24_dims300,verehrerin,0.6890314817428589
grantiger_baris_training_data_lower_cbow_lr0.05_epochs1_mincount10_ws24_dims300,gattenmörderin,0.6882574558258057
grantiger_baris_training_data_lower_cbow_lr0.05_epochs1_mincount10_ws24_dims300,schlagfrau,0.6872627139091492
grantiger_baris_training_data_lower_cbow_lr0.05_epochs1_mincount10_ws24_dims300,arztgattin,0.6872318387031555
grantiger_baris_training_data_lower_cbow_lr0.05_epochs1_mincount10_ws24_dims300,sexpartnerin,0.6863323450088501
grantiger_baris_training_data_lower_cbow_lr0.05_epochs1_mincount10_ws24_dims300,perin,0.6861054301261902
grantiger_baris_training_data_lower_cbow_lr0.05_epochs1_mincount10_ws24_dims300,partnerin,0.68568354845047
grantiger_baris_training_data_lower_cbow_lr0.05_epochs1_mincount10_ws24_dims300,weanerin,0.6847779154777527
grantiger_baris_training_data_lower_cbow_lr0.05_epochs1_mincount10_ws24_dims300,mutterhündin,0.6845560073852539
grantiger_baris_training_data_lower_cbow_lr0.05_epochs1_mincount10_ws24_dims300,dienerin,0.6842870712280273
grantiger_baris_training_data_lower_cbow_lr0.05_epochs1_mincount10_ws24_dims300,kindsmörderin,0.6832869052886963
grantiger_baris_training_data_lower_cbow_lr0.05_epochs1_mincount10_ws24_dims300,ketzerin,0.6830925941467285
grantiger_baris_training_data_lower_cbow_lr0.05_epochs1_mincount10_ws24_dims300,taxlerin,0.682827353477478
grantiger_baris_training_data_lower_cbow_lr0.05_epochs1_mincount10_ws24_dims300,gattin,0.6826391816139221
grantiger_baris_training_data_lower_cbow_lr0.05_epochs1_mincount10_ws24_dims300,liebhaberin,0.6822656989097595
grantiger_baris_training_data_lower_cbow_lr0.05_epochs1_mincount10_ws24_dims300,muttergöttin,0.6820213198661804
grantiger_baris_training_data_lower_cbow_lr0.05_epochs1_mincount10_ws24_dims300,perserin,0.6818748712539673
grantiger_baris_training_data_lower_cbow_lr0.05_epochs1_mincount10_ws24_dims300,familienhelferin,0.6817739009857178
grantiger_baris_training_data_lower_cbow_lr0.05_epochs1_mincount10_ws24_dims300,hausiererin,0.6817569136619568
grantiger_baris_training_data_lower_cbow_lr0.05_epochs1_mincount10_ws24_dims300,rentnerin,0.6808925867080688
grantiger_baris_training_data_lower_cbow_lr0.05_epochs1_mincount10_ws24_dims300,bezauerin,0.6804078221321106
grantiger_baris_training_data_lower_cbow_lr0.05_epochs1_mincount10_ws24_dims300,berberin,0.6801132559776306
grantiger_baris_training_data_lower_cbow_lr0.05_epochs1_mincount10_ws24_dims300,zechkellnerin,0.6798209547996521
grantiger_baris_training_data_lower_cbow_lr0.05_epochs1_mincount10_ws24_dims300,klempnerin,0.6791343092918396
grantiger_baris_training_data_lower_cbow_lr0.05_epochs1_mincount10_ws24_dims300,schwerin,0.678021252155304
grantiger_baris_training_data_lower_cbow_lr0.05_epochs1_mincount10_ws24_dims300,schmuserin,0.6775480508804321
grantiger_baris_training_data_lower_cbow_lr0.05_epochs1_mincount10_ws24_dims300,geherin,0.6774789094924927
grantiger_baris_training_data_lower_cbow_lr0.05_epochs1_mincount10_ws24_dims300,mittvierzigerin,0.677405595779419
grantiger_baris_training_data_lower_cbow_lr0.05_epochs1_mincount10_ws24_dims300,möggnerin,0.6770777702331543
grantiger_baris_training_data_lower_cbow_lr0.05_epochs1_mincount10_ws24_dims300,serin,0.6763599514961243
grantiger_baris_training_data_lower_cbow_lr0.05_epochs1_mincount10_ws24_dims300,muqrin,0.6763579249382019
grantiger_baris_training_data_lower_cbow_lr0.05_epochs1_mincount10_ws24_dims300,hausmutter,0.6761403679847717
grantiger_baris_training_data_lower_cbow_lr0.05_epochs1_mincount10_ws24_dims300,hofbesitzerin,0.6759424805641174
grantiger_baris_training_data_lower_cbow_lr0.05_epochs1_mincount10_ws24_dims300,quäkerin,0.674587070941925
grantiger_baris_training_data_lower_cbow_lr0.05_epochs1_mincount10_ws24_dims300,pèlerin,0.6742978096008301
grantiger_baris_training_data_lower_cbow_lr0.05_epochs1_mincount10_ws24_dims300,frührentnerin,0.6740733981132507
grantiger_baris_training_data_lower_cbow_lr0.05_epochs1_mincount10_ws24_dims300,göfnerin,0.6739263534545898
grantiger_baris_training_data_lower_cbow_lr0.05_epochs1_mincount10_ws24_dims300,schenkerin,0.6737409830093384
grantiger_baris_training_data_lower_cbow_lr0.05_epochs1_mincount10_ws24_dims300,leibwächterin,0.6732386946678162
angeregte_friederike_training_data_cbow_lr0.05_epochs1_mincount5_ws24_dims300,frauin,0.7922385931015015
angeregte_friederike_training_data_cbow_lr0.05_epochs1_mincount5_ws24_dims300,männerin,0.7849864363670349
angeregte_friederike_training_data_cbow_lr0.05_epochs1_mincount5_ws24_dims300,ehefrau,0.7733323574066162
angeregte_friederike_training_data_cbow_lr0.05_epochs1_mincount5_ws24_dims300,schwägerin,0.7612687945365906
angeregte_friederike_training_data_cbow_lr0.05_epochs1_mincount5_ws24_dims300,ehepartnerin,0.761161744594574
angeregte_friederike_training_data_cbow_lr0.05_epochs1_mincount5_ws24_dims300,ehfrau,0.7587363123893738
angeregte_friederike_training_data_cbow_lr0.05_epochs1_mincount5_ws24_dims300,mutterin,0.7514839768409729
angeregte_friederike_training_data_cbow_lr0.05_epochs1_mincount5_ws24_dims300,ehestörerin,0.7461426854133606
angeregte_friederike_training_data_cbow_lr0.05_epochs1_mincount5_ws24_dims300,orffrau,0.7437906265258789
angeregte_friederike_training_data_cbow_lr0.05_epochs1_mincount5_ws24_dims300,männermörderin,0.7434134483337402
angeregte_friederike_training_data_cbow_lr0.05_epochs1_mincount5_ws24_dims300,lebensgefährtin,0.7430246472358704
angeregte_friederike_training_data_cbow_lr0.05_epochs1_mincount5_ws24_dims300,muttermörderin,0.7378346920013428
angeregte_friederike_training_data_cbow_lr0.05_epochs1_mincount5_ws24_dims300,dienerin,0.732261061668396
angeregte_friederike_training_data_cbow_lr0.05_epochs1_mincount5_ws24_dims300,eherfrau,0.7320868372917175
angeregte_friederike_training_data_cbow_lr0.05_epochs1_mincount5_ws24_dims300,frauund,0.7282817363739014
angeregte_friederike_training_data_cbow_lr0.05_epochs1_mincount5_ws24_dims300,exfrau,0.7268540859222412
angeregte_friederike_training_data_cbow_lr0.05_epochs1_mincount5_ws24_dims300,fremdgeherin,0.7253048419952393
angeregte_friederike_training_data_cbow_lr0.05_epochs1_mincount5_ws24_dims300,exehefrau,0.7194995284080505
angeregte_friederike_training_data_cbow_lr0.05_epochs1_mincount5_ws24_dims300,mutter,0.7171509861946106
angeregte_friederike_training_data_cbow_lr0.05_epochs1_mincount5_ws24_dims300,hausoberin,0.7165098190307617
angeregte_friederike_training_data_cbow_lr0.05_epochs1_mincount5_ws24_dims300,kindfrau,0.7163155674934387
angeregte_friederike_training_data_cbow_lr0.05_epochs1_mincount5_ws24_dims300,sexpartnerin,0.7134148478507996
angeregte_friederike_training_data_cbow_lr0.05_epochs1_mincount5_ws24_dims300,pförtnerin,0.7118578553199768
angeregte_friederike_training_data_cbow_lr0.05_epochs1_mincount5_ws24_dims300,haushälterin,0.7110391855239868
angeregte_friederike_training_data_cbow_lr0.05_epochs1_mincount5_ws24_dims300,lebefrau,0.7102633714675903
angeregte_friederike_training_data_cbow_lr0.05_epochs1_mincount5_ws24_dims300,opferin,0.7102161645889282
angeregte_friederike_training_data_cbow_lr0.05_epochs1_mincount5_ws24_dims300,urfrau,0.7083813548088074
angeregte_friederike_training_data_cbow_lr0.05_epochs1_mincount5_ws24_dims300,peinigerin,0.7073397636413574
angeregte_friederike_training_data_cbow_lr0.05_epochs1_mincount5_ws24_dims300,freundin,0.7064051628112793
angeregte_friederike_training_data_cbow_lr0.05_epochs1_mincount5_ws24_dims300,oberin,0.7061871290206909
angeregte_friederike_training_data_cbow_lr0.05_epochs1_mincount5_ws24_dims300,schwyzerin,0.705216109752655
angeregte_friederike_training_data_cbow_lr0.05_epochs1_mincount5_ws24_dims300,mutterhündin,0.7046756744384766
angeregte_friederike_training_data_cbow_lr0.05_epochs1_mincount5_ws24_dims300,büßerin,0.7040632367134094
angeregte_friederike_training_data_cbow_lr0.05_epochs1_mincount5_ws24_dims300,nachbarin,0.703527569770813
angeregte_friederike_training_data_cbow_lr0.05_epochs1_mincount5_ws24_dims300,exfreundin,0.7026256322860718
angeregte_friederike_training_data_cbow_lr0.05_epochs1_mincount5_ws24_dims300,liebesdienerin,0.702574610710144
angeregte_friederike_training_data_cbow_lr0.05_epochs1_mincount5_ws24_dims300,ehestifterin,0.700965404510498
angeregte_friederike_training_data_cbow_lr0.05_epochs1_mincount5_ws24_dims300,männerhasserin,0.6996191143989563
angeregte_friederike_training_data_cbow_lr0.05_epochs1_mincount5_ws24_dims300,kärtnerin,0.699266254901886
angeregte_friederike_training_data_cbow_lr0.05_epochs1_mincount5_ws24_dims300,marzerin,0.6988459825515747
angeregte_friederike_training_data_cbow_lr0.05_epochs1_mincount5_ws24_dims300,gebärerin,0.6984313130378723
angeregte_friederike_training_data_cbow_lr0.05_epochs1_mincount5_ws24_dims300,hofbesitzerin,0.6981624960899353
angeregte_friederike_training_data_cbow_lr0.05_epochs1_mincount5_ws24_dims300,hausfrau,0.6977046132087708
angeregte_friederike_training_data_cbow_lr0.05_epochs1_mincount5_ws24_dims300,mann,0.697470486164093
angeregte_friederike_training_data_cbow_lr0.05_epochs1_mincount5_ws24_dims300,verehrerin,0.6969718337059021
angeregte_friederike_training_data_cbow_lr0.05_epochs1_mincount5_ws24_dims300,fraude,0.6960669159889221
angeregte_friederike_training_data_cbow_lr0.05_epochs1_mincount5_ws24_dims300,lebensfreundin,0.6956095695495605
angeregte_friederike_training_data_cbow_lr0.05_epochs1_mincount5_ws24_dims300,lebenspartnerin,0.6954174041748047
angeregte_friederike_training_data_cbow_lr0.05_epochs1_mincount5_ws24_dims300,nachbarsfrau,0.694864809513092
angeregte_friederike_training_data_cbow_lr0.05_epochs1_mincount5_ws24_dims300,männerfresserin,0.6944071054458618
angeregte_friederike_training_data_cbow_lr0.05_epochs1_mincount5_ws24_dims300,suberin,0.6942442655563354
angeregte_friederike_training_data_cbow_lr0.05_epochs1_mincount5_ws24_dims300,familienhelferin,0.6933833956718445
angeregte_friederike_training_data_cbow_lr0.05_epochs1_mincount5_ws24_dims300,maegdefrau,0.6932840943336487
angeregte_friederike_training_data_cbow_lr0.05_epochs1_mincount5_ws24_dims300,männerflüsterin,0.6931273937225342
angeregte_friederike_training_data_cbow_lr0.05_epochs1_mincount5_ws24_dims300,mädchenmalerin,0.6926738023757935
angeregte_friederike_training_data_cbow_lr0.05_epochs1_mincount5_ws24_dims300,gutsbesitzerin,0.6924058794975281
angeregte_friederike_training_data_cbow_lr0.05_epochs1_mincount5_ws24_dims300,undin,0.6918154358863831
angeregte_friederike_training_data_cbow_lr0.05_epochs1_mincount5_ws24_dims300,halbsyrerin,0.6917056441307068
angeregte_friederike_training_data_cbow_lr0.05_epochs1_mincount5_ws24_dims300,babysitterin,0.6915817856788635
angeregte_friederike_training_data_cbow_lr0.05_epochs1_mincount5_ws24_dims300,zuhälterin,0.6913397312164307
angeregte_friederike_training_data_cbow_lr0.05_epochs1_mincount5_ws24_dims300,hausinhaberin,0.6911678314208984
angeregte_friederike_training_data_cbow_lr0.05_epochs1_mincount5_ws24_dims300,fraulein,0.690649688243866
angeregte_friederike_training_data_cbow_lr0.05_epochs1_mincount5_ws24_dims300,mitbesitzerin,0.6906103491783142
angeregte_friederike_training_data_cbow_lr0.05_epochs1_mincount5_ws24_dims300,sylterin,0.6905731558799744
angeregte_friederike_training_data_cbow_lr0.05_epochs1_mincount5_ws24_dims300,ehezerstörerin,0.690558135509491
angeregte_friederike_training_data_cbow_lr0.05_epochs1_mincount5_ws24_dims300,meßnerin,0.6904904246330261
angeregte_friederike_training_data_cbow_lr0.05_epochs1_mincount5_ws24_dims300,mesnerin,0.6904751062393188
angeregte_friederike_training_data_cbow_lr0.05_epochs1_mincount5_ws24_dims300,täterin,0.6900051236152649
angeregte_friederike_training_data_cbow_lr0.05_epochs1_mincount5_ws24_dims300,perin,0.6889021992683411
angeregte_friederike_training_data_cbow_lr0.05_epochs1_mincount5_ws24_dims300,triebtäterin,0.6886790990829468
angeregte_friederike_training_data_cbow_lr0.05_epochs1_mincount5_ws24_dims300,feundin,0.6886600255966187
angeregte_friederike_training_data_cbow_lr0.05_epochs1_mincount5_ws24_dims300,rozerin,0.6886271834373474
angeregte_friederike_training_data_cbow_lr0.05_epochs1_mincount5_ws24_dims300,büglerin,0.6882277131080627
angeregte_friederike_training_data_cbow_lr0.05_epochs1_mincount5_ws24_dims300,partnerin,0.6881673336029053
angeregte_friederike_training_data_cbow_lr0.05_epochs1_mincount5_ws24_dims300,lesenfrau,0.6879521608352661
angeregte_friederike_training_data_cbow_lr0.05_epochs1_mincount5_ws24_dims300,herrerin,0.6879468560218811
angeregte_friederike_training_data_cbow_lr0.05_epochs1_mincount5_ws24_dims300,anglerin,0.6872442364692688
angeregte_friederike_training_data_cbow_lr0.05_epochs1_mincount5_ws24_dims300,säuferin,0.686734676361084
angeregte_friederike_training_data_cbow_lr0.05_epochs1_mincount5_ws24_dims300,küsntlerin,0.6867005825042725
angeregte_friederike_training_data_cbow_lr0.05_epochs1_mincount5_ws24_dims300,kindsfrau,0.6861405372619629
angeregte_friederike_training_data_cbow_lr0.05_epochs1_mincount5_ws24_dims300,amberin,0.6858384013175964
angeregte_friederike_training_data_cbow_lr0.05_epochs1_mincount5_ws24_dims300,mobberin,0.6856876015663147
angeregte_friederike_training_data_cbow_lr0.05_epochs1_mincount5_ws24_dims300,frauauf,0.6856603026390076
angeregte_friederike_training_data_cbow_lr0.05_epochs1_mincount5_ws24_dims300,wärterin,0.6855943202972412
angeregte_friederike_training_data_cbow_lr0.05_epochs1_mincount5_ws24_dims300,frau,0.6855047345161438
angeregte_friederike_training_data_cbow_lr0.05_epochs1_mincount5_ws24_dims300,verin,0.6854824423789978
angeregte_friederike_training_data_cbow_lr0.05_epochs1_mincount5_ws24_dims300,wahrerin,0.6852703094482422
angeregte_friederike_training_data_cbow_lr0.05_epochs1_mincount5_ws24_dims300,quäkerin,0.6849084496498108
angeregte_friederike_training_data_cbow_lr0.05_epochs1_mincount5_ws24_dims300,kusspartnerin,0.6848437786102295
angeregte_friederike_training_data_cbow_lr0.05_epochs1_mincount5_ws24_dims300,barbesitzerin,0.6841560006141663
angeregte_friederike_training_data_cbow_lr0.05_epochs1_mincount5_ws24_dims300,nebenbuhlerin,0.683857262134552
angeregte_friederike_training_data_cbow_lr0.05_epochs1_mincount5_ws24_dims300,hausiererin,0.6838135719299316
angeregte_friederike_training_data_cbow_lr0.05_epochs1_mincount5_ws24_dims300,liebhaberin,0.6835324764251709
angeregte_friederike_training_data_cbow_lr0.05_epochs1_mincount5_ws24_dims300,kellnerin,0.683355450630188
angeregte_friederike_training_data_cbow_lr0.05_epochs1_mincount5_ws24_dims300,hauserin,0.6828962564468384
angeregte_friederike_training_data_cbow_lr0.05_epochs1_mincount5_ws24_dims300,hortnerin,0.6824913024902344
angeregte_friederike_training_data_cbow_lr0.05_epochs1_mincount5_ws24_dims300,muttergöttin,0.6824135780334473
angeregte_friederike_training_data_cbow_lr0.05_epochs1_mincount5_ws24_dims300,klofrau,0.682407796382904
angeregte_friederike_training_data_cbow_lr0.05_epochs1_mincount5_ws24_dims300,partnerin,0.6824029684066772
angeregte_friederike_training_data_cbow_lr0.05_epochs1_mincount5_ws24_dims300,pyerin,0.6823760867118835
lebendige_stella_training_data_cbow_lr0.05_epochs1_mincount50_ws5_dims300,ehefrau,0.8244119882583618
lebendige_stella_training_data_cbow_lr0.05_epochs1_mincount50_ws5_dims300,schwägerin,0.8000744581222534
lebendige_stella_training_data_cbow_lr0.05_epochs1_mincount50_ws5_dims300,ehepartnerin,0.7897322177886963
lebendige_stella_training_data_cbow_lr0.05_epochs1_mincount50_ws5_dims300,lebensgefährtin,0.7861234545707703
lebendige_stella_training_data_cbow_lr0.05_epochs1_mincount50_ws5_dims300,exfreundin,0.7732467651367188
lebendige_stella_training_data_cbow_lr0.05_epochs1_mincount50_ws5_dims300,nachbarin,0.7719854116439819
lebendige_stella_training_data_cbow_lr0.05_epochs1_mincount50_ws5_dims300,freundin,0.7684590220451355
lebendige_stella_training_data_cbow_lr0.05_epochs1_mincount50_ws5_dims300,exfrau,0.7671699523925781
lebendige_stella_training_data_cbow_lr0.05_epochs1_mincount50_ws5_dims300,dienerin,0.7628064751625061
lebendige_stella_training_data_cbow_lr0.05_epochs1_mincount50_ws5_dims300,mitbewohnerin,0.75936359167099
lebendige_stella_training_data_cbow_lr0.05_epochs1_mincount50_ws5_dims300,gattin,0.7517961263656616
lebendige_stella_training_data_cbow_lr0.05_epochs1_mincount50_ws5_dims300,nebenbuhlerin,0.7497003078460693
lebendige_stella_training_data_cbow_lr0.05_epochs1_mincount50_ws5_dims300,kindfrau,0.7488607168197632
lebendige_stella_training_data_cbow_lr0.05_epochs1_mincount50_ws5_dims300,haushälterin,0.7460933327674866
lebendige_stella_training_data_cbow_lr0.05_epochs1_mincount50_ws5_dims300,kärtnerin,0.7448017597198486
lebendige_stella_training_data_cbow_lr0.05_epochs1_mincount50_ws5_dims300,familienhelferin,0.7443556189537048
lebendige_stella_training_data_cbow_lr0.05_epochs1_mincount50_ws5_dims300,zuhälterin,0.7439514398574829
lebendige_stella_training_data_cbow_lr0.05_epochs1_mincount50_ws5_dims300,leibwächterin,0.7414226531982422
lebendige_stella_training_data_cbow_lr0.05_epochs1_mincount50_ws5_dims300,kellnerin,0.7410246133804321
lebendige_stella_training_data_cbow_lr0.05_epochs1_mincount50_ws5_dims300,mutter,0.7402409911155701
lebendige_stella_training_data_cbow_lr0.05_epochs1_mincount50_ws5_dims300,perin,0.7379736304283142
lebendige_stella_training_data_cbow_lr0.05_epochs1_mincount50_ws5_dims300,babysitterin,0.7371321320533752
lebendige_stella_training_data_cbow_lr0.05_epochs1_mincount50_ws5_dims300,jüngerin,0.7354094982147217
lebendige_stella_training_data_cbow_lr0.05_epochs1_mincount50_ws5_dims300,rentnerin,0.7351553440093994
lebendige_stella_training_data_cbow_lr0.05_epochs1_mincount50_ws5_dims300,verehrerin,0.7338412404060364
lebendige_stella_training_data_cbow_lr0.05_epochs1_mincount50_ws5_dims300,pensionistin,0.7330968379974365
lebendige_stella_training_data_cbow_lr0.05_epochs1_mincount50_ws5_dims300,taxifahrerin,0.7328919172286987
lebendige_stella_training_data_cbow_lr0.05_epochs1_mincount50_ws5_dims300,partnerin,0.7315999865531921
lebendige_stella_training_data_cbow_lr0.05_epochs1_mincount50_ws5_dims300,halterin,0.7281460165977478
lebendige_stella_training_data_cbow_lr0.05_epochs1_mincount50_ws5_dims300,taxlerin,0.7277446985244751
lebendige_stella_training_data_cbow_lr0.05_epochs1_mincount50_ws5_dims300,kindsmörderin,0.7275733351707458
lebendige_stella_training_data_cbow_lr0.05_epochs1_mincount50_ws5_dims300,geherin,0.7258686423301697
lebendige_stella_training_data_cbow_lr0.05_epochs1_mincount50_ws5_dims300,arztgattin,0.7255386710166931
lebendige_stella_training_data_cbow_lr0.05_epochs1_mincount50_ws5_dims300,stiefmutter,0.7249916195869446
lebendige_stella_training_data_cbow_lr0.05_epochs1_mincount50_ws5_dims300,wärterin,0.7226471304893494
lebendige_stella_training_data_cbow_lr0.05_epochs1_mincount50_ws5_dims300,passantin,0.7226031422615051
lebendige_stella_training_data_cbow_lr0.05_epochs1_mincount50_ws5_dims300,schwerin,0.7203676104545593
lebendige_stella_training_data_cbow_lr0.05_epochs1_mincount50_ws5_dims300,räuberin,0.7193982005119324
lebendige_stella_training_data_cbow_lr0.05_epochs1_mincount50_ws5_dims300,lebenspartnerin,0.7189245820045471
lebendige_stella_training_data_cbow_lr0.05_epochs1_mincount50_ws5_dims300,teenagerin,0.7187419533729553
lebendige_stella_training_data_cbow_lr0.05_epochs1_mincount50_ws5_dims300,mesnerin,0.718122661113739
lebendige_stella_training_data_cbow_lr0.05_epochs1_mincount50_ws5_dims300,bettlerin,0.7162836194038391
lebendige_stella_training_data_cbow_lr0.05_epochs1_mincount50_ws5_dims300,kollegin,0.7152342796325684
lebendige_stella_training_data_cbow_lr0.05_epochs1_mincount50_ws5_dims300,gefährtin,0.7149880528450012
lebendige_stella_training_data_cbow_lr0.05_epochs1_mincount50_ws5_dims300,malteserin,0.7130395174026489
lebendige_stella_training_data_cbow_lr0.05_epochs1_mincount50_ws5_dims300,arzthelferin,0.7124759554862976
lebendige_stella_training_data_cbow_lr0.05_epochs1_mincount50_ws5_dims300,jugendfreundin,0.7122911810874939
lebendige_stella_training_data_cbow_lr0.05_epochs1_mincount50_ws5_dims300,dorfbewohnerin,0.7122283577919006
lebendige_stella_training_data_cbow_lr0.05_epochs1_mincount50_ws5_dims300,täterin,0.7107753157615662
lebendige_stella_training_data_cbow_lr0.05_epochs1_mincount50_ws5_dims300,ersthelferin,0.7106167674064636
lebendige_stella_training_data_cbow_lr0.05_epochs1_mincount50_ws5_dims300,oberin,0.7098677158355713
lebendige_stella_training_data_cbow_lr0.05_epochs1_mincount50_ws5_dims300,hausfrau,0.7091725468635559
lebendige_stella_training_data_cbow_lr0.05_epochs1_mincount50_ws5_dims300,schwester,0.7086161375045776
lebendige_stella_training_data_cbow_lr0.05_epochs1_mincount50_ws5_dims300,schützerin,0.7081655859947205
lebendige_stella_training_data_cbow_lr0.05_epochs1_mincount50_ws5_dims300,gerin,0.7081261873245239
lebendige_stella_training_data_cbow_lr0.05_epochs1_mincount50_ws5_dims300,klofrau,0.7075245380401611
lebendige_stella_training_data_cbow_lr0.05_epochs1_mincount50_ws5_dims300,seniorin,0.7072156071662903
lebendige_stella_training_data_cbow_lr0.05_epochs1_mincount50_ws5_dims300,bezauerin,0.7065989971160889
lebendige_stella_training_data_cbow_lr0.05_epochs1_mincount50_ws5_dims300,gutsbesitzerin,0.706115186214447
lebendige_stella_training_data_cbow_lr0.05_epochs1_mincount50_ws5_dims300,begleiterin,0.7039577960968018
lebendige_stella_training_data_cbow_lr0.05_epochs1_mincount50_ws5_dims300,großmutter,0.7037439346313477
lebendige_stella_training_data_cbow_lr0.05_epochs1_mincount50_ws5_dims300,hausbewohnerin,0.7036694884300232
lebendige_stella_training_data_cbow_lr0.05_epochs1_mincount50_ws5_dims300,geburtshelferin,0.7034894824028015
lebendige_stella_training_data_cbow_lr0.05_epochs1_mincount50_ws5_dims300,trinkerin,0.703270435333252
lebendige_stella_training_data_cbow_lr0.05_epochs1_mincount50_ws5_dims300,perserin,0.7030338644981384
lebendige_stella_training_data_cbow_lr0.05_epochs1_mincount50_ws5_dims300,joggerin,0.7027880549430847
lebendige_stella_training_data_cbow_lr0.05_epochs1_mincount50_ws5_dims300,todeslenkerin,0.7027401924133301
lebendige_stella_training_data_cbow_lr0.05_epochs1_mincount50_ws5_dims300,ehebrecherin,0.7016373872756958
lebendige_stella_training_data_cbow_lr0.05_epochs1_mincount50_ws5_dims300,heimhelferin,0.7004579305648804
lebendige_stella_training_data_cbow_lr0.05_epochs1_mincount50_ws5_dims300,syrerin,0.6994417309761047
lebendige_stella_training_data_cbow_lr0.05_epochs1_mincount50_ws5_dims300,mörderin,0.699317455291748
lebendige_stella_training_data_cbow_lr0.05_epochs1_mincount50_ws5_dims300,ehegattin,0.6991727352142334
lebendige_stella_training_data_cbow_lr0.05_epochs1_mincount50_ws5_dims300,gaunerin,0.6991036534309387
lebendige_stella_training_data_cbow_lr0.05_epochs1_mincount50_ws5_dims300,büglerin,0.6985844373703003
lebendige_stella_training_data_cbow_lr0.05_epochs1_mincount50_ws5_dims300,stalkerin,0.6979324817657471
lebendige_stella_training_data_cbow_lr0.05_epochs1_mincount50_ws5_dims300,zahnarzthelferin,0.6977547407150269
lebendige_stella_training_data_cbow_lr0.05_epochs1_mincount50_ws5_dims300,stiefschwester,0.697540283203125
lebendige_stella_training_data_cbow_lr0.05_epochs1_mincount50_ws5_dims300,beifahrerin,0.6968879699707031
lebendige_stella_training_data_cbow_lr0.05_epochs1_mincount50_ws5_dims300,busfahrerin,0.6967869997024536
lebendige_stella_training_data_cbow_lr0.05_epochs1_mincount50_ws5_dims300,polizistin,0.6956403255462646
lebendige_stella_training_data_cbow_lr0.05_epochs1_mincount50_ws5_dims300,schwesternschülerin,0.6955136060714722
lebendige_stella_training_data_cbow_lr0.05_epochs1_mincount50_ws5_dims300,putzfrau,0.6951799392700195
lebendige_stella_training_data_cbow_lr0.05_epochs1_mincount50_ws5_dims300,fluchthelferin,0.6949700117111206
lebendige_stella_training_data_cbow_lr0.05_epochs1_mincount50_ws5_dims300,tuxerin,0.6948800086975098
lebendige_stella_training_data_cbow_lr0.05_epochs1_mincount50_ws5_dims300,oboistin,0.6944147944450378
lebendige_stella_training_data_cbow_lr0.05_epochs1_mincount50_ws5_dims300,mitschülerin,0.6942753791809082
lebendige_stella_training_data_cbow_lr0.05_epochs1_mincount50_ws5_dims300,barfrau,0.6939831972122192
lebendige_stella_training_data_cbow_lr0.05_epochs1_mincount50_ws5_dims300,mitbesitzerin,0.693526029586792
lebendige_stella_training_data_cbow_lr0.05_epochs1_mincount50_ws5_dims300,somalierin,0.6933181285858154
lebendige_stella_training_data_cbow_lr0.05_epochs1_mincount50_ws5_dims300,brautmutter,0.693260669708252
lebendige_stella_training_data_cbow_lr0.05_epochs1_mincount50_ws5_dims300,stieftochter,0.6931508183479309
lebendige_stella_training_data_cbow_lr0.05_epochs1_mincount50_ws5_dims300,mann,0.693049430847168
lebendige_stella_training_data_cbow_lr0.05_epochs1_mincount50_ws5_dims300,slytherin,0.6930465698242188
lebendige_stella_training_data_cbow_lr0.05_epochs1_mincount50_ws5_dims300,kassierin,0.6925762891769409
lebendige_stella_training_data_cbow_lr0.05_epochs1_mincount50_ws5_dims300,mitfahrerin,0.6919074654579163
lebendige_stella_training_data_cbow_lr0.05_epochs1_mincount50_ws5_dims300,alkoholikerin,0.691399872303009
lebendige_stella_training_data_cbow_lr0.05_epochs1_mincount50_ws5_dims300,taxilenkerin,0.6913760304450989
lebendige_stella_training_data_cbow_lr0.05_epochs1_mincount50_ws5_dims300,irakerin,0.6912522315979004
lebendige_stella_training_data_cbow_lr0.05_epochs1_mincount50_ws5_dims300,göfnerin,0.6905505657196045
lebendige_stella_training_data_cbow_lr0.05_epochs1_mincount50_ws5_dims300,hausbesitzerin,0.690248966217041
brillanter_zoran_training_data_lower_cbow_lr0.05_epochs1_mincount5_ws24_dims300,ehfrau,0.8293274641036987
brillanter_zoran_training_data_lower_cbow_lr0.05_epochs1_mincount5_ws24_dims300,mannfrau,0.8210375905036926
brillanter_zoran_training_data_lower_cbow_lr0.05_epochs1_mincount5_ws24_dims300,ehefrau,0.8115120530128479
brillanter_zoran_training_data_lower_cbow_lr0.05_epochs1_mincount5_ws24_dims300,exfrau,0.8113391399383545
brillanter_zoran_training_data_lower_cbow_lr0.05_epochs1_mincount5_ws24_dims300,frauin,0.8107511401176453
brillanter_zoran_training_data_lower_cbow_lr0.05_epochs1_mincount5_ws24_dims300,exehefrau,0.7957801222801208
brillanter_zoran_training_data_lower_cbow_lr0.05_epochs1_mincount5_ws24_dims300,erdfrau,0.7801539301872253
brillanter_zoran_training_data_lower_cbow_lr0.05_epochs1_mincount5_ws24_dims300,männerin,0.7774848341941833
brillanter_zoran_training_data_lower_cbow_lr0.05_epochs1_mincount5_ws24_dims300,mutterin,0.7666299939155579
brillanter_zoran_training_data_lower_cbow_lr0.05_epochs1_mincount5_ws24_dims300,ehepartnerin,0.7665969729423523
brillanter_zoran_training_data_lower_cbow_lr0.05_epochs1_mincount5_ws24_dims300,lebefrau,0.7622315883636475
brillanter_zoran_training_data_lower_cbow_lr0.05_epochs1_mincount5_ws24_dims300,urfrau,0.7614924907684326
brillanter_zoran_training_data_lower_cbow_lr0.05_epochs1_mincount5_ws24_dims300,maegdefrau,0.7614688873291016
brillanter_zoran_training_data_lower_cbow_lr0.05_epochs1_mincount5_ws24_dims300,lebensgefährtin,0.7604959011077881
brillanter_zoran_training_data_lower_cbow_lr0.05_epochs1_mincount5_ws24_dims300,eherfrau,0.7573043704032898
brillanter_zoran_training_data_lower_cbow_lr0.05_epochs1_mincount5_ws24_dims300,männermörderin,0.7563596963882446
brillanter_zoran_training_data_lower_cbow_lr0.05_epochs1_mincount5_ws24_dims300,muttermörderin,0.7554351091384888
brillanter_zoran_training_data_lower_cbow_lr0.05_epochs1_mincount5_ws24_dims300,waidfrau,0.7543056011199951
brillanter_zoran_training_data_lower_cbow_lr0.05_epochs1_mincount5_ws24_dims300,kindfrau,0.7534029483795166
brillanter_zoran_training_data_lower_cbow_lr0.05_epochs1_mincount5_ws24_dims300,fremdgeherin,0.7511890530586243
brillanter_zoran_training_data_lower_cbow_lr0.05_epochs1_mincount5_ws24_dims300,klofrau,0.7505159974098206
brillanter_zoran_training_data_lower_cbow_lr0.05_epochs1_mincount5_ws24_dims300,schwägerin,0.7481034994125366
brillanter_zoran_training_data_lower_cbow_lr0.05_epochs1_mincount5_ws24_dims300,frauund,0.7443265318870544
brillanter_zoran_training_data_lower_cbow_lr0.05_epochs1_mincount5_ws24_dims300,häuslfrau,0.7433357834815979
brillanter_zoran_training_data_lower_cbow_lr0.05_epochs1_mincount5_ws24_dims300,barfrau,0.7424482703208923
brillanter_zoran_training_data_lower_cbow_lr0.05_epochs1_mincount5_ws24_dims300,hausfrau,0.7345811128616333
brillanter_zoran_training_data_lower_cbow_lr0.05_epochs1_mincount5_ws24_dims300,ahnfrau,0.7319443225860596
brillanter_zoran_training_data_lower_cbow_lr0.05_epochs1_mincount5_ws24_dims300,furzfrau,0.7311941981315613
brillanter_zoran_training_data_lower_cbow_lr0.05_epochs1_mincount5_ws24_dims300,triebtäterin,0.7298756837844849
brillanter_zoran_training_data_lower_cbow_lr0.05_epochs1_mincount5_ws24_dims300,zuhälterin,0.7291067838668823
brillanter_zoran_training_data_lower_cbow_lr0.05_epochs1_mincount5_ws24_dims300,lebensfrau,0.7274447083473206
brillanter_zoran_training_data_lower_cbow_lr0.05_epochs1_mincount5_ws24_dims300,nebenbuhlerin,0.7254168391227722
brillanter_zoran_training_data_lower_cbow_lr0.05_epochs1_mincount5_ws24_dims300,ehestörerin,0.7247254848480225
brillanter_zoran_training_data_lower_cbow_lr0.05_epochs1_mincount5_ws24_dims300,säuferin,0.7244006395339966
brillanter_zoran_training_data_lower_cbow_lr0.05_epochs1_mincount5_ws24_dims300,kindsfrau,0.7237779498100281
brillanter_zoran_training_data_lower_cbow_lr0.05_epochs1_mincount5_ws24_dims300,alibifrau,0.723017692565918
brillanter_zoran_training_data_lower_cbow_lr0.05_epochs1_mincount5_ws24_dims300,mutter,0.7228992581367493
brillanter_zoran_training_data_lower_cbow_lr0.05_epochs1_mincount5_ws24_dims300,haushälterin,0.7225832343101501
brillanter_zoran_training_data_lower_cbow_lr0.05_epochs1_mincount5_ws24_dims300,nachbarsfrau,0.7186034917831421
brillanter_zoran_training_data_lower_cbow_lr0.05_epochs1_mincount5_ws24_dims300,fronfrau,0.7176628708839417
brillanter_zoran_training_data_lower_cbow_lr0.05_epochs1_mincount5_ws24_dims300,undin,0.717066764831543
brillanter_zoran_training_data_lower_cbow_lr0.05_epochs1_mincount5_ws24_dims300,lebenspartnerin,0.7168696522712708
brillanter_zoran_training_data_lower_cbow_lr0.05_epochs1_mincount5_ws24_dims300,fraude,0.7161378860473633
brillanter_zoran_training_data_lower_cbow_lr0.05_epochs1_mincount5_ws24_dims300,buhfrau,0.7158751487731934
brillanter_zoran_training_data_lower_cbow_lr0.05_epochs1_mincount5_ws24_dims300,mann,0.7154638171195984
brillanter_zoran_training_data_lower_cbow_lr0.05_epochs1_mincount5_ws24_dims300,gutsfrau,0.7147952318191528
brillanter_zoran_training_data_lower_cbow_lr0.05_epochs1_mincount5_ws24_dims300,feundin,0.7135761380195618
brillanter_zoran_training_data_lower_cbow_lr0.05_epochs1_mincount5_ws24_dims300,ehezerstörerin,0.7128321528434753
brillanter_zoran_training_data_lower_cbow_lr0.05_epochs1_mincount5_ws24_dims300,zugehfrau,0.7121134996414185
brillanter_zoran_training_data_lower_cbow_lr0.05_epochs1_mincount5_ws24_dims300,arztfrau,0.7105652689933777
brillanter_zoran_training_data_lower_cbow_lr0.05_epochs1_mincount5_ws24_dims300,erstfrau,0.7105240225791931
brillanter_zoran_training_data_lower_cbow_lr0.05_epochs1_mincount5_ws24_dims300,freundin,0.7105219960212708
brillanter_zoran_training_data_lower_cbow_lr0.05_epochs1_mincount5_ws24_dims300,überfrau,0.7104827761650085
brillanter_zoran_training_data_lower_cbow_lr0.05_epochs1_mincount5_ws24_dims300,küsntlerin,0.7094762921333313
brillanter_zoran_training_data_lower_cbow_lr0.05_epochs1_mincount5_ws24_dims300,liebesdienerin,0.7082981467247009
brillanter_zoran_training_data_lower_cbow_lr0.05_epochs1_mincount5_ws24_dims300,schwyzerin,0.7077200412750244
brillanter_zoran_training_data_lower_cbow_lr0.05_epochs1_mincount5_ws24_dims300,sexpartnerin,0.7071107029914856
brillanter_zoran_training_data_lower_cbow_lr0.05_epochs1_mincount5_ws24_dims300,marzerin,0.7066980600357056
brillanter_zoran_training_data_lower_cbow_lr0.05_epochs1_mincount5_ws24_dims300,exfreundin,0.7058311700820923
brillanter_zoran_training_data_lower_cbow_lr0.05_epochs1_mincount5_ws24_dims300,orffrau,0.7055579423904419
brillanter_zoran_training_data_lower_cbow_lr0.05_epochs1_mincount5_ws24_dims300,gebärerin,0.7053959965705872
brillanter_zoran_training_data_lower_cbow_lr0.05_epochs1_mincount5_ws24_dims300,suberin,0.703950822353363
brillanter_zoran_training_data_lower_cbow_lr0.05_epochs1_mincount5_ws24_dims300,opferin,0.7037097215652466
brillanter_zoran_training_data_lower_cbow_lr0.05_epochs1_mincount5_ws24_dims300,schlagfrau,0.7036201357841492
brillanter_zoran_training_data_lower_cbow_lr0.05_epochs1_mincount5_ws24_dims300,pförtnerin,0.7030212879180908
brillanter_zoran_training_data_lower_cbow_lr0.05_epochs1_mincount5_ws24_dims300,sylterin,0.7028878331184387
brillanter_zoran_training_data_lower_cbow_lr0.05_epochs1_mincount5_ws24_dims300,fraulein,0.7027814388275146
brillanter_zoran_training_data_lower_cbow_lr0.05_epochs1_mincount5_ws24_dims300,männerflüsterin,0.7023728489875793
brillanter_zoran_training_data_lower_cbow_lr0.05_epochs1_mincount5_ws24_dims300,berin,0.7021083831787109
brillanter_zoran_training_data_lower_cbow_lr0.05_epochs1_mincount5_ws24_dims300,alkovenerin,0.7019046545028687
brillanter_zoran_training_data_lower_cbow_lr0.05_epochs1_mincount5_ws24_dims300,nerin,0.7016007304191589
brillanter_zoran_training_data_lower_cbow_lr0.05_epochs1_mincount5_ws24_dims300,büglerin,0.7007449865341187
brillanter_zoran_training_data_lower_cbow_lr0.05_epochs1_mincount5_ws24_dims300,familienhelferin,0.7004677653312683
brillanter_zoran_training_data_lower_cbow_lr0.05_epochs1_mincount5_ws24_dims300,babysitterin,0.700308620929718
brillanter_zoran_training_data_lower_cbow_lr0.05_epochs1_mincount5_ws24_dims300,gattin,0.7002596259117126
brillanter_zoran_training_data_lower_cbow_lr0.05_epochs1_mincount5_ws24_dims300,partnerin,0.6996109485626221
brillanter_zoran_training_data_lower_cbow_lr0.05_epochs1_mincount5_ws24_dims300,aberin,0.6995507478713989
brillanter_zoran_training_data_lower_cbow_lr0.05_epochs1_mincount5_ws24_dims300,rozerin,0.6993826627731323
brillanter_zoran_training_data_lower_cbow_lr0.05_epochs1_mincount5_ws24_dims300,täterin,0.6987371444702148
brillanter_zoran_training_data_lower_cbow_lr0.05_epochs1_mincount5_ws24_dims300,peinigerin,0.6982323527336121
brillanter_zoran_training_data_lower_cbow_lr0.05_epochs1_mincount5_ws24_dims300,männerfresserin,0.6981651782989502
brillanter_zoran_training_data_lower_cbow_lr0.05_epochs1_mincount5_ws24_dims300,kerin,0.6978197693824768
brillanter_zoran_training_data_lower_cbow_lr0.05_epochs1_mincount5_ws24_dims300,kärtnerin,0.69779372215271
brillanter_zoran_training_data_lower_cbow_lr0.05_epochs1_mincount5_ws24_dims300,frauauf,0.6975905895233154
brillanter_zoran_training_data_lower_cbow_lr0.05_epochs1_mincount5_ws24_dims300,perin,0.6974878907203674
brillanter_zoran_training_data_lower_cbow_lr0.05_epochs1_mincount5_ws24_dims300,mädchenmalerin,0.6974012851715088
brillanter_zoran_training_data_lower_cbow_lr0.05_epochs1_mincount5_ws24_dims300,p-mutter,0.6973113417625427
brillanter_zoran_training_data_lower_cbow_lr0.05_epochs1_mincount5_ws24_dims300,gattenmörderin,0.6966427564620972
brillanter_zoran_training_data_lower_cbow_lr0.05_epochs1_mincount5_ws24_dims300,hausoberin,0.6963302493095398
brillanter_zoran_training_data_lower_cbow_lr0.05_epochs1_mincount5_ws24_dims300,ehegattin,0.6959747672080994
brillanter_zoran_training_data_lower_cbow_lr0.05_epochs1_mincount5_ws24_dims300,männerversteherin,0.6959406733512878
brillanter_zoran_training_data_lower_cbow_lr0.05_epochs1_mincount5_ws24_dims300,muttergöttin,0.6956029534339905
brillanter_zoran_training_data_lower_cbow_lr0.05_epochs1_mincount5_ws24_dims300,hauserin,0.6953684687614441
brillanter_zoran_training_data_lower_cbow_lr0.05_epochs1_mincount5_ws24_dims300,ehemannn,0.6953604221343994
brillanter_zoran_training_data_lower_cbow_lr0.05_epochs1_mincount5_ws24_dims300,küsserin,0.6948736310005188
brillanter_zoran_training_data_lower_cbow_lr0.05_epochs1_mincount5_ws24_dims300,amberin,0.6942635178565979
brillanter_zoran_training_data_lower_cbow_lr0.05_epochs1_mincount5_ws24_dims300,mesnerin,0.6940079927444458
brillanter_zoran_training_data_lower_cbow_lr0.05_epochs1_mincount5_ws24_dims300,pyerin,0.6938552856445312
brillanter_zoran_training_data_lower_cbow_lr0.05_epochs1_mincount5_ws24_dims300,lebensfreundin,0.6932457685470581
brillanter_zoran_training_data_lower_cbow_lr0.05_epochs1_mincount5_ws24_dims300,nachbarin,0.6920613050460815
kreativer_linus_training_data_lower_cbow_lr0.05_epochs1_mincount10_ws12_dims300,ehfrau,0.8280931115150452
kreativer_linus_training_data_lower_cbow_lr0.05_epochs1_mincount10_ws12_dims300,exfrau,0.8247832655906677
kreativer_linus_training_data_lower_cbow_lr0.05_epochs1_mincount10_ws12_dims300,ehefrau,0.8153890371322632
kreativer_linus_training_data_lower_cbow_lr0.05_epochs1_mincount10_ws12_dims300,frauin,0.8095097541809082
kreativer_linus_training_data_lower_cbow_lr0.05_epochs1_mincount10_ws12_dims300,barfrau,0.7960037589073181
kreativer_linus_training_data_lower_cbow_lr0.05_epochs1_mincount10_ws12_dims300,lebefrau,0.7934523820877075
kreativer_linus_training_data_lower_cbow_lr0.05_epochs1_mincount10_ws12_dims300,urfrau,0.7881584763526917
kreativer_linus_training_data_lower_cbow_lr0.05_epochs1_mincount10_ws12_dims300,maegdefrau,0.7856689691543579
kreativer_linus_training_data_lower_cbow_lr0.05_epochs1_mincount10_ws12_dims300,klofrau,0.7817092537879944
kreativer_linus_training_data_lower_cbow_lr0.05_epochs1_mincount10_ws12_dims300,kindfrau,0.7792295217514038
kreativer_linus_training_data_lower_cbow_lr0.05_epochs1_mincount10_ws12_dims300,lebensgefährtin,0.7792033553123474
kreativer_linus_training_data_lower_cbow_lr0.05_epochs1_mincount10_ws12_dims300,männermörderin,0.7739354372024536
kreativer_linus_training_data_lower_cbow_lr0.05_epochs1_mincount10_ws12_dims300,ehepartnerin,0.7663776874542236
kreativer_linus_training_data_lower_cbow_lr0.05_epochs1_mincount10_ws12_dims300,eherfrau,0.7631451487541199
kreativer_linus_training_data_lower_cbow_lr0.05_epochs1_mincount10_ws12_dims300,schwägerin,0.7616089582443237
kreativer_linus_training_data_lower_cbow_lr0.05_epochs1_mincount10_ws12_dims300,ahnfrau,0.7597629427909851
kreativer_linus_training_data_lower_cbow_lr0.05_epochs1_mincount10_ws12_dims300,hausfrau,0.7520040273666382
kreativer_linus_training_data_lower_cbow_lr0.05_epochs1_mincount10_ws12_dims300,fremdgeherin,0.7464133501052856
kreativer_linus_training_data_lower_cbow_lr0.05_epochs1_mincount10_ws12_dims300,zuhälterin,0.7459627985954285
kreativer_linus_training_data_lower_cbow_lr0.05_epochs1_mincount10_ws12_dims300,freundin,0.7399865984916687
kreativer_linus_training_data_lower_cbow_lr0.05_epochs1_mincount10_ws12_dims300,mutter,0.7391526103019714
kreativer_linus_training_data_lower_cbow_lr0.05_epochs1_mincount10_ws12_dims300,kellnerin,0.7361193299293518
kreativer_linus_training_data_lower_cbow_lr0.05_epochs1_mincount10_ws12_dims300,säuferin,0.7360562682151794
kreativer_linus_training_data_lower_cbow_lr0.05_epochs1_mincount10_ws12_dims300,pförtnerin,0.7347626090049744
kreativer_linus_training_data_lower_cbow_lr0.05_epochs1_mincount10_ws12_dims300,alibifrau,0.7343636751174927
kreativer_linus_training_data_lower_cbow_lr0.05_epochs1_mincount10_ws12_dims300,lebensfrau,0.7333600521087646
kreativer_linus_training_data_lower_cbow_lr0.05_epochs1_mincount10_ws12_dims300,haushälterin,0.7329270243644714
kreativer_linus_training_data_lower_cbow_lr0.05_epochs1_mincount10_ws12_dims300,peinigerin,0.7307705879211426
kreativer_linus_training_data_lower_cbow_lr0.05_epochs1_mincount10_ws12_dims300,undin,0.730557918548584
kreativer_linus_training_data_lower_cbow_lr0.05_epochs1_mincount10_ws12_dims300,exfreundin,0.7265777587890625
kreativer_linus_training_data_lower_cbow_lr0.05_epochs1_mincount10_ws12_dims300,erstfrau,0.7264803051948547
kreativer_linus_training_data_lower_cbow_lr0.05_epochs1_mincount10_ws12_dims300,buhfrau,0.7264556884765625
kreativer_linus_training_data_lower_cbow_lr0.05_epochs1_mincount10_ws12_dims300,mutterhündin,0.7253492474555969
kreativer_linus_training_data_lower_cbow_lr0.05_epochs1_mincount10_ws12_dims300,schwyzerin,0.7248964309692383
kreativer_linus_training_data_lower_cbow_lr0.05_epochs1_mincount10_ws12_dims300,nachbarin,0.7247695326805115
kreativer_linus_training_data_lower_cbow_lr0.05_epochs1_mincount10_ws12_dims300,arztgattin,0.7245661616325378
kreativer_linus_training_data_lower_cbow_lr0.05_epochs1_mincount10_ws12_dims300,nebenbuhlerin,0.7244889736175537
kreativer_linus_training_data_lower_cbow_lr0.05_epochs1_mincount10_ws12_dims300,lebenspartnerin,0.7240553498268127
kreativer_linus_training_data_lower_cbow_lr0.05_epochs1_mincount10_ws12_dims300,gattin,0.7233750820159912
kreativer_linus_training_data_lower_cbow_lr0.05_epochs1_mincount10_ws12_dims300,liebesdienerin,0.7224003672599792
kreativer_linus_training_data_lower_cbow_lr0.05_epochs1_mincount10_ws12_dims300,rentnerin,0.7218580842018127
kreativer_linus_training_data_lower_cbow_lr0.05_epochs1_mincount10_ws12_dims300,männerhasserin,0.721382200717926
kreativer_linus_training_data_lower_cbow_lr0.05_epochs1_mincount10_ws12_dims300,küsserin,0.7212742567062378
kreativer_linus_training_data_lower_cbow_lr0.05_epochs1_mincount10_ws12_dims300,gebärerin,0.7198764085769653
kreativer_linus_training_data_lower_cbow_lr0.05_epochs1_mincount10_ws12_dims300,sexpartnerin,0.7185412645339966
kreativer_linus_training_data_lower_cbow_lr0.05_epochs1_mincount10_ws12_dims300,babysitterin,0.7183953523635864
kreativer_linus_training_data_lower_cbow_lr0.05_epochs1_mincount10_ws12_dims300,nerin,0.7169861793518066
kreativer_linus_training_data_lower_cbow_lr0.05_epochs1_mincount10_ws12_dims300,kärtnerin,0.7167916893959045
kreativer_linus_training_data_lower_cbow_lr0.05_epochs1_mincount10_ws12_dims300,hausoberin,0.7167415022850037
kreativer_linus_training_data_lower_cbow_lr0.05_epochs1_mincount10_ws12_dims300,triebtäterin,0.7153734564781189
kreativer_linus_training_data_lower_cbow_lr0.05_epochs1_mincount10_ws12_dims300,vorfrau,0.7150832414627075
kreativer_linus_training_data_lower_cbow_lr0.05_epochs1_mincount10_ws12_dims300,lebensfreundin,0.7142616510391235
kreativer_linus_training_data_lower_cbow_lr0.05_epochs1_mincount10_ws12_dims300,partnerin,0.7141975164413452
kreativer_linus_training_data_lower_cbow_lr0.05_epochs1_mincount10_ws12_dims300,büglerin,0.7139266729354858
kreativer_linus_training_data_lower_cbow_lr0.05_epochs1_mincount10_ws12_dims300,ehegattin,0.7138773202896118
kreativer_linus_training_data_lower_cbow_lr0.05_epochs1_mincount10_ws12_dims300,mesnerin,0.7130624651908875
kreativer_linus_training_data_lower_cbow_lr0.05_epochs1_mincount10_ws12_dims300,zechkellnerin,0.71297687292099
kreativer_linus_training_data_lower_cbow_lr0.05_epochs1_mincount10_ws12_dims300,mann,0.7127766013145447
kreativer_linus_training_data_lower_cbow_lr0.05_epochs1_mincount10_ws12_dims300,kindsmörderin,0.712543785572052
kreativer_linus_training_data_lower_cbow_lr0.05_epochs1_mincount10_ws12_dims300,überfrau,0.7120581269264221
kreativer_linus_training_data_lower_cbow_lr0.05_epochs1_mincount10_ws12_dims300,mitbewohnerin,0.7119582295417786
kreativer_linus_training_data_lower_cbow_lr0.05_epochs1_mincount10_ws12_dims300,täterin,0.7115943431854248
kreativer_linus_training_data_lower_cbow_lr0.05_epochs1_mincount10_ws12_dims300,exgattin,0.7107518315315247
kreativer_linus_training_data_lower_cbow_lr0.05_epochs1_mincount10_ws12_dims300,freifrau,0.7107344269752502
kreativer_linus_training_data_lower_cbow_lr0.05_epochs1_mincount10_ws12_dims300,meßnerin,0.709589958190918
kreativer_linus_training_data_lower_cbow_lr0.05_epochs1_mincount10_ws12_dims300,stiefmutter,0.7093880772590637
kreativer_linus_training_data_lower_cbow_lr0.05_epochs1_mincount10_ws12_dims300,p-mutter,0.7074554562568665
kreativer_linus_training_data_lower_cbow_lr0.05_epochs1_mincount10_ws12_dims300,muttergöttin,0.7070323824882507
kreativer_linus_training_data_lower_cbow_lr0.05_epochs1_mincount10_ws12_dims300,rozerin,0.7065830230712891
kreativer_linus_training_data_lower_cbow_lr0.05_epochs1_mincount10_ws12_dims300,vplerin,0.7065231800079346
kreativer_linus_training_data_lower_cbow_lr0.05_epochs1_mincount10_ws12_dims300,verehrerin,0.7062301635742188
kreativer_linus_training_data_lower_cbow_lr0.05_epochs1_mincount10_ws12_dims300,taxlerin,0.7058085799217224
kreativer_linus_training_data_lower_cbow_lr0.05_epochs1_mincount10_ws12_dims300,mobberin,0.705669641494751
kreativer_linus_training_data_lower_cbow_lr0.05_epochs1_mincount10_ws12_dims300,fraude,0.7056307792663574
kreativer_linus_training_data_lower_cbow_lr0.05_epochs1_mincount10_ws12_dims300,kerin,0.7052515745162964
kreativer_linus_training_data_lower_cbow_lr0.05_epochs1_mincount10_ws12_dims300,pyerin,0.7051949501037598
kreativer_linus_training_data_lower_cbow_lr0.05_epochs1_mincount10_ws12_dims300,hausiererin,0.704510509967804
kreativer_linus_training_data_lower_cbow_lr0.05_epochs1_mincount10_ws12_dims300,leibwächterin,0.704464852809906
kreativer_linus_training_data_lower_cbow_lr0.05_epochs1_mincount10_ws12_dims300,zugehfrau,0.704079270362854
kreativer_linus_training_data_lower_cbow_lr0.05_epochs1_mincount10_ws12_dims300,nochehefrau,0.7039473652839661
kreativer_linus_training_data_lower_cbow_lr0.05_epochs1_mincount10_ws12_dims300,kawerin,0.7038267850875854
kreativer_linus_training_data_lower_cbow_lr0.05_epochs1_mincount10_ws12_dims300,berin,0.7033288478851318
kreativer_linus_training_data_lower_cbow_lr0.05_epochs1_mincount10_ws12_dims300,weanerin,0.7029650807380676
kreativer_linus_training_data_lower_cbow_lr0.05_epochs1_mincount10_ws12_dims300,pèlerin,0.7024129629135132
kreativer_linus_training_data_lower_cbow_lr0.05_epochs1_mincount10_ws12_dims300,räuberin,0.7013834714889526
kreativer_linus_training_data_lower_cbow_lr0.05_epochs1_mincount10_ws12_dims300,ketzerin,0.7011032700538635
kreativer_linus_training_data_lower_cbow_lr0.05_epochs1_mincount10_ws12_dims300,pensionistin,0.7008362412452698
kreativer_linus_training_data_lower_cbow_lr0.05_epochs1_mincount10_ws12_dims300,schmuserin,0.6988763809204102
kreativer_linus_training_data_lower_cbow_lr0.05_epochs1_mincount10_ws12_dims300,gattenmörderin,0.6988421678543091
kreativer_linus_training_data_lower_cbow_lr0.05_epochs1_mincount10_ws12_dims300,schlagfrau,0.6987401843070984
kreativer_linus_training_data_lower_cbow_lr0.05_epochs1_mincount10_ws12_dims300,stalkerin,0.6981946229934692
kreativer_linus_training_data_lower_cbow_lr0.05_epochs1_mincount10_ws12_dims300,serin,0.6972864270210266
kreativer_linus_training_data_lower_cbow_lr0.05_epochs1_mincount10_ws12_dims300,quäkerin,0.6972558498382568
kreativer_linus_training_data_lower_cbow_lr0.05_epochs1_mincount10_ws12_dims300,perin,0.6961309313774109
kreativer_linus_training_data_lower_cbow_lr0.05_epochs1_mincount10_ws12_dims300,berberin,0.6960048079490662
kreativer_linus_training_data_lower_cbow_lr0.05_epochs1_mincount10_ws12_dims300,vorfahrerin,0.6959953904151917
kreativer_linus_training_data_lower_cbow_lr0.05_epochs1_mincount10_ws12_dims300,stieftochter,0.6959407329559326
kreativer_linus_training_data_lower_cbow_lr0.05_epochs1_mincount10_ws12_dims300,frührentnerin,0.6953909397125244
kreativer_linus_training_data_lower_cbow_lr0.05_epochs1_mincount10_ws12_dims300,kindesmörderin,0.6952269673347473
kreativer_linus_training_data_lower_cbow_lr0.05_epochs1_mincount10_ws12_dims300,stiefgroßmutter,0.6952040791511536
aktive_eleonore_training_data_lower_cbow_lr0.05_epochs1_mincount50_ws5_dims300,exfrau,0.8450106978416443
aktive_eleonore_training_data_lower_cbow_lr0.05_epochs1_mincount50_ws5_dims300,ehefrau,0.8387935161590576
aktive_eleonore_training_data_lower_cbow_lr0.05_epochs1_mincount50_ws5_dims300,lebensgefährtin,0.7995796203613281
aktive_eleonore_training_data_lower_cbow_lr0.05_epochs1_mincount50_ws5_dims300,barfrau,0.7952485680580139
aktive_eleonore_training_data_lower_cbow_lr0.05_epochs1_mincount50_ws5_dims300,kindfrau,0.7950701117515564
aktive_eleonore_training_data_lower_cbow_lr0.05_epochs1_mincount50_ws5_dims300,schwägerin,0.7909501791000366
aktive_eleonore_training_data_lower_cbow_lr0.05_epochs1_mincount50_ws5_dims300,ehepartnerin,0.7867195010185242
aktive_eleonore_training_data_lower_cbow_lr0.05_epochs1_mincount50_ws5_dims300,haushälterin,0.7846623659133911
aktive_eleonore_training_data_lower_cbow_lr0.05_epochs1_mincount50_ws5_dims300,klofrau,0.7786830067634583
aktive_eleonore_training_data_lower_cbow_lr0.05_epochs1_mincount50_ws5_dims300,freundin,0.7786162495613098
aktive_eleonore_training_data_lower_cbow_lr0.05_epochs1_mincount50_ws5_dims300,kärtnerin,0.7733398079872131
aktive_eleonore_training_data_lower_cbow_lr0.05_epochs1_mincount50_ws5_dims300,nachbarin,0.7712753415107727
aktive_eleonore_training_data_lower_cbow_lr0.05_epochs1_mincount50_ws5_dims300,ahnfrau,0.7655225992202759
aktive_eleonore_training_data_lower_cbow_lr0.05_epochs1_mincount50_ws5_dims300,gattin,0.7650899291038513
aktive_eleonore_training_data_lower_cbow_lr0.05_epochs1_mincount50_ws5_dims300,hausfrau,0.764654278755188
aktive_eleonore_training_data_lower_cbow_lr0.05_epochs1_mincount50_ws5_dims300,exfreundin,0.7646230459213257
aktive_eleonore_training_data_lower_cbow_lr0.05_epochs1_mincount50_ws5_dims300,nebenbuhlerin,0.7620677351951599
aktive_eleonore_training_data_lower_cbow_lr0.05_epochs1_mincount50_ws5_dims300,mutter,0.7574072480201721
aktive_eleonore_training_data_lower_cbow_lr0.05_epochs1_mincount50_ws5_dims300,arztgattin,0.754278302192688
aktive_eleonore_training_data_lower_cbow_lr0.05_epochs1_mincount50_ws5_dims300,kellnerin,0.7529729604721069
aktive_eleonore_training_data_lower_cbow_lr0.05_epochs1_mincount50_ws5_dims300,zuhälterin,0.7515028119087219
aktive_eleonore_training_data_lower_cbow_lr0.05_epochs1_mincount50_ws5_dims300,pensionistin,0.7490499019622803
aktive_eleonore_training_data_lower_cbow_lr0.05_epochs1_mincount50_ws5_dims300,kindsmörderin,0.7467003464698792
aktive_eleonore_training_data_lower_cbow_lr0.05_epochs1_mincount50_ws5_dims300,rentnerin,0.7446563243865967
aktive_eleonore_training_data_lower_cbow_lr0.05_epochs1_mincount50_ws5_dims300,partnerin,0.7441943287849426
aktive_eleonore_training_data_lower_cbow_lr0.05_epochs1_mincount50_ws5_dims300,babysitterin,0.7416151762008667
aktive_eleonore_training_data_lower_cbow_lr0.05_epochs1_mincount50_ws5_dims300,stiefmutter,0.7399371266365051
aktive_eleonore_training_data_lower_cbow_lr0.05_epochs1_mincount50_ws5_dims300,perin,0.7395439743995667
aktive_eleonore_training_data_lower_cbow_lr0.05_epochs1_mincount50_ws5_dims300,ehegattin,0.7388806939125061
aktive_eleonore_training_data_lower_cbow_lr0.05_epochs1_mincount50_ws5_dims300,mitbewohnerin,0.7383899092674255
aktive_eleonore_training_data_lower_cbow_lr0.05_epochs1_mincount50_ws5_dims300,kerin,0.7382251024246216
aktive_eleonore_training_data_lower_cbow_lr0.05_epochs1_mincount50_ws5_dims300,familienhelferin,0.7355341911315918
aktive_eleonore_training_data_lower_cbow_lr0.05_epochs1_mincount50_ws5_dims300,lebenspartnerin,0.7340187430381775
aktive_eleonore_training_data_lower_cbow_lr0.05_epochs1_mincount50_ws5_dims300,verehrerin,0.7328022122383118
aktive_eleonore_training_data_lower_cbow_lr0.05_epochs1_mincount50_ws5_dims300,räuberin,0.7317328453063965
aktive_eleonore_training_data_lower_cbow_lr0.05_epochs1_mincount50_ws5_dims300,nerin,0.7287795543670654
aktive_eleonore_training_data_lower_cbow_lr0.05_epochs1_mincount50_ws5_dims300,mesnerin,0.7286214232444763
aktive_eleonore_training_data_lower_cbow_lr0.05_epochs1_mincount50_ws5_dims300,stalkerin,0.7283965349197388
aktive_eleonore_training_data_lower_cbow_lr0.05_epochs1_mincount50_ws5_dims300,leibwächterin,0.7271407246589661
aktive_eleonore_training_data_lower_cbow_lr0.05_epochs1_mincount50_ws5_dims300,täterin,0.7255707383155823
aktive_eleonore_training_data_lower_cbow_lr0.05_epochs1_mincount50_ws5_dims300,oberin,0.7253450751304626
aktive_eleonore_training_data_lower_cbow_lr0.05_epochs1_mincount50_ws5_dims300,büglerin,0.7226472496986389
aktive_eleonore_training_data_lower_cbow_lr0.05_epochs1_mincount50_ws5_dims300,taxlerin,0.7205827832221985
aktive_eleonore_training_data_lower_cbow_lr0.05_epochs1_mincount50_ws5_dims300,selbstmörderin,0.7203705906867981
aktive_eleonore_training_data_lower_cbow_lr0.05_epochs1_mincount50_ws5_dims300,schwester,0.7190849184989929
aktive_eleonore_training_data_lower_cbow_lr0.05_epochs1_mincount50_ws5_dims300,mann,0.7189846038818359
aktive_eleonore_training_data_lower_cbow_lr0.05_epochs1_mincount50_ws5_dims300,göfnerin,0.7187360525131226
aktive_eleonore_training_data_lower_cbow_lr0.05_epochs1_mincount50_ws5_dims300,putzfrau,0.7184376120567322
aktive_eleonore_training_data_lower_cbow_lr0.05_epochs1_mincount50_ws5_dims300,mörderin,0.7179802656173706
aktive_eleonore_training_data_lower_cbow_lr0.05_epochs1_mincount50_ws5_dims300,freifrau,0.7177366614341736
aktive_eleonore_training_data_lower_cbow_lr0.05_epochs1_mincount50_ws5_dims300,trinkerin,0.7176401019096375
aktive_eleonore_training_data_lower_cbow_lr0.05_epochs1_mincount50_ws5_dims300,undin,0.7174119353294373
aktive_eleonore_training_data_lower_cbow_lr0.05_epochs1_mincount50_ws5_dims300,alkoholikerin,0.7161402106285095
aktive_eleonore_training_data_lower_cbow_lr0.05_epochs1_mincount50_ws5_dims300,buhfrau,0.7156041860580444
aktive_eleonore_training_data_lower_cbow_lr0.05_epochs1_mincount50_ws5_dims300,joggerin,0.7154117226600647
aktive_eleonore_training_data_lower_cbow_lr0.05_epochs1_mincount50_ws5_dims300,gefährtin,0.7149770259857178
aktive_eleonore_training_data_lower_cbow_lr0.05_epochs1_mincount50_ws5_dims300,teenagerin,0.7130293250083923
aktive_eleonore_training_data_lower_cbow_lr0.05_epochs1_mincount50_ws5_dims300,taxifahrerin,0.7119932770729065
aktive_eleonore_training_data_lower_cbow_lr0.05_epochs1_mincount50_ws5_dims300,jugendfreundin,0.7119439244270325
aktive_eleonore_training_data_lower_cbow_lr0.05_epochs1_mincount50_ws5_dims300,todeslenkerin,0.7116326093673706
aktive_eleonore_training_data_lower_cbow_lr0.05_epochs1_mincount50_ws5_dims300,kollegin,0.7113893032073975
aktive_eleonore_training_data_lower_cbow_lr0.05_epochs1_mincount50_ws5_dims300,polizistin,0.7102409601211548
aktive_eleonore_training_data_lower_cbow_lr0.05_epochs1_mincount50_ws5_dims300,bettlerin,0.7086748480796814
aktive_eleonore_training_data_lower_cbow_lr0.05_epochs1_mincount50_ws5_dims300,brautmutter,0.7085843086242676
aktive_eleonore_training_data_lower_cbow_lr0.05_epochs1_mincount50_ws5_dims300,övplerin,0.7079142928123474
aktive_eleonore_training_data_lower_cbow_lr0.05_epochs1_mincount50_ws5_dims300,passantin,0.7076040506362915
aktive_eleonore_training_data_lower_cbow_lr0.05_epochs1_mincount50_ws5_dims300,seniorin,0.7072635889053345
aktive_eleonore_training_data_lower_cbow_lr0.05_epochs1_mincount50_ws5_dims300,perserin,0.7070243954658508
aktive_eleonore_training_data_lower_cbow_lr0.05_epochs1_mincount50_ws5_dims300,sanitäterin,0.7064217925071716
aktive_eleonore_training_data_lower_cbow_lr0.05_epochs1_mincount50_ws5_dims300,dorfbewohnerin,0.7062299251556396
aktive_eleonore_training_data_lower_cbow_lr0.05_epochs1_mincount50_ws5_dims300,großmutter,0.7061759829521179
aktive_eleonore_training_data_lower_cbow_lr0.05_epochs1_mincount50_ws5_dims300,geherin,0.7060865163803101
aktive_eleonore_training_data_lower_cbow_lr0.05_epochs1_mincount50_ws5_dims300,malteserin,0.7060190439224243
aktive_eleonore_training_data_lower_cbow_lr0.05_epochs1_mincount50_ws5_dims300,schwerin,0.7059505581855774
aktive_eleonore_training_data_lower_cbow_lr0.05_epochs1_mincount50_ws5_dims300,gaunerin,0.7055665254592896
aktive_eleonore_training_data_lower_cbow_lr0.05_epochs1_mincount50_ws5_dims300,wasnerin,0.7048630118370056
aktive_eleonore_training_data_lower_cbow_lr0.05_epochs1_mincount50_ws5_dims300,schäferin,0.704203188419342
aktive_eleonore_training_data_lower_cbow_lr0.05_epochs1_mincount50_ws5_dims300,syrerin,0.7041875720024109
aktive_eleonore_training_data_lower_cbow_lr0.05_epochs1_mincount50_ws5_dims300,ersthelferin,0.7037445306777954
aktive_eleonore_training_data_lower_cbow_lr0.05_epochs1_mincount50_ws5_dims300,widerin,0.7030192017555237
aktive_eleonore_training_data_lower_cbow_lr0.05_epochs1_mincount50_ws5_dims300,bezauerin,0.7021867632865906
aktive_eleonore_training_data_lower_cbow_lr0.05_epochs1_mincount50_ws5_dims300,arzthelferin,0.7020330429077148
aktive_eleonore_training_data_lower_cbow_lr0.05_epochs1_mincount50_ws5_dims300,beifahrerin,0.7011811137199402
aktive_eleonore_training_data_lower_cbow_lr0.05_epochs1_mincount50_ws5_dims300,mitschülerin,0.6998198628425598
aktive_eleonore_training_data_lower_cbow_lr0.05_epochs1_mincount50_ws5_dims300,transfrau,0.6997992396354675
aktive_eleonore_training_data_lower_cbow_lr0.05_epochs1_mincount50_ws5_dims300,reitlehrerin,0.6994493007659912
aktive_eleonore_training_data_lower_cbow_lr0.05_epochs1_mincount50_ws5_dims300,oboistin,0.6976949572563171
aktive_eleonore_training_data_lower_cbow_lr0.05_epochs1_mincount50_ws5_dims300,liebhaberin,0.6976638436317444
aktive_eleonore_training_data_lower_cbow_lr0.05_epochs1_mincount50_ws5_dims300,kindsmutter,0.6972209811210632
aktive_eleonore_training_data_lower_cbow_lr0.05_epochs1_mincount50_ws5_dims300,merin,0.6969754099845886
aktive_eleonore_training_data_lower_cbow_lr0.05_epochs1_mincount50_ws5_dims300,pflegerin,0.6962453126907349
aktive_eleonore_training_data_lower_cbow_lr0.05_epochs1_mincount50_ws5_dims300,geburtshelferin,0.6962170004844666
aktive_eleonore_training_data_lower_cbow_lr0.05_epochs1_mincount50_ws5_dims300,stieftochter,0.6950259208679199
aktive_eleonore_training_data_lower_cbow_lr0.05_epochs1_mincount50_ws5_dims300,urmutter,0.6949576735496521
aktive_eleonore_training_data_lower_cbow_lr0.05_epochs1_mincount50_ws5_dims300,puffmutter,0.6933833360671997
aktive_eleonore_training_data_lower_cbow_lr0.05_epochs1_mincount50_ws5_dims300,derin,0.6928898096084595
aktive_eleonore_training_data_lower_cbow_lr0.05_epochs1_mincount50_ws5_dims300,halterin,0.6927724480628967
aktive_eleonore_training_data_lower_cbow_lr0.05_epochs1_mincount50_ws5_dims300,irakerin,0.6926831603050232
aktive_eleonore_training_data_lower_cbow_lr0.05_epochs1_mincount50_ws5_dims300,wohltäterin,0.6922706961631775
aktive_eleonore_training_data_lower_cbow_lr0.05_epochs1_mincount50_ws5_dims300,berufskollegin,0.6919714212417603
lebendiger_paul_training_data_cbow_lr0.05_epochs1_mincount10_ws12_dims300,ehefrau,0.8037765622138977
lebendiger_paul_training_data_cbow_lr0.05_epochs1_mincount10_ws12_dims300,frauin,0.791313648223877
lebendiger_paul_training_data_cbow_lr0.05_epochs1_mincount10_ws12_dims300,schwägerin,0.7662434577941895
lebendiger_paul_training_data_cbow_lr0.05_epochs1_mincount10_ws12_dims300,ehepartnerin,0.7653972506523132
lebendiger_paul_training_data_cbow_lr0.05_epochs1_mincount10_ws12_dims300,ehfrau,0.7618575096130371
lebendiger_paul_training_data_cbow_lr0.05_epochs1_mincount10_ws12_dims300,lebensgefährtin,0.7590630650520325
lebendiger_paul_training_data_cbow_lr0.05_epochs1_mincount10_ws12_dims300,männermörderin,0.7565819025039673
lebendiger_paul_training_data_cbow_lr0.05_epochs1_mincount10_ws12_dims300,exfrau,0.7500848770141602
lebendiger_paul_training_data_cbow_lr0.05_epochs1_mincount10_ws12_dims300,mutter,0.7458481192588806
lebendiger_paul_training_data_cbow_lr0.05_epochs1_mincount10_ws12_dims300,dienerin,0.7436784505844116
lebendiger_paul_training_data_cbow_lr0.05_epochs1_mincount10_ws12_dims300,kindfrau,0.740757942199707
lebendiger_paul_training_data_cbow_lr0.05_epochs1_mincount10_ws12_dims300,fremdgeherin,0.7404067516326904
lebendiger_paul_training_data_cbow_lr0.05_epochs1_mincount10_ws12_dims300,eherfrau,0.7394670248031616
lebendiger_paul_training_data_cbow_lr0.05_epochs1_mincount10_ws12_dims300,freundin,0.7393519878387451
lebendiger_paul_training_data_cbow_lr0.05_epochs1_mincount10_ws12_dims300,exfreundin,0.7379522919654846
lebendiger_paul_training_data_cbow_lr0.05_epochs1_mincount10_ws12_dims300,schwyzerin,0.7367607355117798
lebendiger_paul_training_data_cbow_lr0.05_epochs1_mincount10_ws12_dims300,haushälterin,0.7341645956039429
lebendiger_paul_training_data_cbow_lr0.05_epochs1_mincount10_ws12_dims300,mutterhündin,0.7336344718933105
lebendiger_paul_training_data_cbow_lr0.05_epochs1_mincount10_ws12_dims300,nachbarin,0.7274636030197144
lebendiger_paul_training_data_cbow_lr0.05_epochs1_mincount10_ws12_dims300,kellnerin,0.7265071272850037
lebendiger_paul_training_data_cbow_lr0.05_epochs1_mincount10_ws12_dims300,büßerin,0.7248560786247253
lebendiger_paul_training_data_cbow_lr0.05_epochs1_mincount10_ws12_dims300,sexpartnerin,0.7226543426513672
lebendiger_paul_training_data_cbow_lr0.05_epochs1_mincount10_ws12_dims300,pförtnerin,0.7212250232696533
lebendiger_paul_training_data_cbow_lr0.05_epochs1_mincount10_ws12_dims300,peinigerin,0.7210472822189331
lebendiger_paul_training_data_cbow_lr0.05_epochs1_mincount10_ws12_dims300,männerhasserin,0.7208753824234009
lebendiger_paul_training_data_cbow_lr0.05_epochs1_mincount10_ws12_dims300,triebtäterin,0.720691442489624
lebendiger_paul_training_data_cbow_lr0.05_epochs1_mincount10_ws12_dims300,gattin,0.7199178338050842
lebendiger_paul_training_data_cbow_lr0.05_epochs1_mincount10_ws12_dims300,muttergöttin,0.7189319729804993
lebendiger_paul_training_data_cbow_lr0.05_epochs1_mincount10_ws12_dims300,lebefrau,0.7185583710670471
lebendiger_paul_training_data_cbow_lr0.05_epochs1_mincount10_ws12_dims300,nebenbuhlerin,0.7184992432594299
lebendiger_paul_training_data_cbow_lr0.05_epochs1_mincount10_ws12_dims300,hausoberin,0.7184085845947266
lebendiger_paul_training_data_cbow_lr0.05_epochs1_mincount10_ws12_dims300,zuhälterin,0.7170918583869934
lebendiger_paul_training_data_cbow_lr0.05_epochs1_mincount10_ws12_dims300,jüngerin,0.7158515453338623
lebendiger_paul_training_data_cbow_lr0.05_epochs1_mincount10_ws12_dims300,familienhelferin,0.7157465219497681
lebendiger_paul_training_data_cbow_lr0.05_epochs1_mincount10_ws12_dims300,babysitterin,0.7128313183784485
lebendiger_paul_training_data_cbow_lr0.05_epochs1_mincount10_ws12_dims300,kärtnerin,0.7125266194343567
lebendiger_paul_training_data_cbow_lr0.05_epochs1_mincount10_ws12_dims300,mann,0.7124637961387634
lebendiger_paul_training_data_cbow_lr0.05_epochs1_mincount10_ws12_dims300,hausfrau,0.7111892104148865
lebendiger_paul_training_data_cbow_lr0.05_epochs1_mincount10_ws12_dims300,säuferin,0.7109115719795227
lebendiger_paul_training_data_cbow_lr0.05_epochs1_mincount10_ws12_dims300,leibwächterin,0.7108285427093506
lebendiger_paul_training_data_cbow_lr0.05_epochs1_mincount10_ws12_dims300,kindsmörderin,0.7098551988601685
lebendiger_paul_training_data_cbow_lr0.05_epochs1_mincount10_ws12_dims300,liebesdienerin,0.709618330001831
lebendiger_paul_training_data_cbow_lr0.05_epochs1_mincount10_ws12_dims300,stiefmutter,0.7089933753013611
lebendiger_paul_training_data_cbow_lr0.05_epochs1_mincount10_ws12_dims300,pyerin,0.7083574533462524
lebendiger_paul_training_data_cbow_lr0.05_epochs1_mincount10_ws12_dims300,rentnerin,0.7076991200447083
lebendiger_paul_training_data_cbow_lr0.05_epochs1_mincount10_ws12_dims300,mitbewohnerin,0.7075786590576172
lebendiger_paul_training_data_cbow_lr0.05_epochs1_mincount10_ws12_dims300,verin,0.7069374918937683
lebendiger_paul_training_data_cbow_lr0.05_epochs1_mincount10_ws12_dims300,quäkerin,0.7067263126373291
lebendiger_paul_training_data_cbow_lr0.05_epochs1_mincount10_ws12_dims300,räuberin,0.7054438591003418
lebendiger_paul_training_data_cbow_lr0.05_epochs1_mincount10_ws12_dims300,lebensfreundin,0.7051372528076172
lebendiger_paul_training_data_cbow_lr0.05_epochs1_mincount10_ws12_dims300,täterin,0.704833984375
lebendiger_paul_training_data_cbow_lr0.05_epochs1_mincount10_ws12_dims300,arztgattin,0.70473313331604
lebendiger_paul_training_data_cbow_lr0.05_epochs1_mincount10_ws12_dims300,undin,0.7045110464096069
lebendiger_paul_training_data_cbow_lr0.05_epochs1_mincount10_ws12_dims300,lebenspartnerin,0.7041944265365601
lebendiger_paul_training_data_cbow_lr0.05_epochs1_mincount10_ws12_dims300,perserin,0.7029255032539368
lebendiger_paul_training_data_cbow_lr0.05_epochs1_mincount10_ws12_dims300,urfrau,0.7028502821922302
lebendiger_paul_training_data_cbow_lr0.05_epochs1_mincount10_ws12_dims300,gattenmörderin,0.7023619413375854
lebendiger_paul_training_data_cbow_lr0.05_epochs1_mincount10_ws12_dims300,henkerin,0.7020598649978638
lebendiger_paul_training_data_cbow_lr0.05_epochs1_mincount10_ws12_dims300,perin,0.7015968561172485
lebendiger_paul_training_data_cbow_lr0.05_epochs1_mincount10_ws12_dims300,gebärerin,0.7009707689285278
lebendiger_paul_training_data_cbow_lr0.05_epochs1_mincount10_ws12_dims300,oberin,0.6993312239646912
lebendiger_paul_training_data_cbow_lr0.05_epochs1_mincount10_ws12_dims300,partnerin,0.6988423466682434
lebendiger_paul_training_data_cbow_lr0.05_epochs1_mincount10_ws12_dims300,maegdefrau,0.697076141834259
lebendiger_paul_training_data_cbow_lr0.05_epochs1_mincount10_ws12_dims300,verehrerin,0.6970497369766235
lebendiger_paul_training_data_cbow_lr0.05_epochs1_mincount10_ws12_dims300,meßnerin,0.696959912776947
lebendiger_paul_training_data_cbow_lr0.05_epochs1_mincount10_ws12_dims300,rozerin,0.6964260935783386
lebendiger_paul_training_data_cbow_lr0.05_epochs1_mincount10_ws12_dims300,schwerin,0.6951265335083008
lebendiger_paul_training_data_cbow_lr0.05_epochs1_mincount10_ws12_dims300,vorfahrerin,0.6947777271270752
lebendiger_paul_training_data_cbow_lr0.05_epochs1_mincount10_ws12_dims300,pensionistin,0.6941596269607544
lebendiger_paul_training_data_cbow_lr0.05_epochs1_mincount10_ws12_dims300,ehestifterin,0.6941034197807312
lebendiger_paul_training_data_cbow_lr0.05_epochs1_mincount10_ws12_dims300,gerin,0.6940577030181885
lebendiger_paul_training_data_cbow_lr0.05_epochs1_mincount10_ws12_dims300,tatin,0.6933155059814453
lebendiger_paul_training_data_cbow_lr0.05_epochs1_mincount10_ws12_dims300,büglerin,0.6925667524337769
lebendiger_paul_training_data_cbow_lr0.05_epochs1_mincount10_ws12_dims300,klofrau,0.6921181082725525
lebendiger_paul_training_data_cbow_lr0.05_epochs1_mincount10_ws12_dims300,wahrerin,0.6918697357177734
lebendiger_paul_training_data_cbow_lr0.05_epochs1_mincount10_ws12_dims300,weanerin,0.6910326480865479
lebendiger_paul_training_data_cbow_lr0.05_epochs1_mincount10_ws12_dims300,expartnerin,0.6910001039505005
lebendiger_paul_training_data_cbow_lr0.05_epochs1_mincount10_ws12_dims300,freundin,0.6908445954322815
lebendiger_paul_training_data_cbow_lr0.05_epochs1_mincount10_ws12_dims300,partnerin,0.6908049583435059
lebendiger_paul_training_data_cbow_lr0.05_epochs1_mincount10_ws12_dims300,wärterin,0.6904329657554626
lebendiger_paul_training_data_cbow_lr0.05_epochs1_mincount10_ws12_dims300,barfrau,0.6904198527336121
lebendiger_paul_training_data_cbow_lr0.05_epochs1_mincount10_ws12_dims300,hausiererin,0.6899329423904419
lebendiger_paul_training_data_cbow_lr0.05_epochs1_mincount10_ws12_dims300,mobberin,0.6893676519393921
lebendiger_paul_training_data_cbow_lr0.05_epochs1_mincount10_ws12_dims300,unkenerin,0.6892920732498169
lebendiger_paul_training_data_cbow_lr0.05_epochs1_mincount10_ws12_dims300,mörderin,0.6890081167221069
lebendiger_paul_training_data_cbow_lr0.05_epochs1_mincount10_ws12_dims300,hauslehrerin,0.6878976821899414
lebendiger_paul_training_data_cbow_lr0.05_epochs1_mincount10_ws12_dims300,glyzerin,0.6877804398536682
lebendiger_paul_training_data_cbow_lr0.05_epochs1_mincount10_ws12_dims300,liebhaberin,0.6874351501464844
lebendiger_paul_training_data_cbow_lr0.05_epochs1_mincount10_ws12_dims300,kerin,0.687263548374176
lebendiger_paul_training_data_cbow_lr0.05_epochs1_mincount10_ws12_dims300,schmuserin,0.6868776082992554
lebendiger_paul_training_data_cbow_lr0.05_epochs1_mincount10_ws12_dims300,stiefgroßmutter,0.6868343353271484
lebendiger_paul_training_data_cbow_lr0.05_epochs1_mincount10_ws12_dims300,anglerin,0.686577320098877
lebendiger_paul_training_data_cbow_lr0.05_epochs1_mincount10_ws12_dims300,hofbesitzerin,0.6865606904029846
lebendiger_paul_training_data_cbow_lr0.05_epochs1_mincount10_ws12_dims300,schwester,0.6865550875663757
lebendiger_paul_training_data_cbow_lr0.05_epochs1_mincount10_ws12_dims300,ketzerin,0.6863806843757629
lebendiger_paul_training_data_cbow_lr0.05_epochs1_mincount10_ws12_dims300,ehegattin,0.6861852407455444
lebendiger_paul_training_data_cbow_lr0.05_epochs1_mincount10_ws12_dims300,zigeunerin,0.6860166788101196
lebendiger_paul_training_data_cbow_lr0.05_epochs1_mincount10_ws12_dims300,stalkerin,0.6860001087188721
lebendiger_paul_training_data_cbow_lr0.05_epochs1_mincount10_ws12_dims300,küsserin,0.6853879690170288
lebendiger_paul_training_data_cbow_lr0.05_epochs1_mincount10_ws12_dims300,geherin,0.6845218539237976
wachsamer_oliver_training_data_cbow_lr0.05_epochs1_mincount5_ws5_dims300,ehefrau,0.8260064125061035
wachsamer_oliver_training_data_cbow_lr0.05_epochs1_mincount5_ws5_dims300,männerin,0.8084966540336609
wachsamer_oliver_training_data_cbow_lr0.05_epochs1_mincount5_ws5_dims300,ehepartnerin,0.7939000725746155
wachsamer_oliver_training_data_cbow_lr0.05_epochs1_mincount5_ws5_dims300,frauin,0.790718674659729
wachsamer_oliver_training_data_cbow_lr0.05_epochs1_mincount5_ws5_dims300,ehestörerin,0.7895560264587402
wachsamer_oliver_training_data_cbow_lr0.05_epochs1_mincount5_ws5_dims300,lebensgefährtin,0.788297712802887
wachsamer_oliver_training_data_cbow_lr0.05_epochs1_mincount5_ws5_dims300,schwägerin,0.7864606976509094
wachsamer_oliver_training_data_cbow_lr0.05_epochs1_mincount5_ws5_dims300,mutterin,0.7809977531433105
wachsamer_oliver_training_data_cbow_lr0.05_epochs1_mincount5_ws5_dims300,orffrau,0.7809895277023315
wachsamer_oliver_training_data_cbow_lr0.05_epochs1_mincount5_ws5_dims300,männermörderin,0.7777013182640076
wachsamer_oliver_training_data_cbow_lr0.05_epochs1_mincount5_ws5_dims300,freundin,0.7759301662445068
wachsamer_oliver_training_data_cbow_lr0.05_epochs1_mincount5_ws5_dims300,exfreundin,0.7745320200920105
wachsamer_oliver_training_data_cbow_lr0.05_epochs1_mincount5_ws5_dims300,dienerin,0.7744136452674866
wachsamer_oliver_training_data_cbow_lr0.05_epochs1_mincount5_ws5_dims300,gattin,0.7722516059875488
wachsamer_oliver_training_data_cbow_lr0.05_epochs1_mincount5_ws5_dims300,exehefrau,0.7721796631813049
wachsamer_oliver_training_data_cbow_lr0.05_epochs1_mincount5_ws5_dims300,ehfrau,0.7720820903778076
wachsamer_oliver_training_data_cbow_lr0.05_epochs1_mincount5_ws5_dims300,ehegattin,0.7676523923873901
wachsamer_oliver_training_data_cbow_lr0.05_epochs1_mincount5_ws5_dims300,muttermörderin,0.7665265202522278
wachsamer_oliver_training_data_cbow_lr0.05_epochs1_mincount5_ws5_dims300,pförtnerin,0.7652473449707031
wachsamer_oliver_training_data_cbow_lr0.05_epochs1_mincount5_ws5_dims300,mutterhündin,0.7630007266998291
wachsamer_oliver_training_data_cbow_lr0.05_epochs1_mincount5_ws5_dims300,exfrau,0.7626788020133972
wachsamer_oliver_training_data_cbow_lr0.05_epochs1_mincount5_ws5_dims300,jüngerin,0.7605519890785217
wachsamer_oliver_training_data_cbow_lr0.05_epochs1_mincount5_ws5_dims300,nachbarin,0.7603441476821899
wachsamer_oliver_training_data_cbow_lr0.05_epochs1_mincount5_ws5_dims300,undin,0.7596632242202759
wachsamer_oliver_training_data_cbow_lr0.05_epochs1_mincount5_ws5_dims300,sexpartnerin,0.758325457572937
wachsamer_oliver_training_data_cbow_lr0.05_epochs1_mincount5_ws5_dims300,fremdgeherin,0.7575633525848389
wachsamer_oliver_training_data_cbow_lr0.05_epochs1_mincount5_ws5_dims300,zuhälterin,0.7570384740829468
wachsamer_oliver_training_data_cbow_lr0.05_epochs1_mincount5_ws5_dims300,eherfrau,0.756804883480072
wachsamer_oliver_training_data_cbow_lr0.05_epochs1_mincount5_ws5_dims300,arztgattin,0.7564123868942261
wachsamer_oliver_training_data_cbow_lr0.05_epochs1_mincount5_ws5_dims300,kindfrau,0.7548179626464844
wachsamer_oliver_training_data_cbow_lr0.05_epochs1_mincount5_ws5_dims300,nebenbuhlerin,0.7526842951774597
wachsamer_oliver_training_data_cbow_lr0.05_epochs1_mincount5_ws5_dims300,kärtnerin,0.7520835399627686
wachsamer_oliver_training_data_cbow_lr0.05_epochs1_mincount5_ws5_dims300,rentnerin,0.7515472769737244
wachsamer_oliver_training_data_cbow_lr0.05_epochs1_mincount5_ws5_dims300,alibifreundin,0.7499005794525146
wachsamer_oliver_training_data_cbow_lr0.05_epochs1_mincount5_ws5_dims300,mutter,0.7494872808456421
wachsamer_oliver_training_data_cbow_lr0.05_epochs1_mincount5_ws5_dims300,feundin,0.7493436336517334
wachsamer_oliver_training_data_cbow_lr0.05_epochs1_mincount5_ws5_dims300,büßerin,0.7490646243095398
wachsamer_oliver_training_data_cbow_lr0.05_epochs1_mincount5_ws5_dims300,pensionistin,0.7483245134353638
wachsamer_oliver_training_data_cbow_lr0.05_epochs1_mincount5_ws5_dims300,lebefrau,0.7467687129974365
wachsamer_oliver_training_data_cbow_lr0.05_epochs1_mincount5_ws5_dims300,kellnerin,0.7460907101631165
wachsamer_oliver_training_data_cbow_lr0.05_epochs1_mincount5_ws5_dims300,triebtäterin,0.7460516095161438
wachsamer_oliver_training_data_cbow_lr0.05_epochs1_mincount5_ws5_dims300,schwyzerin,0.7459754347801208
wachsamer_oliver_training_data_cbow_lr0.05_epochs1_mincount5_ws5_dims300,haushälterin,0.7454898953437805
wachsamer_oliver_training_data_cbow_lr0.05_epochs1_mincount5_ws5_dims300,halbsyrerin,0.7450000047683716
wachsamer_oliver_training_data_cbow_lr0.05_epochs1_mincount5_ws5_dims300,partnerin,0.7449483871459961
wachsamer_oliver_training_data_cbow_lr0.05_epochs1_mincount5_ws5_dims300,sylterin,0.7425425052642822
wachsamer_oliver_training_data_cbow_lr0.05_epochs1_mincount5_ws5_dims300,ehezerstörerin,0.7424122095108032
wachsamer_oliver_training_data_cbow_lr0.05_epochs1_mincount5_ws5_dims300,ehestifterin,0.7411887049674988
wachsamer_oliver_training_data_cbow_lr0.05_epochs1_mincount5_ws5_dims300,bettgefährtin,0.7410175800323486
wachsamer_oliver_training_data_cbow_lr0.05_epochs1_mincount5_ws5_dims300,familienhelferin,0.7405815124511719
wachsamer_oliver_training_data_cbow_lr0.05_epochs1_mincount5_ws5_dims300,frauund,0.7404391765594482
wachsamer_oliver_training_data_cbow_lr0.05_epochs1_mincount5_ws5_dims300,babysitterin,0.7397045493125916
wachsamer_oliver_training_data_cbow_lr0.05_epochs1_mincount5_ws5_dims300,säuferin,0.7382868528366089
wachsamer_oliver_training_data_cbow_lr0.05_epochs1_mincount5_ws5_dims300,kusspartnerin,0.7378915548324585
wachsamer_oliver_training_data_cbow_lr0.05_epochs1_mincount5_ws5_dims300,lebenspartnerin,0.7376646995544434
wachsamer_oliver_training_data_cbow_lr0.05_epochs1_mincount5_ws5_dims300,herrerin,0.7374181151390076
wachsamer_oliver_training_data_cbow_lr0.05_epochs1_mincount5_ws5_dims300,käntnerin,0.7373480200767517
wachsamer_oliver_training_data_cbow_lr0.05_epochs1_mincount5_ws5_dims300,mitbewohnerin,0.7371495962142944
wachsamer_oliver_training_data_cbow_lr0.05_epochs1_mincount5_ws5_dims300,passantin,0.7371413111686707
wachsamer_oliver_training_data_cbow_lr0.05_epochs1_mincount5_ws5_dims300,klauberin,0.7369471788406372
wachsamer_oliver_training_data_cbow_lr0.05_epochs1_mincount5_ws5_dims300,expartnerin,0.7367304563522339
wachsamer_oliver_training_data_cbow_lr0.05_epochs1_mincount5_ws5_dims300,mädchenmalerin,0.7361032962799072
wachsamer_oliver_training_data_cbow_lr0.05_epochs1_mincount5_ws5_dims300,freundin,0.7352609634399414
wachsamer_oliver_training_data_cbow_lr0.05_epochs1_mincount5_ws5_dims300,babymörderin,0.7352151870727539
wachsamer_oliver_training_data_cbow_lr0.05_epochs1_mincount5_ws5_dims300,lebensfreundin,0.7348660826683044
wachsamer_oliver_training_data_cbow_lr0.05_epochs1_mincount5_ws5_dims300,nachbarsfrau,0.7347118854522705
wachsamer_oliver_training_data_cbow_lr0.05_epochs1_mincount5_ws5_dims300,maegdefrau,0.734656810760498
wachsamer_oliver_training_data_cbow_lr0.05_epochs1_mincount5_ws5_dims300,peinigerin,0.7344143986701965
wachsamer_oliver_training_data_cbow_lr0.05_epochs1_mincount5_ws5_dims300,göfiserin,0.733484148979187
wachsamer_oliver_training_data_cbow_lr0.05_epochs1_mincount5_ws5_dims300,räuberin,0.7330538034439087
wachsamer_oliver_training_data_cbow_lr0.05_epochs1_mincount5_ws5_dims300,exgattin,0.7319678068161011
wachsamer_oliver_training_data_cbow_lr0.05_epochs1_mincount5_ws5_dims300,quäkerin,0.731964111328125
wachsamer_oliver_training_data_cbow_lr0.05_epochs1_mincount5_ws5_dims300,kindsmörderin,0.731887936592102
wachsamer_oliver_training_data_cbow_lr0.05_epochs1_mincount5_ws5_dims300,hausoberin,0.7312426567077637
wachsamer_oliver_training_data_cbow_lr0.05_epochs1_mincount5_ws5_dims300,flirtpartnerin,0.7303934097290039
wachsamer_oliver_training_data_cbow_lr0.05_epochs1_mincount5_ws5_dims300,duopartnerin,0.7301958799362183
wachsamer_oliver_training_data_cbow_lr0.05_epochs1_mincount5_ws5_dims300,hausfrau,0.7300599813461304
wachsamer_oliver_training_data_cbow_lr0.05_epochs1_mincount5_ws5_dims300,liebesdienerin,0.7299880385398865
wachsamer_oliver_training_data_cbow_lr0.05_epochs1_mincount5_ws5_dims300,seniorpartnerin,0.7296430468559265
wachsamer_oliver_training_data_cbow_lr0.05_epochs1_mincount5_ws5_dims300,vorfahrerin,0.7294701933860779
wachsamer_oliver_training_data_cbow_lr0.05_epochs1_mincount5_ws5_dims300,gefährtin,0.7293329238891602
wachsamer_oliver_training_data_cbow_lr0.05_epochs1_mincount5_ws5_dims300,leibwächterin,0.7286284565925598
wachsamer_oliver_training_data_cbow_lr0.05_epochs1_mincount5_ws5_dims300,waidfrau,0.7284805178642273
wachsamer_oliver_training_data_cbow_lr0.05_epochs1_mincount5_ws5_dims300,kindsfrau,0.726905882358551
wachsamer_oliver_training_data_cbow_lr0.05_epochs1_mincount5_ws5_dims300,wahrerin,0.7268680334091187
wachsamer_oliver_training_data_cbow_lr0.05_epochs1_mincount5_ws5_dims300,henkerin,0.7265169620513916
wachsamer_oliver_training_data_cbow_lr0.05_epochs1_mincount5_ws5_dims300,malierin,0.7262452244758606
wachsamer_oliver_training_data_cbow_lr0.05_epochs1_mincount5_ws5_dims300,exlehrerin,0.726158857345581
wachsamer_oliver_training_data_cbow_lr0.05_epochs1_mincount5_ws5_dims300,urfrau,0.7261355519294739
wachsamer_oliver_training_data_cbow_lr0.05_epochs1_mincount5_ws5_dims300,verehrerin,0.7260472774505615
wachsamer_oliver_training_data_cbow_lr0.05_epochs1_mincount5_ws5_dims300,gattenmörderin,0.7257001399993896
wachsamer_oliver_training_data_cbow_lr0.05_epochs1_mincount5_ws5_dims300,gebärerin,0.7255018353462219
wachsamer_oliver_training_data_cbow_lr0.05_epochs1_mincount5_ws5_dims300,opferin,0.7254396080970764
wachsamer_oliver_training_data_cbow_lr0.05_epochs1_mincount5_ws5_dims300,stiefmutter,0.7253231406211853
wachsamer_oliver_training_data_cbow_lr0.05_epochs1_mincount5_ws5_dims300,vagabundin,0.725278377532959
wachsamer_oliver_training_data_cbow_lr0.05_epochs1_mincount5_ws5_dims300,pyerin,0.7252060174942017
wachsamer_oliver_training_data_cbow_lr0.05_epochs1_mincount5_ws5_dims300,geherin,0.7251777648925781
wachsamer_oliver_training_data_cbow_lr0.05_epochs1_mincount5_ws5_dims300,perin,0.7250316143035889
wachsamer_oliver_training_data_cbow_lr0.05_epochs1_mincount5_ws5_dims300,brautmutter,0.7247616648674011
wachsamer_oliver_training_data_cbow_lr0.05_epochs1_mincount5_ws5_dims300,suberin,0.7246285080909729
grantiger_patric_training_data_cbow_lr0.05_epochs1_mincount5_ws12_dims300,frauin,0.8158491253852844
grantiger_patric_training_data_cbow_lr0.05_epochs1_mincount5_ws12_dims300,ehefrau,0.8096700310707092
grantiger_patric_training_data_cbow_lr0.05_epochs1_mincount5_ws12_dims300,männerin,0.7908179759979248
grantiger_patric_training_data_cbow_lr0.05_epochs1_mincount5_ws12_dims300,lebensgefährtin,0.7707289457321167
grantiger_patric_training_data_cbow_lr0.05_epochs1_mincount5_ws12_dims300,mutterin,0.765876293182373
grantiger_patric_training_data_cbow_lr0.05_epochs1_mincount5_ws12_dims300,dienerin,0.7657042741775513
grantiger_patric_training_data_cbow_lr0.05_epochs1_mincount5_ws12_dims300,ehepartnerin,0.7629072070121765
grantiger_patric_training_data_cbow_lr0.05_epochs1_mincount5_ws12_dims300,exfrau,0.7624938488006592
grantiger_patric_training_data_cbow_lr0.05_epochs1_mincount5_ws12_dims300,ehestörerin,0.7615130543708801
grantiger_patric_training_data_cbow_lr0.05_epochs1_mincount5_ws12_dims300,ehfrau,0.7588983178138733
grantiger_patric_training_data_cbow_lr0.05_epochs1_mincount5_ws12_dims300,mutterhündin,0.7564051747322083
grantiger_patric_training_data_cbow_lr0.05_epochs1_mincount5_ws12_dims300,schwägerin,0.7557339072227478
grantiger_patric_training_data_cbow_lr0.05_epochs1_mincount5_ws12_dims300,orffrau,0.7504594326019287
grantiger_patric_training_data_cbow_lr0.05_epochs1_mincount5_ws12_dims300,muttermörderin,0.7480555772781372
grantiger_patric_training_data_cbow_lr0.05_epochs1_mincount5_ws12_dims300,männermörderin,0.7473543882369995
grantiger_patric_training_data_cbow_lr0.05_epochs1_mincount5_ws12_dims300,exfreundin,0.7467882037162781
grantiger_patric_training_data_cbow_lr0.05_epochs1_mincount5_ws12_dims300,exehefrau,0.743715763092041
grantiger_patric_training_data_cbow_lr0.05_epochs1_mincount5_ws12_dims300,fremdgeherin,0.742988646030426
grantiger_patric_training_data_cbow_lr0.05_epochs1_mincount5_ws12_dims300,zuhälterin,0.7395615577697754
grantiger_patric_training_data_cbow_lr0.05_epochs1_mincount5_ws12_dims300,freundin,0.7383339405059814
grantiger_patric_training_data_cbow_lr0.05_epochs1_mincount5_ws12_dims300,eherfrau,0.7375932931900024
grantiger_patric_training_data_cbow_lr0.05_epochs1_mincount5_ws12_dims300,frauund,0.7334701418876648
grantiger_patric_training_data_cbow_lr0.05_epochs1_mincount5_ws12_dims300,rentnerin,0.7326856851577759
grantiger_patric_training_data_cbow_lr0.05_epochs1_mincount5_ws12_dims300,schwyzerin,0.7313594818115234
grantiger_patric_training_data_cbow_lr0.05_epochs1_mincount5_ws12_dims300,büßerin,0.7300800681114197
grantiger_patric_training_data_cbow_lr0.05_epochs1_mincount5_ws12_dims300,lebefrau,0.7288481593132019
grantiger_patric_training_data_cbow_lr0.05_epochs1_mincount5_ws12_dims300,kellnerin,0.7272434830665588
grantiger_patric_training_data_cbow_lr0.05_epochs1_mincount5_ws12_dims300,sylterin,0.7267066240310669
grantiger_patric_training_data_cbow_lr0.05_epochs1_mincount5_ws12_dims300,opferin,0.7239439487457275
grantiger_patric_training_data_cbow_lr0.05_epochs1_mincount5_ws12_dims300,kindfrau,0.7237240076065063
grantiger_patric_training_data_cbow_lr0.05_epochs1_mincount5_ws12_dims300,mutter,0.7236477136611938
grantiger_patric_training_data_cbow_lr0.05_epochs1_mincount5_ws12_dims300,lesenfrau,0.7232751250267029
grantiger_patric_training_data_cbow_lr0.05_epochs1_mincount5_ws12_dims300,kärtnerin,0.7229086756706238
grantiger_patric_training_data_cbow_lr0.05_epochs1_mincount5_ws12_dims300,sexpartnerin,0.7228116393089294
grantiger_patric_training_data_cbow_lr0.05_epochs1_mincount5_ws12_dims300,räuberin,0.722084105014801
grantiger_patric_training_data_cbow_lr0.05_epochs1_mincount5_ws12_dims300,pförtnerin,0.7208722829818726
grantiger_patric_training_data_cbow_lr0.05_epochs1_mincount5_ws12_dims300,fraude,0.7206370234489441
grantiger_patric_training_data_cbow_lr0.05_epochs1_mincount5_ws12_dims300,ehestifterin,0.7200280427932739
grantiger_patric_training_data_cbow_lr0.05_epochs1_mincount5_ws12_dims300,jüngerin,0.7200164198875427
grantiger_patric_training_data_cbow_lr0.05_epochs1_mincount5_ws12_dims300,mann,0.7196508049964905
grantiger_patric_training_data_cbow_lr0.05_epochs1_mincount5_ws12_dims300,suberin,0.7195157408714294
grantiger_patric_training_data_cbow_lr0.05_epochs1_mincount5_ws12_dims300,liebesdienerin,0.7184173464775085
grantiger_patric_training_data_cbow_lr0.05_epochs1_mincount5_ws12_dims300,nachbarin,0.7170032858848572
grantiger_patric_training_data_cbow_lr0.05_epochs1_mincount5_ws12_dims300,männerhasserin,0.716273307800293
grantiger_patric_training_data_cbow_lr0.05_epochs1_mincount5_ws12_dims300,lebensfreundin,0.7155641913414001
grantiger_patric_training_data_cbow_lr0.05_epochs1_mincount5_ws12_dims300,haushälterin,0.7149150967597961
grantiger_patric_training_data_cbow_lr0.05_epochs1_mincount5_ws12_dims300,triebtäterin,0.7149072885513306
grantiger_patric_training_data_cbow_lr0.05_epochs1_mincount5_ws12_dims300,maegdefrau,0.7146366238594055
grantiger_patric_training_data_cbow_lr0.05_epochs1_mincount5_ws12_dims300,hausoberin,0.7140891551971436
grantiger_patric_training_data_cbow_lr0.05_epochs1_mincount5_ws12_dims300,kusspartnerin,0.7137460708618164
grantiger_patric_training_data_cbow_lr0.05_epochs1_mincount5_ws12_dims300,oberin,0.7131422758102417
grantiger_patric_training_data_cbow_lr0.05_epochs1_mincount5_ws12_dims300,wahrerin,0.7120903730392456
grantiger_patric_training_data_cbow_lr0.05_epochs1_mincount5_ws12_dims300,nachbarsfrau,0.711114227771759
grantiger_patric_training_data_cbow_lr0.05_epochs1_mincount5_ws12_dims300,lebenspartnerin,0.7107969522476196
grantiger_patric_training_data_cbow_lr0.05_epochs1_mincount5_ws12_dims300,gattin,0.7102609276771545
grantiger_patric_training_data_cbow_lr0.05_epochs1_mincount5_ws12_dims300,familienhelferin,0.7101975083351135
grantiger_patric_training_data_cbow_lr0.05_epochs1_mincount5_ws12_dims300,peinigerin,0.7101695537567139
grantiger_patric_training_data_cbow_lr0.05_epochs1_mincount5_ws12_dims300,nebenbuhlerin,0.7100158929824829
grantiger_patric_training_data_cbow_lr0.05_epochs1_mincount5_ws12_dims300,marzerin,0.7099266648292542
grantiger_patric_training_data_cbow_lr0.05_epochs1_mincount5_ws12_dims300,pensionistin,0.7098057270050049
grantiger_patric_training_data_cbow_lr0.05_epochs1_mincount5_ws12_dims300,mutte,0.7097999453544617
grantiger_patric_training_data_cbow_lr0.05_epochs1_mincount5_ws12_dims300,halbsyrerin,0.7090178728103638
grantiger_patric_training_data_cbow_lr0.05_epochs1_mincount5_ws12_dims300,partnerin,0.7085407376289368
grantiger_patric_training_data_cbow_lr0.05_epochs1_mincount5_ws12_dims300,undin,0.7082328200340271
grantiger_patric_training_data_cbow_lr0.05_epochs1_mincount5_ws12_dims300,alibifreundin,0.7077022194862366
grantiger_patric_training_data_cbow_lr0.05_epochs1_mincount5_ws12_dims300,hausfrau,0.7073872089385986
grantiger_patric_training_data_cbow_lr0.05_epochs1_mincount5_ws12_dims300,männerfresserin,0.7063342928886414
grantiger_patric_training_data_cbow_lr0.05_epochs1_mincount5_ws12_dims300,mädchenmalerin,0.7061610817909241
grantiger_patric_training_data_cbow_lr0.05_epochs1_mincount5_ws12_dims300,kindsfrau,0.7061035633087158
grantiger_patric_training_data_cbow_lr0.05_epochs1_mincount5_ws12_dims300,vorfahrerin,0.7060734629631042
grantiger_patric_training_data_cbow_lr0.05_epochs1_mincount5_ws12_dims300,herrerin,0.7059559226036072
grantiger_patric_training_data_cbow_lr0.05_epochs1_mincount5_ws12_dims300,büglerin,0.7057520747184753
grantiger_patric_training_data_cbow_lr0.05_epochs1_mincount5_ws12_dims300,ehezerstörerin,0.7053864598274231
grantiger_patric_training_data_cbow_lr0.05_epochs1_mincount5_ws12_dims300,feundin,0.7050126194953918
grantiger_patric_training_data_cbow_lr0.05_epochs1_mincount5_ws12_dims300,käntnerin,0.7044621706008911
grantiger_patric_training_data_cbow_lr0.05_epochs1_mincount5_ws12_dims300,mitbewohnerin,0.7043298482894897
grantiger_patric_training_data_cbow_lr0.05_epochs1_mincount5_ws12_dims300,urfrau,0.7043048739433289
grantiger_patric_training_data_cbow_lr0.05_epochs1_mincount5_ws12_dims300,freundin,0.7041078805923462
grantiger_patric_training_data_cbow_lr0.05_epochs1_mincount5_ws12_dims300,säuferin,0.7037906646728516
grantiger_patric_training_data_cbow_lr0.05_epochs1_mincount5_ws12_dims300,gebärerin,0.7031101584434509
grantiger_patric_training_data_cbow_lr0.05_epochs1_mincount5_ws12_dims300,meßnerin,0.7030608654022217
grantiger_patric_training_data_cbow_lr0.05_epochs1_mincount5_ws12_dims300,gattenmörderin,0.7029159665107727
grantiger_patric_training_data_cbow_lr0.05_epochs1_mincount5_ws12_dims300,muttergöttin,0.7027498483657837
grantiger_patric_training_data_cbow_lr0.05_epochs1_mincount5_ws12_dims300,bettgefährtin,0.7024993300437927
grantiger_patric_training_data_cbow_lr0.05_epochs1_mincount5_ws12_dims300,mutterheldin,0.7023423910140991
grantiger_patric_training_data_cbow_lr0.05_epochs1_mincount5_ws12_dims300,mobberin,0.7020171880722046
grantiger_patric_training_data_cbow_lr0.05_epochs1_mincount5_ws12_dims300,anglerin,0.7019095420837402
grantiger_patric_training_data_cbow_lr0.05_epochs1_mincount5_ws12_dims300,alkovenerin,0.7017549872398376
grantiger_patric_training_data_cbow_lr0.05_epochs1_mincount5_ws12_dims300,quäkerin,0.7016933560371399
grantiger_patric_training_data_cbow_lr0.05_epochs1_mincount5_ws12_dims300,kindsmörderin,0.7012903690338135
grantiger_patric_training_data_cbow_lr0.05_epochs1_mincount5_ws12_dims300,verin,0.7003017663955688
grantiger_patric_training_data_cbow_lr0.05_epochs1_mincount5_ws12_dims300,verehrerin,0.7002045512199402
grantiger_patric_training_data_cbow_lr0.05_epochs1_mincount5_ws12_dims300,malierin,0.7000693082809448
grantiger_patric_training_data_cbow_lr0.05_epochs1_mincount5_ws12_dims300,ehegattin,0.6997119784355164
grantiger_patric_training_data_cbow_lr0.05_epochs1_mincount5_ws12_dims300,amberin,0.6996740102767944
grantiger_patric_training_data_cbow_lr0.05_epochs1_mincount5_ws12_dims300,perin,0.6992009878158569
grantiger_patric_training_data_cbow_lr0.05_epochs1_mincount5_ws12_dims300,leibwächterin,0.6991612315177917
grantiger_patric_training_data_cbow_lr0.05_epochs1_mincount5_ws12_dims300,arztgattin,0.6991066932678223
grantiger_patric_training_data_cbow_lr0.05_epochs1_mincount5_ws12_dims300,babysitterin,0.6989973783493042
grantiger_patric_training_data_cbow_lr0.05_epochs1_mincount5_ws12_dims300,passantin,0.698502779006958
vitaler_kay_training_data_cbow_lr0.05_epochs1_mincount50_ws24_dims300,ehefrau,0.8018601536750793
vitaler_kay_training_data_cbow_lr0.05_epochs1_mincount50_ws24_dims300,lebensgefährtin,0.7582980394363403
vitaler_kay_training_data_cbow_lr0.05_epochs1_mincount50_ws24_dims300,schwägerin,0.7509668469429016
vitaler_kay_training_data_cbow_lr0.05_epochs1_mincount50_ws24_dims300,dienerin,0.7498908042907715
vitaler_kay_training_data_cbow_lr0.05_epochs1_mincount50_ws24_dims300,ehepartnerin,0.7465394139289856
vitaler_kay_training_data_cbow_lr0.05_epochs1_mincount50_ws24_dims300,mutter,0.7463821172714233
vitaler_kay_training_data_cbow_lr0.05_epochs1_mincount50_ws24_dims300,kindfrau,0.7261127829551697
vitaler_kay_training_data_cbow_lr0.05_epochs1_mincount50_ws24_dims300,freundin,0.71952223777771
vitaler_kay_training_data_cbow_lr0.05_epochs1_mincount50_ws24_dims300,exfrau,0.7167624235153198
vitaler_kay_training_data_cbow_lr0.05_epochs1_mincount50_ws24_dims300,mann,0.7121694087982178
vitaler_kay_training_data_cbow_lr0.05_epochs1_mincount50_ws24_dims300,haushälterin,0.7119875550270081
vitaler_kay_training_data_cbow_lr0.05_epochs1_mincount50_ws24_dims300,familienhelferin,0.710659384727478
vitaler_kay_training_data_cbow_lr0.05_epochs1_mincount50_ws24_dims300,lebenspartnerin,0.7096292972564697
vitaler_kay_training_data_cbow_lr0.05_epochs1_mincount50_ws24_dims300,kärtnerin,0.7093491554260254
vitaler_kay_training_data_cbow_lr0.05_epochs1_mincount50_ws24_dims300,verehrerin,0.7088553309440613
vitaler_kay_training_data_cbow_lr0.05_epochs1_mincount50_ws24_dims300,leibwächterin,0.7081870436668396
vitaler_kay_training_data_cbow_lr0.05_epochs1_mincount50_ws24_dims300,exfreundin,0.708068311214447
vitaler_kay_training_data_cbow_lr0.05_epochs1_mincount50_ws24_dims300,nachbarin,0.707120954990387
vitaler_kay_training_data_cbow_lr0.05_epochs1_mincount50_ws24_dims300,perin,0.7068199515342712
vitaler_kay_training_data_cbow_lr0.05_epochs1_mincount50_ws24_dims300,zuhälterin,0.7058176398277283
vitaler_kay_training_data_cbow_lr0.05_epochs1_mincount50_ws24_dims300,nebenbuhlerin,0.7022987604141235
vitaler_kay_training_data_cbow_lr0.05_epochs1_mincount50_ws24_dims300,kellnerin,0.6999151110649109
vitaler_kay_training_data_cbow_lr0.05_epochs1_mincount50_ws24_dims300,räuberin,0.6996133923530579
vitaler_kay_training_data_cbow_lr0.05_epochs1_mincount50_ws24_dims300,hausfrau,0.6991651058197021
vitaler_kay_training_data_cbow_lr0.05_epochs1_mincount50_ws24_dims300,oberin,0.6963798403739929
vitaler_kay_training_data_cbow_lr0.05_epochs1_mincount50_ws24_dims300,täterin,0.6950223445892334
vitaler_kay_training_data_cbow_lr0.05_epochs1_mincount50_ws24_dims300,liebhaberin,0.6934982538223267
vitaler_kay_training_data_cbow_lr0.05_epochs1_mincount50_ws24_dims300,babysitterin,0.6932904124259949
vitaler_kay_training_data_cbow_lr0.05_epochs1_mincount50_ws24_dims300,gerin,0.6916728019714355
vitaler_kay_training_data_cbow_lr0.05_epochs1_mincount50_ws24_dims300,gattin,0.6908199787139893
vitaler_kay_training_data_cbow_lr0.05_epochs1_mincount50_ws24_dims300,geherin,0.6893054246902466
vitaler_kay_training_data_cbow_lr0.05_epochs1_mincount50_ws24_dims300,pensionistin,0.6887044310569763
vitaler_kay_training_data_cbow_lr0.05_epochs1_mincount50_ws24_dims300,tatin,0.6880624294281006
vitaler_kay_training_data_cbow_lr0.05_epochs1_mincount50_ws24_dims300,jüngerin,0.6845259070396423
vitaler_kay_training_data_cbow_lr0.05_epochs1_mincount50_ws24_dims300,wärterin,0.6841973066329956
vitaler_kay_training_data_cbow_lr0.05_epochs1_mincount50_ws24_dims300,mutter,0.6834554672241211
vitaler_kay_training_data_cbow_lr0.05_epochs1_mincount50_ws24_dims300,rentnerin,0.681384801864624
vitaler_kay_training_data_cbow_lr0.05_epochs1_mincount50_ws24_dims300,barfrau,0.6790032982826233
vitaler_kay_training_data_cbow_lr0.05_epochs1_mincount50_ws24_dims300,mesnerin,0.678982675075531
vitaler_kay_training_data_cbow_lr0.05_epochs1_mincount50_ws24_dims300,büglerin,0.6782213449478149
vitaler_kay_training_data_cbow_lr0.05_epochs1_mincount50_ws24_dims300,partnerin,0.6777815222740173
vitaler_kay_training_data_cbow_lr0.05_epochs1_mincount50_ws24_dims300,arztgattin,0.6766179800033569
vitaler_kay_training_data_cbow_lr0.05_epochs1_mincount50_ws24_dims300,bezauerin,0.6757801175117493
vitaler_kay_training_data_cbow_lr0.05_epochs1_mincount50_ws24_dims300,stalkerin,0.6748393774032593
vitaler_kay_training_data_cbow_lr0.05_epochs1_mincount50_ws24_dims300,perserin,0.6740080714225769
vitaler_kay_training_data_cbow_lr0.05_epochs1_mincount50_ws24_dims300,glyzerin,0.6731598377227783
vitaler_kay_training_data_cbow_lr0.05_epochs1_mincount50_ws24_dims300,taxlerin,0.6731502413749695
vitaler_kay_training_data_cbow_lr0.05_epochs1_mincount50_ws24_dims300,kindsmörderin,0.6714475154876709
vitaler_kay_training_data_cbow_lr0.05_epochs1_mincount50_ws24_dims300,ehegattin,0.6708713173866272
vitaler_kay_training_data_cbow_lr0.05_epochs1_mincount50_ws24_dims300,schwerin,0.6707479357719421
vitaler_kay_training_data_cbow_lr0.05_epochs1_mincount50_ws24_dims300,ehebrecherin,0.6695345044136047
vitaler_kay_training_data_cbow_lr0.05_epochs1_mincount50_ws24_dims300,klofrau,0.6683588624000549
vitaler_kay_training_data_cbow_lr0.05_epochs1_mincount50_ws24_dims300,stiefmutter,0.6675875782966614
vitaler_kay_training_data_cbow_lr0.05_epochs1_mincount50_ws24_dims300,arzthelferin,0.6668531894683838
vitaler_kay_training_data_cbow_lr0.05_epochs1_mincount50_ws24_dims300,schwester,0.6664769053459167
vitaler_kay_training_data_cbow_lr0.05_epochs1_mincount50_ws24_dims300,tochter,0.6663964986801147
vitaler_kay_training_data_cbow_lr0.05_epochs1_mincount50_ws24_dims300,mitbewohnerin,0.6660974621772766
vitaler_kay_training_data_cbow_lr0.05_epochs1_mincount50_ws24_dims300,gutsbesitzerin,0.6650981903076172
vitaler_kay_training_data_cbow_lr0.05_epochs1_mincount50_ws24_dims300,stieftochter,0.6642189025878906
vitaler_kay_training_data_cbow_lr0.05_epochs1_mincount50_ws24_dims300,schwesternschülerin,0.6638661026954651
vitaler_kay_training_data_cbow_lr0.05_epochs1_mincount50_ws24_dims300,heimhelferin,0.6637745499610901
vitaler_kay_training_data_cbow_lr0.05_epochs1_mincount50_ws24_dims300,bezieherin,0.663581371307373
vitaler_kay_training_data_cbow_lr0.05_epochs1_mincount50_ws24_dims300,göfnerin,0.6627662777900696
vitaler_kay_training_data_cbow_lr0.05_epochs1_mincount50_ws24_dims300,halterin,0.6611742973327637
vitaler_kay_training_data_cbow_lr0.05_epochs1_mincount50_ws24_dims300,ersthelferin,0.6606124639511108
vitaler_kay_training_data_cbow_lr0.05_epochs1_mincount50_ws24_dims300,ehemann,0.6591314673423767
vitaler_kay_training_data_cbow_lr0.05_epochs1_mincount50_ws24_dims300,wohltäterin,0.6581987142562866
vitaler_kay_training_data_cbow_lr0.05_epochs1_mincount50_ws24_dims300,widerin,0.6570907831192017
vitaler_kay_training_data_cbow_lr0.05_epochs1_mincount50_ws24_dims300,somalierin,0.6567073464393616
vitaler_kay_training_data_cbow_lr0.05_epochs1_mincount50_ws24_dims300,begleiterin,0.6560025215148926
vitaler_kay_training_data_cbow_lr0.05_epochs1_mincount50_ws24_dims300,todeslenkerin,0.6545295715332031
vitaler_kay_training_data_cbow_lr0.05_epochs1_mincount50_ws24_dims300,frauenärztin,0.6543813347816467
vitaler_kay_training_data_cbow_lr0.05_epochs1_mincount50_ws24_dims300,taxifahrerin,0.6523816585540771
vitaler_kay_training_data_cbow_lr0.05_epochs1_mincount50_ws24_dims300,haupttäterin,0.6521401405334473
vitaler_kay_training_data_cbow_lr0.05_epochs1_mincount50_ws24_dims300,patin,0.6517966985702515
vitaler_kay_training_data_cbow_lr0.05_epochs1_mincount50_ws24_dims300,ehefrauen,0.6517736911773682
vitaler_kay_training_data_cbow_lr0.05_epochs1_mincount50_ws24_dims300,cutterin,0.6512343287467957
vitaler_kay_training_data_cbow_lr0.05_epochs1_mincount50_ws24_dims300,merin,0.6511965990066528
vitaler_kay_training_data_cbow_lr0.05_epochs1_mincount50_ws24_dims300,frau,0.6511741876602173
vitaler_kay_training_data_cbow_lr0.05_epochs1_mincount50_ws24_dims300,tuxerin,0.6502283215522766
vitaler_kay_training_data_cbow_lr0.05_epochs1_mincount50_ws24_dims300,mittäterin,0.6498376727104187
vitaler_kay_training_data_cbow_lr0.05_epochs1_mincount50_ws24_dims300,geburtshelferin,0.6498280763626099
vitaler_kay_training_data_cbow_lr0.05_epochs1_mincount50_ws24_dims300,halbschwester,0.6496428847312927
vitaler_kay_training_data_cbow_lr0.05_epochs1_mincount50_ws24_dims300,eucerin,0.6496145725250244
vitaler_kay_training_data_cbow_lr0.05_epochs1_mincount50_ws24_dims300,färberin,0.649556040763855
vitaler_kay_training_data_cbow_lr0.05_epochs1_mincount50_ws24_dims300,oboistin,0.6495518088340759
vitaler_kay_training_data_cbow_lr0.05_epochs1_mincount50_ws24_dims300,großmutter,0.6492681503295898
vitaler_kay_training_data_cbow_lr0.05_epochs1_mincount50_ws24_dims300,zeugin,0.6488659381866455
vitaler_kay_training_data_cbow_lr0.05_epochs1_mincount50_ws24_dims300,aufpasserin,0.6485312581062317
vitaler_kay_training_data_cbow_lr0.05_epochs1_mincount50_ws24_dims300,puffmutter,0.6485065221786499
vitaler_kay_training_data_cbow_lr0.05_epochs1_mincount50_ws24_dims300,ehepaar,0.6479077935218811
vitaler_kay_training_data_cbow_lr0.05_epochs1_mincount50_ws24_dims300,stiefschwester,0.6473020911216736
vitaler_kay_training_data_cbow_lr0.05_epochs1_mincount50_ws24_dims300,mörderin,0.6472934484481812
vitaler_kay_training_data_cbow_lr0.05_epochs1_mincount50_ws24_dims300,taxilenkerin,0.6472029685974121
vitaler_kay_training_data_cbow_lr0.05_epochs1_mincount50_ws24_dims300,hierin,0.6466435790061951
vitaler_kay_training_data_cbow_lr0.05_epochs1_mincount50_ws24_dims300,wächterin,0.6465708613395691
vitaler_kay_training_data_cbow_lr0.05_epochs1_mincount50_ws24_dims300,hausbesitzerin,0.6465661525726318
vitaler_kay_training_data_cbow_lr0.05_epochs1_mincount50_ws24_dims300,derin,0.6464374661445618
vitaler_kay_training_data_cbow_lr0.05_epochs1_mincount50_ws24_dims300,irakerin,0.6449997425079346
vitaler_kay_training_data_cbow_lr0.05_epochs1_mincount50_ws24_dims300,schützerin,0.6449826955795288
griawiger_niki_training_data_cbow_lr0.05_epochs1_mincount5_ws6_dims300,ehefrau,0.8164032697677612
griawiger_niki_training_data_cbow_lr0.05_epochs1_mincount5_ws6_dims300,männerin,0.8094443678855896
griawiger_niki_training_data_cbow_lr0.05_epochs1_mincount5_ws6_dims300,frauin,0.7951563000679016
griawiger_niki_training_data_cbow_lr0.05_epochs1_mincount5_ws6_dims300,ehepartnerin,0.7896680235862732
griawiger_niki_training_data_cbow_lr0.05_epochs1_mincount5_ws6_dims300,schwägerin,0.7862832546234131
griawiger_niki_training_data_cbow_lr0.05_epochs1_mincount5_ws6_dims300,mutterin,0.7843246459960938
griawiger_niki_training_data_cbow_lr0.05_epochs1_mincount5_ws6_dims300,lebensgefährtin,0.7744306921958923
griawiger_niki_training_data_cbow_lr0.05_epochs1_mincount5_ws6_dims300,ehfrau,0.7719788551330566
griawiger_niki_training_data_cbow_lr0.05_epochs1_mincount5_ws6_dims300,dienerin,0.769894540309906
griawiger_niki_training_data_cbow_lr0.05_epochs1_mincount5_ws6_dims300,exfreundin,0.7670917510986328
griawiger_niki_training_data_cbow_lr0.05_epochs1_mincount5_ws6_dims300,männermörderin,0.7652356624603271
griawiger_niki_training_data_cbow_lr0.05_epochs1_mincount5_ws6_dims300,orffrau,0.7646889090538025
griawiger_niki_training_data_cbow_lr0.05_epochs1_mincount5_ws6_dims300,exfrau,0.7644259333610535
griawiger_niki_training_data_cbow_lr0.05_epochs1_mincount5_ws6_dims300,exehefrau,0.7617460489273071
griawiger_niki_training_data_cbow_lr0.05_epochs1_mincount5_ws6_dims300,freundin,0.7616217136383057
griawiger_niki_training_data_cbow_lr0.05_epochs1_mincount5_ws6_dims300,nachbarin,0.7610152959823608
griawiger_niki_training_data_cbow_lr0.05_epochs1_mincount5_ws6_dims300,ehestörerin,0.7603039741516113
griawiger_niki_training_data_cbow_lr0.05_epochs1_mincount5_ws6_dims300,muttermörderin,0.7591186761856079
griawiger_niki_training_data_cbow_lr0.05_epochs1_mincount5_ws6_dims300,pförtnerin,0.7586657404899597
griawiger_niki_training_data_cbow_lr0.05_epochs1_mincount5_ws6_dims300,sexpartnerin,0.7571355104446411
griawiger_niki_training_data_cbow_lr0.05_epochs1_mincount5_ws6_dims300,gattin,0.7567803859710693
griawiger_niki_training_data_cbow_lr0.05_epochs1_mincount5_ws6_dims300,eherfrau,0.754645586013794
griawiger_niki_training_data_cbow_lr0.05_epochs1_mincount5_ws6_dims300,mutterhündin,0.7545285820960999
griawiger_niki_training_data_cbow_lr0.05_epochs1_mincount5_ws6_dims300,zuhälterin,0.754184365272522
griawiger_niki_training_data_cbow_lr0.05_epochs1_mincount5_ws6_dims300,jüngerin,0.7537926435470581
griawiger_niki_training_data_cbow_lr0.05_epochs1_mincount5_ws6_dims300,mitbewohnerin,0.7529926300048828
griawiger_niki_training_data_cbow_lr0.05_epochs1_mincount5_ws6_dims300,sylterin,0.7527211904525757
griawiger_niki_training_data_cbow_lr0.05_epochs1_mincount5_ws6_dims300,kärtnerin,0.7519461512565613
griawiger_niki_training_data_cbow_lr0.05_epochs1_mincount5_ws6_dims300,halbsyrerin,0.7505127787590027
griawiger_niki_training_data_cbow_lr0.05_epochs1_mincount5_ws6_dims300,büßerin,0.7481899857521057
griawiger_niki_training_data_cbow_lr0.05_epochs1_mincount5_ws6_dims300,lebefrau,0.7481744885444641
griawiger_niki_training_data_cbow_lr0.05_epochs1_mincount5_ws6_dims300,rentnerin,0.7477778196334839
griawiger_niki_training_data_cbow_lr0.05_epochs1_mincount5_ws6_dims300,mutter,0.74755859375
griawiger_niki_training_data_cbow_lr0.05_epochs1_mincount5_ws6_dims300,vorfahrerin,0.7469848990440369
griawiger_niki_training_data_cbow_lr0.05_epochs1_mincount5_ws6_dims300,kellnerin,0.7467741370201111
griawiger_niki_training_data_cbow_lr0.05_epochs1_mincount5_ws6_dims300,fremdgeherin,0.7456396818161011
griawiger_niki_training_data_cbow_lr0.05_epochs1_mincount5_ws6_dims300,säuferin,0.7442901134490967
griawiger_niki_training_data_cbow_lr0.05_epochs1_mincount5_ws6_dims300,maegdefrau,0.7441747784614563
griawiger_niki_training_data_cbow_lr0.05_epochs1_mincount5_ws6_dims300,feundin,0.7434048056602478
griawiger_niki_training_data_cbow_lr0.05_epochs1_mincount5_ws6_dims300,pensionistin,0.7423279285430908
griawiger_niki_training_data_cbow_lr0.05_epochs1_mincount5_ws6_dims300,peinigerin,0.7421349287033081
griawiger_niki_training_data_cbow_lr0.05_epochs1_mincount5_ws6_dims300,herrerin,0.7408077716827393
griawiger_niki_training_data_cbow_lr0.05_epochs1_mincount5_ws6_dims300,hausoberin,0.7407114505767822
griawiger_niki_training_data_cbow_lr0.05_epochs1_mincount5_ws6_dims300,lebenspartnerin,0.7405698299407959
griawiger_niki_training_data_cbow_lr0.05_epochs1_mincount5_ws6_dims300,mädchenmalerin,0.7396364808082581
griawiger_niki_training_data_cbow_lr0.05_epochs1_mincount5_ws6_dims300,schwyzerin,0.7395088076591492
griawiger_niki_training_data_cbow_lr0.05_epochs1_mincount5_ws6_dims300,haushälterin,0.7394810318946838
griawiger_niki_training_data_cbow_lr0.05_epochs1_mincount5_ws6_dims300,babysitterin,0.7384030818939209
griawiger_niki_training_data_cbow_lr0.05_epochs1_mincount5_ws6_dims300,nebenbuhlerin,0.7383226156234741
griawiger_niki_training_data_cbow_lr0.05_epochs1_mincount5_ws6_dims300,käntnerin,0.7379646301269531
griawiger_niki_training_data_cbow_lr0.05_epochs1_mincount5_ws6_dims300,partnerin,0.7379611134529114
griawiger_niki_training_data_cbow_lr0.05_epochs1_mincount5_ws6_dims300,kindfrau,0.737892210483551
griawiger_niki_training_data_cbow_lr0.05_epochs1_mincount5_ws6_dims300,gattenmörderin,0.7377111911773682
griawiger_niki_training_data_cbow_lr0.05_epochs1_mincount5_ws6_dims300,wahrerin,0.737442135810852
griawiger_niki_training_data_cbow_lr0.05_epochs1_mincount5_ws6_dims300,pyerin,0.7365189790725708
griawiger_niki_training_data_cbow_lr0.05_epochs1_mincount5_ws6_dims300,frauund,0.7364786863327026
griawiger_niki_training_data_cbow_lr0.05_epochs1_mincount5_ws6_dims300,nachbarsfrau,0.736045777797699
griawiger_niki_training_data_cbow_lr0.05_epochs1_mincount5_ws6_dims300,stiefmutter,0.7350184917449951
griawiger_niki_training_data_cbow_lr0.05_epochs1_mincount5_ws6_dims300,leibwächterin,0.734642744064331
griawiger_niki_training_data_cbow_lr0.05_epochs1_mincount5_ws6_dims300,suberin,0.7342917919158936
griawiger_niki_training_data_cbow_lr0.05_epochs1_mincount5_ws6_dims300,verehrerin,0.7333784699440002
griawiger_niki_training_data_cbow_lr0.05_epochs1_mincount5_ws6_dims300,stalkerin,0.7331021428108215
griawiger_niki_training_data_cbow_lr0.05_epochs1_mincount5_ws6_dims300,kusspartnerin,0.7330021262168884
griawiger_niki_training_data_cbow_lr0.05_epochs1_mincount5_ws6_dims300,quäkerin,0.7323168516159058
griawiger_niki_training_data_cbow_lr0.05_epochs1_mincount5_ws6_dims300,liebesdienerin,0.7319465279579163
griawiger_niki_training_data_cbow_lr0.05_epochs1_mincount5_ws6_dims300,hausfrau,0.7313936948776245
griawiger_niki_training_data_cbow_lr0.05_epochs1_mincount5_ws6_dims300,räuberin,0.7310976982116699
griawiger_niki_training_data_cbow_lr0.05_epochs1_mincount5_ws6_dims300,familienhelferin,0.7308884859085083
griawiger_niki_training_data_cbow_lr0.05_epochs1_mincount5_ws6_dims300,oberin,0.7308806777000427
griawiger_niki_training_data_cbow_lr0.05_epochs1_mincount5_ws6_dims300,bettgefährtin,0.7307131886482239
griawiger_niki_training_data_cbow_lr0.05_epochs1_mincount5_ws6_dims300,triebtäterin,0.730241596698761
griawiger_niki_training_data_cbow_lr0.05_epochs1_mincount5_ws6_dims300,gebärerin,0.7298793196678162
griawiger_niki_training_data_cbow_lr0.05_epochs1_mincount5_ws6_dims300,mobberin,0.7292951941490173
griawiger_niki_training_data_cbow_lr0.05_epochs1_mincount5_ws6_dims300,verin,0.7291111350059509
griawiger_niki_training_data_cbow_lr0.05_epochs1_mincount5_ws6_dims300,opferin,0.7290253043174744
griawiger_niki_training_data_cbow_lr0.05_epochs1_mincount5_ws6_dims300,exlehrerin,0.728549063205719
griawiger_niki_training_data_cbow_lr0.05_epochs1_mincount5_ws6_dims300,bettlerin,0.7282853126525879
griawiger_niki_training_data_cbow_lr0.05_epochs1_mincount5_ws6_dims300,babymörderin,0.7281999588012695
griawiger_niki_training_data_cbow_lr0.05_epochs1_mincount5_ws6_dims300,lebensfreundin,0.728021502494812
griawiger_niki_training_data_cbow_lr0.05_epochs1_mincount5_ws6_dims300,exkollegin,0.7278261184692383
griawiger_niki_training_data_cbow_lr0.05_epochs1_mincount5_ws6_dims300,klauberin,0.727657675743103
griawiger_niki_training_data_cbow_lr0.05_epochs1_mincount5_ws6_dims300,henkerin,0.7275984287261963
griawiger_niki_training_data_cbow_lr0.05_epochs1_mincount5_ws6_dims300,expartnerin,0.7271990776062012
griawiger_niki_training_data_cbow_lr0.05_epochs1_mincount5_ws6_dims300,perin,0.7271803617477417
griawiger_niki_training_data_cbow_lr0.05_epochs1_mincount5_ws6_dims300,ehestifterin,0.7270631790161133
griawiger_niki_training_data_cbow_lr0.05_epochs1_mincount5_ws6_dims300,ehegattin,0.7269476652145386
griawiger_niki_training_data_cbow_lr0.05_epochs1_mincount5_ws6_dims300,flirtpartnerin,0.7269026637077332
griawiger_niki_training_data_cbow_lr0.05_epochs1_mincount5_ws6_dims300,kindsmörderin,0.726515531539917
griawiger_niki_training_data_cbow_lr0.05_epochs1_mincount5_ws6_dims300,ehezerstörerin,0.7261841893196106
griawiger_niki_training_data_cbow_lr0.05_epochs1_mincount5_ws6_dims300,fraude,0.7259092926979065
griawiger_niki_training_data_cbow_lr0.05_epochs1_mincount5_ws6_dims300,malierin,0.7258512377738953
griawiger_niki_training_data_cbow_lr0.05_epochs1_mincount5_ws6_dims300,perserin,0.7256806492805481
griawiger_niki_training_data_cbow_lr0.05_epochs1_mincount5_ws6_dims300,göfiserin,0.7245367765426636
griawiger_niki_training_data_cbow_lr0.05_epochs1_mincount5_ws6_dims300,amberin,0.7242498993873596
griawiger_niki_training_data_cbow_lr0.05_epochs1_mincount5_ws6_dims300,büglerin,0.7242439985275269
griawiger_niki_training_data_cbow_lr0.05_epochs1_mincount5_ws6_dims300,kindsfrau,0.7241215705871582
griawiger_niki_training_data_cbow_lr0.05_epochs1_mincount5_ws6_dims300,hofbesitzerin,0.7240940928459167
griawiger_niki_training_data_cbow_lr0.05_epochs1_mincount5_ws6_dims300,berberin,0.7239111065864563
griawiger_niki_training_data_cbow_lr0.05_epochs1_mincount5_ws6_dims300,männerhasserin,0.7236425280570984
griawiger_niki_training_data_cbow_lr0.05_epochs1_mincount5_ws6_dims300,wärterin,0.7233918309211731
entzückende_ravza_training_data_lower_cbow_lr0.05_epochs1_mincount5_ws6_dims300,exfrau,0.853344202041626
entzückende_ravza_training_data_lower_cbow_lr0.05_epochs1_mincount5_ws6_dims300,mannfrau,0.8483056426048279
entzückende_ravza_training_data_lower_cbow_lr0.05_epochs1_mincount5_ws6_dims300,ehfrau,0.8451604247093201
entzückende_ravza_training_data_lower_cbow_lr0.05_epochs1_mincount5_ws6_dims300,ehefrau,0.8439177870750427
entzückende_ravza_training_data_lower_cbow_lr0.05_epochs1_mincount5_ws6_dims300,exehefrau,0.8291101455688477
entzückende_ravza_training_data_lower_cbow_lr0.05_epochs1_mincount5_ws6_dims300,lebefrau,0.81147700548172
entzückende_ravza_training_data_lower_cbow_lr0.05_epochs1_mincount5_ws6_dims300,frauin,0.8052628040313721
entzückende_ravza_training_data_lower_cbow_lr0.05_epochs1_mincount5_ws6_dims300,maegdefrau,0.8050283193588257
entzückende_ravza_training_data_lower_cbow_lr0.05_epochs1_mincount5_ws6_dims300,barfrau,0.801539421081543
entzückende_ravza_training_data_lower_cbow_lr0.05_epochs1_mincount5_ws6_dims300,männerin,0.798372209072113
entzückende_ravza_training_data_lower_cbow_lr0.05_epochs1_mincount5_ws6_dims300,waidfrau,0.7920389175415039
entzückende_ravza_training_data_lower_cbow_lr0.05_epochs1_mincount5_ws6_dims300,mutterin,0.7917792201042175
entzückende_ravza_training_data_lower_cbow_lr0.05_epochs1_mincount5_ws6_dims300,lebensgefährtin,0.7916684746742249
entzückende_ravza_training_data_lower_cbow_lr0.05_epochs1_mincount5_ws6_dims300,ehepartnerin,0.7898678779602051
entzückende_ravza_training_data_lower_cbow_lr0.05_epochs1_mincount5_ws6_dims300,urfrau,0.7886385321617126
entzückende_ravza_training_data_lower_cbow_lr0.05_epochs1_mincount5_ws6_dims300,klofrau,0.7877762913703918
entzückende_ravza_training_data_lower_cbow_lr0.05_epochs1_mincount5_ws6_dims300,kindfrau,0.7870171666145325
entzückende_ravza_training_data_lower_cbow_lr0.05_epochs1_mincount5_ws6_dims300,erdfrau,0.7858601808547974
entzückende_ravza_training_data_lower_cbow_lr0.05_epochs1_mincount5_ws6_dims300,fremdgeherin,0.7798742651939392
entzückende_ravza_training_data_lower_cbow_lr0.05_epochs1_mincount5_ws6_dims300,schwägerin,0.7793154120445251
entzückende_ravza_training_data_lower_cbow_lr0.05_epochs1_mincount5_ws6_dims300,eherfrau,0.7788791060447693
entzückende_ravza_training_data_lower_cbow_lr0.05_epochs1_mincount5_ws6_dims300,häuslfrau,0.7771562337875366
entzückende_ravza_training_data_lower_cbow_lr0.05_epochs1_mincount5_ws6_dims300,ahnfrau,0.771599531173706
entzückende_ravza_training_data_lower_cbow_lr0.05_epochs1_mincount5_ws6_dims300,muttermörderin,0.7710264921188354
entzückende_ravza_training_data_lower_cbow_lr0.05_epochs1_mincount5_ws6_dims300,exfreundin,0.7659908533096313
entzückende_ravza_training_data_lower_cbow_lr0.05_epochs1_mincount5_ws6_dims300,nachbarsfrau,0.7657557725906372
entzückende_ravza_training_data_lower_cbow_lr0.05_epochs1_mincount5_ws6_dims300,gattin,0.7641445398330688
entzückende_ravza_training_data_lower_cbow_lr0.05_epochs1_mincount5_ws6_dims300,alibifrau,0.7640919089317322
entzückende_ravza_training_data_lower_cbow_lr0.05_epochs1_mincount5_ws6_dims300,männermörderin,0.7631027698516846
entzückende_ravza_training_data_lower_cbow_lr0.05_epochs1_mincount5_ws6_dims300,freundin,0.7630921602249146
entzückende_ravza_training_data_lower_cbow_lr0.05_epochs1_mincount5_ws6_dims300,furzfrau,0.7630884647369385
entzückende_ravza_training_data_lower_cbow_lr0.05_epochs1_mincount5_ws6_dims300,frauund,0.7624893188476562
entzückende_ravza_training_data_lower_cbow_lr0.05_epochs1_mincount5_ws6_dims300,nebenbuhlerin,0.7624697089195251
entzückende_ravza_training_data_lower_cbow_lr0.05_epochs1_mincount5_ws6_dims300,fronfrau,0.7615697383880615
entzückende_ravza_training_data_lower_cbow_lr0.05_epochs1_mincount5_ws6_dims300,lebensfrau,0.7580114603042603
entzückende_ravza_training_data_lower_cbow_lr0.05_epochs1_mincount5_ws6_dims300,kärtnerin,0.7576690912246704
entzückende_ravza_training_data_lower_cbow_lr0.05_epochs1_mincount5_ws6_dims300,hausfrau,0.7553154826164246
entzückende_ravza_training_data_lower_cbow_lr0.05_epochs1_mincount5_ws6_dims300,zuhälterin,0.7537287473678589
entzückende_ravza_training_data_lower_cbow_lr0.05_epochs1_mincount5_ws6_dims300,orffrau,0.7528594732284546
entzückende_ravza_training_data_lower_cbow_lr0.05_epochs1_mincount5_ws6_dims300,erstfrau,0.7522754073143005
entzückende_ravza_training_data_lower_cbow_lr0.05_epochs1_mincount5_ws6_dims300,rentnerin,0.7520073056221008
entzückende_ravza_training_data_lower_cbow_lr0.05_epochs1_mincount5_ws6_dims300,mutter,0.7519974112510681
entzückende_ravza_training_data_lower_cbow_lr0.05_epochs1_mincount5_ws6_dims300,nachbarin,0.7489540576934814
entzückende_ravza_training_data_lower_cbow_lr0.05_epochs1_mincount5_ws6_dims300,peinigerin,0.7486355900764465
entzückende_ravza_training_data_lower_cbow_lr0.05_epochs1_mincount5_ws6_dims300,mädchenmalerin,0.7486034631729126
entzückende_ravza_training_data_lower_cbow_lr0.05_epochs1_mincount5_ws6_dims300,halbsyrerin,0.7483456134796143
entzückende_ravza_training_data_lower_cbow_lr0.05_epochs1_mincount5_ws6_dims300,vorfrau,0.7480634450912476
entzückende_ravza_training_data_lower_cbow_lr0.05_epochs1_mincount5_ws6_dims300,arztgattin,0.7477959394454956
entzückende_ravza_training_data_lower_cbow_lr0.05_epochs1_mincount5_ws6_dims300,vollblutfrau,0.7465419173240662
entzückende_ravza_training_data_lower_cbow_lr0.05_epochs1_mincount5_ws6_dims300,kellnerin,0.7461905479431152
entzückende_ravza_training_data_lower_cbow_lr0.05_epochs1_mincount5_ws6_dims300,arztfrau,0.7460037469863892
entzückende_ravza_training_data_lower_cbow_lr0.05_epochs1_mincount5_ws6_dims300,marzerin,0.7451238036155701
entzückende_ravza_training_data_lower_cbow_lr0.05_epochs1_mincount5_ws6_dims300,pförtnerin,0.7448458671569824
entzückende_ravza_training_data_lower_cbow_lr0.05_epochs1_mincount5_ws6_dims300,gebärerin,0.7432349920272827
entzückende_ravza_training_data_lower_cbow_lr0.05_epochs1_mincount5_ws6_dims300,sylterin,0.7424994707107544
entzückende_ravza_training_data_lower_cbow_lr0.05_epochs1_mincount5_ws6_dims300,nochehefrau,0.7424873113632202
entzückende_ravza_training_data_lower_cbow_lr0.05_epochs1_mincount5_ws6_dims300,zechkellnerin,0.742392897605896
entzückende_ravza_training_data_lower_cbow_lr0.05_epochs1_mincount5_ws6_dims300,partnerin,0.7422106862068176
entzückende_ravza_training_data_lower_cbow_lr0.05_epochs1_mincount5_ws6_dims300,säuferin,0.7417672872543335
entzückende_ravza_training_data_lower_cbow_lr0.05_epochs1_mincount5_ws6_dims300,liebesdienerin,0.7416179180145264
entzückende_ravza_training_data_lower_cbow_lr0.05_epochs1_mincount5_ws6_dims300,exgattin,0.7407754063606262
entzückende_ravza_training_data_lower_cbow_lr0.05_epochs1_mincount5_ws6_dims300,mutterhündin,0.7403774857521057
entzückende_ravza_training_data_lower_cbow_lr0.05_epochs1_mincount5_ws6_dims300,küsserin,0.7403081059455872
entzückende_ravza_training_data_lower_cbow_lr0.05_epochs1_mincount5_ws6_dims300,haushälterin,0.7402596473693848
entzückende_ravza_training_data_lower_cbow_lr0.05_epochs1_mincount5_ws6_dims300,taxlerin,0.7393286824226379
entzückende_ravza_training_data_lower_cbow_lr0.05_epochs1_mincount5_ws6_dims300,herrerin,0.7392657995223999
entzückende_ravza_training_data_lower_cbow_lr0.05_epochs1_mincount5_ws6_dims300,vplerin,0.7391384840011597
entzückende_ravza_training_data_lower_cbow_lr0.05_epochs1_mincount5_ws6_dims300,hausoberin,0.7390499114990234
entzückende_ravza_training_data_lower_cbow_lr0.05_epochs1_mincount5_ws6_dims300,axtmörderin,0.7389494776725769
entzückende_ravza_training_data_lower_cbow_lr0.05_epochs1_mincount5_ws6_dims300,gutsfrau,0.7386813163757324
entzückende_ravza_training_data_lower_cbow_lr0.05_epochs1_mincount5_ws6_dims300,kaktusfrau,0.7385092973709106
entzückende_ravza_training_data_lower_cbow_lr0.05_epochs1_mincount5_ws6_dims300,lebenspartnerin,0.7383754849433899
entzückende_ravza_training_data_lower_cbow_lr0.05_epochs1_mincount5_ws6_dims300,ehestörerin,0.7378525733947754
entzückende_ravza_training_data_lower_cbow_lr0.05_epochs1_mincount5_ws6_dims300,nerin,0.7377246618270874
entzückende_ravza_training_data_lower_cbow_lr0.05_epochs1_mincount5_ws6_dims300,sexpartnerin,0.7367475628852844
entzückende_ravza_training_data_lower_cbow_lr0.05_epochs1_mincount5_ws6_dims300,mitbewohnerin,0.7364867925643921
entzückende_ravza_training_data_lower_cbow_lr0.05_epochs1_mincount5_ws6_dims300,fährfrau,0.7364395260810852
entzückende_ravza_training_data_lower_cbow_lr0.05_epochs1_mincount5_ws6_dims300,opferin,0.7359375357627869
entzückende_ravza_training_data_lower_cbow_lr0.05_epochs1_mincount5_ws6_dims300,büglerin,0.7357124090194702
entzückende_ravza_training_data_lower_cbow_lr0.05_epochs1_mincount5_ws6_dims300,kusspartnerin,0.7356228828430176
entzückende_ravza_training_data_lower_cbow_lr0.05_epochs1_mincount5_ws6_dims300,malierin,0.7353357076644897
entzückende_ravza_training_data_lower_cbow_lr0.05_epochs1_mincount5_ws6_dims300,undin,0.7352861166000366
entzückende_ravza_training_data_lower_cbow_lr0.05_epochs1_mincount5_ws6_dims300,kindsfrau,0.7350724935531616
entzückende_ravza_training_data_lower_cbow_lr0.05_epochs1_mincount5_ws6_dims300,ehegattin,0.734586775302887
entzückende_ravza_training_data_lower_cbow_lr0.05_epochs1_mincount5_ws6_dims300,schwyzerin,0.7341749668121338
entzückende_ravza_training_data_lower_cbow_lr0.05_epochs1_mincount5_ws6_dims300,pensionistin,0.7341658473014832
entzückende_ravza_training_data_lower_cbow_lr0.05_epochs1_mincount5_ws6_dims300,babymörderin,0.7341087460517883
entzückende_ravza_training_data_lower_cbow_lr0.05_epochs1_mincount5_ws6_dims300,geherin,0.7336228489875793
entzückende_ravza_training_data_lower_cbow_lr0.05_epochs1_mincount5_ws6_dims300,berin,0.733359158039093
entzückende_ravza_training_data_lower_cbow_lr0.05_epochs1_mincount5_ws6_dims300,zugehfrau,0.7324374914169312
entzückende_ravza_training_data_lower_cbow_lr0.05_epochs1_mincount5_ws6_dims300,mutte,0.7317196726799011
entzückende_ravza_training_data_lower_cbow_lr0.05_epochs1_mincount5_ws6_dims300,exkollegin,0.7312844395637512
entzückende_ravza_training_data_lower_cbow_lr0.05_epochs1_mincount5_ws6_dims300,alibifreundin,0.7311276793479919
entzückende_ravza_training_data_lower_cbow_lr0.05_epochs1_mincount5_ws6_dims300,buhfrau,0.730170488357544
entzückende_ravza_training_data_lower_cbow_lr0.05_epochs1_mincount5_ws6_dims300,babysitterin,0.7299517393112183
entzückende_ravza_training_data_lower_cbow_lr0.05_epochs1_mincount5_ws6_dims300,käntnerin,0.7295742034912109
entzückende_ravza_training_data_lower_cbow_lr0.05_epochs1_mincount5_ws6_dims300,rozerin,0.7294275164604187
entzückende_ravza_training_data_lower_cbow_lr0.05_epochs1_mincount5_ws6_dims300,pèlerin,0.7293719053268433
entzückende_ravza_training_data_lower_cbow_lr0.05_epochs1_mincount5_ws6_dims300,küsntlerin,0.7293708920478821
entzückende_ravza_training_data_lower_cbow_lr0.05_epochs1_mincount5_ws6_dims300,freifrau,0.7289355993270874
vitale_stella_training_data_lower_cbow_lr0.05_epochs1_mincount10_ws6_dims300,ehfrau,0.836320698261261
vitale_stella_training_data_lower_cbow_lr0.05_epochs1_mincount10_ws6_dims300,ehefrau,0.8361662030220032
vitale_stella_training_data_lower_cbow_lr0.05_epochs1_mincount10_ws6_dims300,exfrau,0.8323604464530945
vitale_stella_training_data_lower_cbow_lr0.05_epochs1_mincount10_ws6_dims300,lebefrau,0.8056018352508545
vitale_stella_training_data_lower_cbow_lr0.05_epochs1_mincount10_ws6_dims300,urfrau,0.7988103628158569
vitale_stella_training_data_lower_cbow_lr0.05_epochs1_mincount10_ws6_dims300,barfrau,0.7967661619186401
vitale_stella_training_data_lower_cbow_lr0.05_epochs1_mincount10_ws6_dims300,kindfrau,0.7963559031486511
vitale_stella_training_data_lower_cbow_lr0.05_epochs1_mincount10_ws6_dims300,schwägerin,0.7960387468338013
vitale_stella_training_data_lower_cbow_lr0.05_epochs1_mincount10_ws6_dims300,frauin,0.7957814931869507
vitale_stella_training_data_lower_cbow_lr0.05_epochs1_mincount10_ws6_dims300,lebensgefährtin,0.7868542075157166
vitale_stella_training_data_lower_cbow_lr0.05_epochs1_mincount10_ws6_dims300,ehepartnerin,0.7849860191345215
vitale_stella_training_data_lower_cbow_lr0.05_epochs1_mincount10_ws6_dims300,ahnfrau,0.7841535210609436
vitale_stella_training_data_lower_cbow_lr0.05_epochs1_mincount10_ws6_dims300,maegdefrau,0.7815985083580017
vitale_stella_training_data_lower_cbow_lr0.05_epochs1_mincount10_ws6_dims300,eherfrau,0.7740161418914795
vitale_stella_training_data_lower_cbow_lr0.05_epochs1_mincount10_ws6_dims300,klofrau,0.7740049958229065
vitale_stella_training_data_lower_cbow_lr0.05_epochs1_mincount10_ws6_dims300,freundin,0.7706095576286316
vitale_stella_training_data_lower_cbow_lr0.05_epochs1_mincount10_ws6_dims300,männermörderin,0.7705604434013367
vitale_stella_training_data_lower_cbow_lr0.05_epochs1_mincount10_ws6_dims300,fremdgeherin,0.7701626420021057
vitale_stella_training_data_lower_cbow_lr0.05_epochs1_mincount10_ws6_dims300,hausfrau,0.7682180404663086
vitale_stella_training_data_lower_cbow_lr0.05_epochs1_mincount10_ws6_dims300,exfreundin,0.765946626663208
vitale_stella_training_data_lower_cbow_lr0.05_epochs1_mincount10_ws6_dims300,gattin,0.7656757831573486
vitale_stella_training_data_lower_cbow_lr0.05_epochs1_mincount10_ws6_dims300,nebenbuhlerin,0.7570927739143372
vitale_stella_training_data_lower_cbow_lr0.05_epochs1_mincount10_ws6_dims300,zuhälterin,0.7566302418708801
vitale_stella_training_data_lower_cbow_lr0.05_epochs1_mincount10_ws6_dims300,kärtnerin,0.7546617388725281
vitale_stella_training_data_lower_cbow_lr0.05_epochs1_mincount10_ws6_dims300,arztgattin,0.7501922249794006
vitale_stella_training_data_lower_cbow_lr0.05_epochs1_mincount10_ws6_dims300,liebesdienerin,0.7494673728942871
vitale_stella_training_data_lower_cbow_lr0.05_epochs1_mincount10_ws6_dims300,mutter,0.7487455010414124
vitale_stella_training_data_lower_cbow_lr0.05_epochs1_mincount10_ws6_dims300,kellnerin,0.7479252815246582
vitale_stella_training_data_lower_cbow_lr0.05_epochs1_mincount10_ws6_dims300,säuferin,0.7461046576499939
vitale_stella_training_data_lower_cbow_lr0.05_epochs1_mincount10_ws6_dims300,exgattin,0.7459101676940918
vitale_stella_training_data_lower_cbow_lr0.05_epochs1_mincount10_ws6_dims300,lebensfrau,0.745216965675354
vitale_stella_training_data_lower_cbow_lr0.05_epochs1_mincount10_ws6_dims300,haushälterin,0.7429698705673218
vitale_stella_training_data_lower_cbow_lr0.05_epochs1_mincount10_ws6_dims300,sexpartnerin,0.7428902387619019
vitale_stella_training_data_lower_cbow_lr0.05_epochs1_mincount10_ws6_dims300,mobberin,0.74046391248703
vitale_stella_training_data_lower_cbow_lr0.05_epochs1_mincount10_ws6_dims300,peinigerin,0.7397567629814148
vitale_stella_training_data_lower_cbow_lr0.05_epochs1_mincount10_ws6_dims300,pförtnerin,0.7392552495002747
vitale_stella_training_data_lower_cbow_lr0.05_epochs1_mincount10_ws6_dims300,gattenmörderin,0.7381544709205627
vitale_stella_training_data_lower_cbow_lr0.05_epochs1_mincount10_ws6_dims300,nachbarin,0.7380848526954651
vitale_stella_training_data_lower_cbow_lr0.05_epochs1_mincount10_ws6_dims300,partnerin,0.7368413805961609
vitale_stella_training_data_lower_cbow_lr0.05_epochs1_mincount10_ws6_dims300,buhfrau,0.7356413006782532
vitale_stella_training_data_lower_cbow_lr0.05_epochs1_mincount10_ws6_dims300,vorfrau,0.734934389591217
vitale_stella_training_data_lower_cbow_lr0.05_epochs1_mincount10_ws6_dims300,pensionistin,0.7346550226211548
vitale_stella_training_data_lower_cbow_lr0.05_epochs1_mincount10_ws6_dims300,erstfrau,0.7341229915618896
vitale_stella_training_data_lower_cbow_lr0.05_epochs1_mincount10_ws6_dims300,triebtäterin,0.7331079840660095
vitale_stella_training_data_lower_cbow_lr0.05_epochs1_mincount10_ws6_dims300,hausoberin,0.7330083250999451
vitale_stella_training_data_lower_cbow_lr0.05_epochs1_mincount10_ws6_dims300,zechkellnerin,0.7325847148895264
vitale_stella_training_data_lower_cbow_lr0.05_epochs1_mincount10_ws6_dims300,küsserin,0.7320104241371155
vitale_stella_training_data_lower_cbow_lr0.05_epochs1_mincount10_ws6_dims300,schwyzerin,0.7315677404403687
vitale_stella_training_data_lower_cbow_lr0.05_epochs1_mincount10_ws6_dims300,mitbewohnerin,0.7314454913139343
vitale_stella_training_data_lower_cbow_lr0.05_epochs1_mincount10_ws6_dims300,nochehefrau,0.7310284376144409
vitale_stella_training_data_lower_cbow_lr0.05_epochs1_mincount10_ws6_dims300,bettlerin,0.7309009432792664
vitale_stella_training_data_lower_cbow_lr0.05_epochs1_mincount10_ws6_dims300,alibifrau,0.7306270003318787
vitale_stella_training_data_lower_cbow_lr0.05_epochs1_mincount10_ws6_dims300,berin,0.7304316163063049
vitale_stella_training_data_lower_cbow_lr0.05_epochs1_mincount10_ws6_dims300,rentnerin,0.7302659153938293
vitale_stella_training_data_lower_cbow_lr0.05_epochs1_mincount10_ws6_dims300,oberin,0.7295563220977783
vitale_stella_training_data_lower_cbow_lr0.05_epochs1_mincount10_ws6_dims300,mutterhündin,0.7294408679008484
vitale_stella_training_data_lower_cbow_lr0.05_epochs1_mincount10_ws6_dims300,lebenspartnerin,0.729284405708313
vitale_stella_training_data_lower_cbow_lr0.05_epochs1_mincount10_ws6_dims300,schlagfrau,0.7288792729377747
vitale_stella_training_data_lower_cbow_lr0.05_epochs1_mincount10_ws6_dims300,oberkellnerin,0.7281325459480286
vitale_stella_training_data_lower_cbow_lr0.05_epochs1_mincount10_ws6_dims300,stiefmutter,0.7277992367744446
vitale_stella_training_data_lower_cbow_lr0.05_epochs1_mincount10_ws6_dims300,ehegattin,0.7274675369262695
vitale_stella_training_data_lower_cbow_lr0.05_epochs1_mincount10_ws6_dims300,täterin,0.7264239192008972
vitale_stella_training_data_lower_cbow_lr0.05_epochs1_mincount10_ws6_dims300,leibwächterin,0.7261146903038025
vitale_stella_training_data_lower_cbow_lr0.05_epochs1_mincount10_ws6_dims300,kindsmörderin,0.7258254289627075
vitale_stella_training_data_lower_cbow_lr0.05_epochs1_mincount10_ws6_dims300,gebärerin,0.724449634552002
vitale_stella_training_data_lower_cbow_lr0.05_epochs1_mincount10_ws6_dims300,undin,0.7243639826774597
vitale_stella_training_data_lower_cbow_lr0.05_epochs1_mincount10_ws6_dims300,räuberin,0.7236868739128113
vitale_stella_training_data_lower_cbow_lr0.05_epochs1_mincount10_ws6_dims300,alkoholikerin,0.7236778736114502
vitale_stella_training_data_lower_cbow_lr0.05_epochs1_mincount10_ws6_dims300,vplerin,0.7236500978469849
vitale_stella_training_data_lower_cbow_lr0.05_epochs1_mincount10_ws6_dims300,familienhelferin,0.7232407331466675
vitale_stella_training_data_lower_cbow_lr0.05_epochs1_mincount10_ws6_dims300,babysitterin,0.7230288982391357
vitale_stella_training_data_lower_cbow_lr0.05_epochs1_mincount10_ws6_dims300,stalkerin,0.7219823002815247
vitale_stella_training_data_lower_cbow_lr0.05_epochs1_mincount10_ws6_dims300,zugehfrau,0.7218745350837708
vitale_stella_training_data_lower_cbow_lr0.05_epochs1_mincount10_ws6_dims300,nerin,0.7217031717300415
vitale_stella_training_data_lower_cbow_lr0.05_epochs1_mincount10_ws6_dims300,verehrerin,0.7215136289596558
vitale_stella_training_data_lower_cbow_lr0.05_epochs1_mincount10_ws6_dims300,mesnerin,0.7206149101257324
vitale_stella_training_data_lower_cbow_lr0.05_epochs1_mincount10_ws6_dims300,perin,0.7201684713363647
vitale_stella_training_data_lower_cbow_lr0.05_epochs1_mincount10_ws6_dims300,henkerin,0.7200368642807007
vitale_stella_training_data_lower_cbow_lr0.05_epochs1_mincount10_ws6_dims300,vorfahrerin,0.7184820175170898
vitale_stella_training_data_lower_cbow_lr0.05_epochs1_mincount10_ws6_dims300,aberin,0.7183089852333069
vitale_stella_training_data_lower_cbow_lr0.05_epochs1_mincount10_ws6_dims300,p-mutter,0.7173842787742615
vitale_stella_training_data_lower_cbow_lr0.05_epochs1_mincount10_ws6_dims300,pyerin,0.7171120643615723
vitale_stella_training_data_lower_cbow_lr0.05_epochs1_mincount10_ws6_dims300,lebensfreundin,0.7167205810546875
vitale_stella_training_data_lower_cbow_lr0.05_epochs1_mincount10_ws6_dims300,kerin,0.7164448499679565
vitale_stella_training_data_lower_cbow_lr0.05_epochs1_mincount10_ws6_dims300,männerhasserin,0.7163586616516113
vitale_stella_training_data_lower_cbow_lr0.05_epochs1_mincount10_ws6_dims300,überfrau,0.7161641716957092
vitale_stella_training_data_lower_cbow_lr0.05_epochs1_mincount10_ws6_dims300,kindesmörderin,0.7159854769706726
vitale_stella_training_data_lower_cbow_lr0.05_epochs1_mincount10_ws6_dims300,gefährtin,0.7159005403518677
vitale_stella_training_data_lower_cbow_lr0.05_epochs1_mincount10_ws6_dims300,exkollegin,0.7155112624168396
vitale_stella_training_data_lower_cbow_lr0.05_epochs1_mincount10_ws6_dims300,schenkerin,0.7154569625854492
vitale_stella_training_data_lower_cbow_lr0.05_epochs1_mincount10_ws6_dims300,schirmfrau,0.7150001525878906
vitale_stella_training_data_lower_cbow_lr0.05_epochs1_mincount10_ws6_dims300,geburtshelferin,0.7144542336463928
vitale_stella_training_data_lower_cbow_lr0.05_epochs1_mincount10_ws6_dims300,mörderin,0.7142840623855591
vitale_stella_training_data_lower_cbow_lr0.05_epochs1_mincount10_ws6_dims300,schwester,0.7137587666511536
vitale_stella_training_data_lower_cbow_lr0.05_epochs1_mincount10_ws6_dims300,trantin,0.7129653096199036
vitale_stella_training_data_lower_cbow_lr0.05_epochs1_mincount10_ws6_dims300,hausmutter,0.7128542065620422
vitale_stella_training_data_lower_cbow_lr0.05_epochs1_mincount10_ws6_dims300,stiefgroßmutter,0.7127689719200134
vitale_stella_training_data_lower_cbow_lr0.05_epochs1_mincount10_ws6_dims300,expartnerin,0.7126852869987488
vitale_stella_training_data_lower_cbow_lr0.05_epochs1_mincount10_ws6_dims300,bezauerin,0.7117977738380432
vitale_stella_training_data_lower_cbow_lr0.05_epochs1_mincount10_ws6_dims300,selbstmörderin,0.7109221816062927
cc.de.300,.frau,0.7101694345474243
cc.de.300,mann,0.6964811086654663
cc.de.300,ehefrau,0.6963906288146973
cc.de.300,kollegin,0.6892860531806946
cc.de.300,ärztinfrau,0.6722772121429443
cc.de.300,dame,0.6579827070236206
cc.de.300,freundin,0.6541528105735779
cc.de.300,nachbarin,0.6514622569084167
cc.de.300,partnerin,0.6489744782447815
cc.de.300,gattin,0.6476749777793884
cc.de.300,mutter,0.6394452452659607
cc.de.300,tochter,0.6388288736343384
cc.de.300,schwiegermutter,0.6251378059387207
cc.de.300,ehemann,0.6239181756973267
cc.de.300,lebensgefährtin,0.6233348250389099
cc.de.300,christine,0.6204099655151367
cc.de.300,familienmutter,0.6200335025787354
cc.de.300,karin,0.6153430342674255
cc.de.300,schwägerin,0.6151037216186523
cc.de.300,erika,0.6120964288711548
cc.de.300,beate,0.6114123463630676
cc.de.300,arztgattin,0.6108365058898926
cc.de.300,ehepaar,0.6091918349266052
cc.de.300,schwester,0.6071529984474182
cc.de.300,sybille,0.6071186661720276
cc.de.300,arbeitskollegin,0.6045549511909485
cc.de.300,renate,0.6042677164077759
cc.de.300,noch-frau,0.6027072668075562
cc.de.300,witwe,0.6010948419570923
cc.de.300,gisela,0.6007642149925232
cc.de.300,mittvierzigerin,0.599513590335846
cc.de.300,sabine,0.5987651944160461
cc.de.300,spd-frau,0.5975626111030579
cc.de.300,herr,0.5965030193328857
cc.de.300,bettina,0.5942995548248291
cc.de.300,patientin,0.5929063558578491
cc.de.300,mannes,0.5905154347419739
cc.de.300,lebenspartnerin,0.5902427434921265
cc.de.300,pastorenfrau,0.5891168117523193
cc.de.300,antje,0.5872964262962341
cc.de.300,sonja,0.5872533917427063
cc.de.300,frau.,0.5855961441993713
cc.de.300,eva,0.584699809551239
cc.de.300,christin,0.5846815705299377
cc.de.300,angelika,0.584650456905365
cc.de.300,irene,0.5845665335655212
cc.de.300,anneliese,0.5841914415359497
cc.de.300,brigitte,0.5832098722457886
cc.de.300,rita,0.5821704268455505
cc.de.300,ruth,0.5821263194084167
cc.de.300,anke,0.5811046361923218
cc.de.300,claudia,0.5806193351745605
cc.de.300,barbara,0.5805082321166992
cc.de.300,judith,0.5804084539413452
cc.de.300,rentnerin,0.5803462862968445
cc.de.300,geschäftspartnerin,0.5802582502365112
cc.de.300,elke,0.5801022052764893
cc.de.300,ilse,0.5796213150024414
cc.de.300,melanie,0.579618513584137
cc.de.300,ursula,0.5792081952095032
cc.de.300,jutta,0.5786682963371277
cc.de.300,johanna,0.5782843232154846
cc.de.300,susanne,0.5781720876693726
cc.de.300,lehrerin,0.5781465172767639
cc.de.300,hannelore,0.578145444393158
cc.de.300,doris,0.5773106217384338
cc.de.300,tante,0.5771985054016113
cc.de.300,stephanie,0.5768975615501404
cc.de.300,sandra,0.5765932202339172
cc.de.300,anja,0.5764806270599365
cc.de.300,monika,0.5761097073554993
cc.de.300,angela,0.575404167175293
cc.de.300,schulfreundin,0.5751986503601074
cc.de.300,ärztin,0.5749773383140564
cc.de.300,helga,0.5747136473655701
cc.de.300,christiane,0.5735816359519958
cc.de.300,nadine,0.5731274485588074
cc.de.300,gerda,0.5723971724510193
cc.de.300,schwiegertochter,0.5721431374549866
cc.de.300,mittdreißigerin,0.5714460015296936
cc.de.300,gabi,0.5714141130447388
cc.de.300,margarete,0.5712640881538391
cc.de.300,katrin,0.571020245552063
cc.de.300,anna,0.5707952380180359
cc.de.300,yvonne,0.5707290768623352
cc.de.300,inge,0.5707015991210938
cc.de.300,ingrid,0.5705946087837219
cc.de.300,cdu-frau,0.5703036785125732
cc.de.300,christa,0.5702534914016724
cc.de.300,hausfrau,0.569737434387207
cc.de.300,christina,0.5697317719459534
cc.de.300,heike,0.5694380402565002
cc.de.300,sekretärin,0.5676254034042358
cc.de.300,sylvia,0.5671284794807434
cc.de.300,anita,0.5669651031494141
cc.de.300,polizistin,0.5654592514038086
cc.de.300,ex-schwiegermutter,0.56541907787323
cc.de.300,blumenhändlerin,0.5651953816413879
cc.de.300,haushälterin,0.5647859573364258
cc.de.300,ex-kollegin,0.5646134614944458
spritzige_jara_training_data_cbow_lr0.05_epochs1_mincount50_ws12_dims300,ehefrau,0.8086119294166565
spritzige_jara_training_data_cbow_lr0.05_epochs1_mincount50_ws12_dims300,lebensgefährtin,0.7895858883857727
spritzige_jara_training_data_cbow_lr0.05_epochs1_mincount50_ws12_dims300,ehepartnerin,0.7714994549751282
spritzige_jara_training_data_cbow_lr0.05_epochs1_mincount50_ws12_dims300,schwägerin,0.7695370316505432
spritzige_jara_training_data_cbow_lr0.05_epochs1_mincount50_ws12_dims300,mutter,0.7517964839935303
spritzige_jara_training_data_cbow_lr0.05_epochs1_mincount50_ws12_dims300,dienerin,0.7489364147186279
spritzige_jara_training_data_cbow_lr0.05_epochs1_mincount50_ws12_dims300,freundin,0.7480154037475586
spritzige_jara_training_data_cbow_lr0.05_epochs1_mincount50_ws12_dims300,kindfrau,0.7427948117256165
spritzige_jara_training_data_cbow_lr0.05_epochs1_mincount50_ws12_dims300,haushälterin,0.7426413893699646
spritzige_jara_training_data_cbow_lr0.05_epochs1_mincount50_ws12_dims300,nachbarin,0.7425662279129028
spritzige_jara_training_data_cbow_lr0.05_epochs1_mincount50_ws12_dims300,zuhälterin,0.7390950918197632
spritzige_jara_training_data_cbow_lr0.05_epochs1_mincount50_ws12_dims300,mitbewohnerin,0.7343971729278564
spritzige_jara_training_data_cbow_lr0.05_epochs1_mincount50_ws12_dims300,familienhelferin,0.7337120771408081
spritzige_jara_training_data_cbow_lr0.05_epochs1_mincount50_ws12_dims300,exfrau,0.7322263121604919
spritzige_jara_training_data_cbow_lr0.05_epochs1_mincount50_ws12_dims300,kellnerin,0.7318594455718994
spritzige_jara_training_data_cbow_lr0.05_epochs1_mincount50_ws12_dims300,kindsmörderin,0.7315413355827332
spritzige_jara_training_data_cbow_lr0.05_epochs1_mincount50_ws12_dims300,exfreundin,0.7301767468452454
spritzige_jara_training_data_cbow_lr0.05_epochs1_mincount50_ws12_dims300,nebenbuhlerin,0.7262117862701416
spritzige_jara_training_data_cbow_lr0.05_epochs1_mincount50_ws12_dims300,kärtnerin,0.7228625416755676
spritzige_jara_training_data_cbow_lr0.05_epochs1_mincount50_ws12_dims300,babysitterin,0.7226811647415161
spritzige_jara_training_data_cbow_lr0.05_epochs1_mincount50_ws12_dims300,lebenspartnerin,0.7217323184013367
spritzige_jara_training_data_cbow_lr0.05_epochs1_mincount50_ws12_dims300,gattin,0.7168229818344116
spritzige_jara_training_data_cbow_lr0.05_epochs1_mincount50_ws12_dims300,täterin,0.713070809841156
spritzige_jara_training_data_cbow_lr0.05_epochs1_mincount50_ws12_dims300,mann,0.7129899263381958
spritzige_jara_training_data_cbow_lr0.05_epochs1_mincount50_ws12_dims300,verehrerin,0.7126888632774353
spritzige_jara_training_data_cbow_lr0.05_epochs1_mincount50_ws12_dims300,leibwächterin,0.711993396282196
spritzige_jara_training_data_cbow_lr0.05_epochs1_mincount50_ws12_dims300,hausfrau,0.71100914478302
spritzige_jara_training_data_cbow_lr0.05_epochs1_mincount50_ws12_dims300,rentnerin,0.7078971266746521
spritzige_jara_training_data_cbow_lr0.05_epochs1_mincount50_ws12_dims300,partnerin,0.7069742679595947
spritzige_jara_training_data_cbow_lr0.05_epochs1_mincount50_ws12_dims300,pensionistin,0.7055190801620483
spritzige_jara_training_data_cbow_lr0.05_epochs1_mincount50_ws12_dims300,räuberin,0.7049115300178528
spritzige_jara_training_data_cbow_lr0.05_epochs1_mincount50_ws12_dims300,jüngerin,0.7047054171562195
spritzige_jara_training_data_cbow_lr0.05_epochs1_mincount50_ws12_dims300,stiefmutter,0.7040264010429382
spritzige_jara_training_data_cbow_lr0.05_epochs1_mincount50_ws12_dims300,perin,0.703872799873352
spritzige_jara_training_data_cbow_lr0.05_epochs1_mincount50_ws12_dims300,gerin,0.7025686502456665
spritzige_jara_training_data_cbow_lr0.05_epochs1_mincount50_ws12_dims300,oberin,0.6999868154525757
spritzige_jara_training_data_cbow_lr0.05_epochs1_mincount50_ws12_dims300,arzthelferin,0.6988480687141418
spritzige_jara_training_data_cbow_lr0.05_epochs1_mincount50_ws12_dims300,schwerin,0.6988073587417603
spritzige_jara_training_data_cbow_lr0.05_epochs1_mincount50_ws12_dims300,liebhaberin,0.6984623670578003
spritzige_jara_training_data_cbow_lr0.05_epochs1_mincount50_ws12_dims300,stalkerin,0.6979848146438599
spritzige_jara_training_data_cbow_lr0.05_epochs1_mincount50_ws12_dims300,mesnerin,0.6962589025497437
spritzige_jara_training_data_cbow_lr0.05_epochs1_mincount50_ws12_dims300,wärterin,0.6961754560470581
spritzige_jara_training_data_cbow_lr0.05_epochs1_mincount50_ws12_dims300,malteserin,0.6946313381195068
spritzige_jara_training_data_cbow_lr0.05_epochs1_mincount50_ws12_dims300,schwester,0.6946006417274475
spritzige_jara_training_data_cbow_lr0.05_epochs1_mincount50_ws12_dims300,geherin,0.6944307088851929
spritzige_jara_training_data_cbow_lr0.05_epochs1_mincount50_ws12_dims300,taxifahrerin,0.6931384205818176
spritzige_jara_training_data_cbow_lr0.05_epochs1_mincount50_ws12_dims300,tatin,0.6927733421325684
spritzige_jara_training_data_cbow_lr0.05_epochs1_mincount50_ws12_dims300,taxlerin,0.692592442035675
spritzige_jara_training_data_cbow_lr0.05_epochs1_mincount50_ws12_dims300,perserin,0.6910772323608398
spritzige_jara_training_data_cbow_lr0.05_epochs1_mincount50_ws12_dims300,taxilenkerin,0.6909263134002686
spritzige_jara_training_data_cbow_lr0.05_epochs1_mincount50_ws12_dims300,halterin,0.6880202293395996
spritzige_jara_training_data_cbow_lr0.05_epochs1_mincount50_ws12_dims300,mörderin,0.6873364448547363
spritzige_jara_training_data_cbow_lr0.05_epochs1_mincount50_ws12_dims300,kollegin,0.6867637634277344
spritzige_jara_training_data_cbow_lr0.05_epochs1_mincount50_ws12_dims300,bettlerin,0.6855087876319885
spritzige_jara_training_data_cbow_lr0.05_epochs1_mincount50_ws12_dims300,arztgattin,0.6847428679466248
spritzige_jara_training_data_cbow_lr0.05_epochs1_mincount50_ws12_dims300,brautmutter,0.6841789484024048
spritzige_jara_training_data_cbow_lr0.05_epochs1_mincount50_ws12_dims300,todeslenkerin,0.6831427812576294
spritzige_jara_training_data_cbow_lr0.05_epochs1_mincount50_ws12_dims300,mitbesitzerin,0.6824139356613159
spritzige_jara_training_data_cbow_lr0.05_epochs1_mincount50_ws12_dims300,ersthelferin,0.682214081287384
spritzige_jara_training_data_cbow_lr0.05_epochs1_mincount50_ws12_dims300,stiefschwester,0.6821365356445312
spritzige_jara_training_data_cbow_lr0.05_epochs1_mincount50_ws12_dims300,geburtshelferin,0.6818246245384216
spritzige_jara_training_data_cbow_lr0.05_epochs1_mincount50_ws12_dims300,schwesternschülerin,0.6817851662635803
spritzige_jara_training_data_cbow_lr0.05_epochs1_mincount50_ws12_dims300,heimhelferin,0.6815005540847778
spritzige_jara_training_data_cbow_lr0.05_epochs1_mincount50_ws12_dims300,klofrau,0.6813439130783081
spritzige_jara_training_data_cbow_lr0.05_epochs1_mincount50_ws12_dims300,schützerin,0.681165874004364
spritzige_jara_training_data_cbow_lr0.05_epochs1_mincount50_ws12_dims300,oboistin,0.6811185479164124
spritzige_jara_training_data_cbow_lr0.05_epochs1_mincount50_ws12_dims300,trinkerin,0.6808289885520935
spritzige_jara_training_data_cbow_lr0.05_epochs1_mincount50_ws12_dims300,wächterin,0.6806521415710449
spritzige_jara_training_data_cbow_lr0.05_epochs1_mincount50_ws12_dims300,ehebrecherin,0.6803100109100342
spritzige_jara_training_data_cbow_lr0.05_epochs1_mincount50_ws12_dims300,büglerin,0.6801603436470032
spritzige_jara_training_data_cbow_lr0.05_epochs1_mincount50_ws12_dims300,glyzerin,0.6793091893196106
spritzige_jara_training_data_cbow_lr0.05_epochs1_mincount50_ws12_dims300,gutsbesitzerin,0.6789854764938354
spritzige_jara_training_data_cbow_lr0.05_epochs1_mincount50_ws12_dims300,hausbewohnerin,0.6789782047271729
spritzige_jara_training_data_cbow_lr0.05_epochs1_mincount50_ws12_dims300,aufpasserin,0.6788173913955688
spritzige_jara_training_data_cbow_lr0.05_epochs1_mincount50_ws12_dims300,göfnerin,0.6784643530845642
spritzige_jara_training_data_cbow_lr0.05_epochs1_mincount50_ws12_dims300,mutter,0.6782158613204956
spritzige_jara_training_data_cbow_lr0.05_epochs1_mincount50_ws12_dims300,tuxerin,0.678072452545166
spritzige_jara_training_data_cbow_lr0.05_epochs1_mincount50_ws12_dims300,kindsmutter,0.6780229806900024
spritzige_jara_training_data_cbow_lr0.05_epochs1_mincount50_ws12_dims300,begleiterin,0.6775156259536743
spritzige_jara_training_data_cbow_lr0.05_epochs1_mincount50_ws12_dims300,bezauerin,0.6773775815963745
spritzige_jara_training_data_cbow_lr0.05_epochs1_mincount50_ws12_dims300,ehegattin,0.6748194098472595
spritzige_jara_training_data_cbow_lr0.05_epochs1_mincount50_ws12_dims300,somalierin,0.6745471358299255
spritzige_jara_training_data_cbow_lr0.05_epochs1_mincount50_ws12_dims300,gaunerin,0.6742004752159119
spritzige_jara_training_data_cbow_lr0.05_epochs1_mincount50_ws12_dims300,kindheitsfreundin,0.6733649969100952
spritzige_jara_training_data_cbow_lr0.05_epochs1_mincount50_ws12_dims300,mittäterin,0.6723967790603638
spritzige_jara_training_data_cbow_lr0.05_epochs1_mincount50_ws12_dims300,jugendfreundin,0.6720536947250366
spritzige_jara_training_data_cbow_lr0.05_epochs1_mincount50_ws12_dims300,alkoholikerin,0.6717882752418518
spritzige_jara_training_data_cbow_lr0.05_epochs1_mincount50_ws12_dims300,halbschwester,0.6716893315315247
spritzige_jara_training_data_cbow_lr0.05_epochs1_mincount50_ws12_dims300,dorfbewohnerin,0.6714701652526855
spritzige_jara_training_data_cbow_lr0.05_epochs1_mincount50_ws12_dims300,undin,0.6711106896400452
spritzige_jara_training_data_cbow_lr0.05_epochs1_mincount50_ws12_dims300,gefährtin,0.6710754036903381
spritzige_jara_training_data_cbow_lr0.05_epochs1_mincount50_ws12_dims300,fluchthelferin,0.6710718274116516
spritzige_jara_training_data_cbow_lr0.05_epochs1_mincount50_ws12_dims300,großmutter,0.6709977388381958
spritzige_jara_training_data_cbow_lr0.05_epochs1_mincount50_ws12_dims300,besitzerin,0.6698532104492188
spritzige_jara_training_data_cbow_lr0.05_epochs1_mincount50_ws12_dims300,polizistin,0.6690609455108643
spritzige_jara_training_data_cbow_lr0.05_epochs1_mincount50_ws12_dims300,puffmutter,0.668969452381134
spritzige_jara_training_data_cbow_lr0.05_epochs1_mincount50_ws12_dims300,passantin,0.668118953704834
spritzige_jara_training_data_cbow_lr0.05_epochs1_mincount50_ws12_dims300,hausbesitzerin,0.6675068736076355
spritzige_jara_training_data_cbow_lr0.05_epochs1_mincount50_ws12_dims300,zahnarzthelferin,0.6670411825180054
spritzige_jara_training_data_cbow_lr0.05_epochs1_mincount50_ws12_dims300,wohltäterin,0.6666874885559082
spontaner_gideon_training_data_lower_cbow_lr0.05_epochs1_mincount100_ws24_dims300,exfrau,0.8195143342018127
spontaner_gideon_training_data_lower_cbow_lr0.05_epochs1_mincount100_ws24_dims300,ehefrau,0.8041402697563171
spontaner_gideon_training_data_lower_cbow_lr0.05_epochs1_mincount100_ws24_dims300,lebensgefährtin,0.7713844180107117
spontaner_gideon_training_data_lower_cbow_lr0.05_epochs1_mincount100_ws24_dims300,barfrau,0.75644451379776
spontaner_gideon_training_data_lower_cbow_lr0.05_epochs1_mincount100_ws24_dims300,ehepartnerin,0.754757285118103
spontaner_gideon_training_data_lower_cbow_lr0.05_epochs1_mincount100_ws24_dims300,mutter,0.7483000755310059
spontaner_gideon_training_data_lower_cbow_lr0.05_epochs1_mincount100_ws24_dims300,schwägerin,0.7446956038475037
spontaner_gideon_training_data_lower_cbow_lr0.05_epochs1_mincount100_ws24_dims300,ahnfrau,0.7329303026199341
spontaner_gideon_training_data_lower_cbow_lr0.05_epochs1_mincount100_ws24_dims300,hausfrau,0.731620192527771
spontaner_gideon_training_data_lower_cbow_lr0.05_epochs1_mincount100_ws24_dims300,freundin,0.7206944227218628
spontaner_gideon_training_data_lower_cbow_lr0.05_epochs1_mincount100_ws24_dims300,mann,0.7144057750701904
spontaner_gideon_training_data_lower_cbow_lr0.05_epochs1_mincount100_ws24_dims300,babysitterin,0.7090835571289062
spontaner_gideon_training_data_lower_cbow_lr0.05_epochs1_mincount100_ws24_dims300,freifrau,0.7078261971473694
spontaner_gideon_training_data_lower_cbow_lr0.05_epochs1_mincount100_ws24_dims300,kellnerin,0.7064942717552185
spontaner_gideon_training_data_lower_cbow_lr0.05_epochs1_mincount100_ws24_dims300,haushälterin,0.7062808871269226
spontaner_gideon_training_data_lower_cbow_lr0.05_epochs1_mincount100_ws24_dims300,nebenbuhlerin,0.7029818892478943
spontaner_gideon_training_data_lower_cbow_lr0.05_epochs1_mincount100_ws24_dims300,exfreundin,0.7020810842514038
spontaner_gideon_training_data_lower_cbow_lr0.05_epochs1_mincount100_ws24_dims300,täterin,0.7011377215385437
spontaner_gideon_training_data_lower_cbow_lr0.05_epochs1_mincount100_ws24_dims300,oberin,0.7001700401306152
spontaner_gideon_training_data_lower_cbow_lr0.05_epochs1_mincount100_ws24_dims300,lebenspartnerin,0.6993124485015869
spontaner_gideon_training_data_lower_cbow_lr0.05_epochs1_mincount100_ws24_dims300,kindsmörderin,0.69766765832901
spontaner_gideon_training_data_lower_cbow_lr0.05_epochs1_mincount100_ws24_dims300,nachbarin,0.6972151398658752
spontaner_gideon_training_data_lower_cbow_lr0.05_epochs1_mincount100_ws24_dims300,perin,0.6938214302062988
spontaner_gideon_training_data_lower_cbow_lr0.05_epochs1_mincount100_ws24_dims300,partnerin,0.6936658620834351
spontaner_gideon_training_data_lower_cbow_lr0.05_epochs1_mincount100_ws24_dims300,gattin,0.6908060312271118
spontaner_gideon_training_data_lower_cbow_lr0.05_epochs1_mincount100_ws24_dims300,verehrerin,0.689344584941864
spontaner_gideon_training_data_lower_cbow_lr0.05_epochs1_mincount100_ws24_dims300,räuberin,0.6875262260437012
spontaner_gideon_training_data_lower_cbow_lr0.05_epochs1_mincount100_ws24_dims300,mesnerin,0.6822635531425476
spontaner_gideon_training_data_lower_cbow_lr0.05_epochs1_mincount100_ws24_dims300,ehemann,0.6801102757453918
spontaner_gideon_training_data_lower_cbow_lr0.05_epochs1_mincount100_ws24_dims300,pensionistin,0.6794312000274658
spontaner_gideon_training_data_lower_cbow_lr0.05_epochs1_mincount100_ws24_dims300,stiefmutter,0.6784727573394775
spontaner_gideon_training_data_lower_cbow_lr0.05_epochs1_mincount100_ws24_dims300,stalkerin,0.6776354312896729
spontaner_gideon_training_data_lower_cbow_lr0.05_epochs1_mincount100_ws24_dims300,liebhaberin,0.6775222420692444
spontaner_gideon_training_data_lower_cbow_lr0.05_epochs1_mincount100_ws24_dims300,schwerin,0.6763597130775452
spontaner_gideon_training_data_lower_cbow_lr0.05_epochs1_mincount100_ws24_dims300,arzthelferin,0.6746086478233337
spontaner_gideon_training_data_lower_cbow_lr0.05_epochs1_mincount100_ws24_dims300,erin,0.6708279848098755
spontaner_gideon_training_data_lower_cbow_lr0.05_epochs1_mincount100_ws24_dims300,alkoholikerin,0.6705094575881958
spontaner_gideon_training_data_lower_cbow_lr0.05_epochs1_mincount100_ws24_dims300,tochter,0.6704678535461426
spontaner_gideon_training_data_lower_cbow_lr0.05_epochs1_mincount100_ws24_dims300,glyzerin,0.6701644659042358
spontaner_gideon_training_data_lower_cbow_lr0.05_epochs1_mincount100_ws24_dims300,schwester,0.6696715950965881
spontaner_gideon_training_data_lower_cbow_lr0.05_epochs1_mincount100_ws24_dims300,mitbewohnerin,0.6683497428894043
spontaner_gideon_training_data_lower_cbow_lr0.05_epochs1_mincount100_ws24_dims300,erzieherin,0.6673336029052734
spontaner_gideon_training_data_lower_cbow_lr0.05_epochs1_mincount100_ws24_dims300,mörderin,0.6666927933692932
spontaner_gideon_training_data_lower_cbow_lr0.05_epochs1_mincount100_ws24_dims300,dienerin,0.6666183471679688
spontaner_gideon_training_data_lower_cbow_lr0.05_epochs1_mincount100_ws24_dims300,puffmutter,0.6662728190422058
spontaner_gideon_training_data_lower_cbow_lr0.05_epochs1_mincount100_ws24_dims300,trauzeugin,0.6640511751174927
spontaner_gideon_training_data_lower_cbow_lr0.05_epochs1_mincount100_ws24_dims300,rentnerin,0.6627680659294128
spontaner_gideon_training_data_lower_cbow_lr0.05_epochs1_mincount100_ws24_dims300,gefährtin,0.6611289381980896
spontaner_gideon_training_data_lower_cbow_lr0.05_epochs1_mincount100_ws24_dims300,ehegattin,0.6610671877861023
spontaner_gideon_training_data_lower_cbow_lr0.05_epochs1_mincount100_ws24_dims300,wohltäterin,0.6606028079986572
spontaner_gideon_training_data_lower_cbow_lr0.05_epochs1_mincount100_ws24_dims300,taxlerin,0.658322811126709
spontaner_gideon_training_data_lower_cbow_lr0.05_epochs1_mincount100_ws24_dims300,brautmutter,0.6582756638526917
spontaner_gideon_training_data_lower_cbow_lr0.05_epochs1_mincount100_ws24_dims300,stieftochter,0.6551214456558228
spontaner_gideon_training_data_lower_cbow_lr0.05_epochs1_mincount100_ws24_dims300,zigeunerin,0.6548503041267395
spontaner_gideon_training_data_lower_cbow_lr0.05_epochs1_mincount100_ws24_dims300,urmutter,0.6531001925468445
spontaner_gideon_training_data_lower_cbow_lr0.05_epochs1_mincount100_ws24_dims300,wiederin,0.6523584127426147
spontaner_gideon_training_data_lower_cbow_lr0.05_epochs1_mincount100_ws24_dims300,mutterinstinkt,0.652321457862854
spontaner_gideon_training_data_lower_cbow_lr0.05_epochs1_mincount100_ws24_dims300,sanitäterin,0.6511317491531372
spontaner_gideon_training_data_lower_cbow_lr0.05_epochs1_mincount100_ws24_dims300,kindsmutter,0.6507906317710876
spontaner_gideon_training_data_lower_cbow_lr0.05_epochs1_mincount100_ws24_dims300,hierin,0.6507086753845215
spontaner_gideon_training_data_lower_cbow_lr0.05_epochs1_mincount100_ws24_dims300,wasnerin,0.6502726078033447
spontaner_gideon_training_data_lower_cbow_lr0.05_epochs1_mincount100_ws24_dims300,ersthelferin,0.6500534415245056
spontaner_gideon_training_data_lower_cbow_lr0.05_epochs1_mincount100_ws24_dims300,mittäterin,0.6492320895195007
spontaner_gideon_training_data_lower_cbow_lr0.05_epochs1_mincount100_ws24_dims300,lebensgefährte,0.6490839123725891
spontaner_gideon_training_data_lower_cbow_lr0.05_epochs1_mincount100_ws24_dims300,bettlerin,0.6488461494445801
spontaner_gideon_training_data_lower_cbow_lr0.05_epochs1_mincount100_ws24_dims300,wächterin,0.6481232643127441
spontaner_gideon_training_data_lower_cbow_lr0.05_epochs1_mincount100_ws24_dims300,mittvierzigerin,0.6476444005966187
spontaner_gideon_training_data_lower_cbow_lr0.05_epochs1_mincount100_ws24_dims300,transfrau,0.6454339623451233
spontaner_gideon_training_data_lower_cbow_lr0.05_epochs1_mincount100_ws24_dims300,jungmutter,0.6442598700523376
spontaner_gideon_training_data_lower_cbow_lr0.05_epochs1_mincount100_ws24_dims300,taxifahrerin,0.6440421938896179
spontaner_gideon_training_data_lower_cbow_lr0.05_epochs1_mincount100_ws24_dims300,besitzerin,0.6440108418464661
spontaner_gideon_training_data_lower_cbow_lr0.05_epochs1_mincount100_ws24_dims300,geburtshelferin,0.6437989473342896
spontaner_gideon_training_data_lower_cbow_lr0.05_epochs1_mincount100_ws24_dims300,schwiegermutter,0.6434251666069031
spontaner_gideon_training_data_lower_cbow_lr0.05_epochs1_mincount100_ws24_dims300,hausbesitzerin,0.6431390643119812
spontaner_gideon_training_data_lower_cbow_lr0.05_epochs1_mincount100_ws24_dims300,taxilenkerin,0.6430180072784424
spontaner_gideon_training_data_lower_cbow_lr0.05_epochs1_mincount100_ws24_dims300,ehebrecherin,0.6425080299377441
spontaner_gideon_training_data_lower_cbow_lr0.05_epochs1_mincount100_ws24_dims300,hausmädchen,0.64155513048172
spontaner_gideon_training_data_lower_cbow_lr0.05_epochs1_mincount100_ws24_dims300,syrerin,0.6408793330192566
spontaner_gideon_training_data_lower_cbow_lr0.05_epochs1_mincount100_ws24_dims300,cutterin,0.6406334042549133
spontaner_gideon_training_data_lower_cbow_lr0.05_epochs1_mincount100_ws24_dims300,polizistin,0.6395249962806702
spontaner_gideon_training_data_lower_cbow_lr0.05_epochs1_mincount100_ws24_dims300,čeferin,0.6374034285545349
spontaner_gideon_training_data_lower_cbow_lr0.05_epochs1_mincount100_ws24_dims300,wärterin,0.6373133063316345
spontaner_gideon_training_data_lower_cbow_lr0.05_epochs1_mincount100_ws24_dims300,schwiegertochter,0.6372768878936768
spontaner_gideon_training_data_lower_cbow_lr0.05_epochs1_mincount100_ws24_dims300,frauenärztin,0.6371923685073853
spontaner_gideon_training_data_lower_cbow_lr0.05_epochs1_mincount100_ws24_dims300,muttermund,0.6366666555404663
spontaner_gideon_training_data_lower_cbow_lr0.05_epochs1_mincount100_ws24_dims300,ehefrauen,0.6358059644699097
spontaner_gideon_training_data_lower_cbow_lr0.05_epochs1_mincount100_ws24_dims300,verräterin,0.6356030702590942
spontaner_gideon_training_data_lower_cbow_lr0.05_epochs1_mincount100_ws24_dims300,somalierin,0.635343074798584
spontaner_gideon_training_data_lower_cbow_lr0.05_epochs1_mincount100_ws24_dims300,verführerin,0.6350252032279968
spontaner_gideon_training_data_lower_cbow_lr0.05_epochs1_mincount100_ws24_dims300,lebensgefährtinnen,0.6349256038665771
spontaner_gideon_training_data_lower_cbow_lr0.05_epochs1_mincount100_ws24_dims300,großmutter,0.6347958445549011
spontaner_gideon_training_data_lower_cbow_lr0.05_epochs1_mincount100_ws24_dims300,frausein,0.6339576244354248
spontaner_gideon_training_data_lower_cbow_lr0.05_epochs1_mincount100_ws24_dims300,buterin,0.6336472034454346
spontaner_gideon_training_data_lower_cbow_lr0.05_epochs1_mincount100_ws24_dims300,irakerin,0.6333042979240417
spontaner_gideon_training_data_lower_cbow_lr0.05_epochs1_mincount100_ws24_dims300,lügnerin,0.6325325965881348
spontaner_gideon_training_data_lower_cbow_lr0.05_epochs1_mincount100_ws24_dims300,vorbesitzerin,0.6323687434196472
spontaner_gideon_training_data_lower_cbow_lr0.05_epochs1_mincount100_ws24_dims300,halterin,0.6314738392829895
spontaner_gideon_training_data_lower_cbow_lr0.05_epochs1_mincount100_ws24_dims300,putzfrau,0.6313992142677307
spontaner_gideon_training_data_lower_cbow_lr0.05_epochs1_mincount100_ws24_dims300,frauerl,0.6306809782981873
spontaner_gideon_training_data_lower_cbow_lr0.05_epochs1_mincount100_ws24_dims300,patin,0.6300789713859558
geniale_doreen_training_data_lower_cbow_lr0.05_epochs1_mincount50_ws24_dims300,ehefrau,0.8046941757202148
geniale_doreen_training_data_lower_cbow_lr0.05_epochs1_mincount50_ws24_dims300,exfrau,0.7995676398277283
geniale_doreen_training_data_lower_cbow_lr0.05_epochs1_mincount50_ws24_dims300,lebensgefährtin,0.7681817412376404
geniale_doreen_training_data_lower_cbow_lr0.05_epochs1_mincount50_ws24_dims300,ahnfrau,0.7631961703300476
geniale_doreen_training_data_lower_cbow_lr0.05_epochs1_mincount50_ws24_dims300,klofrau,0.7556665539741516
geniale_doreen_training_data_lower_cbow_lr0.05_epochs1_mincount50_ws24_dims300,barfrau,0.7556053400039673
geniale_doreen_training_data_lower_cbow_lr0.05_epochs1_mincount50_ws24_dims300,kindfrau,0.752077043056488
geniale_doreen_training_data_lower_cbow_lr0.05_epochs1_mincount50_ws24_dims300,hausfrau,0.7492848038673401
geniale_doreen_training_data_lower_cbow_lr0.05_epochs1_mincount50_ws24_dims300,schwägerin,0.7487550973892212
geniale_doreen_training_data_lower_cbow_lr0.05_epochs1_mincount50_ws24_dims300,ehepartnerin,0.7481129169464111
geniale_doreen_training_data_lower_cbow_lr0.05_epochs1_mincount50_ws24_dims300,mutter,0.7420852780342102
geniale_doreen_training_data_lower_cbow_lr0.05_epochs1_mincount50_ws24_dims300,zuhälterin,0.7284874320030212
geniale_doreen_training_data_lower_cbow_lr0.05_epochs1_mincount50_ws24_dims300,haushälterin,0.7274143099784851
geniale_doreen_training_data_lower_cbow_lr0.05_epochs1_mincount50_ws24_dims300,mann,0.7271305322647095
geniale_doreen_training_data_lower_cbow_lr0.05_epochs1_mincount50_ws24_dims300,nebenbuhlerin,0.7153807282447815
geniale_doreen_training_data_lower_cbow_lr0.05_epochs1_mincount50_ws24_dims300,freundin,0.7136743068695068
geniale_doreen_training_data_lower_cbow_lr0.05_epochs1_mincount50_ws24_dims300,verehrerin,0.7132593989372253
geniale_doreen_training_data_lower_cbow_lr0.05_epochs1_mincount50_ws24_dims300,leibwächterin,0.7118332386016846
geniale_doreen_training_data_lower_cbow_lr0.05_epochs1_mincount50_ws24_dims300,buhfrau,0.7097267508506775
geniale_doreen_training_data_lower_cbow_lr0.05_epochs1_mincount50_ws24_dims300,kärtnerin,0.7079197764396667
geniale_doreen_training_data_lower_cbow_lr0.05_epochs1_mincount50_ws24_dims300,täterin,0.7076731324195862
geniale_doreen_training_data_lower_cbow_lr0.05_epochs1_mincount50_ws24_dims300,babysitterin,0.7023400664329529
geniale_doreen_training_data_lower_cbow_lr0.05_epochs1_mincount50_ws24_dims300,kindsmörderin,0.6986743211746216
geniale_doreen_training_data_lower_cbow_lr0.05_epochs1_mincount50_ws24_dims300,kerin,0.6985626816749573
geniale_doreen_training_data_lower_cbow_lr0.05_epochs1_mincount50_ws24_dims300,lebenspartnerin,0.6975809931755066
geniale_doreen_training_data_lower_cbow_lr0.05_epochs1_mincount50_ws24_dims300,exfreundin,0.697342574596405
geniale_doreen_training_data_lower_cbow_lr0.05_epochs1_mincount50_ws24_dims300,familienhelferin,0.696404755115509
geniale_doreen_training_data_lower_cbow_lr0.05_epochs1_mincount50_ws24_dims300,stiefmutter,0.6947377920150757
geniale_doreen_training_data_lower_cbow_lr0.05_epochs1_mincount50_ws24_dims300,oberin,0.6946225166320801
geniale_doreen_training_data_lower_cbow_lr0.05_epochs1_mincount50_ws24_dims300,nachbarin,0.6945298910140991
geniale_doreen_training_data_lower_cbow_lr0.05_epochs1_mincount50_ws24_dims300,perin,0.6934471130371094
geniale_doreen_training_data_lower_cbow_lr0.05_epochs1_mincount50_ws24_dims300,kellnerin,0.6933108568191528
geniale_doreen_training_data_lower_cbow_lr0.05_epochs1_mincount50_ws24_dims300,arztgattin,0.6927541494369507
geniale_doreen_training_data_lower_cbow_lr0.05_epochs1_mincount50_ws24_dims300,büglerin,0.6902779936790466
geniale_doreen_training_data_lower_cbow_lr0.05_epochs1_mincount50_ws24_dims300,rentnerin,0.6898988485336304
geniale_doreen_training_data_lower_cbow_lr0.05_epochs1_mincount50_ws24_dims300,nerin,0.6887389421463013
geniale_doreen_training_data_lower_cbow_lr0.05_epochs1_mincount50_ws24_dims300,taxlerin,0.6884964108467102
geniale_doreen_training_data_lower_cbow_lr0.05_epochs1_mincount50_ws24_dims300,freifrau,0.6877023577690125
geniale_doreen_training_data_lower_cbow_lr0.05_epochs1_mincount50_ws24_dims300,mesnerin,0.6868236660957336
geniale_doreen_training_data_lower_cbow_lr0.05_epochs1_mincount50_ws24_dims300,pensionistin,0.6867163777351379
geniale_doreen_training_data_lower_cbow_lr0.05_epochs1_mincount50_ws24_dims300,gattin,0.6845996379852295
geniale_doreen_training_data_lower_cbow_lr0.05_epochs1_mincount50_ws24_dims300,bezauerin,0.681743323802948
geniale_doreen_training_data_lower_cbow_lr0.05_epochs1_mincount50_ws24_dims300,selbstmörderin,0.6815993189811707
geniale_doreen_training_data_lower_cbow_lr0.05_epochs1_mincount50_ws24_dims300,schwerin,0.681067705154419
geniale_doreen_training_data_lower_cbow_lr0.05_epochs1_mincount50_ws24_dims300,undin,0.6804690361022949
geniale_doreen_training_data_lower_cbow_lr0.05_epochs1_mincount50_ws24_dims300,partnerin,0.6803905963897705
geniale_doreen_training_data_lower_cbow_lr0.05_epochs1_mincount50_ws24_dims300,arzthelferin,0.6796680688858032
geniale_doreen_training_data_lower_cbow_lr0.05_epochs1_mincount50_ws24_dims300,tochter,0.678662896156311
geniale_doreen_training_data_lower_cbow_lr0.05_epochs1_mincount50_ws24_dims300,räuberin,0.6786528825759888
geniale_doreen_training_data_lower_cbow_lr0.05_epochs1_mincount50_ws24_dims300,wohltäterin,0.6782470345497131
geniale_doreen_training_data_lower_cbow_lr0.05_epochs1_mincount50_ws24_dims300,oboistin,0.6782445907592773
geniale_doreen_training_data_lower_cbow_lr0.05_epochs1_mincount50_ws24_dims300,göfnerin,0.6774070262908936
geniale_doreen_training_data_lower_cbow_lr0.05_epochs1_mincount50_ws24_dims300,ersthelferin,0.6765038967132568
geniale_doreen_training_data_lower_cbow_lr0.05_epochs1_mincount50_ws24_dims300,erin,0.6741191148757935
geniale_doreen_training_data_lower_cbow_lr0.05_epochs1_mincount50_ws24_dims300,lebensgefährte,0.6738818287849426
geniale_doreen_training_data_lower_cbow_lr0.05_epochs1_mincount50_ws24_dims300,tatin,0.6736091375350952
geniale_doreen_training_data_lower_cbow_lr0.05_epochs1_mincount50_ws24_dims300,schwester,0.6735129356384277
geniale_doreen_training_data_lower_cbow_lr0.05_epochs1_mincount50_ws24_dims300,stalkerin,0.6732350587844849
geniale_doreen_training_data_lower_cbow_lr0.05_epochs1_mincount50_ws24_dims300,mittlerin,0.6716108918190002
geniale_doreen_training_data_lower_cbow_lr0.05_epochs1_mincount50_ws24_dims300,ehemann,0.6710776686668396
geniale_doreen_training_data_lower_cbow_lr0.05_epochs1_mincount50_ws24_dims300,dienerin,0.6709799766540527
geniale_doreen_training_data_lower_cbow_lr0.05_epochs1_mincount50_ws24_dims300,stieftochter,0.6709362268447876
geniale_doreen_training_data_lower_cbow_lr0.05_epochs1_mincount50_ws24_dims300,bettlerin,0.6707251667976379
geniale_doreen_training_data_lower_cbow_lr0.05_epochs1_mincount50_ws24_dims300,merin,0.6696983575820923
geniale_doreen_training_data_lower_cbow_lr0.05_epochs1_mincount50_ws24_dims300,transfrau,0.6695210933685303
geniale_doreen_training_data_lower_cbow_lr0.05_epochs1_mincount50_ws24_dims300,mitbewohnerin,0.6688445806503296
geniale_doreen_training_data_lower_cbow_lr0.05_epochs1_mincount50_ws24_dims300,muqrin,0.668761670589447
geniale_doreen_training_data_lower_cbow_lr0.05_epochs1_mincount50_ws24_dims300,liebhaberin,0.6672320365905762
geniale_doreen_training_data_lower_cbow_lr0.05_epochs1_mincount50_ws24_dims300,mörderin,0.6663195490837097
geniale_doreen_training_data_lower_cbow_lr0.05_epochs1_mincount50_ws24_dims300,derin,0.6645411252975464
geniale_doreen_training_data_lower_cbow_lr0.05_epochs1_mincount50_ws24_dims300,mittvierzigerin,0.6643577218055725
geniale_doreen_training_data_lower_cbow_lr0.05_epochs1_mincount50_ws24_dims300,ehegattin,0.6631920337677002
geniale_doreen_training_data_lower_cbow_lr0.05_epochs1_mincount50_ws24_dims300,wiederin,0.6622273921966553
geniale_doreen_training_data_lower_cbow_lr0.05_epochs1_mincount50_ws24_dims300,geherin,0.6618817448616028
geniale_doreen_training_data_lower_cbow_lr0.05_epochs1_mincount50_ws24_dims300,perserin,0.661558210849762
geniale_doreen_training_data_lower_cbow_lr0.05_epochs1_mincount50_ws24_dims300,trauzeugin,0.6611353754997253
geniale_doreen_training_data_lower_cbow_lr0.05_epochs1_mincount50_ws24_dims300,wasnerin,0.6602653861045837
geniale_doreen_training_data_lower_cbow_lr0.05_epochs1_mincount50_ws24_dims300,alkoholikerin,0.6581198573112488
geniale_doreen_training_data_lower_cbow_lr0.05_epochs1_mincount50_ws24_dims300,hierin,0.6580174565315247
geniale_doreen_training_data_lower_cbow_lr0.05_epochs1_mincount50_ws24_dims300,inderin,0.6577488780021667
geniale_doreen_training_data_lower_cbow_lr0.05_epochs1_mincount50_ws24_dims300,erzieherin,0.6576119661331177
geniale_doreen_training_data_lower_cbow_lr0.05_epochs1_mincount50_ws24_dims300,widerin,0.6574267148971558
geniale_doreen_training_data_lower_cbow_lr0.05_epochs1_mincount50_ws24_dims300,ehebrecherin,0.6572190523147583
geniale_doreen_training_data_lower_cbow_lr0.05_epochs1_mincount50_ws24_dims300,brautmutter,0.6561805605888367
geniale_doreen_training_data_lower_cbow_lr0.05_epochs1_mincount50_ws24_dims300,haupttäterin,0.6552675366401672
geniale_doreen_training_data_lower_cbow_lr0.05_epochs1_mincount50_ws24_dims300,todeslenkerin,0.6552669405937195
geniale_doreen_training_data_lower_cbow_lr0.05_epochs1_mincount50_ws24_dims300,schwesternschülerin,0.6545246839523315
geniale_doreen_training_data_lower_cbow_lr0.05_epochs1_mincount50_ws24_dims300,glyzerin,0.6540395617485046
geniale_doreen_training_data_lower_cbow_lr0.05_epochs1_mincount50_ws24_dims300,jungmutter,0.6538488864898682
geniale_doreen_training_data_lower_cbow_lr0.05_epochs1_mincount50_ws24_dims300,mittäterin,0.6532596945762634
geniale_doreen_training_data_lower_cbow_lr0.05_epochs1_mincount50_ws24_dims300,urmutter,0.6514779925346375
geniale_doreen_training_data_lower_cbow_lr0.05_epochs1_mincount50_ws24_dims300,tuxerin,0.6500889658927917
geniale_doreen_training_data_lower_cbow_lr0.05_epochs1_mincount50_ws24_dims300,fluchthelferin,0.6497201323509216
geniale_doreen_training_data_lower_cbow_lr0.05_epochs1_mincount50_ws24_dims300,puffmutter,0.6492890119552612
geniale_doreen_training_data_lower_cbow_lr0.05_epochs1_mincount50_ws24_dims300,heimhelferin,0.6489471197128296
geniale_doreen_training_data_lower_cbow_lr0.05_epochs1_mincount50_ws24_dims300,kindsmutter,0.6487290263175964
geniale_doreen_training_data_lower_cbow_lr0.05_epochs1_mincount50_ws24_dims300,gerin,0.6478424072265625
geniale_doreen_training_data_lower_cbow_lr0.05_epochs1_mincount50_ws24_dims300,schützerin,0.6477227210998535
geniale_doreen_training_data_lower_cbow_lr0.05_epochs1_mincount50_ws24_dims300,somalierin,0.6475340723991394
geniale_doreen_training_data_lower_cbow_lr0.05_epochs1_mincount50_ws24_dims300,putzfrau,0.6462587714195251
sinnlicher_andre_training_data_lower_cbow_lr0.05_epochs1_mincount5_ws5_dims300,mannfrau,0.8377920985221863
sinnlicher_andre_training_data_lower_cbow_lr0.05_epochs1_mincount5_ws5_dims300,ehfrau,0.831865668296814
sinnlicher_andre_training_data_lower_cbow_lr0.05_epochs1_mincount5_ws5_dims300,ehefrau,0.8306155800819397
sinnlicher_andre_training_data_lower_cbow_lr0.05_epochs1_mincount5_ws5_dims300,exfrau,0.829336941242218
sinnlicher_andre_training_data_lower_cbow_lr0.05_epochs1_mincount5_ws5_dims300,exehefrau,0.8151874542236328
sinnlicher_andre_training_data_lower_cbow_lr0.05_epochs1_mincount5_ws5_dims300,lebefrau,0.8052809834480286
sinnlicher_andre_training_data_lower_cbow_lr0.05_epochs1_mincount5_ws5_dims300,frauin,0.8052670955657959
sinnlicher_andre_training_data_lower_cbow_lr0.05_epochs1_mincount5_ws5_dims300,barfrau,0.8034740686416626
sinnlicher_andre_training_data_lower_cbow_lr0.05_epochs1_mincount5_ws5_dims300,männerin,0.7945607900619507
sinnlicher_andre_training_data_lower_cbow_lr0.05_epochs1_mincount5_ws5_dims300,maegdefrau,0.794344961643219
sinnlicher_andre_training_data_lower_cbow_lr0.05_epochs1_mincount5_ws5_dims300,ehepartnerin,0.7901756763458252
sinnlicher_andre_training_data_lower_cbow_lr0.05_epochs1_mincount5_ws5_dims300,mutterin,0.7901059985160828
sinnlicher_andre_training_data_lower_cbow_lr0.05_epochs1_mincount5_ws5_dims300,urfrau,0.78809654712677
sinnlicher_andre_training_data_lower_cbow_lr0.05_epochs1_mincount5_ws5_dims300,lebensgefährtin,0.7877463698387146
sinnlicher_andre_training_data_lower_cbow_lr0.05_epochs1_mincount5_ws5_dims300,kindfrau,0.7858060598373413
sinnlicher_andre_training_data_lower_cbow_lr0.05_epochs1_mincount5_ws5_dims300,waidfrau,0.7830305695533752
sinnlicher_andre_training_data_lower_cbow_lr0.05_epochs1_mincount5_ws5_dims300,erdfrau,0.7827000617980957
sinnlicher_andre_training_data_lower_cbow_lr0.05_epochs1_mincount5_ws5_dims300,schwägerin,0.7790023684501648
sinnlicher_andre_training_data_lower_cbow_lr0.05_epochs1_mincount5_ws5_dims300,muttermörderin,0.7789623141288757
sinnlicher_andre_training_data_lower_cbow_lr0.05_epochs1_mincount5_ws5_dims300,gattin,0.778289794921875
sinnlicher_andre_training_data_lower_cbow_lr0.05_epochs1_mincount5_ws5_dims300,ahnfrau,0.7763943076133728
sinnlicher_andre_training_data_lower_cbow_lr0.05_epochs1_mincount5_ws5_dims300,männermörderin,0.7761174440383911
sinnlicher_andre_training_data_lower_cbow_lr0.05_epochs1_mincount5_ws5_dims300,klofrau,0.7713742256164551
sinnlicher_andre_training_data_lower_cbow_lr0.05_epochs1_mincount5_ws5_dims300,häuslfrau,0.7711942791938782
sinnlicher_andre_training_data_lower_cbow_lr0.05_epochs1_mincount5_ws5_dims300,eherfrau,0.767623245716095
sinnlicher_andre_training_data_lower_cbow_lr0.05_epochs1_mincount5_ws5_dims300,freundin,0.7657883763313293
sinnlicher_andre_training_data_lower_cbow_lr0.05_epochs1_mincount5_ws5_dims300,fremdgeherin,0.7640812397003174
sinnlicher_andre_training_data_lower_cbow_lr0.05_epochs1_mincount5_ws5_dims300,haushälterin,0.7631392478942871
sinnlicher_andre_training_data_lower_cbow_lr0.05_epochs1_mincount5_ws5_dims300,exfreundin,0.7625139355659485
sinnlicher_andre_training_data_lower_cbow_lr0.05_epochs1_mincount5_ws5_dims300,nebenbuhlerin,0.7614158987998962
sinnlicher_andre_training_data_lower_cbow_lr0.05_epochs1_mincount5_ws5_dims300,lebensfrau,0.761208176612854
sinnlicher_andre_training_data_lower_cbow_lr0.05_epochs1_mincount5_ws5_dims300,kärtnerin,0.7605766654014587
sinnlicher_andre_training_data_lower_cbow_lr0.05_epochs1_mincount5_ws5_dims300,zuhälterin,0.7601014971733093
sinnlicher_andre_training_data_lower_cbow_lr0.05_epochs1_mincount5_ws5_dims300,ehegattin,0.7591338157653809
sinnlicher_andre_training_data_lower_cbow_lr0.05_epochs1_mincount5_ws5_dims300,mutter,0.7568492293357849
sinnlicher_andre_training_data_lower_cbow_lr0.05_epochs1_mincount5_ws5_dims300,exgattin,0.7566459774971008
sinnlicher_andre_training_data_lower_cbow_lr0.05_epochs1_mincount5_ws5_dims300,nachbarin,0.7559124231338501
sinnlicher_andre_training_data_lower_cbow_lr0.05_epochs1_mincount5_ws5_dims300,rentnerin,0.7557536363601685
sinnlicher_andre_training_data_lower_cbow_lr0.05_epochs1_mincount5_ws5_dims300,furzfrau,0.7538744807243347
sinnlicher_andre_training_data_lower_cbow_lr0.05_epochs1_mincount5_ws5_dims300,fronfrau,0.7536101341247559
sinnlicher_andre_training_data_lower_cbow_lr0.05_epochs1_mincount5_ws5_dims300,vorfrau,0.75232994556427
sinnlicher_andre_training_data_lower_cbow_lr0.05_epochs1_mincount5_ws5_dims300,fährfrau,0.7522183656692505
sinnlicher_andre_training_data_lower_cbow_lr0.05_epochs1_mincount5_ws5_dims300,lebenspartnerin,0.7514780759811401
sinnlicher_andre_training_data_lower_cbow_lr0.05_epochs1_mincount5_ws5_dims300,arztgattin,0.7510620355606079
sinnlicher_andre_training_data_lower_cbow_lr0.05_epochs1_mincount5_ws5_dims300,hausfrau,0.7503649592399597
sinnlicher_andre_training_data_lower_cbow_lr0.05_epochs1_mincount5_ws5_dims300,liebesdienerin,0.7503234148025513
sinnlicher_andre_training_data_lower_cbow_lr0.05_epochs1_mincount5_ws5_dims300,halbsyrerin,0.7498813271522522
sinnlicher_andre_training_data_lower_cbow_lr0.05_epochs1_mincount5_ws5_dims300,sylterin,0.7493408918380737
sinnlicher_andre_training_data_lower_cbow_lr0.05_epochs1_mincount5_ws5_dims300,frauund,0.7478042840957642
sinnlicher_andre_training_data_lower_cbow_lr0.05_epochs1_mincount5_ws5_dims300,kellnerin,0.7473995089530945
sinnlicher_andre_training_data_lower_cbow_lr0.05_epochs1_mincount5_ws5_dims300,küsserin,0.747098982334137
sinnlicher_andre_training_data_lower_cbow_lr0.05_epochs1_mincount5_ws5_dims300,alibifrau,0.7468611001968384
sinnlicher_andre_training_data_lower_cbow_lr0.05_epochs1_mincount5_ws5_dims300,kindsfrau,0.7467079162597656
sinnlicher_andre_training_data_lower_cbow_lr0.05_epochs1_mincount5_ws5_dims300,nachbarsfrau,0.7462336421012878
sinnlicher_andre_training_data_lower_cbow_lr0.05_epochs1_mincount5_ws5_dims300,malierin,0.7456871867179871
sinnlicher_andre_training_data_lower_cbow_lr0.05_epochs1_mincount5_ws5_dims300,buhfrau,0.7443708777427673
sinnlicher_andre_training_data_lower_cbow_lr0.05_epochs1_mincount5_ws5_dims300,mutterhündin,0.7441786527633667
sinnlicher_andre_training_data_lower_cbow_lr0.05_epochs1_mincount5_ws5_dims300,ehestörerin,0.7439083456993103
sinnlicher_andre_training_data_lower_cbow_lr0.05_epochs1_mincount5_ws5_dims300,gebärerin,0.7438219785690308
sinnlicher_andre_training_data_lower_cbow_lr0.05_epochs1_mincount5_ws5_dims300,säuferin,0.7435812950134277
sinnlicher_andre_training_data_lower_cbow_lr0.05_epochs1_mincount5_ws5_dims300,partnerin,0.7435441017150879
sinnlicher_andre_training_data_lower_cbow_lr0.05_epochs1_mincount5_ws5_dims300,sexpartnerin,0.7434844374656677
sinnlicher_andre_training_data_lower_cbow_lr0.05_epochs1_mincount5_ws5_dims300,babymörderin,0.7420487999916077
sinnlicher_andre_training_data_lower_cbow_lr0.05_epochs1_mincount5_ws5_dims300,mitbewohnerin,0.7419679760932922
sinnlicher_andre_training_data_lower_cbow_lr0.05_epochs1_mincount5_ws5_dims300,babysitterin,0.7419572472572327
sinnlicher_andre_training_data_lower_cbow_lr0.05_epochs1_mincount5_ws5_dims300,gutsfrau,0.7410199642181396
sinnlicher_andre_training_data_lower_cbow_lr0.05_epochs1_mincount5_ws5_dims300,mobberin,0.7408780455589294
sinnlicher_andre_training_data_lower_cbow_lr0.05_epochs1_mincount5_ws5_dims300,pförtnerin,0.740587592124939
sinnlicher_andre_training_data_lower_cbow_lr0.05_epochs1_mincount5_ws5_dims300,leibwächterin,0.7397079467773438
sinnlicher_andre_training_data_lower_cbow_lr0.05_epochs1_mincount5_ws5_dims300,opferin,0.7396729588508606
sinnlicher_andre_training_data_lower_cbow_lr0.05_epochs1_mincount5_ws5_dims300,feundin,0.7393224835395813
sinnlicher_andre_training_data_lower_cbow_lr0.05_epochs1_mincount5_ws5_dims300,nerin,0.7390174865722656
sinnlicher_andre_training_data_lower_cbow_lr0.05_epochs1_mincount5_ws5_dims300,familienhelferin,0.7385867834091187
sinnlicher_andre_training_data_lower_cbow_lr0.05_epochs1_mincount5_ws5_dims300,pensionistin,0.738423764705658
sinnlicher_andre_training_data_lower_cbow_lr0.05_epochs1_mincount5_ws5_dims300,schwyzerin,0.7383551001548767
sinnlicher_andre_training_data_lower_cbow_lr0.05_epochs1_mincount5_ws5_dims300,suberin,0.7380701899528503
sinnlicher_andre_training_data_lower_cbow_lr0.05_epochs1_mincount5_ws5_dims300,vollblutfrau,0.7365355491638184
sinnlicher_andre_training_data_lower_cbow_lr0.05_epochs1_mincount5_ws5_dims300,erstfrau,0.7362927198410034
sinnlicher_andre_training_data_lower_cbow_lr0.05_epochs1_mincount5_ws5_dims300,mesnerin,0.7360308766365051
sinnlicher_andre_training_data_lower_cbow_lr0.05_epochs1_mincount5_ws5_dims300,peinigerin,0.7353280782699585
sinnlicher_andre_training_data_lower_cbow_lr0.05_epochs1_mincount5_ws5_dims300,orffrau,0.7340090274810791
sinnlicher_andre_training_data_lower_cbow_lr0.05_epochs1_mincount5_ws5_dims300,triebtäterin,0.7324264049530029
sinnlicher_andre_training_data_lower_cbow_lr0.05_epochs1_mincount5_ws5_dims300,kaktusfrau,0.7324108481407166
sinnlicher_andre_training_data_lower_cbow_lr0.05_epochs1_mincount5_ws5_dims300,käntnerin,0.7320417761802673
sinnlicher_andre_training_data_lower_cbow_lr0.05_epochs1_mincount5_ws5_dims300,arztfrau,0.7317460179328918
sinnlicher_andre_training_data_lower_cbow_lr0.05_epochs1_mincount5_ws5_dims300,axtmörderin,0.7312529683113098
sinnlicher_andre_training_data_lower_cbow_lr0.05_epochs1_mincount5_ws5_dims300,zugehfrau,0.7311128377914429
sinnlicher_andre_training_data_lower_cbow_lr0.05_epochs1_mincount5_ws5_dims300,büglerin,0.7310553789138794
sinnlicher_andre_training_data_lower_cbow_lr0.05_epochs1_mincount5_ws5_dims300,bettgefährtin,0.7310292720794678
sinnlicher_andre_training_data_lower_cbow_lr0.05_epochs1_mincount5_ws5_dims300,zechkellnerin,0.7310033440589905
sinnlicher_andre_training_data_lower_cbow_lr0.05_epochs1_mincount5_ws5_dims300,nochehefrau,0.7298493385314941
sinnlicher_andre_training_data_lower_cbow_lr0.05_epochs1_mincount5_ws5_dims300,exlehrerin,0.7296352386474609
sinnlicher_andre_training_data_lower_cbow_lr0.05_epochs1_mincount5_ws5_dims300,kusspartnerin,0.7294869422912598
sinnlicher_andre_training_data_lower_cbow_lr0.05_epochs1_mincount5_ws5_dims300,marzerin,0.7293817400932312
sinnlicher_andre_training_data_lower_cbow_lr0.05_epochs1_mincount5_ws5_dims300,mädchenmalerin,0.729377269744873
sinnlicher_andre_training_data_lower_cbow_lr0.05_epochs1_mincount5_ws5_dims300,herrerin,0.7292140126228333
sinnlicher_andre_training_data_lower_cbow_lr0.05_epochs1_mincount5_ws5_dims300,kindsmörderin,0.7290469408035278
sinnlicher_andre_training_data_lower_cbow_lr0.05_epochs1_mincount5_ws5_dims300,stalkerin,0.7284016013145447
sinnlicher_andre_training_data_lower_cbow_lr0.05_epochs1_mincount5_ws5_dims300,täterin,0.728280782699585
sinnlicher_andre_training_data_lower_cbow_lr0.05_epochs1_mincount5_ws5_dims300,stiefmutter,0.72810298204422
topfiter_theodor_training_data_cbow_lr0.05_epochs1_mincount50_ws6_dims300,ehefrau,0.8273800015449524
topfiter_theodor_training_data_cbow_lr0.05_epochs1_mincount50_ws6_dims300,lebensgefährtin,0.7926540374755859
topfiter_theodor_training_data_cbow_lr0.05_epochs1_mincount50_ws6_dims300,schwägerin,0.791718065738678
topfiter_theodor_training_data_cbow_lr0.05_epochs1_mincount50_ws6_dims300,ehepartnerin,0.7794938087463379
topfiter_theodor_training_data_cbow_lr0.05_epochs1_mincount50_ws6_dims300,freundin,0.774235188961029
topfiter_theodor_training_data_cbow_lr0.05_epochs1_mincount50_ws6_dims300,nachbarin,0.7691085934638977
topfiter_theodor_training_data_cbow_lr0.05_epochs1_mincount50_ws6_dims300,stiefmutter,0.7584298253059387
topfiter_theodor_training_data_cbow_lr0.05_epochs1_mincount50_ws6_dims300,dienerin,0.7581681609153748
topfiter_theodor_training_data_cbow_lr0.05_epochs1_mincount50_ws6_dims300,kärtnerin,0.7581505179405212
topfiter_theodor_training_data_cbow_lr0.05_epochs1_mincount50_ws6_dims300,gattin,0.7566679120063782
topfiter_theodor_training_data_cbow_lr0.05_epochs1_mincount50_ws6_dims300,mutter,0.7563375234603882
topfiter_theodor_training_data_cbow_lr0.05_epochs1_mincount50_ws6_dims300,exfreundin,0.7547531127929688
topfiter_theodor_training_data_cbow_lr0.05_epochs1_mincount50_ws6_dims300,kellnerin,0.7525596618652344
topfiter_theodor_training_data_cbow_lr0.05_epochs1_mincount50_ws6_dims300,kindfrau,0.7513203620910645
topfiter_theodor_training_data_cbow_lr0.05_epochs1_mincount50_ws6_dims300,familienhelferin,0.7480107545852661
topfiter_theodor_training_data_cbow_lr0.05_epochs1_mincount50_ws6_dims300,exfrau,0.7462455630302429
topfiter_theodor_training_data_cbow_lr0.05_epochs1_mincount50_ws6_dims300,rentnerin,0.7421768307685852
topfiter_theodor_training_data_cbow_lr0.05_epochs1_mincount50_ws6_dims300,mitbewohnerin,0.7416079044342041
topfiter_theodor_training_data_cbow_lr0.05_epochs1_mincount50_ws6_dims300,jüngerin,0.7414396405220032
topfiter_theodor_training_data_cbow_lr0.05_epochs1_mincount50_ws6_dims300,zuhälterin,0.7399793863296509
topfiter_theodor_training_data_cbow_lr0.05_epochs1_mincount50_ws6_dims300,partnerin,0.7353593707084656
topfiter_theodor_training_data_cbow_lr0.05_epochs1_mincount50_ws6_dims300,kindsmörderin,0.7331177592277527
topfiter_theodor_training_data_cbow_lr0.05_epochs1_mincount50_ws6_dims300,pensionistin,0.731050968170166
topfiter_theodor_training_data_cbow_lr0.05_epochs1_mincount50_ws6_dims300,perin,0.7294899821281433
topfiter_theodor_training_data_cbow_lr0.05_epochs1_mincount50_ws6_dims300,haushälterin,0.7279440760612488
topfiter_theodor_training_data_cbow_lr0.05_epochs1_mincount50_ws6_dims300,räuberin,0.72726970911026
topfiter_theodor_training_data_cbow_lr0.05_epochs1_mincount50_ws6_dims300,leibwächterin,0.7262624502182007
topfiter_theodor_training_data_cbow_lr0.05_epochs1_mincount50_ws6_dims300,babysitterin,0.7249296307563782
topfiter_theodor_training_data_cbow_lr0.05_epochs1_mincount50_ws6_dims300,lebenspartnerin,0.7242849469184875
topfiter_theodor_training_data_cbow_lr0.05_epochs1_mincount50_ws6_dims300,ersthelferin,0.7231820821762085
topfiter_theodor_training_data_cbow_lr0.05_epochs1_mincount50_ws6_dims300,schwester,0.7220196723937988
topfiter_theodor_training_data_cbow_lr0.05_epochs1_mincount50_ws6_dims300,verehrerin,0.7215046286582947
topfiter_theodor_training_data_cbow_lr0.05_epochs1_mincount50_ws6_dims300,nebenbuhlerin,0.721114993095398
topfiter_theodor_training_data_cbow_lr0.05_epochs1_mincount50_ws6_dims300,teenagerin,0.7185810208320618
topfiter_theodor_training_data_cbow_lr0.05_epochs1_mincount50_ws6_dims300,arztgattin,0.7180081605911255
topfiter_theodor_training_data_cbow_lr0.05_epochs1_mincount50_ws6_dims300,mesnerin,0.7156172394752502
topfiter_theodor_training_data_cbow_lr0.05_epochs1_mincount50_ws6_dims300,mann,0.7153423428535461
topfiter_theodor_training_data_cbow_lr0.05_epochs1_mincount50_ws6_dims300,taxifahrerin,0.7152041792869568
topfiter_theodor_training_data_cbow_lr0.05_epochs1_mincount50_ws6_dims300,großmutter,0.7141731381416321
topfiter_theodor_training_data_cbow_lr0.05_epochs1_mincount50_ws6_dims300,oberin,0.7137683629989624
topfiter_theodor_training_data_cbow_lr0.05_epochs1_mincount50_ws6_dims300,schwerin,0.7134321928024292
topfiter_theodor_training_data_cbow_lr0.05_epochs1_mincount50_ws6_dims300,hausfrau,0.7128103375434875
topfiter_theodor_training_data_cbow_lr0.05_epochs1_mincount50_ws6_dims300,schwesternschülerin,0.7125303149223328
topfiter_theodor_training_data_cbow_lr0.05_epochs1_mincount50_ws6_dims300,stiefschwester,0.7123807668685913
topfiter_theodor_training_data_cbow_lr0.05_epochs1_mincount50_ws6_dims300,zigeunerin,0.7113919854164124
topfiter_theodor_training_data_cbow_lr0.05_epochs1_mincount50_ws6_dims300,kollegin,0.7103846073150635
topfiter_theodor_training_data_cbow_lr0.05_epochs1_mincount50_ws6_dims300,täterin,0.710357666015625
topfiter_theodor_training_data_cbow_lr0.05_epochs1_mincount50_ws6_dims300,arzthelferin,0.7098385095596313
topfiter_theodor_training_data_cbow_lr0.05_epochs1_mincount50_ws6_dims300,joggerin,0.7088872194290161
topfiter_theodor_training_data_cbow_lr0.05_epochs1_mincount50_ws6_dims300,wärterin,0.7079081535339355
topfiter_theodor_training_data_cbow_lr0.05_epochs1_mincount50_ws6_dims300,ehegattin,0.7075848579406738
topfiter_theodor_training_data_cbow_lr0.05_epochs1_mincount50_ws6_dims300,geherin,0.7074840068817139
topfiter_theodor_training_data_cbow_lr0.05_epochs1_mincount50_ws6_dims300,brautmutter,0.7065917253494263
topfiter_theodor_training_data_cbow_lr0.05_epochs1_mincount50_ws6_dims300,passantin,0.706238329410553
topfiter_theodor_training_data_cbow_lr0.05_epochs1_mincount50_ws6_dims300,barfrau,0.7061116695404053
topfiter_theodor_training_data_cbow_lr0.05_epochs1_mincount50_ws6_dims300,jugendfreundin,0.7060459852218628
topfiter_theodor_training_data_cbow_lr0.05_epochs1_mincount50_ws6_dims300,geburtshelferin,0.7054736614227295
topfiter_theodor_training_data_cbow_lr0.05_epochs1_mincount50_ws6_dims300,gefährtin,0.7054393887519836
topfiter_theodor_training_data_cbow_lr0.05_epochs1_mincount50_ws6_dims300,perserin,0.705235481262207
topfiter_theodor_training_data_cbow_lr0.05_epochs1_mincount50_ws6_dims300,heimhelferin,0.7050046920776367
topfiter_theodor_training_data_cbow_lr0.05_epochs1_mincount50_ws6_dims300,taxlerin,0.7046910524368286
topfiter_theodor_training_data_cbow_lr0.05_epochs1_mincount50_ws6_dims300,stalkerin,0.7044953107833862
topfiter_theodor_training_data_cbow_lr0.05_epochs1_mincount50_ws6_dims300,mörderin,0.7037339806556702
topfiter_theodor_training_data_cbow_lr0.05_epochs1_mincount50_ws6_dims300,bettlerin,0.7037123441696167
topfiter_theodor_training_data_cbow_lr0.05_epochs1_mincount50_ws6_dims300,todeslenkerin,0.7031762003898621
topfiter_theodor_training_data_cbow_lr0.05_epochs1_mincount50_ws6_dims300,göfnerin,0.702637791633606
topfiter_theodor_training_data_cbow_lr0.05_epochs1_mincount50_ws6_dims300,polizistin,0.7023096680641174
topfiter_theodor_training_data_cbow_lr0.05_epochs1_mincount50_ws6_dims300,tatin,0.7018698453903198
topfiter_theodor_training_data_cbow_lr0.05_epochs1_mincount50_ws6_dims300,büglerin,0.7014049887657166
topfiter_theodor_training_data_cbow_lr0.05_epochs1_mincount50_ws6_dims300,gaunerin,0.7012555599212646
topfiter_theodor_training_data_cbow_lr0.05_epochs1_mincount50_ws6_dims300,mutter,0.7006730437278748
topfiter_theodor_training_data_cbow_lr0.05_epochs1_mincount50_ws6_dims300,oboistin,0.7002760171890259
topfiter_theodor_training_data_cbow_lr0.05_epochs1_mincount50_ws6_dims300,taxilenkerin,0.699799120426178
topfiter_theodor_training_data_cbow_lr0.05_epochs1_mincount50_ws6_dims300,kindsmutter,0.6993516683578491
topfiter_theodor_training_data_cbow_lr0.05_epochs1_mincount50_ws6_dims300,dorfbewohnerin,0.6992300748825073
topfiter_theodor_training_data_cbow_lr0.05_epochs1_mincount50_ws6_dims300,klofrau,0.6981703042984009
topfiter_theodor_training_data_cbow_lr0.05_epochs1_mincount50_ws6_dims300,malteserin,0.6974835991859436
topfiter_theodor_training_data_cbow_lr0.05_epochs1_mincount50_ws6_dims300,tuxerin,0.6972569227218628
topfiter_theodor_training_data_cbow_lr0.05_epochs1_mincount50_ws6_dims300,irakerin,0.696814775466919
topfiter_theodor_training_data_cbow_lr0.05_epochs1_mincount50_ws6_dims300,mitschülerin,0.6966637969017029
topfiter_theodor_training_data_cbow_lr0.05_epochs1_mincount50_ws6_dims300,schützerin,0.694604754447937
topfiter_theodor_training_data_cbow_lr0.05_epochs1_mincount50_ws6_dims300,trinkerin,0.6943942308425903
topfiter_theodor_training_data_cbow_lr0.05_epochs1_mincount50_ws6_dims300,bezauerin,0.6942124366760254
topfiter_theodor_training_data_cbow_lr0.05_epochs1_mincount50_ws6_dims300,fluchthelferin,0.6941189169883728
topfiter_theodor_training_data_cbow_lr0.05_epochs1_mincount50_ws6_dims300,syrerin,0.6939226984977722
topfiter_theodor_training_data_cbow_lr0.05_epochs1_mincount50_ws6_dims300,puffmutter,0.6937063336372375
topfiter_theodor_training_data_cbow_lr0.05_epochs1_mincount50_ws6_dims300,begleiterin,0.6937057375907898
topfiter_theodor_training_data_cbow_lr0.05_epochs1_mincount50_ws6_dims300,liebhaberin,0.6936944723129272
topfiter_theodor_training_data_cbow_lr0.05_epochs1_mincount50_ws6_dims300,zahnarzthelferin,0.6936715841293335
topfiter_theodor_training_data_cbow_lr0.05_epochs1_mincount50_ws6_dims300,stieftochter,0.6935903429985046
topfiter_theodor_training_data_cbow_lr0.05_epochs1_mincount50_ws6_dims300,aufpasserin,0.6933468580245972
topfiter_theodor_training_data_cbow_lr0.05_epochs1_mincount50_ws6_dims300,alkoholikerin,0.692284882068634
topfiter_theodor_training_data_cbow_lr0.05_epochs1_mincount50_ws6_dims300,mittäterin,0.6920747756958008
topfiter_theodor_training_data_cbow_lr0.05_epochs1_mincount50_ws6_dims300,gerin,0.6915331482887268
topfiter_theodor_training_data_cbow_lr0.05_epochs1_mincount50_ws6_dims300,somalierin,0.6910008788108826
topfiter_theodor_training_data_cbow_lr0.05_epochs1_mincount50_ws6_dims300,kindheitsfreundin,0.6908997297286987
topfiter_theodor_training_data_cbow_lr0.05_epochs1_mincount50_ws6_dims300,halterin,0.6907861828804016
topfiter_theodor_training_data_cbow_lr0.05_epochs1_mincount50_ws6_dims300,gutsbesitzerin,0.6904009580612183
topfiter_theodor_training_data_cbow_lr0.05_epochs1_mincount50_ws6_dims300,undin,0.6895207762718201
topfiter_theodor_training_data_cbow_lr0.05_epochs1_mincount50_ws6_dims300,kassierin,0.6872134208679199
grandioser_teoman_training_data_lower_cbow_lr0.05_epochs1_mincount100_ws6_dims300,ehefrau,0.8413916826248169
grandioser_teoman_training_data_lower_cbow_lr0.05_epochs1_mincount100_ws6_dims300,exfrau,0.8213346004486084
grandioser_teoman_training_data_lower_cbow_lr0.05_epochs1_mincount100_ws6_dims300,lebensgefährtin,0.8029553890228271
grandioser_teoman_training_data_lower_cbow_lr0.05_epochs1_mincount100_ws6_dims300,barfrau,0.7871877551078796
grandioser_teoman_training_data_lower_cbow_lr0.05_epochs1_mincount100_ws6_dims300,schwägerin,0.7828274369239807
grandioser_teoman_training_data_lower_cbow_lr0.05_epochs1_mincount100_ws6_dims300,ehepartnerin,0.7798856496810913
grandioser_teoman_training_data_lower_cbow_lr0.05_epochs1_mincount100_ws6_dims300,ahnfrau,0.772071361541748
grandioser_teoman_training_data_lower_cbow_lr0.05_epochs1_mincount100_ws6_dims300,freundin,0.7663087248802185
grandioser_teoman_training_data_lower_cbow_lr0.05_epochs1_mincount100_ws6_dims300,mutter,0.7626696228981018
grandioser_teoman_training_data_lower_cbow_lr0.05_epochs1_mincount100_ws6_dims300,exfreundin,0.752099335193634
grandioser_teoman_training_data_lower_cbow_lr0.05_epochs1_mincount100_ws6_dims300,nachbarin,0.7517645955085754
grandioser_teoman_training_data_lower_cbow_lr0.05_epochs1_mincount100_ws6_dims300,gattin,0.7517505288124084
grandioser_teoman_training_data_lower_cbow_lr0.05_epochs1_mincount100_ws6_dims300,haushälterin,0.7500437498092651
grandioser_teoman_training_data_lower_cbow_lr0.05_epochs1_mincount100_ws6_dims300,nebenbuhlerin,0.7475082874298096
grandioser_teoman_training_data_lower_cbow_lr0.05_epochs1_mincount100_ws6_dims300,kindsmörderin,0.744901180267334
grandioser_teoman_training_data_lower_cbow_lr0.05_epochs1_mincount100_ws6_dims300,hausfrau,0.7388582229614258
grandioser_teoman_training_data_lower_cbow_lr0.05_epochs1_mincount100_ws6_dims300,stiefmutter,0.7385015487670898
grandioser_teoman_training_data_lower_cbow_lr0.05_epochs1_mincount100_ws6_dims300,babysitterin,0.7381860613822937
grandioser_teoman_training_data_lower_cbow_lr0.05_epochs1_mincount100_ws6_dims300,lebenspartnerin,0.735691249370575
grandioser_teoman_training_data_lower_cbow_lr0.05_epochs1_mincount100_ws6_dims300,rentnerin,0.7356765270233154
grandioser_teoman_training_data_lower_cbow_lr0.05_epochs1_mincount100_ws6_dims300,partnerin,0.7334215044975281
grandioser_teoman_training_data_lower_cbow_lr0.05_epochs1_mincount100_ws6_dims300,kellnerin,0.7318287491798401
grandioser_teoman_training_data_lower_cbow_lr0.05_epochs1_mincount100_ws6_dims300,mitbewohnerin,0.7312684655189514
grandioser_teoman_training_data_lower_cbow_lr0.05_epochs1_mincount100_ws6_dims300,räuberin,0.7280899882316589
grandioser_teoman_training_data_lower_cbow_lr0.05_epochs1_mincount100_ws6_dims300,pensionistin,0.7275822758674622
grandioser_teoman_training_data_lower_cbow_lr0.05_epochs1_mincount100_ws6_dims300,ehegattin,0.7262431383132935
grandioser_teoman_training_data_lower_cbow_lr0.05_epochs1_mincount100_ws6_dims300,mann,0.7207974791526794
grandioser_teoman_training_data_lower_cbow_lr0.05_epochs1_mincount100_ws6_dims300,taxifahrerin,0.7187666296958923
grandioser_teoman_training_data_lower_cbow_lr0.05_epochs1_mincount100_ws6_dims300,täterin,0.7185461521148682
grandioser_teoman_training_data_lower_cbow_lr0.05_epochs1_mincount100_ws6_dims300,jugendfreundin,0.7185105085372925
grandioser_teoman_training_data_lower_cbow_lr0.05_epochs1_mincount100_ws6_dims300,verehrerin,0.7166231870651245
grandioser_teoman_training_data_lower_cbow_lr0.05_epochs1_mincount100_ws6_dims300,mesnerin,0.7154085040092468
grandioser_teoman_training_data_lower_cbow_lr0.05_epochs1_mincount100_ws6_dims300,ersthelferin,0.7125574350357056
grandioser_teoman_training_data_lower_cbow_lr0.05_epochs1_mincount100_ws6_dims300,perin,0.7116969227790833
grandioser_teoman_training_data_lower_cbow_lr0.05_epochs1_mincount100_ws6_dims300,stalkerin,0.7111901044845581
grandioser_teoman_training_data_lower_cbow_lr0.05_epochs1_mincount100_ws6_dims300,taxlerin,0.7103173732757568
grandioser_teoman_training_data_lower_cbow_lr0.05_epochs1_mincount100_ws6_dims300,großmutter,0.7090401649475098
grandioser_teoman_training_data_lower_cbow_lr0.05_epochs1_mincount100_ws6_dims300,stieftochter,0.7089550495147705
grandioser_teoman_training_data_lower_cbow_lr0.05_epochs1_mincount100_ws6_dims300,bettlerin,0.707316517829895
grandioser_teoman_training_data_lower_cbow_lr0.05_epochs1_mincount100_ws6_dims300,mörderin,0.7072059512138367
grandioser_teoman_training_data_lower_cbow_lr0.05_epochs1_mincount100_ws6_dims300,schwester,0.7070167064666748
grandioser_teoman_training_data_lower_cbow_lr0.05_epochs1_mincount100_ws6_dims300,joggerin,0.704874575138092
grandioser_teoman_training_data_lower_cbow_lr0.05_epochs1_mincount100_ws6_dims300,polizistin,0.7043174505233765
grandioser_teoman_training_data_lower_cbow_lr0.05_epochs1_mincount100_ws6_dims300,teenagerin,0.703826367855072
grandioser_teoman_training_data_lower_cbow_lr0.05_epochs1_mincount100_ws6_dims300,schwiegermutter,0.7012416124343872
grandioser_teoman_training_data_lower_cbow_lr0.05_epochs1_mincount100_ws6_dims300,arzthelferin,0.7008036971092224
grandioser_teoman_training_data_lower_cbow_lr0.05_epochs1_mincount100_ws6_dims300,alkoholikerin,0.6999848484992981
grandioser_teoman_training_data_lower_cbow_lr0.05_epochs1_mincount100_ws6_dims300,freifrau,0.6997937560081482
grandioser_teoman_training_data_lower_cbow_lr0.05_epochs1_mincount100_ws6_dims300,schwerin,0.6961635947227478
grandioser_teoman_training_data_lower_cbow_lr0.05_epochs1_mincount100_ws6_dims300,kindsmutter,0.6956543922424316
grandioser_teoman_training_data_lower_cbow_lr0.05_epochs1_mincount100_ws6_dims300,geburtshelferin,0.6951159834861755
grandioser_teoman_training_data_lower_cbow_lr0.05_epochs1_mincount100_ws6_dims300,trauzeugin,0.6949830055236816
grandioser_teoman_training_data_lower_cbow_lr0.05_epochs1_mincount100_ws6_dims300,putzfrau,0.6948226094245911
grandioser_teoman_training_data_lower_cbow_lr0.05_epochs1_mincount100_ws6_dims300,wasnerin,0.6947450041770935
grandioser_teoman_training_data_lower_cbow_lr0.05_epochs1_mincount100_ws6_dims300,brautmutter,0.694118082523346
grandioser_teoman_training_data_lower_cbow_lr0.05_epochs1_mincount100_ws6_dims300,liebhaberin,0.6935519576072693
grandioser_teoman_training_data_lower_cbow_lr0.05_epochs1_mincount100_ws6_dims300,oberin,0.6931414604187012
grandioser_teoman_training_data_lower_cbow_lr0.05_epochs1_mincount100_ws6_dims300,schwiegertochter,0.6921355128288269
grandioser_teoman_training_data_lower_cbow_lr0.05_epochs1_mincount100_ws6_dims300,kollegin,0.690656840801239
grandioser_teoman_training_data_lower_cbow_lr0.05_epochs1_mincount100_ws6_dims300,seniorin,0.6903827786445618
grandioser_teoman_training_data_lower_cbow_lr0.05_epochs1_mincount100_ws6_dims300,fluchthelferin,0.6898436546325684
grandioser_teoman_training_data_lower_cbow_lr0.05_epochs1_mincount100_ws6_dims300,passantin,0.6887388825416565
grandioser_teoman_training_data_lower_cbow_lr0.05_epochs1_mincount100_ws6_dims300,wärterin,0.6868134140968323
grandioser_teoman_training_data_lower_cbow_lr0.05_epochs1_mincount100_ws6_dims300,wohltäterin,0.6861189603805542
grandioser_teoman_training_data_lower_cbow_lr0.05_epochs1_mincount100_ws6_dims300,gefährtin,0.6843093633651733
grandioser_teoman_training_data_lower_cbow_lr0.05_epochs1_mincount100_ws6_dims300,sanitäterin,0.6834074258804321
grandioser_teoman_training_data_lower_cbow_lr0.05_epochs1_mincount100_ws6_dims300,heimhelferin,0.6832139492034912
grandioser_teoman_training_data_lower_cbow_lr0.05_epochs1_mincount100_ws6_dims300,hausbesitzerin,0.6831557154655457
grandioser_teoman_training_data_lower_cbow_lr0.05_epochs1_mincount100_ws6_dims300,mittäterin,0.6828920245170593
grandioser_teoman_training_data_lower_cbow_lr0.05_epochs1_mincount100_ws6_dims300,inderin,0.6825266480445862
grandioser_teoman_training_data_lower_cbow_lr0.05_epochs1_mincount100_ws6_dims300,dienerin,0.6821193099021912
grandioser_teoman_training_data_lower_cbow_lr0.05_epochs1_mincount100_ws6_dims300,jungmutter,0.6818681359291077
grandioser_teoman_training_data_lower_cbow_lr0.05_epochs1_mincount100_ws6_dims300,zahnarzthelferin,0.6808115243911743
grandioser_teoman_training_data_lower_cbow_lr0.05_epochs1_mincount100_ws6_dims300,somalierin,0.6803412437438965
grandioser_teoman_training_data_lower_cbow_lr0.05_epochs1_mincount100_ws6_dims300,syrerin,0.6800936460494995
grandioser_teoman_training_data_lower_cbow_lr0.05_epochs1_mincount100_ws6_dims300,wahrsagerin,0.6796484589576721
grandioser_teoman_training_data_lower_cbow_lr0.05_epochs1_mincount100_ws6_dims300,helferin,0.6788280606269836
grandioser_teoman_training_data_lower_cbow_lr0.05_epochs1_mincount100_ws6_dims300,busfahrerin,0.6784656047821045
grandioser_teoman_training_data_lower_cbow_lr0.05_epochs1_mincount100_ws6_dims300,erzieherin,0.6781536936759949
grandioser_teoman_training_data_lower_cbow_lr0.05_epochs1_mincount100_ws6_dims300,taxilenkerin,0.6776806712150574
grandioser_teoman_training_data_lower_cbow_lr0.05_epochs1_mincount100_ws6_dims300,mitschülerin,0.6775452494621277
grandioser_teoman_training_data_lower_cbow_lr0.05_epochs1_mincount100_ws6_dims300,besitzerin,0.6773573756217957
grandioser_teoman_training_data_lower_cbow_lr0.05_epochs1_mincount100_ws6_dims300,glyzerin,0.6771724224090576
grandioser_teoman_training_data_lower_cbow_lr0.05_epochs1_mincount100_ws6_dims300,klientin,0.6770240068435669
grandioser_teoman_training_data_lower_cbow_lr0.05_epochs1_mincount100_ws6_dims300,halbschwester,0.6763690710067749
grandioser_teoman_training_data_lower_cbow_lr0.05_epochs1_mincount100_ws6_dims300,beifahrerin,0.6762929558753967
grandioser_teoman_training_data_lower_cbow_lr0.05_epochs1_mincount100_ws6_dims300,halterin,0.6759784817695618
grandioser_teoman_training_data_lower_cbow_lr0.05_epochs1_mincount100_ws6_dims300,anruferin,0.6755637526512146
grandioser_teoman_training_data_lower_cbow_lr0.05_epochs1_mincount100_ws6_dims300,transfrau,0.6747881770133972
grandioser_teoman_training_data_lower_cbow_lr0.05_epochs1_mincount100_ws6_dims300,buslenkerin,0.6744979619979858
grandioser_teoman_training_data_lower_cbow_lr0.05_epochs1_mincount100_ws6_dims300,bankräuberin,0.6743979454040527
grandioser_teoman_training_data_lower_cbow_lr0.05_epochs1_mincount100_ws6_dims300,pflegerin,0.6734055280685425
grandioser_teoman_training_data_lower_cbow_lr0.05_epochs1_mincount100_ws6_dims300,vorbesitzerin,0.6729511618614197
grandioser_teoman_training_data_lower_cbow_lr0.05_epochs1_mincount100_ws6_dims300,urmutter,0.6728360056877136
grandioser_teoman_training_data_lower_cbow_lr0.05_epochs1_mincount100_ws6_dims300,tullnerin,0.672707736492157
grandioser_teoman_training_data_lower_cbow_lr0.05_epochs1_mincount100_ws6_dims300,filmpartnerin,0.6722126007080078
grandioser_teoman_training_data_lower_cbow_lr0.05_epochs1_mincount100_ws6_dims300,mittvierzigerin,0.6720355153083801
grandioser_teoman_training_data_lower_cbow_lr0.05_epochs1_mincount100_ws6_dims300,chauffeurin,0.6713328957557678
grandioser_teoman_training_data_lower_cbow_lr0.05_epochs1_mincount100_ws6_dims300,puffmutter,0.6707884669303894
grandioser_teoman_training_data_lower_cbow_lr0.05_epochs1_mincount100_ws6_dims300,hausbewohnerin,0.6701447367668152
angeregter_armin_training_data_cbow_lr0.05_epochs1_mincount10_ws5_dims300,ehefrau,0.8138286471366882
angeregter_armin_training_data_cbow_lr0.05_epochs1_mincount10_ws5_dims300,schwägerin,0.7931098341941833
angeregter_armin_training_data_cbow_lr0.05_epochs1_mincount10_ws5_dims300,lebensgefährtin,0.7817610502243042
angeregter_armin_training_data_cbow_lr0.05_epochs1_mincount10_ws5_dims300,ehepartnerin,0.78169846534729
angeregter_armin_training_data_cbow_lr0.05_epochs1_mincount10_ws5_dims300,frauin,0.7805347442626953
angeregter_armin_training_data_cbow_lr0.05_epochs1_mincount10_ws5_dims300,exfreundin,0.778501570224762
angeregter_armin_training_data_cbow_lr0.05_epochs1_mincount10_ws5_dims300,dienerin,0.7738037109375
angeregter_armin_training_data_cbow_lr0.05_epochs1_mincount10_ws5_dims300,freundin,0.7727296352386475
angeregter_armin_training_data_cbow_lr0.05_epochs1_mincount10_ws5_dims300,männermörderin,0.7725561261177063
angeregter_armin_training_data_cbow_lr0.05_epochs1_mincount10_ws5_dims300,ehfrau,0.7695471048355103
angeregter_armin_training_data_cbow_lr0.05_epochs1_mincount10_ws5_dims300,rentnerin,0.76911860704422
angeregter_armin_training_data_cbow_lr0.05_epochs1_mincount10_ws5_dims300,mutterhündin,0.7668114900588989
angeregter_armin_training_data_cbow_lr0.05_epochs1_mincount10_ws5_dims300,exfrau,0.7661480903625488
angeregter_armin_training_data_cbow_lr0.05_epochs1_mincount10_ws5_dims300,gattin,0.7627465724945068
angeregter_armin_training_data_cbow_lr0.05_epochs1_mincount10_ws5_dims300,pförtnerin,0.7597239017486572
angeregter_armin_training_data_cbow_lr0.05_epochs1_mincount10_ws5_dims300,mutter,0.7594609260559082
angeregter_armin_training_data_cbow_lr0.05_epochs1_mincount10_ws5_dims300,fremdgeherin,0.7580769062042236
angeregter_armin_training_data_cbow_lr0.05_epochs1_mincount10_ws5_dims300,sexpartnerin,0.75517737865448
angeregter_armin_training_data_cbow_lr0.05_epochs1_mincount10_ws5_dims300,kärtnerin,0.7551131248474121
angeregter_armin_training_data_cbow_lr0.05_epochs1_mincount10_ws5_dims300,maegdefrau,0.7550782561302185
angeregter_armin_training_data_cbow_lr0.05_epochs1_mincount10_ws5_dims300,nachbarin,0.7549229860305786
angeregter_armin_training_data_cbow_lr0.05_epochs1_mincount10_ws5_dims300,kindfrau,0.7467771768569946
angeregter_armin_training_data_cbow_lr0.05_epochs1_mincount10_ws5_dims300,zuhälterin,0.7462859749794006
angeregter_armin_training_data_cbow_lr0.05_epochs1_mincount10_ws5_dims300,lebefrau,0.745665431022644
angeregter_armin_training_data_cbow_lr0.05_epochs1_mincount10_ws5_dims300,säuferin,0.7443034052848816
angeregter_armin_training_data_cbow_lr0.05_epochs1_mincount10_ws5_dims300,arztgattin,0.7441166639328003
angeregter_armin_training_data_cbow_lr0.05_epochs1_mincount10_ws5_dims300,undin,0.7440177798271179
angeregter_armin_training_data_cbow_lr0.05_epochs1_mincount10_ws5_dims300,peinigerin,0.7437645196914673
angeregter_armin_training_data_cbow_lr0.05_epochs1_mincount10_ws5_dims300,kellnerin,0.7431562542915344
angeregter_armin_training_data_cbow_lr0.05_epochs1_mincount10_ws5_dims300,pensionistin,0.7429821491241455
angeregter_armin_training_data_cbow_lr0.05_epochs1_mincount10_ws5_dims300,kindsmörderin,0.7419192790985107
angeregter_armin_training_data_cbow_lr0.05_epochs1_mincount10_ws5_dims300,pyerin,0.7410144805908203
angeregter_armin_training_data_cbow_lr0.05_epochs1_mincount10_ws5_dims300,büßerin,0.7409684062004089
angeregter_armin_training_data_cbow_lr0.05_epochs1_mincount10_ws5_dims300,gattenmörderin,0.7408554553985596
angeregter_armin_training_data_cbow_lr0.05_epochs1_mincount10_ws5_dims300,triebtäterin,0.7408310174942017
angeregter_armin_training_data_cbow_lr0.05_epochs1_mincount10_ws5_dims300,haushälterin,0.74040687084198
angeregter_armin_training_data_cbow_lr0.05_epochs1_mincount10_ws5_dims300,henkerin,0.7401776313781738
angeregter_armin_training_data_cbow_lr0.05_epochs1_mincount10_ws5_dims300,partnerin,0.7392789125442505
angeregter_armin_training_data_cbow_lr0.05_epochs1_mincount10_ws5_dims300,schwyzerin,0.7374558448791504
angeregter_armin_training_data_cbow_lr0.05_epochs1_mincount10_ws5_dims300,mitbewohnerin,0.7371640205383301
angeregter_armin_training_data_cbow_lr0.05_epochs1_mincount10_ws5_dims300,leibwächterin,0.7366118431091309
angeregter_armin_training_data_cbow_lr0.05_epochs1_mincount10_ws5_dims300,jüngerin,0.7362210750579834
angeregter_armin_training_data_cbow_lr0.05_epochs1_mincount10_ws5_dims300,eherfrau,0.735910952091217
angeregter_armin_training_data_cbow_lr0.05_epochs1_mincount10_ws5_dims300,mobberin,0.7356760501861572
angeregter_armin_training_data_cbow_lr0.05_epochs1_mincount10_ws5_dims300,perin,0.7356662154197693
angeregter_armin_training_data_cbow_lr0.05_epochs1_mincount10_ws5_dims300,hausoberin,0.7349556088447571
angeregter_armin_training_data_cbow_lr0.05_epochs1_mincount10_ws5_dims300,exkollegin,0.7338207960128784
angeregter_armin_training_data_cbow_lr0.05_epochs1_mincount10_ws5_dims300,stiefmutter,0.7337136268615723
angeregter_armin_training_data_cbow_lr0.05_epochs1_mincount10_ws5_dims300,lebensfreundin,0.7326818108558655
angeregter_armin_training_data_cbow_lr0.05_epochs1_mincount10_ws5_dims300,gebärerin,0.7325538992881775
angeregter_armin_training_data_cbow_lr0.05_epochs1_mincount10_ws5_dims300,verehrerin,0.7310661673545837
angeregter_armin_training_data_cbow_lr0.05_epochs1_mincount10_ws5_dims300,lebenspartnerin,0.7306029796600342
angeregter_armin_training_data_cbow_lr0.05_epochs1_mincount10_ws5_dims300,expartnerin,0.7305263876914978
angeregter_armin_training_data_cbow_lr0.05_epochs1_mincount10_ws5_dims300,geherin,0.7304261326789856
angeregter_armin_training_data_cbow_lr0.05_epochs1_mincount10_ws5_dims300,täterin,0.7298452854156494
angeregter_armin_training_data_cbow_lr0.05_epochs1_mincount10_ws5_dims300,stiefgroßmutter,0.7296431660652161
angeregter_armin_training_data_cbow_lr0.05_epochs1_mincount10_ws5_dims300,männerhasserin,0.7292039394378662
angeregter_armin_training_data_cbow_lr0.05_epochs1_mincount10_ws5_dims300,kollegin,0.728337824344635
angeregter_armin_training_data_cbow_lr0.05_epochs1_mincount10_ws5_dims300,quäkerin,0.7281333208084106
angeregter_armin_training_data_cbow_lr0.05_epochs1_mincount10_ws5_dims300,verin,0.7276762127876282
angeregter_armin_training_data_cbow_lr0.05_epochs1_mincount10_ws5_dims300,vorfahrerin,0.7275485992431641
angeregter_armin_training_data_cbow_lr0.05_epochs1_mincount10_ws5_dims300,familienhelferin,0.7274616360664368
angeregter_armin_training_data_cbow_lr0.05_epochs1_mincount10_ws5_dims300,räuberin,0.7267515063285828
angeregter_armin_training_data_cbow_lr0.05_epochs1_mincount10_ws5_dims300,nebenbuhlerin,0.7254642844200134
angeregter_armin_training_data_cbow_lr0.05_epochs1_mincount10_ws5_dims300,taxlerin,0.7252939343452454
angeregter_armin_training_data_cbow_lr0.05_epochs1_mincount10_ws5_dims300,mitcamperin,0.7249636054039001
angeregter_armin_training_data_cbow_lr0.05_epochs1_mincount10_ws5_dims300,oberin,0.724586546421051
angeregter_armin_training_data_cbow_lr0.05_epochs1_mincount10_ws5_dims300,wahrerin,0.7243362665176392
angeregter_armin_training_data_cbow_lr0.05_epochs1_mincount10_ws5_dims300,ehegattin,0.7239890098571777
angeregter_armin_training_data_cbow_lr0.05_epochs1_mincount10_ws5_dims300,schwester,0.723971962928772
angeregter_armin_training_data_cbow_lr0.05_epochs1_mincount10_ws5_dims300,kindesmörderin,0.7237985730171204
angeregter_armin_training_data_cbow_lr0.05_epochs1_mincount10_ws5_dims300,schmuserin,0.7232611179351807
angeregter_armin_training_data_cbow_lr0.05_epochs1_mincount10_ws5_dims300,freundin,0.7222956418991089
angeregter_armin_training_data_cbow_lr0.05_epochs1_mincount10_ws5_dims300,passantin,0.721875786781311
angeregter_armin_training_data_cbow_lr0.05_epochs1_mincount10_ws5_dims300,perserin,0.7218250036239624
angeregter_armin_training_data_cbow_lr0.05_epochs1_mincount10_ws5_dims300,schwerin,0.7215195298194885
angeregter_armin_training_data_cbow_lr0.05_epochs1_mincount10_ws5_dims300,bettlerin,0.7212837934494019
angeregter_armin_training_data_cbow_lr0.05_epochs1_mincount10_ws5_dims300,liebesdienerin,0.7212247252464294
angeregter_armin_training_data_cbow_lr0.05_epochs1_mincount10_ws5_dims300,ehestifterin,0.7207592129707336
angeregter_armin_training_data_cbow_lr0.05_epochs1_mincount10_ws5_dims300,meßnerin,0.7205491065979004
angeregter_armin_training_data_cbow_lr0.05_epochs1_mincount10_ws5_dims300,babysitterin,0.7204967737197876
angeregter_armin_training_data_cbow_lr0.05_epochs1_mincount10_ws5_dims300,hausiererin,0.7199523448944092
angeregter_armin_training_data_cbow_lr0.05_epochs1_mincount10_ws5_dims300,küsserin,0.7189458012580872
angeregter_armin_training_data_cbow_lr0.05_epochs1_mincount10_ws5_dims300,mörderin,0.7181339263916016
angeregter_armin_training_data_cbow_lr0.05_epochs1_mincount10_ws5_dims300,taxifahrerin,0.7177762985229492
angeregter_armin_training_data_cbow_lr0.05_epochs1_mincount10_ws5_dims300,kümmerin,0.7174007296562195
angeregter_armin_training_data_cbow_lr0.05_epochs1_mincount10_ws5_dims300,halterin,0.7171304821968079
angeregter_armin_training_data_cbow_lr0.05_epochs1_mincount10_ws5_dims300,hofbesitzerin,0.7163369059562683
angeregter_armin_training_data_cbow_lr0.05_epochs1_mincount10_ws5_dims300,hauslehrerin,0.7163024544715881
angeregter_armin_training_data_cbow_lr0.05_epochs1_mincount10_ws5_dims300,kindsmutter,0.7155942320823669
angeregter_armin_training_data_cbow_lr0.05_epochs1_mincount10_ws5_dims300,stalkerin,0.7155321836471558
angeregter_armin_training_data_cbow_lr0.05_epochs1_mincount10_ws5_dims300,großmutter,0.715387225151062
angeregter_armin_training_data_cbow_lr0.05_epochs1_mincount10_ws5_dims300,somalierin,0.7152590751647949
angeregter_armin_training_data_cbow_lr0.05_epochs1_mincount10_ws5_dims300,syrerin,0.7149239182472229
angeregter_armin_training_data_cbow_lr0.05_epochs1_mincount10_ws5_dims300,esserin,0.7149178981781006
angeregter_armin_training_data_cbow_lr0.05_epochs1_mincount10_ws5_dims300,muttergöttin,0.7149146795272827
angeregter_armin_training_data_cbow_lr0.05_epochs1_mincount10_ws5_dims300,büglerin,0.7144199013710022
angeregter_armin_training_data_cbow_lr0.05_epochs1_mincount10_ws5_dims300,mofafahrerin,0.7141766548156738
angeregter_armin_training_data_cbow_lr0.05_epochs1_mincount10_ws5_dims300,malteserin,0.7138735055923462
angeregter_armin_training_data_cbow_lr0.05_epochs1_mincount10_ws5_dims300,geberin,0.7138246893882751
genialer_noar_training_data_lower_cbow_lr0.05_epochs1_mincount100_ws12_dims300,ehefrau,0.8300961852073669
genialer_noar_training_data_lower_cbow_lr0.05_epochs1_mincount100_ws12_dims300,exfrau,0.8298422694206238
genialer_noar_training_data_lower_cbow_lr0.05_epochs1_mincount100_ws12_dims300,lebensgefährtin,0.7888153791427612
genialer_noar_training_data_lower_cbow_lr0.05_epochs1_mincount100_ws12_dims300,schwägerin,0.784824788570404
genialer_noar_training_data_lower_cbow_lr0.05_epochs1_mincount100_ws12_dims300,ahnfrau,0.7821745276451111
genialer_noar_training_data_lower_cbow_lr0.05_epochs1_mincount100_ws12_dims300,mutter,0.7710843086242676
genialer_noar_training_data_lower_cbow_lr0.05_epochs1_mincount100_ws12_dims300,ehepartnerin,0.7681872844696045
genialer_noar_training_data_lower_cbow_lr0.05_epochs1_mincount100_ws12_dims300,hausfrau,0.7665941715240479
genialer_noar_training_data_lower_cbow_lr0.05_epochs1_mincount100_ws12_dims300,barfrau,0.7664039731025696
genialer_noar_training_data_lower_cbow_lr0.05_epochs1_mincount100_ws12_dims300,freundin,0.756537914276123
genialer_noar_training_data_lower_cbow_lr0.05_epochs1_mincount100_ws12_dims300,exfreundin,0.7516713738441467
genialer_noar_training_data_lower_cbow_lr0.05_epochs1_mincount100_ws12_dims300,nebenbuhlerin,0.7481628656387329
genialer_noar_training_data_lower_cbow_lr0.05_epochs1_mincount100_ws12_dims300,babysitterin,0.7424660921096802
genialer_noar_training_data_lower_cbow_lr0.05_epochs1_mincount100_ws12_dims300,haushälterin,0.7392865419387817
genialer_noar_training_data_lower_cbow_lr0.05_epochs1_mincount100_ws12_dims300,mann,0.7388142943382263
genialer_noar_training_data_lower_cbow_lr0.05_epochs1_mincount100_ws12_dims300,nachbarin,0.7370606660842896
genialer_noar_training_data_lower_cbow_lr0.05_epochs1_mincount100_ws12_dims300,rentnerin,0.729508638381958
genialer_noar_training_data_lower_cbow_lr0.05_epochs1_mincount100_ws12_dims300,kellnerin,0.7267926931381226
genialer_noar_training_data_lower_cbow_lr0.05_epochs1_mincount100_ws12_dims300,gattin,0.7250906825065613
genialer_noar_training_data_lower_cbow_lr0.05_epochs1_mincount100_ws12_dims300,kindsmörderin,0.7226056456565857
genialer_noar_training_data_lower_cbow_lr0.05_epochs1_mincount100_ws12_dims300,verehrerin,0.7223672270774841
genialer_noar_training_data_lower_cbow_lr0.05_epochs1_mincount100_ws12_dims300,lebenspartnerin,0.7200689911842346
genialer_noar_training_data_lower_cbow_lr0.05_epochs1_mincount100_ws12_dims300,mitbewohnerin,0.7148112058639526
genialer_noar_training_data_lower_cbow_lr0.05_epochs1_mincount100_ws12_dims300,partnerin,0.7131825685501099
genialer_noar_training_data_lower_cbow_lr0.05_epochs1_mincount100_ws12_dims300,perin,0.7104477286338806
genialer_noar_training_data_lower_cbow_lr0.05_epochs1_mincount100_ws12_dims300,mesnerin,0.7100681066513062
genialer_noar_training_data_lower_cbow_lr0.05_epochs1_mincount100_ws12_dims300,pensionistin,0.708797037601471
genialer_noar_training_data_lower_cbow_lr0.05_epochs1_mincount100_ws12_dims300,stiefmutter,0.7081435918807983
genialer_noar_training_data_lower_cbow_lr0.05_epochs1_mincount100_ws12_dims300,täterin,0.70753014087677
genialer_noar_training_data_lower_cbow_lr0.05_epochs1_mincount100_ws12_dims300,stalkerin,0.7058137059211731
genialer_noar_training_data_lower_cbow_lr0.05_epochs1_mincount100_ws12_dims300,freifrau,0.7020979523658752
genialer_noar_training_data_lower_cbow_lr0.05_epochs1_mincount100_ws12_dims300,räuberin,0.7014206647872925
genialer_noar_training_data_lower_cbow_lr0.05_epochs1_mincount100_ws12_dims300,taxlerin,0.697020947933197
genialer_noar_training_data_lower_cbow_lr0.05_epochs1_mincount100_ws12_dims300,alkoholikerin,0.6959567070007324
genialer_noar_training_data_lower_cbow_lr0.05_epochs1_mincount100_ws12_dims300,trauzeugin,0.6951085329055786
genialer_noar_training_data_lower_cbow_lr0.05_epochs1_mincount100_ws12_dims300,oberin,0.6943309903144836
genialer_noar_training_data_lower_cbow_lr0.05_epochs1_mincount100_ws12_dims300,zigeunerin,0.6940468549728394
genialer_noar_training_data_lower_cbow_lr0.05_epochs1_mincount100_ws12_dims300,ehegattin,0.6938218474388123
genialer_noar_training_data_lower_cbow_lr0.05_epochs1_mincount100_ws12_dims300,arzthelferin,0.6891118884086609
genialer_noar_training_data_lower_cbow_lr0.05_epochs1_mincount100_ws12_dims300,putzfrau,0.6889142394065857
genialer_noar_training_data_lower_cbow_lr0.05_epochs1_mincount100_ws12_dims300,mörderin,0.6886171102523804
genialer_noar_training_data_lower_cbow_lr0.05_epochs1_mincount100_ws12_dims300,bettlerin,0.6884161829948425
genialer_noar_training_data_lower_cbow_lr0.05_epochs1_mincount100_ws12_dims300,tullnerin,0.687058687210083
genialer_noar_training_data_lower_cbow_lr0.05_epochs1_mincount100_ws12_dims300,schwester,0.6869911551475525
genialer_noar_training_data_lower_cbow_lr0.05_epochs1_mincount100_ws12_dims300,jugendfreundin,0.6866261959075928
genialer_noar_training_data_lower_cbow_lr0.05_epochs1_mincount100_ws12_dims300,wohltäterin,0.6841723918914795
genialer_noar_training_data_lower_cbow_lr0.05_epochs1_mincount100_ws12_dims300,großmutter,0.6835008263587952
genialer_noar_training_data_lower_cbow_lr0.05_epochs1_mincount100_ws12_dims300,joggerin,0.6832807064056396
genialer_noar_training_data_lower_cbow_lr0.05_epochs1_mincount100_ws12_dims300,schwerin,0.6830127239227295
genialer_noar_training_data_lower_cbow_lr0.05_epochs1_mincount100_ws12_dims300,erin,0.6805891394615173
genialer_noar_training_data_lower_cbow_lr0.05_epochs1_mincount100_ws12_dims300,kindsmutter,0.6802871227264404
genialer_noar_training_data_lower_cbow_lr0.05_epochs1_mincount100_ws12_dims300,ersthelferin,0.6800881028175354
genialer_noar_training_data_lower_cbow_lr0.05_epochs1_mincount100_ws12_dims300,transfrau,0.678500235080719
genialer_noar_training_data_lower_cbow_lr0.05_epochs1_mincount100_ws12_dims300,puffmutter,0.6784437298774719
genialer_noar_training_data_lower_cbow_lr0.05_epochs1_mincount100_ws12_dims300,taxifahrerin,0.6755074858665466
genialer_noar_training_data_lower_cbow_lr0.05_epochs1_mincount100_ws12_dims300,gefährtin,0.6750488877296448
genialer_noar_training_data_lower_cbow_lr0.05_epochs1_mincount100_ws12_dims300,brautmutter,0.6732714176177979
genialer_noar_training_data_lower_cbow_lr0.05_epochs1_mincount100_ws12_dims300,polizistin,0.6717466711997986
genialer_noar_training_data_lower_cbow_lr0.05_epochs1_mincount100_ws12_dims300,jungmutter,0.6710140705108643
genialer_noar_training_data_lower_cbow_lr0.05_epochs1_mincount100_ws12_dims300,taxilenkerin,0.6708037853240967
genialer_noar_training_data_lower_cbow_lr0.05_epochs1_mincount100_ws12_dims300,stieftochter,0.6695173382759094
genialer_noar_training_data_lower_cbow_lr0.05_epochs1_mincount100_ws12_dims300,glyzerin,0.6694667935371399
genialer_noar_training_data_lower_cbow_lr0.05_epochs1_mincount100_ws12_dims300,wasnerin,0.6694043874740601
genialer_noar_training_data_lower_cbow_lr0.05_epochs1_mincount100_ws12_dims300,dienerin,0.669401228427887
genialer_noar_training_data_lower_cbow_lr0.05_epochs1_mincount100_ws12_dims300,teenagerin,0.6690304279327393
genialer_noar_training_data_lower_cbow_lr0.05_epochs1_mincount100_ws12_dims300,zahnarzthelferin,0.6680157780647278
genialer_noar_training_data_lower_cbow_lr0.05_epochs1_mincount100_ws12_dims300,liebhaberin,0.6676042079925537
genialer_noar_training_data_lower_cbow_lr0.05_epochs1_mincount100_ws12_dims300,urmutter,0.6664909720420837
genialer_noar_training_data_lower_cbow_lr0.05_epochs1_mincount100_ws12_dims300,tochter,0.6659286022186279
genialer_noar_training_data_lower_cbow_lr0.05_epochs1_mincount100_ws12_dims300,syrerin,0.6657225489616394
genialer_noar_training_data_lower_cbow_lr0.05_epochs1_mincount100_ws12_dims300,irakerin,0.6655991673469543
genialer_noar_training_data_lower_cbow_lr0.05_epochs1_mincount100_ws12_dims300,erzieherin,0.6645457148551941
genialer_noar_training_data_lower_cbow_lr0.05_epochs1_mincount100_ws12_dims300,ehemann,0.6625384092330933
genialer_noar_training_data_lower_cbow_lr0.05_epochs1_mincount100_ws12_dims300,geburtshelferin,0.6619027853012085
genialer_noar_training_data_lower_cbow_lr0.05_epochs1_mincount100_ws12_dims300,schwiegertochter,0.6617670655250549
genialer_noar_training_data_lower_cbow_lr0.05_epochs1_mincount100_ws12_dims300,mittvierzigerin,0.6609303951263428
genialer_noar_training_data_lower_cbow_lr0.05_epochs1_mincount100_ws12_dims300,čeferin,0.6604225635528564
genialer_noar_training_data_lower_cbow_lr0.05_epochs1_mincount100_ws12_dims300,lügnerin,0.6603682637214661
genialer_noar_training_data_lower_cbow_lr0.05_epochs1_mincount100_ws12_dims300,heimhelferin,0.6600815653800964
genialer_noar_training_data_lower_cbow_lr0.05_epochs1_mincount100_ws12_dims300,sanitäterin,0.6594986915588379
genialer_noar_training_data_lower_cbow_lr0.05_epochs1_mincount100_ws12_dims300,besitzerin,0.6593267917633057
genialer_noar_training_data_lower_cbow_lr0.05_epochs1_mincount100_ws12_dims300,hierin,0.6590807437896729
genialer_noar_training_data_lower_cbow_lr0.05_epochs1_mincount100_ws12_dims300,passantin,0.6588854193687439
genialer_noar_training_data_lower_cbow_lr0.05_epochs1_mincount100_ws12_dims300,beifahrerin,0.6587896943092346
genialer_noar_training_data_lower_cbow_lr0.05_epochs1_mincount100_ws12_dims300,haupttäterin,0.658480703830719
genialer_noar_training_data_lower_cbow_lr0.05_epochs1_mincount100_ws12_dims300,jägerin,0.6582812070846558
genialer_noar_training_data_lower_cbow_lr0.05_epochs1_mincount100_ws12_dims300,märtyrerin,0.657726526260376
genialer_noar_training_data_lower_cbow_lr0.05_epochs1_mincount100_ws12_dims300,hausbesitzerin,0.6569511890411377
genialer_noar_training_data_lower_cbow_lr0.05_epochs1_mincount100_ws12_dims300,somalierin,0.656751811504364
genialer_noar_training_data_lower_cbow_lr0.05_epochs1_mincount100_ws12_dims300,hausbewohnerin,0.6553893685340881
genialer_noar_training_data_lower_cbow_lr0.05_epochs1_mincount100_ws12_dims300,patin,0.654409646987915
genialer_noar_training_data_lower_cbow_lr0.05_epochs1_mincount100_ws12_dims300,heilerin,0.6537010073661804
genialer_noar_training_data_lower_cbow_lr0.05_epochs1_mincount100_ws12_dims300,lebensgefährte,0.6536958813667297
genialer_noar_training_data_lower_cbow_lr0.05_epochs1_mincount100_ws12_dims300,anruferin,0.653195858001709
genialer_noar_training_data_lower_cbow_lr0.05_epochs1_mincount100_ws12_dims300,steyrerin,0.6524984836578369
genialer_noar_training_data_lower_cbow_lr0.05_epochs1_mincount100_ws12_dims300,wiederin,0.6524190902709961
genialer_noar_training_data_lower_cbow_lr0.05_epochs1_mincount100_ws12_dims300,halbschwester,0.651940643787384
genialer_noar_training_data_lower_cbow_lr0.05_epochs1_mincount100_ws12_dims300,fluchthelferin,0.6518996357917786
genialer_noar_training_data_lower_cbow_lr0.05_epochs1_mincount100_ws12_dims300,mittäterin,0.651445746421814
genialer_noar_training_data_lower_cbow_lr0.05_epochs1_mincount100_ws12_dims300,schwiegermutter,0.6514347791671753
bezaubernde_jennifer_training_data_cbow_lr0.05_epochs1_mincount10_ws6_dims300,ehefrau,0.8166795969009399
bezaubernde_jennifer_training_data_cbow_lr0.05_epochs1_mincount10_ws6_dims300,frauin,0.8011500239372253
bezaubernde_jennifer_training_data_cbow_lr0.05_epochs1_mincount10_ws6_dims300,ehepartnerin,0.7849762439727783
bezaubernde_jennifer_training_data_cbow_lr0.05_epochs1_mincount10_ws6_dims300,schwägerin,0.7849208116531372
bezaubernde_jennifer_training_data_cbow_lr0.05_epochs1_mincount10_ws6_dims300,lebensgefährtin,0.7832456827163696
bezaubernde_jennifer_training_data_cbow_lr0.05_epochs1_mincount10_ws6_dims300,dienerin,0.7776010036468506
bezaubernde_jennifer_training_data_cbow_lr0.05_epochs1_mincount10_ws6_dims300,männermörderin,0.7704489231109619
bezaubernde_jennifer_training_data_cbow_lr0.05_epochs1_mincount10_ws6_dims300,ehfrau,0.7685821652412415
bezaubernde_jennifer_training_data_cbow_lr0.05_epochs1_mincount10_ws6_dims300,zuhälterin,0.7675926089286804
bezaubernde_jennifer_training_data_cbow_lr0.05_epochs1_mincount10_ws6_dims300,freundin,0.7663262486457825
bezaubernde_jennifer_training_data_cbow_lr0.05_epochs1_mincount10_ws6_dims300,nachbarin,0.7649040818214417
bezaubernde_jennifer_training_data_cbow_lr0.05_epochs1_mincount10_ws6_dims300,mutterhündin,0.7619587182998657
bezaubernde_jennifer_training_data_cbow_lr0.05_epochs1_mincount10_ws6_dims300,exfreundin,0.7600340247154236
bezaubernde_jennifer_training_data_cbow_lr0.05_epochs1_mincount10_ws6_dims300,fremdgeherin,0.7588512301445007
bezaubernde_jennifer_training_data_cbow_lr0.05_epochs1_mincount10_ws6_dims300,säuferin,0.7570590972900391
bezaubernde_jennifer_training_data_cbow_lr0.05_epochs1_mincount10_ws6_dims300,sexpartnerin,0.7555774450302124
bezaubernde_jennifer_training_data_cbow_lr0.05_epochs1_mincount10_ws6_dims300,exfrau,0.754989504814148
bezaubernde_jennifer_training_data_cbow_lr0.05_epochs1_mincount10_ws6_dims300,mutter,0.7542845010757446
bezaubernde_jennifer_training_data_cbow_lr0.05_epochs1_mincount10_ws6_dims300,gattin,0.7542098164558411
bezaubernde_jennifer_training_data_cbow_lr0.05_epochs1_mincount10_ws6_dims300,kärtnerin,0.7536749839782715
bezaubernde_jennifer_training_data_cbow_lr0.05_epochs1_mincount10_ws6_dims300,jüngerin,0.7526248693466187
bezaubernde_jennifer_training_data_cbow_lr0.05_epochs1_mincount10_ws6_dims300,haushälterin,0.7523202896118164
bezaubernde_jennifer_training_data_cbow_lr0.05_epochs1_mincount10_ws6_dims300,schwyzerin,0.7517837285995483
bezaubernde_jennifer_training_data_cbow_lr0.05_epochs1_mincount10_ws6_dims300,rentnerin,0.7482386231422424
bezaubernde_jennifer_training_data_cbow_lr0.05_epochs1_mincount10_ws6_dims300,büßerin,0.7477403879165649
bezaubernde_jennifer_training_data_cbow_lr0.05_epochs1_mincount10_ws6_dims300,triebtäterin,0.7465775609016418
bezaubernde_jennifer_training_data_cbow_lr0.05_epochs1_mincount10_ws6_dims300,nebenbuhlerin,0.7453844547271729
bezaubernde_jennifer_training_data_cbow_lr0.05_epochs1_mincount10_ws6_dims300,kellnerin,0.7452378273010254
bezaubernde_jennifer_training_data_cbow_lr0.05_epochs1_mincount10_ws6_dims300,pförtnerin,0.745156466960907
bezaubernde_jennifer_training_data_cbow_lr0.05_epochs1_mincount10_ws6_dims300,kindfrau,0.7450157999992371
bezaubernde_jennifer_training_data_cbow_lr0.05_epochs1_mincount10_ws6_dims300,pensionistin,0.7448024749755859
bezaubernde_jennifer_training_data_cbow_lr0.05_epochs1_mincount10_ws6_dims300,mitbewohnerin,0.7446413636207581
bezaubernde_jennifer_training_data_cbow_lr0.05_epochs1_mincount10_ws6_dims300,peinigerin,0.7440266013145447
bezaubernde_jennifer_training_data_cbow_lr0.05_epochs1_mincount10_ws6_dims300,perin,0.7414255738258362
bezaubernde_jennifer_training_data_cbow_lr0.05_epochs1_mincount10_ws6_dims300,leibwächterin,0.7402726411819458
bezaubernde_jennifer_training_data_cbow_lr0.05_epochs1_mincount10_ws6_dims300,stiefmutter,0.7396219372749329
bezaubernde_jennifer_training_data_cbow_lr0.05_epochs1_mincount10_ws6_dims300,babysitterin,0.7385156750679016
bezaubernde_jennifer_training_data_cbow_lr0.05_epochs1_mincount10_ws6_dims300,partnerin,0.7384122610092163
bezaubernde_jennifer_training_data_cbow_lr0.05_epochs1_mincount10_ws6_dims300,lebefrau,0.7380229830741882
bezaubernde_jennifer_training_data_cbow_lr0.05_epochs1_mincount10_ws6_dims300,eherfrau,0.7378154993057251
bezaubernde_jennifer_training_data_cbow_lr0.05_epochs1_mincount10_ws6_dims300,mobberin,0.7370588183403015
bezaubernde_jennifer_training_data_cbow_lr0.05_epochs1_mincount10_ws6_dims300,männerhasserin,0.7360225319862366
bezaubernde_jennifer_training_data_cbow_lr0.05_epochs1_mincount10_ws6_dims300,quäkerin,0.735611617565155
bezaubernde_jennifer_training_data_cbow_lr0.05_epochs1_mincount10_ws6_dims300,pyerin,0.735108494758606
bezaubernde_jennifer_training_data_cbow_lr0.05_epochs1_mincount10_ws6_dims300,henkerin,0.7346444129943848
bezaubernde_jennifer_training_data_cbow_lr0.05_epochs1_mincount10_ws6_dims300,vorfahrerin,0.7344447374343872
bezaubernde_jennifer_training_data_cbow_lr0.05_epochs1_mincount10_ws6_dims300,arztgattin,0.7326875925064087
bezaubernde_jennifer_training_data_cbow_lr0.05_epochs1_mincount10_ws6_dims300,ehegattin,0.7320557832717896
bezaubernde_jennifer_training_data_cbow_lr0.05_epochs1_mincount10_ws6_dims300,täterin,0.7314486503601074
bezaubernde_jennifer_training_data_cbow_lr0.05_epochs1_mincount10_ws6_dims300,oberin,0.7313627004623413
bezaubernde_jennifer_training_data_cbow_lr0.05_epochs1_mincount10_ws6_dims300,hausoberin,0.731182873249054
bezaubernde_jennifer_training_data_cbow_lr0.05_epochs1_mincount10_ws6_dims300,familienhelferin,0.7303963303565979
bezaubernde_jennifer_training_data_cbow_lr0.05_epochs1_mincount10_ws6_dims300,ehestifterin,0.7300465106964111
bezaubernde_jennifer_training_data_cbow_lr0.05_epochs1_mincount10_ws6_dims300,kindsmörderin,0.729893147945404
bezaubernde_jennifer_training_data_cbow_lr0.05_epochs1_mincount10_ws6_dims300,geherin,0.7292988896369934
bezaubernde_jennifer_training_data_cbow_lr0.05_epochs1_mincount10_ws6_dims300,wärterin,0.7288874983787537
bezaubernde_jennifer_training_data_cbow_lr0.05_epochs1_mincount10_ws6_dims300,verehrerin,0.7285473346710205
bezaubernde_jennifer_training_data_cbow_lr0.05_epochs1_mincount10_ws6_dims300,liebesdienerin,0.7285287976264954
bezaubernde_jennifer_training_data_cbow_lr0.05_epochs1_mincount10_ws6_dims300,lebenspartnerin,0.7283053398132324
bezaubernde_jennifer_training_data_cbow_lr0.05_epochs1_mincount10_ws6_dims300,gattenmörderin,0.7282650470733643
bezaubernde_jennifer_training_data_cbow_lr0.05_epochs1_mincount10_ws6_dims300,passantin,0.7271029353141785
bezaubernde_jennifer_training_data_cbow_lr0.05_epochs1_mincount10_ws6_dims300,räuberin,0.7258961200714111
bezaubernde_jennifer_training_data_cbow_lr0.05_epochs1_mincount10_ws6_dims300,undin,0.7242918610572815
bezaubernde_jennifer_training_data_cbow_lr0.05_epochs1_mincount10_ws6_dims300,hofbesitzerin,0.7241906523704529
bezaubernde_jennifer_training_data_cbow_lr0.05_epochs1_mincount10_ws6_dims300,küsserin,0.723945677280426
bezaubernde_jennifer_training_data_cbow_lr0.05_epochs1_mincount10_ws6_dims300,hauslehrerin,0.7232217192649841
bezaubernde_jennifer_training_data_cbow_lr0.05_epochs1_mincount10_ws6_dims300,verin,0.7230732440948486
bezaubernde_jennifer_training_data_cbow_lr0.05_epochs1_mincount10_ws6_dims300,lebensfreundin,0.722736656665802
bezaubernde_jennifer_training_data_cbow_lr0.05_epochs1_mincount10_ws6_dims300,bettlerin,0.7215366959571838
bezaubernde_jennifer_training_data_cbow_lr0.05_epochs1_mincount10_ws6_dims300,hausfrau,0.7211971282958984
bezaubernde_jennifer_training_data_cbow_lr0.05_epochs1_mincount10_ws6_dims300,stalkerin,0.7206240296363831
bezaubernde_jennifer_training_data_cbow_lr0.05_epochs1_mincount10_ws6_dims300,exkollegin,0.7202464938163757
bezaubernde_jennifer_training_data_cbow_lr0.05_epochs1_mincount10_ws6_dims300,teenagerin,0.7197061777114868
bezaubernde_jennifer_training_data_cbow_lr0.05_epochs1_mincount10_ws6_dims300,gebärerin,0.7196628451347351
bezaubernde_jennifer_training_data_cbow_lr0.05_epochs1_mincount10_ws6_dims300,schwester,0.7193131446838379
bezaubernde_jennifer_training_data_cbow_lr0.05_epochs1_mincount10_ws6_dims300,schmuserin,0.7189735174179077
bezaubernde_jennifer_training_data_cbow_lr0.05_epochs1_mincount10_ws6_dims300,freundin,0.7187460064888
bezaubernde_jennifer_training_data_cbow_lr0.05_epochs1_mincount10_ws6_dims300,berberin,0.7187262177467346
bezaubernde_jennifer_training_data_cbow_lr0.05_epochs1_mincount10_ws6_dims300,mörderin,0.7186388969421387
bezaubernde_jennifer_training_data_cbow_lr0.05_epochs1_mincount10_ws6_dims300,urfrau,0.7181757092475891
bezaubernde_jennifer_training_data_cbow_lr0.05_epochs1_mincount10_ws6_dims300,büglerin,0.7180678844451904
bezaubernde_jennifer_training_data_cbow_lr0.05_epochs1_mincount10_ws6_dims300,meßnerin,0.7177895903587341
bezaubernde_jennifer_training_data_cbow_lr0.05_epochs1_mincount10_ws6_dims300,schwesternschülerin,0.7175954580307007
bezaubernde_jennifer_training_data_cbow_lr0.05_epochs1_mincount10_ws6_dims300,hausiererin,0.7174727916717529
bezaubernde_jennifer_training_data_cbow_lr0.05_epochs1_mincount10_ws6_dims300,todeslenkerin,0.7171109914779663
bezaubernde_jennifer_training_data_cbow_lr0.05_epochs1_mincount10_ws6_dims300,taxifahrerin,0.7167341113090515
bezaubernde_jennifer_training_data_cbow_lr0.05_epochs1_mincount10_ws6_dims300,schwazerin,0.7162975072860718
bezaubernde_jennifer_training_data_cbow_lr0.05_epochs1_mincount10_ws6_dims300,perserin,0.7162317633628845
bezaubernde_jennifer_training_data_cbow_lr0.05_epochs1_mincount10_ws6_dims300,rudenerin,0.7161518931388855
bezaubernde_jennifer_training_data_cbow_lr0.05_epochs1_mincount10_ws6_dims300,expartnerin,0.7159097194671631
bezaubernde_jennifer_training_data_cbow_lr0.05_epochs1_mincount10_ws6_dims300,gutsbesitzerin,0.7156187295913696
bezaubernde_jennifer_training_data_cbow_lr0.05_epochs1_mincount10_ws6_dims300,schwerin,0.7153652906417847
bezaubernde_jennifer_training_data_cbow_lr0.05_epochs1_mincount10_ws6_dims300,kindesmörderin,0.7151919007301331
bezaubernde_jennifer_training_data_cbow_lr0.05_epochs1_mincount10_ws6_dims300,mesnerin,0.7150652408599854
bezaubernde_jennifer_training_data_cbow_lr0.05_epochs1_mincount10_ws6_dims300,wahrerin,0.7149546146392822
bezaubernde_jennifer_training_data_cbow_lr0.05_epochs1_mincount10_ws6_dims300,maegdefrau,0.7138561010360718
bezaubernde_jennifer_training_data_cbow_lr0.05_epochs1_mincount10_ws6_dims300,taxlerin,0.7132536768913269
bezaubernde_jennifer_training_data_cbow_lr0.05_epochs1_mincount10_ws6_dims300,rozerin,0.7127276659011841
bezaubernde_jennifer_training_data_cbow_lr0.05_epochs1_mincount10_ws6_dims300,vagabundin,0.7127230763435364
bezaubernde_jennifer_training_data_cbow_lr0.05_epochs1_mincount10_ws6_dims300,brautmutter,0.712713360786438
wachsamer_nikolaj_training_data_cbow_lr0.05_epochs1_mincount100_ws5_dims300,ehefrau,0.8168150782585144
wachsamer_nikolaj_training_data_cbow_lr0.05_epochs1_mincount100_ws5_dims300,schwägerin,0.799971878528595
wachsamer_nikolaj_training_data_cbow_lr0.05_epochs1_mincount100_ws5_dims300,lebensgefährtin,0.7958325743675232
wachsamer_nikolaj_training_data_cbow_lr0.05_epochs1_mincount100_ws5_dims300,ehepartnerin,0.7846959829330444
wachsamer_nikolaj_training_data_cbow_lr0.05_epochs1_mincount100_ws5_dims300,freundin,0.7714792490005493
wachsamer_nikolaj_training_data_cbow_lr0.05_epochs1_mincount100_ws5_dims300,dienerin,0.7712366580963135
wachsamer_nikolaj_training_data_cbow_lr0.05_epochs1_mincount100_ws5_dims300,exfreundin,0.769470751285553
wachsamer_nikolaj_training_data_cbow_lr0.05_epochs1_mincount100_ws5_dims300,nachbarin,0.7667249441146851
wachsamer_nikolaj_training_data_cbow_lr0.05_epochs1_mincount100_ws5_dims300,mutter,0.7666833996772766
wachsamer_nikolaj_training_data_cbow_lr0.05_epochs1_mincount100_ws5_dims300,gattin,0.7555564641952515
wachsamer_nikolaj_training_data_cbow_lr0.05_epochs1_mincount100_ws5_dims300,exfrau,0.7554691433906555
wachsamer_nikolaj_training_data_cbow_lr0.05_epochs1_mincount100_ws5_dims300,mitbewohnerin,0.7518022060394287
wachsamer_nikolaj_training_data_cbow_lr0.05_epochs1_mincount100_ws5_dims300,haushälterin,0.7515280246734619
wachsamer_nikolaj_training_data_cbow_lr0.05_epochs1_mincount100_ws5_dims300,rentnerin,0.7451812028884888
wachsamer_nikolaj_training_data_cbow_lr0.05_epochs1_mincount100_ws5_dims300,kellnerin,0.7398814558982849
wachsamer_nikolaj_training_data_cbow_lr0.05_epochs1_mincount100_ws5_dims300,pensionistin,0.7379719018936157
wachsamer_nikolaj_training_data_cbow_lr0.05_epochs1_mincount100_ws5_dims300,babysitterin,0.7378244996070862
wachsamer_nikolaj_training_data_cbow_lr0.05_epochs1_mincount100_ws5_dims300,lebenspartnerin,0.7364265322685242
wachsamer_nikolaj_training_data_cbow_lr0.05_epochs1_mincount100_ws5_dims300,perin,0.7349296808242798
wachsamer_nikolaj_training_data_cbow_lr0.05_epochs1_mincount100_ws5_dims300,räuberin,0.7338076829910278
wachsamer_nikolaj_training_data_cbow_lr0.05_epochs1_mincount100_ws5_dims300,nebenbuhlerin,0.7311205267906189
wachsamer_nikolaj_training_data_cbow_lr0.05_epochs1_mincount100_ws5_dims300,partnerin,0.7304005026817322
wachsamer_nikolaj_training_data_cbow_lr0.05_epochs1_mincount100_ws5_dims300,stiefmutter,0.7301807403564453
wachsamer_nikolaj_training_data_cbow_lr0.05_epochs1_mincount100_ws5_dims300,verehrerin,0.7289422154426575
wachsamer_nikolaj_training_data_cbow_lr0.05_epochs1_mincount100_ws5_dims300,taxifahrerin,0.7287706136703491
wachsamer_nikolaj_training_data_cbow_lr0.05_epochs1_mincount100_ws5_dims300,kindsmörderin,0.7267716526985168
wachsamer_nikolaj_training_data_cbow_lr0.05_epochs1_mincount100_ws5_dims300,mesnerin,0.7266975045204163
wachsamer_nikolaj_training_data_cbow_lr0.05_epochs1_mincount100_ws5_dims300,täterin,0.7258729934692383
wachsamer_nikolaj_training_data_cbow_lr0.05_epochs1_mincount100_ws5_dims300,halterin,0.7256855368614197
wachsamer_nikolaj_training_data_cbow_lr0.05_epochs1_mincount100_ws5_dims300,wärterin,0.7255886197090149
wachsamer_nikolaj_training_data_cbow_lr0.05_epochs1_mincount100_ws5_dims300,großmutter,0.7225905656814575
wachsamer_nikolaj_training_data_cbow_lr0.05_epochs1_mincount100_ws5_dims300,zigeunerin,0.721653938293457
wachsamer_nikolaj_training_data_cbow_lr0.05_epochs1_mincount100_ws5_dims300,oberin,0.7216367721557617
wachsamer_nikolaj_training_data_cbow_lr0.05_epochs1_mincount100_ws5_dims300,schwester,0.7212327718734741
wachsamer_nikolaj_training_data_cbow_lr0.05_epochs1_mincount100_ws5_dims300,jugendfreundin,0.7201345562934875
wachsamer_nikolaj_training_data_cbow_lr0.05_epochs1_mincount100_ws5_dims300,kollegin,0.7181669473648071
wachsamer_nikolaj_training_data_cbow_lr0.05_epochs1_mincount100_ws5_dims300,bettlerin,0.71788489818573
wachsamer_nikolaj_training_data_cbow_lr0.05_epochs1_mincount100_ws5_dims300,passantin,0.7165876030921936
wachsamer_nikolaj_training_data_cbow_lr0.05_epochs1_mincount100_ws5_dims300,mörderin,0.7143725156784058
wachsamer_nikolaj_training_data_cbow_lr0.05_epochs1_mincount100_ws5_dims300,schwerin,0.7137757539749146
wachsamer_nikolaj_training_data_cbow_lr0.05_epochs1_mincount100_ws5_dims300,stalkerin,0.7137296795845032
wachsamer_nikolaj_training_data_cbow_lr0.05_epochs1_mincount100_ws5_dims300,polizistin,0.7124677300453186
wachsamer_nikolaj_training_data_cbow_lr0.05_epochs1_mincount100_ws5_dims300,ehegattin,0.7121003270149231
wachsamer_nikolaj_training_data_cbow_lr0.05_epochs1_mincount100_ws5_dims300,arzthelferin,0.7119291424751282
wachsamer_nikolaj_training_data_cbow_lr0.05_epochs1_mincount100_ws5_dims300,somalierin,0.7102652788162231
wachsamer_nikolaj_training_data_cbow_lr0.05_epochs1_mincount100_ws5_dims300,taxlerin,0.7095240950584412
wachsamer_nikolaj_training_data_cbow_lr0.05_epochs1_mincount100_ws5_dims300,stieftochter,0.707747757434845
wachsamer_nikolaj_training_data_cbow_lr0.05_epochs1_mincount100_ws5_dims300,begleiterin,0.7074968814849854
wachsamer_nikolaj_training_data_cbow_lr0.05_epochs1_mincount100_ws5_dims300,mann,0.7074534893035889
wachsamer_nikolaj_training_data_cbow_lr0.05_epochs1_mincount100_ws5_dims300,ehebrecherin,0.7056095004081726
wachsamer_nikolaj_training_data_cbow_lr0.05_epochs1_mincount100_ws5_dims300,irakerin,0.7053630352020264
wachsamer_nikolaj_training_data_cbow_lr0.05_epochs1_mincount100_ws5_dims300,teenagerin,0.7053440809249878
wachsamer_nikolaj_training_data_cbow_lr0.05_epochs1_mincount100_ws5_dims300,kindsmutter,0.705242395401001
wachsamer_nikolaj_training_data_cbow_lr0.05_epochs1_mincount100_ws5_dims300,taxilenkerin,0.7048095464706421
wachsamer_nikolaj_training_data_cbow_lr0.05_epochs1_mincount100_ws5_dims300,zahnarzthelferin,0.7040625810623169
wachsamer_nikolaj_training_data_cbow_lr0.05_epochs1_mincount100_ws5_dims300,mitschülerin,0.7039195895195007
wachsamer_nikolaj_training_data_cbow_lr0.05_epochs1_mincount100_ws5_dims300,syrerin,0.7024535536766052
wachsamer_nikolaj_training_data_cbow_lr0.05_epochs1_mincount100_ws5_dims300,joggerin,0.7022297382354736
wachsamer_nikolaj_training_data_cbow_lr0.05_epochs1_mincount100_ws5_dims300,busfahrerin,0.7010568976402283
wachsamer_nikolaj_training_data_cbow_lr0.05_epochs1_mincount100_ws5_dims300,gefährtin,0.7008024454116821
wachsamer_nikolaj_training_data_cbow_lr0.05_epochs1_mincount100_ws5_dims300,schulfreundin,0.7006377577781677
wachsamer_nikolaj_training_data_cbow_lr0.05_epochs1_mincount100_ws5_dims300,ersthelferin,0.700002908706665
wachsamer_nikolaj_training_data_cbow_lr0.05_epochs1_mincount100_ws5_dims300,hausfrau,0.6991413235664368
wachsamer_nikolaj_training_data_cbow_lr0.05_epochs1_mincount100_ws5_dims300,hausbesitzerin,0.698479175567627
wachsamer_nikolaj_training_data_cbow_lr0.05_epochs1_mincount100_ws5_dims300,bankräuberin,0.6978261470794678
wachsamer_nikolaj_training_data_cbow_lr0.05_epochs1_mincount100_ws5_dims300,hausbewohnerin,0.6976600885391235
wachsamer_nikolaj_training_data_cbow_lr0.05_epochs1_mincount100_ws5_dims300,stiefschwester,0.6972854733467102
wachsamer_nikolaj_training_data_cbow_lr0.05_epochs1_mincount100_ws5_dims300,geburtshelferin,0.6965190768241882
wachsamer_nikolaj_training_data_cbow_lr0.05_epochs1_mincount100_ws5_dims300,alkoholikerin,0.6962946653366089
wachsamer_nikolaj_training_data_cbow_lr0.05_epochs1_mincount100_ws5_dims300,vorbesitzerin,0.6962120532989502
wachsamer_nikolaj_training_data_cbow_lr0.05_epochs1_mincount100_ws5_dims300,beifahrerin,0.6961356997489929
wachsamer_nikolaj_training_data_cbow_lr0.05_epochs1_mincount100_ws5_dims300,steyrerin,0.695030152797699
wachsamer_nikolaj_training_data_cbow_lr0.05_epochs1_mincount100_ws5_dims300,schwiegermutter,0.694727897644043
wachsamer_nikolaj_training_data_cbow_lr0.05_epochs1_mincount100_ws5_dims300,mittäterin,0.6945943832397461
wachsamer_nikolaj_training_data_cbow_lr0.05_epochs1_mincount100_ws5_dims300,brautmutter,0.6939873099327087
wachsamer_nikolaj_training_data_cbow_lr0.05_epochs1_mincount100_ws5_dims300,haupttäterin,0.6936246752738953
wachsamer_nikolaj_training_data_cbow_lr0.05_epochs1_mincount100_ws5_dims300,glyzerin,0.6935582160949707
wachsamer_nikolaj_training_data_cbow_lr0.05_epochs1_mincount100_ws5_dims300,katzenbesitzerin,0.6929915547370911
wachsamer_nikolaj_training_data_cbow_lr0.05_epochs1_mincount100_ws5_dims300,sanitäterin,0.6920420527458191
wachsamer_nikolaj_training_data_cbow_lr0.05_epochs1_mincount100_ws5_dims300,halbschwester,0.69110506772995
wachsamer_nikolaj_training_data_cbow_lr0.05_epochs1_mincount100_ws5_dims300,schifahrerin,0.6908844709396362
wachsamer_nikolaj_training_data_cbow_lr0.05_epochs1_mincount100_ws5_dims300,lehrerin,0.6902484893798828
wachsamer_nikolaj_training_data_cbow_lr0.05_epochs1_mincount100_ws5_dims300,erzieherin,0.6890121102333069
wachsamer_nikolaj_training_data_cbow_lr0.05_epochs1_mincount100_ws5_dims300,schaffnerin,0.6889768838882446
wachsamer_nikolaj_training_data_cbow_lr0.05_epochs1_mincount100_ws5_dims300,klientin,0.6887633800506592
wachsamer_nikolaj_training_data_cbow_lr0.05_epochs1_mincount100_ws5_dims300,tullnerin,0.6885859370231628
wachsamer_nikolaj_training_data_cbow_lr0.05_epochs1_mincount100_ws5_dims300,chauffeurin,0.6873645782470703
wachsamer_nikolaj_training_data_cbow_lr0.05_epochs1_mincount100_ws5_dims300,lokalbesitzerin,0.6867926716804504
wachsamer_nikolaj_training_data_cbow_lr0.05_epochs1_mincount100_ws5_dims300,puffmutter,0.6863130331039429
wachsamer_nikolaj_training_data_cbow_lr0.05_epochs1_mincount100_ws5_dims300,fluchthelferin,0.6859717965126038
wachsamer_nikolaj_training_data_cbow_lr0.05_epochs1_mincount100_ws5_dims300,mitfahrerin,0.6850458383560181
wachsamer_nikolaj_training_data_cbow_lr0.05_epochs1_mincount100_ws5_dims300,heimhelferin,0.6850281357765198
wachsamer_nikolaj_training_data_cbow_lr0.05_epochs1_mincount100_ws5_dims300,mädelleiterin,0.684353768825531
wachsamer_nikolaj_training_data_cbow_lr0.05_epochs1_mincount100_ws5_dims300,liebhaberin,0.6840730309486389
wachsamer_nikolaj_training_data_cbow_lr0.05_epochs1_mincount100_ws5_dims300,buslenkerin,0.683612585067749
wachsamer_nikolaj_training_data_cbow_lr0.05_epochs1_mincount100_ws5_dims300,wienerin,0.6830978393554688
wachsamer_nikolaj_training_data_cbow_lr0.05_epochs1_mincount100_ws5_dims300,näherin,0.6827338933944702
wachsamer_nikolaj_training_data_cbow_lr0.05_epochs1_mincount100_ws5_dims300,wohltäterin,0.6823208928108215
wachsamer_nikolaj_training_data_cbow_lr0.05_epochs1_mincount100_ws5_dims300,barfrau,0.6821074485778809
wachsamer_nikolaj_training_data_cbow_lr0.05_epochs1_mincount100_ws5_dims300,leobnerin,0.6808615326881409
entzückende_veronica_training_data_cbow_lr0.05_epochs1_mincount10_ws24_dims300,frauin,0.8111048936843872
entzückende_veronica_training_data_cbow_lr0.05_epochs1_mincount10_ws24_dims300,ehefrau,0.7817209362983704
entzückende_veronica_training_data_cbow_lr0.05_epochs1_mincount10_ws24_dims300,lebensgefährtin,0.758028507232666
entzückende_veronica_training_data_cbow_lr0.05_epochs1_mincount10_ws24_dims300,ehfrau,0.7574360370635986
entzückende_veronica_training_data_cbow_lr0.05_epochs1_mincount10_ws24_dims300,männermörderin,0.7491679787635803
entzückende_veronica_training_data_cbow_lr0.05_epochs1_mincount10_ws24_dims300,dienerin,0.7463682293891907
entzückende_veronica_training_data_cbow_lr0.05_epochs1_mincount10_ws24_dims300,ehepartnerin,0.7432315349578857
entzückende_veronica_training_data_cbow_lr0.05_epochs1_mincount10_ws24_dims300,schwägerin,0.7407578825950623
entzückende_veronica_training_data_cbow_lr0.05_epochs1_mincount10_ws24_dims300,eherfrau,0.7349526882171631
entzückende_veronica_training_data_cbow_lr0.05_epochs1_mincount10_ws24_dims300,fremdgeherin,0.7294579744338989
entzückende_veronica_training_data_cbow_lr0.05_epochs1_mincount10_ws24_dims300,mutter,0.7272149324417114
entzückende_veronica_training_data_cbow_lr0.05_epochs1_mincount10_ws24_dims300,zuhälterin,0.7265352010726929
entzückende_veronica_training_data_cbow_lr0.05_epochs1_mincount10_ws24_dims300,kindfrau,0.7208847999572754
entzückende_veronica_training_data_cbow_lr0.05_epochs1_mincount10_ws24_dims300,männerhasserin,0.7196931838989258
entzückende_veronica_training_data_cbow_lr0.05_epochs1_mincount10_ws24_dims300,ehestifterin,0.7191869616508484
entzückende_veronica_training_data_cbow_lr0.05_epochs1_mincount10_ws24_dims300,haushälterin,0.7189232110977173
entzückende_veronica_training_data_cbow_lr0.05_epochs1_mincount10_ws24_dims300,triebtäterin,0.7120349407196045
entzückende_veronica_training_data_cbow_lr0.05_epochs1_mincount10_ws24_dims300,hausoberin,0.7087807059288025
entzückende_veronica_training_data_cbow_lr0.05_epochs1_mincount10_ws24_dims300,exfrau,0.7069404125213623
entzückende_veronica_training_data_cbow_lr0.05_epochs1_mincount10_ws24_dims300,nachbarin,0.706097424030304
entzückende_veronica_training_data_cbow_lr0.05_epochs1_mincount10_ws24_dims300,liebesdienerin,0.7053675055503845
entzückende_veronica_training_data_cbow_lr0.05_epochs1_mincount10_ws24_dims300,schwyzerin,0.7052248120307922
entzückende_veronica_training_data_cbow_lr0.05_epochs1_mincount10_ws24_dims300,peinigerin,0.7044299244880676
entzückende_veronica_training_data_cbow_lr0.05_epochs1_mincount10_ws24_dims300,gebärerin,0.7037318348884583
entzückende_veronica_training_data_cbow_lr0.05_epochs1_mincount10_ws24_dims300,büßerin,0.702370285987854
entzückende_veronica_training_data_cbow_lr0.05_epochs1_mincount10_ws24_dims300,lebefrau,0.7022679448127747
entzückende_veronica_training_data_cbow_lr0.05_epochs1_mincount10_ws24_dims300,verin,0.7021446228027344
entzückende_veronica_training_data_cbow_lr0.05_epochs1_mincount10_ws24_dims300,pförtnerin,0.7021406292915344
entzückende_veronica_training_data_cbow_lr0.05_epochs1_mincount10_ws24_dims300,mutterhündin,0.7014935612678528
entzückende_veronica_training_data_cbow_lr0.05_epochs1_mincount10_ws24_dims300,mann,0.7007498145103455
entzückende_veronica_training_data_cbow_lr0.05_epochs1_mincount10_ws24_dims300,lebensfreundin,0.7005908489227295
entzückende_veronica_training_data_cbow_lr0.05_epochs1_mincount10_ws24_dims300,oberin,0.6996907591819763
entzückende_veronica_training_data_cbow_lr0.05_epochs1_mincount10_ws24_dims300,quäkerin,0.6989508867263794
entzückende_veronica_training_data_cbow_lr0.05_epochs1_mincount10_ws24_dims300,tatin,0.6982756853103638
entzückende_veronica_training_data_cbow_lr0.05_epochs1_mincount10_ws24_dims300,maegdefrau,0.6978317499160767
entzückende_veronica_training_data_cbow_lr0.05_epochs1_mincount10_ws24_dims300,freundin,0.6974070072174072
entzückende_veronica_training_data_cbow_lr0.05_epochs1_mincount10_ws24_dims300,lebenspartnerin,0.6973877549171448
entzückende_veronica_training_data_cbow_lr0.05_epochs1_mincount10_ws24_dims300,muttergöttin,0.696247398853302
entzückende_veronica_training_data_cbow_lr0.05_epochs1_mincount10_ws24_dims300,verehrerin,0.6959844827651978
entzückende_veronica_training_data_cbow_lr0.05_epochs1_mincount10_ws24_dims300,wahrerin,0.6950746178627014
entzückende_veronica_training_data_cbow_lr0.05_epochs1_mincount10_ws24_dims300,täterin,0.6944152116775513
entzückende_veronica_training_data_cbow_lr0.05_epochs1_mincount10_ws24_dims300,gerin,0.6935092210769653
entzückende_veronica_training_data_cbow_lr0.05_epochs1_mincount10_ws24_dims300,familienhelferin,0.6930338740348816
entzückende_veronica_training_data_cbow_lr0.05_epochs1_mincount10_ws24_dims300,exfreundin,0.6921945214271545
entzückende_veronica_training_data_cbow_lr0.05_epochs1_mincount10_ws24_dims300,kellnerin,0.6900264620780945
entzückende_veronica_training_data_cbow_lr0.05_epochs1_mincount10_ws24_dims300,leibwächterin,0.6893652677536011
entzückende_veronica_training_data_cbow_lr0.05_epochs1_mincount10_ws24_dims300,undin,0.6886974573135376
entzückende_veronica_training_data_cbow_lr0.05_epochs1_mincount10_ws24_dims300,schmuserin,0.6879693865776062
entzückende_veronica_training_data_cbow_lr0.05_epochs1_mincount10_ws24_dims300,perin,0.6878042221069336
entzückende_veronica_training_data_cbow_lr0.05_epochs1_mincount10_ws24_dims300,säuferin,0.687529444694519
entzückende_veronica_training_data_cbow_lr0.05_epochs1_mincount10_ws24_dims300,hausfrau,0.6875153183937073
entzückende_veronica_training_data_cbow_lr0.05_epochs1_mincount10_ws24_dims300,sexpartnerin,0.6874435544013977
entzückende_veronica_training_data_cbow_lr0.05_epochs1_mincount10_ws24_dims300,pyerin,0.6872979998588562
entzückende_veronica_training_data_cbow_lr0.05_epochs1_mincount10_ws24_dims300,kümmerin,0.6866104602813721
entzückende_veronica_training_data_cbow_lr0.05_epochs1_mincount10_ws24_dims300,babysitterin,0.6861371397972107
entzückende_veronica_training_data_cbow_lr0.05_epochs1_mincount10_ws24_dims300,nebenbuhlerin,0.6852777600288391
entzückende_veronica_training_data_cbow_lr0.05_epochs1_mincount10_ws24_dims300,büglerin,0.6850307583808899
entzückende_veronica_training_data_cbow_lr0.05_epochs1_mincount10_ws24_dims300,partnerin,0.6849971413612366
entzückende_veronica_training_data_cbow_lr0.05_epochs1_mincount10_ws24_dims300,lebensfrau,0.6840129494667053
entzückende_veronica_training_data_cbow_lr0.05_epochs1_mincount10_ws24_dims300,räuberin,0.6837121248245239
entzückende_veronica_training_data_cbow_lr0.05_epochs1_mincount10_ws24_dims300,stiefmutter,0.6830058693885803
entzückende_veronica_training_data_cbow_lr0.05_epochs1_mincount10_ws24_dims300,liebhaberin,0.6815758347511292
entzückende_veronica_training_data_cbow_lr0.05_epochs1_mincount10_ws24_dims300,hauslehrerin,0.6813228726387024
entzückende_veronica_training_data_cbow_lr0.05_epochs1_mincount10_ws24_dims300,küsserin,0.6811659336090088
entzückende_veronica_training_data_cbow_lr0.05_epochs1_mincount10_ws24_dims300,henkerin,0.6809500455856323
entzückende_veronica_training_data_cbow_lr0.05_epochs1_mincount10_ws24_dims300,halterin,0.6808762550354004
entzückende_veronica_training_data_cbow_lr0.05_epochs1_mincount10_ws24_dims300,geberin,0.6801636815071106
entzückende_veronica_training_data_cbow_lr0.05_epochs1_mincount10_ws24_dims300,mobberin,0.6799286007881165
entzückende_veronica_training_data_cbow_lr0.05_epochs1_mincount10_ws24_dims300,kerin,0.6794664263725281
entzückende_veronica_training_data_cbow_lr0.05_epochs1_mincount10_ws24_dims300,kärtnerin,0.6776677966117859
entzückende_veronica_training_data_cbow_lr0.05_epochs1_mincount10_ws24_dims300,perserin,0.6770281195640564
entzückende_veronica_training_data_cbow_lr0.05_epochs1_mincount10_ws24_dims300,anglerin,0.676612138748169
entzückende_veronica_training_data_cbow_lr0.05_epochs1_mincount10_ws24_dims300,rozerin,0.676171064376831
entzückende_veronica_training_data_cbow_lr0.05_epochs1_mincount10_ws24_dims300,frauensteinerin,0.6760036945343018
entzückende_veronica_training_data_cbow_lr0.05_epochs1_mincount10_ws24_dims300,ehebrecherin,0.6753755807876587
entzückende_veronica_training_data_cbow_lr0.05_epochs1_mincount10_ws24_dims300,wärterin,0.6753007173538208
entzückende_veronica_training_data_cbow_lr0.05_epochs1_mincount10_ws24_dims300,mesnerin,0.6750429272651672
entzückende_veronica_training_data_cbow_lr0.05_epochs1_mincount10_ws24_dims300,meßnerin,0.6745485663414001
entzückende_veronica_training_data_cbow_lr0.05_epochs1_mincount10_ws24_dims300,schwerin,0.6741719245910645
entzückende_veronica_training_data_cbow_lr0.05_epochs1_mincount10_ws24_dims300,jüngerin,0.6741242408752441
entzückende_veronica_training_data_cbow_lr0.05_epochs1_mincount10_ws24_dims300,unkenerin,0.6734766364097595
entzückende_veronica_training_data_cbow_lr0.05_epochs1_mincount10_ws24_dims300,vorfahrerin,0.6731656789779663
entzückende_veronica_training_data_cbow_lr0.05_epochs1_mincount10_ws24_dims300,begleitlehrerin,0.6713617444038391
entzückende_veronica_training_data_cbow_lr0.05_epochs1_mincount10_ws24_dims300,hofbesitzerin,0.6713406443595886
entzückende_veronica_training_data_cbow_lr0.05_epochs1_mincount10_ws24_dims300,kindsmörderin,0.6713224053382874
entzückende_veronica_training_data_cbow_lr0.05_epochs1_mincount10_ws24_dims300,ehegattin,0.6711854338645935
entzückende_veronica_training_data_cbow_lr0.05_epochs1_mincount10_ws24_dims300,ehefrauen,0.6710991859436035
entzückende_veronica_training_data_cbow_lr0.05_epochs1_mincount10_ws24_dims300,urfrau,0.6704035997390747
entzückende_veronica_training_data_cbow_lr0.05_epochs1_mincount10_ws24_dims300,gottesgebärerin,0.670009195804596
entzückende_veronica_training_data_cbow_lr0.05_epochs1_mincount10_ws24_dims300,stalkerin,0.6696578860282898
entzückende_veronica_training_data_cbow_lr0.05_epochs1_mincount10_ws24_dims300,hausiererin,0.6690719723701477
entzückende_veronica_training_data_cbow_lr0.05_epochs1_mincount10_ws24_dims300,mutter,0.6688367128372192
entzückende_veronica_training_data_cbow_lr0.05_epochs1_mincount10_ws24_dims300,ketzerin,0.6682979464530945
entzückende_veronica_training_data_cbow_lr0.05_epochs1_mincount10_ws24_dims300,treugeberin,0.6682485938072205
entzückende_veronica_training_data_cbow_lr0.05_epochs1_mincount10_ws24_dims300,mitbewohnerin,0.668132483959198
entzückende_veronica_training_data_cbow_lr0.05_epochs1_mincount10_ws24_dims300,exkollegin,0.6680914163589478
entzückende_veronica_training_data_cbow_lr0.05_epochs1_mincount10_ws24_dims300,herin,0.6680017709732056
entzückende_veronica_training_data_cbow_lr0.05_epochs1_mincount10_ws24_dims300,gattin,0.6674485802650452
entzückende_veronica_training_data_cbow_lr0.05_epochs1_mincount10_ws24_dims300,aerin,0.6671221852302551
entzückende_veronica_training_data_cbow_lr0.05_epochs1_mincount10_ws24_dims300,pensionistin,0.6667947173118591
angeregter_lucca_training_data_lower_cbow_lr0.05_epochs1_mincount100_ws5_dims300,exfrau,0.8369148969650269
angeregter_lucca_training_data_lower_cbow_lr0.05_epochs1_mincount100_ws5_dims300,ehefrau,0.8334590196609497
angeregter_lucca_training_data_lower_cbow_lr0.05_epochs1_mincount100_ws5_dims300,lebensgefährtin,0.8010062575340271
angeregter_lucca_training_data_lower_cbow_lr0.05_epochs1_mincount100_ws5_dims300,schwägerin,0.7915135622024536
angeregter_lucca_training_data_lower_cbow_lr0.05_epochs1_mincount100_ws5_dims300,barfrau,0.7825501561164856
angeregter_lucca_training_data_lower_cbow_lr0.05_epochs1_mincount100_ws5_dims300,exfreundin,0.773684561252594
angeregter_lucca_training_data_lower_cbow_lr0.05_epochs1_mincount100_ws5_dims300,ehepartnerin,0.7703261971473694
angeregter_lucca_training_data_lower_cbow_lr0.05_epochs1_mincount100_ws5_dims300,freundin,0.7701981663703918
angeregter_lucca_training_data_lower_cbow_lr0.05_epochs1_mincount100_ws5_dims300,mutter,0.7631305456161499
angeregter_lucca_training_data_lower_cbow_lr0.05_epochs1_mincount100_ws5_dims300,ahnfrau,0.7630156874656677
angeregter_lucca_training_data_lower_cbow_lr0.05_epochs1_mincount100_ws5_dims300,nachbarin,0.7517101168632507
angeregter_lucca_training_data_lower_cbow_lr0.05_epochs1_mincount100_ws5_dims300,hausfrau,0.7506574988365173
angeregter_lucca_training_data_lower_cbow_lr0.05_epochs1_mincount100_ws5_dims300,haushälterin,0.7459698915481567
angeregter_lucca_training_data_lower_cbow_lr0.05_epochs1_mincount100_ws5_dims300,kellnerin,0.7457974553108215
angeregter_lucca_training_data_lower_cbow_lr0.05_epochs1_mincount100_ws5_dims300,pensionistin,0.7455301880836487
angeregter_lucca_training_data_lower_cbow_lr0.05_epochs1_mincount100_ws5_dims300,babysitterin,0.7454347014427185
angeregter_lucca_training_data_lower_cbow_lr0.05_epochs1_mincount100_ws5_dims300,kindsmörderin,0.7444415092468262
angeregter_lucca_training_data_lower_cbow_lr0.05_epochs1_mincount100_ws5_dims300,stiefmutter,0.7415274977684021
angeregter_lucca_training_data_lower_cbow_lr0.05_epochs1_mincount100_ws5_dims300,gattin,0.7402693033218384
angeregter_lucca_training_data_lower_cbow_lr0.05_epochs1_mincount100_ws5_dims300,nebenbuhlerin,0.7399060726165771
angeregter_lucca_training_data_lower_cbow_lr0.05_epochs1_mincount100_ws5_dims300,lebenspartnerin,0.736421525478363
angeregter_lucca_training_data_lower_cbow_lr0.05_epochs1_mincount100_ws5_dims300,mitbewohnerin,0.7356020212173462
angeregter_lucca_training_data_lower_cbow_lr0.05_epochs1_mincount100_ws5_dims300,rentnerin,0.7313767671585083
angeregter_lucca_training_data_lower_cbow_lr0.05_epochs1_mincount100_ws5_dims300,partnerin,0.7299743890762329
angeregter_lucca_training_data_lower_cbow_lr0.05_epochs1_mincount100_ws5_dims300,täterin,0.7267256379127502
angeregter_lucca_training_data_lower_cbow_lr0.05_epochs1_mincount100_ws5_dims300,ehegattin,0.7242684960365295
angeregter_lucca_training_data_lower_cbow_lr0.05_epochs1_mincount100_ws5_dims300,verehrerin,0.7196709513664246
angeregter_lucca_training_data_lower_cbow_lr0.05_epochs1_mincount100_ws5_dims300,jugendfreundin,0.7181442975997925
angeregter_lucca_training_data_lower_cbow_lr0.05_epochs1_mincount100_ws5_dims300,perin,0.7181187868118286
angeregter_lucca_training_data_lower_cbow_lr0.05_epochs1_mincount100_ws5_dims300,räuberin,0.7168766856193542
angeregter_lucca_training_data_lower_cbow_lr0.05_epochs1_mincount100_ws5_dims300,großmutter,0.7150213122367859
angeregter_lucca_training_data_lower_cbow_lr0.05_epochs1_mincount100_ws5_dims300,schwester,0.714593768119812
angeregter_lucca_training_data_lower_cbow_lr0.05_epochs1_mincount100_ws5_dims300,mesnerin,0.7103186249732971
angeregter_lucca_training_data_lower_cbow_lr0.05_epochs1_mincount100_ws5_dims300,stalkerin,0.7089581489562988
angeregter_lucca_training_data_lower_cbow_lr0.05_epochs1_mincount100_ws5_dims300,taxlerin,0.7087948322296143
angeregter_lucca_training_data_lower_cbow_lr0.05_epochs1_mincount100_ws5_dims300,kindsmutter,0.7084921598434448
angeregter_lucca_training_data_lower_cbow_lr0.05_epochs1_mincount100_ws5_dims300,brautmutter,0.7083301544189453
angeregter_lucca_training_data_lower_cbow_lr0.05_epochs1_mincount100_ws5_dims300,putzfrau,0.7066850066184998
angeregter_lucca_training_data_lower_cbow_lr0.05_epochs1_mincount100_ws5_dims300,alkoholikerin,0.7066552639007568
angeregter_lucca_training_data_lower_cbow_lr0.05_epochs1_mincount100_ws5_dims300,syrerin,0.705694317817688
angeregter_lucca_training_data_lower_cbow_lr0.05_epochs1_mincount100_ws5_dims300,teenagerin,0.705559492111206
angeregter_lucca_training_data_lower_cbow_lr0.05_epochs1_mincount100_ws5_dims300,mörderin,0.7040757536888123
angeregter_lucca_training_data_lower_cbow_lr0.05_epochs1_mincount100_ws5_dims300,taxilenkerin,0.7026880383491516
angeregter_lucca_training_data_lower_cbow_lr0.05_epochs1_mincount100_ws5_dims300,mann,0.7016665935516357
angeregter_lucca_training_data_lower_cbow_lr0.05_epochs1_mincount100_ws5_dims300,joggerin,0.7008534669876099
angeregter_lucca_training_data_lower_cbow_lr0.05_epochs1_mincount100_ws5_dims300,freifrau,0.7002249360084534
angeregter_lucca_training_data_lower_cbow_lr0.05_epochs1_mincount100_ws5_dims300,schwiegermutter,0.699472188949585
angeregter_lucca_training_data_lower_cbow_lr0.05_epochs1_mincount100_ws5_dims300,ersthelferin,0.6990723609924316
angeregter_lucca_training_data_lower_cbow_lr0.05_epochs1_mincount100_ws5_dims300,schwerin,0.698478639125824
angeregter_lucca_training_data_lower_cbow_lr0.05_epochs1_mincount100_ws5_dims300,wohltäterin,0.6978538632392883
angeregter_lucca_training_data_lower_cbow_lr0.05_epochs1_mincount100_ws5_dims300,mitschülerin,0.6976107954978943
angeregter_lucca_training_data_lower_cbow_lr0.05_epochs1_mincount100_ws5_dims300,taxifahrerin,0.697351336479187
angeregter_lucca_training_data_lower_cbow_lr0.05_epochs1_mincount100_ws5_dims300,bettlerin,0.6972775459289551
angeregter_lucca_training_data_lower_cbow_lr0.05_epochs1_mincount100_ws5_dims300,tullnerin,0.6953002214431763
angeregter_lucca_training_data_lower_cbow_lr0.05_epochs1_mincount100_ws5_dims300,geburtshelferin,0.6942619681358337
angeregter_lucca_training_data_lower_cbow_lr0.05_epochs1_mincount100_ws5_dims300,puffmutter,0.694193422794342
angeregter_lucca_training_data_lower_cbow_lr0.05_epochs1_mincount100_ws5_dims300,oberin,0.6934295296669006
angeregter_lucca_training_data_lower_cbow_lr0.05_epochs1_mincount100_ws5_dims300,kollegin,0.6928092837333679
angeregter_lucca_training_data_lower_cbow_lr0.05_epochs1_mincount100_ws5_dims300,polizistin,0.6927164196968079
angeregter_lucca_training_data_lower_cbow_lr0.05_epochs1_mincount100_ws5_dims300,arzthelferin,0.6921873688697815
angeregter_lucca_training_data_lower_cbow_lr0.05_epochs1_mincount100_ws5_dims300,sanitäterin,0.691795289516449
angeregter_lucca_training_data_lower_cbow_lr0.05_epochs1_mincount100_ws5_dims300,pflegerin,0.6911374926567078
angeregter_lucca_training_data_lower_cbow_lr0.05_epochs1_mincount100_ws5_dims300,dienerin,0.6909278035163879
angeregter_lucca_training_data_lower_cbow_lr0.05_epochs1_mincount100_ws5_dims300,beifahrerin,0.6901983022689819
angeregter_lucca_training_data_lower_cbow_lr0.05_epochs1_mincount100_ws5_dims300,stieftochter,0.6896339654922485
angeregter_lucca_training_data_lower_cbow_lr0.05_epochs1_mincount100_ws5_dims300,seniorin,0.689187228679657
angeregter_lucca_training_data_lower_cbow_lr0.05_epochs1_mincount100_ws5_dims300,erzieherin,0.6880536079406738
angeregter_lucca_training_data_lower_cbow_lr0.05_epochs1_mincount100_ws5_dims300,transfrau,0.6858391761779785
angeregter_lucca_training_data_lower_cbow_lr0.05_epochs1_mincount100_ws5_dims300,mittäterin,0.6855793595314026
angeregter_lucca_training_data_lower_cbow_lr0.05_epochs1_mincount100_ws5_dims300,wasnerin,0.6853181719779968
angeregter_lucca_training_data_lower_cbow_lr0.05_epochs1_mincount100_ws5_dims300,lehrerin,0.6843547224998474
angeregter_lucca_training_data_lower_cbow_lr0.05_epochs1_mincount100_ws5_dims300,gefährtin,0.6836962103843689
angeregter_lucca_training_data_lower_cbow_lr0.05_epochs1_mincount100_ws5_dims300,zahnarzthelferin,0.6833789348602295
angeregter_lucca_training_data_lower_cbow_lr0.05_epochs1_mincount100_ws5_dims300,urmutter,0.6827400922775269
angeregter_lucca_training_data_lower_cbow_lr0.05_epochs1_mincount100_ws5_dims300,passantin,0.6825240254402161
angeregter_lucca_training_data_lower_cbow_lr0.05_epochs1_mincount100_ws5_dims300,haupttäterin,0.6823367476463318
angeregter_lucca_training_data_lower_cbow_lr0.05_epochs1_mincount100_ws5_dims300,busfahrerin,0.681897759437561
angeregter_lucca_training_data_lower_cbow_lr0.05_epochs1_mincount100_ws5_dims300,somalierin,0.6809870004653931
angeregter_lucca_training_data_lower_cbow_lr0.05_epochs1_mincount100_ws5_dims300,schulfreundin,0.6804653406143188
angeregter_lucca_training_data_lower_cbow_lr0.05_epochs1_mincount100_ws5_dims300,mofalenkerin,0.679659366607666
angeregter_lucca_training_data_lower_cbow_lr0.05_epochs1_mincount100_ws5_dims300,inderin,0.6795875430107117
angeregter_lucca_training_data_lower_cbow_lr0.05_epochs1_mincount100_ws5_dims300,enkelin,0.6787395477294922
angeregter_lucca_training_data_lower_cbow_lr0.05_epochs1_mincount100_ws5_dims300,irakerin,0.6781161427497864
angeregter_lucca_training_data_lower_cbow_lr0.05_epochs1_mincount100_ws5_dims300,bosnierin,0.6772040128707886
angeregter_lucca_training_data_lower_cbow_lr0.05_epochs1_mincount100_ws5_dims300,wärterin,0.6769148707389832
angeregter_lucca_training_data_lower_cbow_lr0.05_epochs1_mincount100_ws5_dims300,wiederin,0.6764434576034546
angeregter_lucca_training_data_lower_cbow_lr0.05_epochs1_mincount100_ws5_dims300,wienerin,0.6760469675064087
angeregter_lucca_training_data_lower_cbow_lr0.05_epochs1_mincount100_ws5_dims300,anruferin,0.6751899719238281
angeregter_lucca_training_data_lower_cbow_lr0.05_epochs1_mincount100_ws5_dims300,steyrerin,0.6745582818984985
angeregter_lucca_training_data_lower_cbow_lr0.05_epochs1_mincount100_ws5_dims300,halbschwester,0.6742857098579407
angeregter_lucca_training_data_lower_cbow_lr0.05_epochs1_mincount100_ws5_dims300,buslenkerin,0.6737793684005737
angeregter_lucca_training_data_lower_cbow_lr0.05_epochs1_mincount100_ws5_dims300,trauzeugin,0.6735705137252808
angeregter_lucca_training_data_lower_cbow_lr0.05_epochs1_mincount100_ws5_dims300,sitznachbarin,0.6734742522239685
angeregter_lucca_training_data_lower_cbow_lr0.05_epochs1_mincount100_ws5_dims300,hausbewohnerin,0.6729966402053833
angeregter_lucca_training_data_lower_cbow_lr0.05_epochs1_mincount100_ws5_dims300,schwiegertochter,0.6721938252449036
angeregter_lucca_training_data_lower_cbow_lr0.05_epochs1_mincount100_ws5_dims300,kindesmutter,0.6720784306526184
angeregter_lucca_training_data_lower_cbow_lr0.05_epochs1_mincount100_ws5_dims300,heimhelferin,0.6718114018440247
angeregter_lucca_training_data_lower_cbow_lr0.05_epochs1_mincount100_ws5_dims300,helferin,0.6714929938316345
angeregter_lucca_training_data_lower_cbow_lr0.05_epochs1_mincount100_ws5_dims300,fluchthelferin,0.6707876324653625
angeregter_lucca_training_data_lower_cbow_lr0.05_epochs1_mincount100_ws5_dims300,wahrsagerin,0.6696991324424744
mutige_julia_training_data_lower_cbow_lr0.05_epochs1_mincount50_ws6_dims300,exfrau,0.8303685188293457
mutige_julia_training_data_lower_cbow_lr0.05_epochs1_mincount50_ws6_dims300,ehefrau,0.8291162252426147
mutige_julia_training_data_lower_cbow_lr0.05_epochs1_mincount50_ws6_dims300,lebensgefährtin,0.7965636253356934
mutige_julia_training_data_lower_cbow_lr0.05_epochs1_mincount50_ws6_dims300,schwägerin,0.7942748665809631
mutige_julia_training_data_lower_cbow_lr0.05_epochs1_mincount50_ws6_dims300,kindfrau,0.7923098206520081
mutige_julia_training_data_lower_cbow_lr0.05_epochs1_mincount50_ws6_dims300,ehepartnerin,0.785586953163147
mutige_julia_training_data_lower_cbow_lr0.05_epochs1_mincount50_ws6_dims300,barfrau,0.7817322015762329
mutige_julia_training_data_lower_cbow_lr0.05_epochs1_mincount50_ws6_dims300,klofrau,0.7712224721908569
mutige_julia_training_data_lower_cbow_lr0.05_epochs1_mincount50_ws6_dims300,freundin,0.7677264213562012
mutige_julia_training_data_lower_cbow_lr0.05_epochs1_mincount50_ws6_dims300,exfreundin,0.7593690156936646
mutige_julia_training_data_lower_cbow_lr0.05_epochs1_mincount50_ws6_dims300,mutter,0.7592456936836243
mutige_julia_training_data_lower_cbow_lr0.05_epochs1_mincount50_ws6_dims300,ahnfrau,0.7574073672294617
mutige_julia_training_data_lower_cbow_lr0.05_epochs1_mincount50_ws6_dims300,nachbarin,0.7560958862304688
mutige_julia_training_data_lower_cbow_lr0.05_epochs1_mincount50_ws6_dims300,hausfrau,0.7556943893432617
mutige_julia_training_data_lower_cbow_lr0.05_epochs1_mincount50_ws6_dims300,nebenbuhlerin,0.7552023530006409
mutige_julia_training_data_lower_cbow_lr0.05_epochs1_mincount50_ws6_dims300,haushälterin,0.754988968372345
mutige_julia_training_data_lower_cbow_lr0.05_epochs1_mincount50_ws6_dims300,kärtnerin,0.7538701891899109
mutige_julia_training_data_lower_cbow_lr0.05_epochs1_mincount50_ws6_dims300,zuhälterin,0.7524111270904541
mutige_julia_training_data_lower_cbow_lr0.05_epochs1_mincount50_ws6_dims300,gattin,0.7515380382537842
mutige_julia_training_data_lower_cbow_lr0.05_epochs1_mincount50_ws6_dims300,babysitterin,0.7478393316268921
mutige_julia_training_data_lower_cbow_lr0.05_epochs1_mincount50_ws6_dims300,arztgattin,0.7453644275665283
mutige_julia_training_data_lower_cbow_lr0.05_epochs1_mincount50_ws6_dims300,kellnerin,0.7437576651573181
mutige_julia_training_data_lower_cbow_lr0.05_epochs1_mincount50_ws6_dims300,kindsmörderin,0.7378056049346924
mutige_julia_training_data_lower_cbow_lr0.05_epochs1_mincount50_ws6_dims300,rentnerin,0.7355606555938721
mutige_julia_training_data_lower_cbow_lr0.05_epochs1_mincount50_ws6_dims300,partnerin,0.7339268922805786
mutige_julia_training_data_lower_cbow_lr0.05_epochs1_mincount50_ws6_dims300,pensionistin,0.7321167588233948
mutige_julia_training_data_lower_cbow_lr0.05_epochs1_mincount50_ws6_dims300,stiefmutter,0.7315526008605957
mutige_julia_training_data_lower_cbow_lr0.05_epochs1_mincount50_ws6_dims300,leibwächterin,0.7267822623252869
mutige_julia_training_data_lower_cbow_lr0.05_epochs1_mincount50_ws6_dims300,lebenspartnerin,0.726606547832489
mutige_julia_training_data_lower_cbow_lr0.05_epochs1_mincount50_ws6_dims300,mann,0.7261019349098206
mutige_julia_training_data_lower_cbow_lr0.05_epochs1_mincount50_ws6_dims300,mitbewohnerin,0.7258085608482361
mutige_julia_training_data_lower_cbow_lr0.05_epochs1_mincount50_ws6_dims300,nerin,0.7212300896644592
mutige_julia_training_data_lower_cbow_lr0.05_epochs1_mincount50_ws6_dims300,perin,0.7208466529846191
mutige_julia_training_data_lower_cbow_lr0.05_epochs1_mincount50_ws6_dims300,täterin,0.7190433740615845
mutige_julia_training_data_lower_cbow_lr0.05_epochs1_mincount50_ws6_dims300,verehrerin,0.7184649705886841
mutige_julia_training_data_lower_cbow_lr0.05_epochs1_mincount50_ws6_dims300,familienhelferin,0.7163730263710022
mutige_julia_training_data_lower_cbow_lr0.05_epochs1_mincount50_ws6_dims300,mörderin,0.7148515582084656
mutige_julia_training_data_lower_cbow_lr0.05_epochs1_mincount50_ws6_dims300,bettlerin,0.7126354575157166
mutige_julia_training_data_lower_cbow_lr0.05_epochs1_mincount50_ws6_dims300,putzfrau,0.7124544978141785
mutige_julia_training_data_lower_cbow_lr0.05_epochs1_mincount50_ws6_dims300,taxlerin,0.7120026350021362
mutige_julia_training_data_lower_cbow_lr0.05_epochs1_mincount50_ws6_dims300,ehegattin,0.7110516428947449
mutige_julia_training_data_lower_cbow_lr0.05_epochs1_mincount50_ws6_dims300,buhfrau,0.7107700705528259
mutige_julia_training_data_lower_cbow_lr0.05_epochs1_mincount50_ws6_dims300,göfnerin,0.7100418210029602
mutige_julia_training_data_lower_cbow_lr0.05_epochs1_mincount50_ws6_dims300,schwester,0.7096670866012573
mutige_julia_training_data_lower_cbow_lr0.05_epochs1_mincount50_ws6_dims300,freifrau,0.7081347107887268
mutige_julia_training_data_lower_cbow_lr0.05_epochs1_mincount50_ws6_dims300,kerin,0.7080538272857666
mutige_julia_training_data_lower_cbow_lr0.05_epochs1_mincount50_ws6_dims300,selbstmörderin,0.7076396346092224
mutige_julia_training_data_lower_cbow_lr0.05_epochs1_mincount50_ws6_dims300,räuberin,0.706594705581665
mutige_julia_training_data_lower_cbow_lr0.05_epochs1_mincount50_ws6_dims300,taxifahrerin,0.705803394317627
mutige_julia_training_data_lower_cbow_lr0.05_epochs1_mincount50_ws6_dims300,mesnerin,0.7055787444114685
mutige_julia_training_data_lower_cbow_lr0.05_epochs1_mincount50_ws6_dims300,gefährtin,0.7048013806343079
mutige_julia_training_data_lower_cbow_lr0.05_epochs1_mincount50_ws6_dims300,großmutter,0.7041267156600952
mutige_julia_training_data_lower_cbow_lr0.05_epochs1_mincount50_ws6_dims300,undin,0.704073965549469
mutige_julia_training_data_lower_cbow_lr0.05_epochs1_mincount50_ws6_dims300,todeslenkerin,0.704034149646759
mutige_julia_training_data_lower_cbow_lr0.05_epochs1_mincount50_ws6_dims300,arzthelferin,0.7024908661842346
mutige_julia_training_data_lower_cbow_lr0.05_epochs1_mincount50_ws6_dims300,jugendfreundin,0.7021679282188416
mutige_julia_training_data_lower_cbow_lr0.05_epochs1_mincount50_ws6_dims300,stalkerin,0.7020856142044067
mutige_julia_training_data_lower_cbow_lr0.05_epochs1_mincount50_ws6_dims300,oberin,0.7020675539970398
mutige_julia_training_data_lower_cbow_lr0.05_epochs1_mincount50_ws6_dims300,teenagerin,0.7016329765319824
mutige_julia_training_data_lower_cbow_lr0.05_epochs1_mincount50_ws6_dims300,bezauerin,0.7013657689094543
mutige_julia_training_data_lower_cbow_lr0.05_epochs1_mincount50_ws6_dims300,oboistin,0.701216995716095
mutige_julia_training_data_lower_cbow_lr0.05_epochs1_mincount50_ws6_dims300,gaunerin,0.7005216479301453
mutige_julia_training_data_lower_cbow_lr0.05_epochs1_mincount50_ws6_dims300,büglerin,0.6997453570365906
mutige_julia_training_data_lower_cbow_lr0.05_epochs1_mincount50_ws6_dims300,kindsmutter,0.6994987726211548
mutige_julia_training_data_lower_cbow_lr0.05_epochs1_mincount50_ws6_dims300,polizistin,0.6991634964942932
mutige_julia_training_data_lower_cbow_lr0.05_epochs1_mincount50_ws6_dims300,alkoholikerin,0.6985465288162231
mutige_julia_training_data_lower_cbow_lr0.05_epochs1_mincount50_ws6_dims300,ersthelferin,0.6984212398529053
mutige_julia_training_data_lower_cbow_lr0.05_epochs1_mincount50_ws6_dims300,kollegin,0.697763979434967
mutige_julia_training_data_lower_cbow_lr0.05_epochs1_mincount50_ws6_dims300,passantin,0.6972894072532654
mutige_julia_training_data_lower_cbow_lr0.05_epochs1_mincount50_ws6_dims300,stieftochter,0.6967336535453796
mutige_julia_training_data_lower_cbow_lr0.05_epochs1_mincount50_ws6_dims300,jungmutter,0.6966449022293091
mutige_julia_training_data_lower_cbow_lr0.05_epochs1_mincount50_ws6_dims300,geherin,0.6965093612670898
mutige_julia_training_data_lower_cbow_lr0.05_epochs1_mincount50_ws6_dims300,perserin,0.6958028674125671
mutige_julia_training_data_lower_cbow_lr0.05_epochs1_mincount50_ws6_dims300,sanitäterin,0.6952192187309265
mutige_julia_training_data_lower_cbow_lr0.05_epochs1_mincount50_ws6_dims300,dienerin,0.6943008303642273
mutige_julia_training_data_lower_cbow_lr0.05_epochs1_mincount50_ws6_dims300,kindheitsfreundin,0.6937418580055237
mutige_julia_training_data_lower_cbow_lr0.05_epochs1_mincount50_ws6_dims300,joggerin,0.6937347054481506
mutige_julia_training_data_lower_cbow_lr0.05_epochs1_mincount50_ws6_dims300,taxilenkerin,0.6936464309692383
mutige_julia_training_data_lower_cbow_lr0.05_epochs1_mincount50_ws6_dims300,urmutter,0.6935568451881409
mutige_julia_training_data_lower_cbow_lr0.05_epochs1_mincount50_ws6_dims300,malteserin,0.6933435201644897
mutige_julia_training_data_lower_cbow_lr0.05_epochs1_mincount50_ws6_dims300,beifahrerin,0.6932865381240845
mutige_julia_training_data_lower_cbow_lr0.05_epochs1_mincount50_ws6_dims300,trinkerin,0.6916328072547913
mutige_julia_training_data_lower_cbow_lr0.05_epochs1_mincount50_ws6_dims300,puffmutter,0.6896055340766907
mutige_julia_training_data_lower_cbow_lr0.05_epochs1_mincount50_ws6_dims300,transfrau,0.6895564198493958
mutige_julia_training_data_lower_cbow_lr0.05_epochs1_mincount50_ws6_dims300,schwerin,0.6893063187599182
mutige_julia_training_data_lower_cbow_lr0.05_epochs1_mincount50_ws6_dims300,halbschwester,0.6888167858123779
mutige_julia_training_data_lower_cbow_lr0.05_epochs1_mincount50_ws6_dims300,schwesternschülerin,0.6887959241867065
mutige_julia_training_data_lower_cbow_lr0.05_epochs1_mincount50_ws6_dims300,brautmutter,0.6886047720909119
mutige_julia_training_data_lower_cbow_lr0.05_epochs1_mincount50_ws6_dims300,syrerin,0.688503086566925
mutige_julia_training_data_lower_cbow_lr0.05_epochs1_mincount50_ws6_dims300,zahnarzthelferin,0.6878504157066345
mutige_julia_training_data_lower_cbow_lr0.05_epochs1_mincount50_ws6_dims300,mitbesitzerin,0.6877555251121521
mutige_julia_training_data_lower_cbow_lr0.05_epochs1_mincount50_ws6_dims300,wasnerin,0.6874218583106995
mutige_julia_training_data_lower_cbow_lr0.05_epochs1_mincount50_ws6_dims300,geburtshelferin,0.6859833002090454
mutige_julia_training_data_lower_cbow_lr0.05_epochs1_mincount50_ws6_dims300,wienerin,0.6859422922134399
mutige_julia_training_data_lower_cbow_lr0.05_epochs1_mincount50_ws6_dims300,sitznachbarin,0.6856617331504822
mutige_julia_training_data_lower_cbow_lr0.05_epochs1_mincount50_ws6_dims300,buslenkerin,0.6855993866920471
mutige_julia_training_data_lower_cbow_lr0.05_epochs1_mincount50_ws6_dims300,dorfbewohnerin,0.6852213144302368
mutige_julia_training_data_lower_cbow_lr0.05_epochs1_mincount50_ws6_dims300,schwiegermutter,0.6845545768737793
mutige_julia_training_data_lower_cbow_lr0.05_epochs1_mincount50_ws6_dims300,seniorin,0.6841412782669067
mutige_julia_training_data_lower_cbow_lr0.05_epochs1_mincount50_ws6_dims300,mitschülerin,0.6838300824165344
vitaler_nelio_training_data_lower_cbow_lr0.05_epochs1_mincount50_ws12_dims300,exfrau,0.8350047469139099
vitaler_nelio_training_data_lower_cbow_lr0.05_epochs1_mincount50_ws12_dims300,ehefrau,0.8324663639068604
vitaler_nelio_training_data_lower_cbow_lr0.05_epochs1_mincount50_ws12_dims300,lebensgefährtin,0.7911325693130493
vitaler_nelio_training_data_lower_cbow_lr0.05_epochs1_mincount50_ws12_dims300,schwägerin,0.7871326804161072
vitaler_nelio_training_data_lower_cbow_lr0.05_epochs1_mincount50_ws12_dims300,klofrau,0.7806004285812378
vitaler_nelio_training_data_lower_cbow_lr0.05_epochs1_mincount50_ws12_dims300,kindfrau,0.7716879844665527
vitaler_nelio_training_data_lower_cbow_lr0.05_epochs1_mincount50_ws12_dims300,ehepartnerin,0.7696077227592468
vitaler_nelio_training_data_lower_cbow_lr0.05_epochs1_mincount50_ws12_dims300,barfrau,0.764466404914856
vitaler_nelio_training_data_lower_cbow_lr0.05_epochs1_mincount50_ws12_dims300,ahnfrau,0.7589855194091797
vitaler_nelio_training_data_lower_cbow_lr0.05_epochs1_mincount50_ws12_dims300,mutter,0.7526504397392273
vitaler_nelio_training_data_lower_cbow_lr0.05_epochs1_mincount50_ws12_dims300,freundin,0.7478194236755371
vitaler_nelio_training_data_lower_cbow_lr0.05_epochs1_mincount50_ws12_dims300,kärtnerin,0.7457451820373535
vitaler_nelio_training_data_lower_cbow_lr0.05_epochs1_mincount50_ws12_dims300,nebenbuhlerin,0.7378996014595032
vitaler_nelio_training_data_lower_cbow_lr0.05_epochs1_mincount50_ws12_dims300,leibwächterin,0.7373160123825073
vitaler_nelio_training_data_lower_cbow_lr0.05_epochs1_mincount50_ws12_dims300,exfreundin,0.7360754609107971
vitaler_nelio_training_data_lower_cbow_lr0.05_epochs1_mincount50_ws12_dims300,haushälterin,0.7352817058563232
vitaler_nelio_training_data_lower_cbow_lr0.05_epochs1_mincount50_ws12_dims300,nachbarin,0.7342121601104736
vitaler_nelio_training_data_lower_cbow_lr0.05_epochs1_mincount50_ws12_dims300,babysitterin,0.7327909469604492
vitaler_nelio_training_data_lower_cbow_lr0.05_epochs1_mincount50_ws12_dims300,zuhälterin,0.7311102747917175
vitaler_nelio_training_data_lower_cbow_lr0.05_epochs1_mincount50_ws12_dims300,hausfrau,0.7309494018554688
vitaler_nelio_training_data_lower_cbow_lr0.05_epochs1_mincount50_ws12_dims300,räuberin,0.7292201519012451
vitaler_nelio_training_data_lower_cbow_lr0.05_epochs1_mincount50_ws12_dims300,mann,0.7277604341506958
vitaler_nelio_training_data_lower_cbow_lr0.05_epochs1_mincount50_ws12_dims300,lebenspartnerin,0.7254408597946167
vitaler_nelio_training_data_lower_cbow_lr0.05_epochs1_mincount50_ws12_dims300,kindsmörderin,0.7247602939605713
vitaler_nelio_training_data_lower_cbow_lr0.05_epochs1_mincount50_ws12_dims300,kellnerin,0.724367082118988
vitaler_nelio_training_data_lower_cbow_lr0.05_epochs1_mincount50_ws12_dims300,mitbewohnerin,0.7239118814468384
vitaler_nelio_training_data_lower_cbow_lr0.05_epochs1_mincount50_ws12_dims300,gattin,0.7230876684188843
vitaler_nelio_training_data_lower_cbow_lr0.05_epochs1_mincount50_ws12_dims300,partnerin,0.7228230237960815
vitaler_nelio_training_data_lower_cbow_lr0.05_epochs1_mincount50_ws12_dims300,verehrerin,0.7224158644676208
vitaler_nelio_training_data_lower_cbow_lr0.05_epochs1_mincount50_ws12_dims300,täterin,0.72018963098526
vitaler_nelio_training_data_lower_cbow_lr0.05_epochs1_mincount50_ws12_dims300,buhfrau,0.7163431644439697
vitaler_nelio_training_data_lower_cbow_lr0.05_epochs1_mincount50_ws12_dims300,familienhelferin,0.7121118903160095
vitaler_nelio_training_data_lower_cbow_lr0.05_epochs1_mincount50_ws12_dims300,stiefmutter,0.7111759781837463
vitaler_nelio_training_data_lower_cbow_lr0.05_epochs1_mincount50_ws12_dims300,pensionistin,0.7105899453163147
vitaler_nelio_training_data_lower_cbow_lr0.05_epochs1_mincount50_ws12_dims300,kerin,0.7104849219322205
vitaler_nelio_training_data_lower_cbow_lr0.05_epochs1_mincount50_ws12_dims300,rentnerin,0.7067407965660095
vitaler_nelio_training_data_lower_cbow_lr0.05_epochs1_mincount50_ws12_dims300,oberin,0.706366240978241
vitaler_nelio_training_data_lower_cbow_lr0.05_epochs1_mincount50_ws12_dims300,freifrau,0.7058233618736267
vitaler_nelio_training_data_lower_cbow_lr0.05_epochs1_mincount50_ws12_dims300,arztgattin,0.7053411602973938
vitaler_nelio_training_data_lower_cbow_lr0.05_epochs1_mincount50_ws12_dims300,mesnerin,0.7045095562934875
vitaler_nelio_training_data_lower_cbow_lr0.05_epochs1_mincount50_ws12_dims300,büglerin,0.7039787769317627
vitaler_nelio_training_data_lower_cbow_lr0.05_epochs1_mincount50_ws12_dims300,selbstmörderin,0.7033534646034241
vitaler_nelio_training_data_lower_cbow_lr0.05_epochs1_mincount50_ws12_dims300,schwester,0.7019256353378296
vitaler_nelio_training_data_lower_cbow_lr0.05_epochs1_mincount50_ws12_dims300,mörderin,0.7005220651626587
vitaler_nelio_training_data_lower_cbow_lr0.05_epochs1_mincount50_ws12_dims300,ehegattin,0.7002057433128357
vitaler_nelio_training_data_lower_cbow_lr0.05_epochs1_mincount50_ws12_dims300,schwerin,0.6995002031326294
vitaler_nelio_training_data_lower_cbow_lr0.05_epochs1_mincount50_ws12_dims300,perin,0.6952329874038696
vitaler_nelio_training_data_lower_cbow_lr0.05_epochs1_mincount50_ws12_dims300,nerin,0.6948096752166748
vitaler_nelio_training_data_lower_cbow_lr0.05_epochs1_mincount50_ws12_dims300,göfnerin,0.6945366859436035
vitaler_nelio_training_data_lower_cbow_lr0.05_epochs1_mincount50_ws12_dims300,bezauerin,0.6932641267776489
vitaler_nelio_training_data_lower_cbow_lr0.05_epochs1_mincount50_ws12_dims300,muqrin,0.6904786229133606
vitaler_nelio_training_data_lower_cbow_lr0.05_epochs1_mincount50_ws12_dims300,taxlerin,0.6883487701416016
vitaler_nelio_training_data_lower_cbow_lr0.05_epochs1_mincount50_ws12_dims300,oboistin,0.6876873970031738
vitaler_nelio_training_data_lower_cbow_lr0.05_epochs1_mincount50_ws12_dims300,wohltäterin,0.6874539256095886
vitaler_nelio_training_data_lower_cbow_lr0.05_epochs1_mincount50_ws12_dims300,taxifahrerin,0.6866525411605835
vitaler_nelio_training_data_lower_cbow_lr0.05_epochs1_mincount50_ws12_dims300,ersthelferin,0.6853676438331604
vitaler_nelio_training_data_lower_cbow_lr0.05_epochs1_mincount50_ws12_dims300,liebhaberin,0.6842449307441711
vitaler_nelio_training_data_lower_cbow_lr0.05_epochs1_mincount50_ws12_dims300,stalkerin,0.683890700340271
vitaler_nelio_training_data_lower_cbow_lr0.05_epochs1_mincount50_ws12_dims300,geherin,0.6834601759910583
vitaler_nelio_training_data_lower_cbow_lr0.05_epochs1_mincount50_ws12_dims300,dienerin,0.6831387877464294
vitaler_nelio_training_data_lower_cbow_lr0.05_epochs1_mincount50_ws12_dims300,stieftochter,0.6825841665267944
vitaler_nelio_training_data_lower_cbow_lr0.05_epochs1_mincount50_ws12_dims300,geburtshelferin,0.6822326183319092
vitaler_nelio_training_data_lower_cbow_lr0.05_epochs1_mincount50_ws12_dims300,bettlerin,0.682133674621582
vitaler_nelio_training_data_lower_cbow_lr0.05_epochs1_mincount50_ws12_dims300,trauzeugin,0.6818118095397949
vitaler_nelio_training_data_lower_cbow_lr0.05_epochs1_mincount50_ws12_dims300,merin,0.6815836429595947
vitaler_nelio_training_data_lower_cbow_lr0.05_epochs1_mincount50_ws12_dims300,arzthelferin,0.680652916431427
vitaler_nelio_training_data_lower_cbow_lr0.05_epochs1_mincount50_ws12_dims300,großmutter,0.6784264445304871
vitaler_nelio_training_data_lower_cbow_lr0.05_epochs1_mincount50_ws12_dims300,alkoholikerin,0.6772132515907288
vitaler_nelio_training_data_lower_cbow_lr0.05_epochs1_mincount50_ws12_dims300,brautmutter,0.6771802306175232
vitaler_nelio_training_data_lower_cbow_lr0.05_epochs1_mincount50_ws12_dims300,mitbesitzerin,0.676898717880249
vitaler_nelio_training_data_lower_cbow_lr0.05_epochs1_mincount50_ws12_dims300,schwesternschülerin,0.6766989827156067
vitaler_nelio_training_data_lower_cbow_lr0.05_epochs1_mincount50_ws12_dims300,undin,0.6763646602630615
vitaler_nelio_training_data_lower_cbow_lr0.05_epochs1_mincount50_ws12_dims300,kollegin,0.6750735640525818
vitaler_nelio_training_data_lower_cbow_lr0.05_epochs1_mincount50_ws12_dims300,derin,0.6748277544975281
vitaler_nelio_training_data_lower_cbow_lr0.05_epochs1_mincount50_ws12_dims300,tatin,0.6748223304748535
vitaler_nelio_training_data_lower_cbow_lr0.05_epochs1_mincount50_ws12_dims300,gaunerin,0.6745765209197998
vitaler_nelio_training_data_lower_cbow_lr0.05_epochs1_mincount50_ws12_dims300,glyzerin,0.6742358207702637
vitaler_nelio_training_data_lower_cbow_lr0.05_epochs1_mincount50_ws12_dims300,passantin,0.6741865873336792
vitaler_nelio_training_data_lower_cbow_lr0.05_epochs1_mincount50_ws12_dims300,halbschwester,0.6740543246269226
vitaler_nelio_training_data_lower_cbow_lr0.05_epochs1_mincount50_ws12_dims300,dorfbewohnerin,0.6736741662025452
vitaler_nelio_training_data_lower_cbow_lr0.05_epochs1_mincount50_ws12_dims300,wasnerin,0.6730104088783264
vitaler_nelio_training_data_lower_cbow_lr0.05_epochs1_mincount50_ws12_dims300,widerin,0.6724812984466553
vitaler_nelio_training_data_lower_cbow_lr0.05_epochs1_mincount50_ws12_dims300,taxilenkerin,0.6723173260688782
vitaler_nelio_training_data_lower_cbow_lr0.05_epochs1_mincount50_ws12_dims300,besitzerin,0.671965479850769
vitaler_nelio_training_data_lower_cbow_lr0.05_epochs1_mincount50_ws12_dims300,hausbewohnerin,0.6717639565467834
vitaler_nelio_training_data_lower_cbow_lr0.05_epochs1_mincount50_ws12_dims300,vorbesitzerin,0.6711889505386353
vitaler_nelio_training_data_lower_cbow_lr0.05_epochs1_mincount50_ws12_dims300,singlefrau,0.6708164811134338
vitaler_nelio_training_data_lower_cbow_lr0.05_epochs1_mincount50_ws12_dims300,erin,0.670249342918396
vitaler_nelio_training_data_lower_cbow_lr0.05_epochs1_mincount50_ws12_dims300,seniorin,0.6692929863929749
vitaler_nelio_training_data_lower_cbow_lr0.05_epochs1_mincount50_ws12_dims300,erzieherin,0.6692133545875549
vitaler_nelio_training_data_lower_cbow_lr0.05_epochs1_mincount50_ws12_dims300,sanitäterin,0.6688987612724304
vitaler_nelio_training_data_lower_cbow_lr0.05_epochs1_mincount50_ws12_dims300,schwiegertochter,0.6688914895057678
vitaler_nelio_training_data_lower_cbow_lr0.05_epochs1_mincount50_ws12_dims300,transfrau,0.6688777208328247
vitaler_nelio_training_data_lower_cbow_lr0.05_epochs1_mincount50_ws12_dims300,putzfrau,0.6688467264175415
vitaler_nelio_training_data_lower_cbow_lr0.05_epochs1_mincount50_ws12_dims300,polizistin,0.6688306927680969
vitaler_nelio_training_data_lower_cbow_lr0.05_epochs1_mincount50_ws12_dims300,todeslenkerin,0.6680687665939331
vitaler_nelio_training_data_lower_cbow_lr0.05_epochs1_mincount50_ws12_dims300,beifahrerin,0.6678494811058044
vitaler_nelio_training_data_lower_cbow_lr0.05_epochs1_mincount50_ws12_dims300,övplerin,0.6678304672241211
vitaler_nelio_training_data_lower_cbow_lr0.05_epochs1_mincount50_ws12_dims300,syrerin,0.6676434278488159
vitaler_nelio_training_data_lower_cbow_lr0.05_epochs1_mincount50_ws12_dims300,wiederin,0.6658328771591187
geniale_josefine_training_data_cbow_lr0.05_epochs1_mincount100_ws12_dims300,ehefrau,0.8096536993980408
geniale_josefine_training_data_cbow_lr0.05_epochs1_mincount100_ws12_dims300,schwägerin,0.7886018753051758
geniale_josefine_training_data_cbow_lr0.05_epochs1_mincount100_ws12_dims300,lebensgefährtin,0.7798178195953369
geniale_josefine_training_data_cbow_lr0.05_epochs1_mincount100_ws12_dims300,mutter,0.7674498558044434
geniale_josefine_training_data_cbow_lr0.05_epochs1_mincount100_ws12_dims300,ehepartnerin,0.7649762034416199
geniale_josefine_training_data_cbow_lr0.05_epochs1_mincount100_ws12_dims300,freundin,0.7552509903907776
geniale_josefine_training_data_cbow_lr0.05_epochs1_mincount100_ws12_dims300,dienerin,0.7508186101913452
geniale_josefine_training_data_cbow_lr0.05_epochs1_mincount100_ws12_dims300,nachbarin,0.7471691966056824
geniale_josefine_training_data_cbow_lr0.05_epochs1_mincount100_ws12_dims300,kellnerin,0.7395281195640564
geniale_josefine_training_data_cbow_lr0.05_epochs1_mincount100_ws12_dims300,exfreundin,0.735706090927124
geniale_josefine_training_data_cbow_lr0.05_epochs1_mincount100_ws12_dims300,stiefmutter,0.7324525117874146
geniale_josefine_training_data_cbow_lr0.05_epochs1_mincount100_ws12_dims300,exfrau,0.7319601774215698
geniale_josefine_training_data_cbow_lr0.05_epochs1_mincount100_ws12_dims300,mitbewohnerin,0.7258467078208923
geniale_josefine_training_data_cbow_lr0.05_epochs1_mincount100_ws12_dims300,haushälterin,0.7231694459915161
geniale_josefine_training_data_cbow_lr0.05_epochs1_mincount100_ws12_dims300,mann,0.7227053642272949
geniale_josefine_training_data_cbow_lr0.05_epochs1_mincount100_ws12_dims300,kindsmörderin,0.7203576564788818
geniale_josefine_training_data_cbow_lr0.05_epochs1_mincount100_ws12_dims300,lebenspartnerin,0.7184648513793945
geniale_josefine_training_data_cbow_lr0.05_epochs1_mincount100_ws12_dims300,partnerin,0.7161537408828735
geniale_josefine_training_data_cbow_lr0.05_epochs1_mincount100_ws12_dims300,gattin,0.7150998115539551
geniale_josefine_training_data_cbow_lr0.05_epochs1_mincount100_ws12_dims300,verehrerin,0.7127377986907959
geniale_josefine_training_data_cbow_lr0.05_epochs1_mincount100_ws12_dims300,täterin,0.7083730697631836
geniale_josefine_training_data_cbow_lr0.05_epochs1_mincount100_ws12_dims300,schwester,0.7077135443687439
geniale_josefine_training_data_cbow_lr0.05_epochs1_mincount100_ws12_dims300,rentnerin,0.7070949673652649
geniale_josefine_training_data_cbow_lr0.05_epochs1_mincount100_ws12_dims300,kindsmutter,0.7069452404975891
geniale_josefine_training_data_cbow_lr0.05_epochs1_mincount100_ws12_dims300,räuberin,0.7063592076301575
geniale_josefine_training_data_cbow_lr0.05_epochs1_mincount100_ws12_dims300,mesnerin,0.7057745456695557
geniale_josefine_training_data_cbow_lr0.05_epochs1_mincount100_ws12_dims300,perin,0.7042085528373718
geniale_josefine_training_data_cbow_lr0.05_epochs1_mincount100_ws12_dims300,schwerin,0.7027817368507385
geniale_josefine_training_data_cbow_lr0.05_epochs1_mincount100_ws12_dims300,oberin,0.7021961808204651
geniale_josefine_training_data_cbow_lr0.05_epochs1_mincount100_ws12_dims300,pensionistin,0.7014039158821106
geniale_josefine_training_data_cbow_lr0.05_epochs1_mincount100_ws12_dims300,babysitterin,0.7009187340736389
geniale_josefine_training_data_cbow_lr0.05_epochs1_mincount100_ws12_dims300,stieftochter,0.7006936073303223
geniale_josefine_training_data_cbow_lr0.05_epochs1_mincount100_ws12_dims300,taxifahrerin,0.700252115726471
geniale_josefine_training_data_cbow_lr0.05_epochs1_mincount100_ws12_dims300,hausfrau,0.6950160264968872
geniale_josefine_training_data_cbow_lr0.05_epochs1_mincount100_ws12_dims300,ehegattin,0.6949763894081116
geniale_josefine_training_data_cbow_lr0.05_epochs1_mincount100_ws12_dims300,ersthelferin,0.6945667862892151
geniale_josefine_training_data_cbow_lr0.05_epochs1_mincount100_ws12_dims300,mörderin,0.6938738822937012
geniale_josefine_training_data_cbow_lr0.05_epochs1_mincount100_ws12_dims300,puffmutter,0.6926142573356628
geniale_josefine_training_data_cbow_lr0.05_epochs1_mincount100_ws12_dims300,passantin,0.6925170421600342
geniale_josefine_training_data_cbow_lr0.05_epochs1_mincount100_ws12_dims300,nebenbuhlerin,0.6918699145317078
geniale_josefine_training_data_cbow_lr0.05_epochs1_mincount100_ws12_dims300,arzthelferin,0.6914044618606567
geniale_josefine_training_data_cbow_lr0.05_epochs1_mincount100_ws12_dims300,großmutter,0.6904749274253845
geniale_josefine_training_data_cbow_lr0.05_epochs1_mincount100_ws12_dims300,schwiegermutter,0.6892154216766357
geniale_josefine_training_data_cbow_lr0.05_epochs1_mincount100_ws12_dims300,bettlerin,0.6871814131736755
geniale_josefine_training_data_cbow_lr0.05_epochs1_mincount100_ws12_dims300,hausbewohnerin,0.6858873963356018
geniale_josefine_training_data_cbow_lr0.05_epochs1_mincount100_ws12_dims300,ehebrecherin,0.684807300567627
geniale_josefine_training_data_cbow_lr0.05_epochs1_mincount100_ws12_dims300,stiefschwester,0.6827555298805237
geniale_josefine_training_data_cbow_lr0.05_epochs1_mincount100_ws12_dims300,glyzerin,0.6824027299880981
geniale_josefine_training_data_cbow_lr0.05_epochs1_mincount100_ws12_dims300,jugendfreundin,0.6817668080329895
geniale_josefine_training_data_cbow_lr0.05_epochs1_mincount100_ws12_dims300,haupttäterin,0.6814379692077637
geniale_josefine_training_data_cbow_lr0.05_epochs1_mincount100_ws12_dims300,brautmutter,0.681374192237854
geniale_josefine_training_data_cbow_lr0.05_epochs1_mincount100_ws12_dims300,liebhaberin,0.6812202334403992
geniale_josefine_training_data_cbow_lr0.05_epochs1_mincount100_ws12_dims300,taxlerin,0.6811448335647583
geniale_josefine_training_data_cbow_lr0.05_epochs1_mincount100_ws12_dims300,begleiterin,0.6795369982719421
geniale_josefine_training_data_cbow_lr0.05_epochs1_mincount100_ws12_dims300,taxilenkerin,0.6794065237045288
geniale_josefine_training_data_cbow_lr0.05_epochs1_mincount100_ws12_dims300,halbschwester,0.6786861419677734
geniale_josefine_training_data_cbow_lr0.05_epochs1_mincount100_ws12_dims300,geburtshelferin,0.6779987812042236
geniale_josefine_training_data_cbow_lr0.05_epochs1_mincount100_ws12_dims300,enkeltochter,0.6766940951347351
geniale_josefine_training_data_cbow_lr0.05_epochs1_mincount100_ws12_dims300,zigeunerin,0.6765233874320984
geniale_josefine_training_data_cbow_lr0.05_epochs1_mincount100_ws12_dims300,urmutter,0.6758866310119629
geniale_josefine_training_data_cbow_lr0.05_epochs1_mincount100_ws12_dims300,syrerin,0.6747370362281799
geniale_josefine_training_data_cbow_lr0.05_epochs1_mincount100_ws12_dims300,halterin,0.6744043231010437
geniale_josefine_training_data_cbow_lr0.05_epochs1_mincount100_ws12_dims300,somalierin,0.6744019985198975
geniale_josefine_training_data_cbow_lr0.05_epochs1_mincount100_ws12_dims300,alkoholikerin,0.6739137768745422
geniale_josefine_training_data_cbow_lr0.05_epochs1_mincount100_ws12_dims300,wohltäterin,0.6732380390167236
geniale_josefine_training_data_cbow_lr0.05_epochs1_mincount100_ws12_dims300,tochter,0.6716426610946655
geniale_josefine_training_data_cbow_lr0.05_epochs1_mincount100_ws12_dims300,stalkerin,0.6715912818908691
geniale_josefine_training_data_cbow_lr0.05_epochs1_mincount100_ws12_dims300,wärterin,0.6714697480201721
geniale_josefine_training_data_cbow_lr0.05_epochs1_mincount100_ws12_dims300,gefährtin,0.6700271964073181
geniale_josefine_training_data_cbow_lr0.05_epochs1_mincount100_ws12_dims300,teenagerin,0.6700185537338257
geniale_josefine_training_data_cbow_lr0.05_epochs1_mincount100_ws12_dims300,sanitäterin,0.6684695482254028
geniale_josefine_training_data_cbow_lr0.05_epochs1_mincount100_ws12_dims300,muttermund,0.6680184006690979
geniale_josefine_training_data_cbow_lr0.05_epochs1_mincount100_ws12_dims300,schwiegertochter,0.6672605872154236
geniale_josefine_training_data_cbow_lr0.05_epochs1_mincount100_ws12_dims300,polizistin,0.6662595868110657
geniale_josefine_training_data_cbow_lr0.05_epochs1_mincount100_ws12_dims300,ehemann,0.6661045551300049
geniale_josefine_training_data_cbow_lr0.05_epochs1_mincount100_ws12_dims300,heimhelferin,0.6652645468711853
geniale_josefine_training_data_cbow_lr0.05_epochs1_mincount100_ws12_dims300,irakerin,0.6645672917366028
geniale_josefine_training_data_cbow_lr0.05_epochs1_mincount100_ws12_dims300,beifahrerin,0.6645232439041138
geniale_josefine_training_data_cbow_lr0.05_epochs1_mincount100_ws12_dims300,barfrau,0.6637040972709656
geniale_josefine_training_data_cbow_lr0.05_epochs1_mincount100_ws12_dims300,zahnarzthelferin,0.6635968089103699
geniale_josefine_training_data_cbow_lr0.05_epochs1_mincount100_ws12_dims300,mittäterin,0.6634244918823242
geniale_josefine_training_data_cbow_lr0.05_epochs1_mincount100_ws12_dims300,fluchthelferin,0.6619933247566223
geniale_josefine_training_data_cbow_lr0.05_epochs1_mincount100_ws12_dims300,kollegin,0.6610255241394043
geniale_josefine_training_data_cbow_lr0.05_epochs1_mincount100_ws12_dims300,busfahrerin,0.660692036151886
geniale_josefine_training_data_cbow_lr0.05_epochs1_mincount100_ws12_dims300,hausbesitzerin,0.6604957580566406
geniale_josefine_training_data_cbow_lr0.05_epochs1_mincount100_ws12_dims300,manne,0.6590521931648254
geniale_josefine_training_data_cbow_lr0.05_epochs1_mincount100_ws12_dims300,schaffnerin,0.6581240296363831
geniale_josefine_training_data_cbow_lr0.05_epochs1_mincount100_ws12_dims300,joggerin,0.6577765345573425
geniale_josefine_training_data_cbow_lr0.05_epochs1_mincount100_ws12_dims300,mitfahrerin,0.6577563881874084
geniale_josefine_training_data_cbow_lr0.05_epochs1_mincount100_ws12_dims300,wächterin,0.656715989112854
geniale_josefine_training_data_cbow_lr0.05_epochs1_mincount100_ws12_dims300,familienmutter,0.6564100980758667
geniale_josefine_training_data_cbow_lr0.05_epochs1_mincount100_ws12_dims300,steyrerin,0.6549515724182129
geniale_josefine_training_data_cbow_lr0.05_epochs1_mincount100_ws12_dims300,märtyrerin,0.6542937159538269
geniale_josefine_training_data_cbow_lr0.05_epochs1_mincount100_ws12_dims300,eucerin,0.6535954475402832
geniale_josefine_training_data_cbow_lr0.05_epochs1_mincount100_ws12_dims300,ehefrauen,0.653215229511261
geniale_josefine_training_data_cbow_lr0.05_epochs1_mincount100_ws12_dims300,kassierin,0.6506361365318298
geniale_josefine_training_data_cbow_lr0.05_epochs1_mincount100_ws12_dims300,patin,0.6506349444389343
geniale_josefine_training_data_cbow_lr0.05_epochs1_mincount100_ws12_dims300,jägerin,0.6503803730010986
geniale_josefine_training_data_cbow_lr0.05_epochs1_mincount100_ws12_dims300,ehepaar,0.6502951979637146
geniale_josefine_training_data_cbow_lr0.05_epochs1_mincount100_ws12_dims300,besitzerin,0.6496419310569763
bezaubernde_roxana_training_data_cbow_lr0.05_epochs1_mincount100_ws24_dims300,ehefrau,0.7991592884063721
bezaubernde_roxana_training_data_cbow_lr0.05_epochs1_mincount100_ws24_dims300,lebensgefährtin,0.7667099237442017
bezaubernde_roxana_training_data_cbow_lr0.05_epochs1_mincount100_ws24_dims300,ehepartnerin,0.7618287205696106
bezaubernde_roxana_training_data_cbow_lr0.05_epochs1_mincount100_ws24_dims300,schwägerin,0.7604230642318726
bezaubernde_roxana_training_data_cbow_lr0.05_epochs1_mincount100_ws24_dims300,mutter,0.7587795257568359
bezaubernde_roxana_training_data_cbow_lr0.05_epochs1_mincount100_ws24_dims300,haushälterin,0.7406560778617859
bezaubernde_roxana_training_data_cbow_lr0.05_epochs1_mincount100_ws24_dims300,dienerin,0.738491415977478
bezaubernde_roxana_training_data_cbow_lr0.05_epochs1_mincount100_ws24_dims300,freundin,0.7233221530914307
bezaubernde_roxana_training_data_cbow_lr0.05_epochs1_mincount100_ws24_dims300,exfrau,0.7156074643135071
bezaubernde_roxana_training_data_cbow_lr0.05_epochs1_mincount100_ws24_dims300,babysitterin,0.7119151949882507
bezaubernde_roxana_training_data_cbow_lr0.05_epochs1_mincount100_ws24_dims300,nachbarin,0.7104676365852356
bezaubernde_roxana_training_data_cbow_lr0.05_epochs1_mincount100_ws24_dims300,exfreundin,0.7062215805053711
bezaubernde_roxana_training_data_cbow_lr0.05_epochs1_mincount100_ws24_dims300,verehrerin,0.7027243375778198
bezaubernde_roxana_training_data_cbow_lr0.05_epochs1_mincount100_ws24_dims300,lebenspartnerin,0.7018178701400757
bezaubernde_roxana_training_data_cbow_lr0.05_epochs1_mincount100_ws24_dims300,kindsmörderin,0.7007397413253784
bezaubernde_roxana_training_data_cbow_lr0.05_epochs1_mincount100_ws24_dims300,mann,0.6993649005889893
bezaubernde_roxana_training_data_cbow_lr0.05_epochs1_mincount100_ws24_dims300,täterin,0.6982132792472839
bezaubernde_roxana_training_data_cbow_lr0.05_epochs1_mincount100_ws24_dims300,gattin,0.6980368494987488
bezaubernde_roxana_training_data_cbow_lr0.05_epochs1_mincount100_ws24_dims300,perin,0.6979748606681824
bezaubernde_roxana_training_data_cbow_lr0.05_epochs1_mincount100_ws24_dims300,hausfrau,0.6968070268630981
bezaubernde_roxana_training_data_cbow_lr0.05_epochs1_mincount100_ws24_dims300,kellnerin,0.6950286626815796
bezaubernde_roxana_training_data_cbow_lr0.05_epochs1_mincount100_ws24_dims300,oberin,0.694814145565033
bezaubernde_roxana_training_data_cbow_lr0.05_epochs1_mincount100_ws24_dims300,mesnerin,0.694697916507721
bezaubernde_roxana_training_data_cbow_lr0.05_epochs1_mincount100_ws24_dims300,mitbewohnerin,0.6888232231140137
bezaubernde_roxana_training_data_cbow_lr0.05_epochs1_mincount100_ws24_dims300,arzthelferin,0.6858901977539062
bezaubernde_roxana_training_data_cbow_lr0.05_epochs1_mincount100_ws24_dims300,tochter,0.6840455532073975
bezaubernde_roxana_training_data_cbow_lr0.05_epochs1_mincount100_ws24_dims300,halterin,0.6839731931686401
bezaubernde_roxana_training_data_cbow_lr0.05_epochs1_mincount100_ws24_dims300,räuberin,0.6828209757804871
bezaubernde_roxana_training_data_cbow_lr0.05_epochs1_mincount100_ws24_dims300,glyzerin,0.6822822690010071
bezaubernde_roxana_training_data_cbow_lr0.05_epochs1_mincount100_ws24_dims300,rentnerin,0.6817412376403809
bezaubernde_roxana_training_data_cbow_lr0.05_epochs1_mincount100_ws24_dims300,nebenbuhlerin,0.6815692782402039
bezaubernde_roxana_training_data_cbow_lr0.05_epochs1_mincount100_ws24_dims300,liebhaberin,0.6801937818527222
bezaubernde_roxana_training_data_cbow_lr0.05_epochs1_mincount100_ws24_dims300,hausbewohnerin,0.6801822781562805
bezaubernde_roxana_training_data_cbow_lr0.05_epochs1_mincount100_ws24_dims300,stiefmutter,0.6799954175949097
bezaubernde_roxana_training_data_cbow_lr0.05_epochs1_mincount100_ws24_dims300,schwester,0.6797096133232117
bezaubernde_roxana_training_data_cbow_lr0.05_epochs1_mincount100_ws24_dims300,partnerin,0.6790492534637451
bezaubernde_roxana_training_data_cbow_lr0.05_epochs1_mincount100_ws24_dims300,wärterin,0.6752645373344421
bezaubernde_roxana_training_data_cbow_lr0.05_epochs1_mincount100_ws24_dims300,ehebrecherin,0.6746587753295898
bezaubernde_roxana_training_data_cbow_lr0.05_epochs1_mincount100_ws24_dims300,pensionistin,0.6744360327720642
bezaubernde_roxana_training_data_cbow_lr0.05_epochs1_mincount100_ws24_dims300,schwiegermutter,0.6709797978401184
bezaubernde_roxana_training_data_cbow_lr0.05_epochs1_mincount100_ws24_dims300,wächterin,0.6691495776176453
bezaubernde_roxana_training_data_cbow_lr0.05_epochs1_mincount100_ws24_dims300,ehemann,0.6682993173599243
bezaubernde_roxana_training_data_cbow_lr0.05_epochs1_mincount100_ws24_dims300,mörderin,0.6677444577217102
bezaubernde_roxana_training_data_cbow_lr0.05_epochs1_mincount100_ws24_dims300,taxifahrerin,0.6655521988868713
bezaubernde_roxana_training_data_cbow_lr0.05_epochs1_mincount100_ws24_dims300,zigeunerin,0.6653273105621338
bezaubernde_roxana_training_data_cbow_lr0.05_epochs1_mincount100_ws24_dims300,ersthelferin,0.6651365756988525
bezaubernde_roxana_training_data_cbow_lr0.05_epochs1_mincount100_ws24_dims300,schwerin,0.6641722917556763
bezaubernde_roxana_training_data_cbow_lr0.05_epochs1_mincount100_ws24_dims300,ehegattin,0.6627798080444336
bezaubernde_roxana_training_data_cbow_lr0.05_epochs1_mincount100_ws24_dims300,geburtshelferin,0.6621889472007751
bezaubernde_roxana_training_data_cbow_lr0.05_epochs1_mincount100_ws24_dims300,wohltäterin,0.6602704524993896
bezaubernde_roxana_training_data_cbow_lr0.05_epochs1_mincount100_ws24_dims300,kindsmutter,0.6594550013542175
bezaubernde_roxana_training_data_cbow_lr0.05_epochs1_mincount100_ws24_dims300,frau,0.6571727395057678
bezaubernde_roxana_training_data_cbow_lr0.05_epochs1_mincount100_ws24_dims300,hausbesitzerin,0.6559624671936035
bezaubernde_roxana_training_data_cbow_lr0.05_epochs1_mincount100_ws24_dims300,taxlerin,0.6557120084762573
bezaubernde_roxana_training_data_cbow_lr0.05_epochs1_mincount100_ws24_dims300,frauenärztin,0.6557102799415588
bezaubernde_roxana_training_data_cbow_lr0.05_epochs1_mincount100_ws24_dims300,begleiterin,0.6556028723716736
bezaubernde_roxana_training_data_cbow_lr0.05_epochs1_mincount100_ws24_dims300,taxilenkerin,0.6548485159873962
bezaubernde_roxana_training_data_cbow_lr0.05_epochs1_mincount100_ws24_dims300,fluchthelferin,0.6528832912445068
bezaubernde_roxana_training_data_cbow_lr0.05_epochs1_mincount100_ws24_dims300,besitzerin,0.6520578265190125
bezaubernde_roxana_training_data_cbow_lr0.05_epochs1_mincount100_ws24_dims300,stiefschwester,0.651364266872406
bezaubernde_roxana_training_data_cbow_lr0.05_epochs1_mincount100_ws24_dims300,schaffnerin,0.649072527885437
bezaubernde_roxana_training_data_cbow_lr0.05_epochs1_mincount100_ws24_dims300,sanitäterin,0.6486045122146606
bezaubernde_roxana_training_data_cbow_lr0.05_epochs1_mincount100_ws24_dims300,zeugin,0.6481808423995972
bezaubernde_roxana_training_data_cbow_lr0.05_epochs1_mincount100_ws24_dims300,lebensgefährte,0.6470081806182861
bezaubernde_roxana_training_data_cbow_lr0.05_epochs1_mincount100_ws24_dims300,heimhelferin,0.6468995213508606
bezaubernde_roxana_training_data_cbow_lr0.05_epochs1_mincount100_ws24_dims300,muttermund,0.646621823310852
bezaubernde_roxana_training_data_cbow_lr0.05_epochs1_mincount100_ws24_dims300,patin,0.6461498141288757
bezaubernde_roxana_training_data_cbow_lr0.05_epochs1_mincount100_ws24_dims300,haupttäterin,0.6459200978279114
bezaubernde_roxana_training_data_cbow_lr0.05_epochs1_mincount100_ws24_dims300,aufpasserin,0.6455768346786499
bezaubernde_roxana_training_data_cbow_lr0.05_epochs1_mincount100_ws24_dims300,puffmutter,0.6455348134040833
bezaubernde_roxana_training_data_cbow_lr0.05_epochs1_mincount100_ws24_dims300,jugendfreundin,0.644977331161499
bezaubernde_roxana_training_data_cbow_lr0.05_epochs1_mincount100_ws24_dims300,joggerin,0.6435371041297913
bezaubernde_roxana_training_data_cbow_lr0.05_epochs1_mincount100_ws24_dims300,kassierin,0.6433077454566956
bezaubernde_roxana_training_data_cbow_lr0.05_epochs1_mincount100_ws24_dims300,kollegin,0.6432322859764099
bezaubernde_roxana_training_data_cbow_lr0.05_epochs1_mincount100_ws24_dims300,fußpflegerin,0.6426406502723694
bezaubernde_roxana_training_data_cbow_lr0.05_epochs1_mincount100_ws24_dims300,mittäterin,0.6423035264015198
bezaubernde_roxana_training_data_cbow_lr0.05_epochs1_mincount100_ws24_dims300,cutterin,0.6414607763290405
bezaubernde_roxana_training_data_cbow_lr0.05_epochs1_mincount100_ws24_dims300,htin,0.6411329507827759
bezaubernde_roxana_training_data_cbow_lr0.05_epochs1_mincount100_ws24_dims300,barfrau,0.6410103440284729
bezaubernde_roxana_training_data_cbow_lr0.05_epochs1_mincount100_ws24_dims300,heilerin,0.6403606534004211
bezaubernde_roxana_training_data_cbow_lr0.05_epochs1_mincount100_ws24_dims300,gefährtin,0.6396235227584839
bezaubernde_roxana_training_data_cbow_lr0.05_epochs1_mincount100_ws24_dims300,brautmutter,0.6388397216796875
bezaubernde_roxana_training_data_cbow_lr0.05_epochs1_mincount100_ws24_dims300,ehepaar,0.6382384896278381
bezaubernde_roxana_training_data_cbow_lr0.05_epochs1_mincount100_ws24_dims300,bettlerin,0.6381324529647827
bezaubernde_roxana_training_data_cbow_lr0.05_epochs1_mincount100_ws24_dims300,schwiegertochter,0.6381213665008545
bezaubernde_roxana_training_data_cbow_lr0.05_epochs1_mincount100_ws24_dims300,stieftochter,0.6375985145568848
bezaubernde_roxana_training_data_cbow_lr0.05_epochs1_mincount100_ws24_dims300,zahnarzthelferin,0.6363527774810791
bezaubernde_roxana_training_data_cbow_lr0.05_epochs1_mincount100_ws24_dims300,mittvierzigerin,0.6360063552856445
bezaubernde_roxana_training_data_cbow_lr0.05_epochs1_mincount100_ws24_dims300,polizistin,0.6358228325843811
bezaubernde_roxana_training_data_cbow_lr0.05_epochs1_mincount100_ws24_dims300,albanerin,0.6352272033691406
bezaubernde_roxana_training_data_cbow_lr0.05_epochs1_mincount100_ws24_dims300,ehefrauen,0.6351990699768066
bezaubernde_roxana_training_data_cbow_lr0.05_epochs1_mincount100_ws24_dims300,araberin,0.6349648833274841
bezaubernde_roxana_training_data_cbow_lr0.05_epochs1_mincount100_ws24_dims300,stalkerin,0.6349414587020874
bezaubernde_roxana_training_data_cbow_lr0.05_epochs1_mincount100_ws24_dims300,urmutter,0.6346520781517029
bezaubernde_roxana_training_data_cbow_lr0.05_epochs1_mincount100_ws24_dims300,mutterkuh,0.6339500546455383
bezaubernde_roxana_training_data_cbow_lr0.05_epochs1_mincount100_ws24_dims300,familienmutter,0.6331179738044739
bezaubernde_roxana_training_data_cbow_lr0.05_epochs1_mincount100_ws24_dims300,eucerin,0.6329250335693359
bezaubernde_roxana_training_data_cbow_lr0.05_epochs1_mincount100_ws24_dims300,beifahrerin,0.6321555376052856
bezaubernde_roxana_training_data_cbow_lr0.05_epochs1_mincount100_ws24_dims300,mutterinstinkt,0.6320042610168457
bezaubernde_roxana_training_data_cbow_lr0.05_epochs1_mincount100_ws24_dims300,anwohnerin,0.6317815184593201
