Model,Neighbor,Similarity
reizvoller_khalid_training_data_cbow_lr0.05_epochs1_mincount100_ws6_dims300,femizide,0.8993933796882629
reizvoller_khalid_training_data_cbow_lr0.05_epochs1_mincount100_ws6_dims300,femiziden,0.8075641989707947
reizvoller_khalid_training_data_cbow_lr0.05_epochs1_mincount100_ws6_dims300,frauenmord,0.7733566761016846
reizvoller_khalid_training_data_cbow_lr0.05_epochs1_mincount100_ws6_dims300,frauenmorde,0.7221365571022034
reizvoller_khalid_training_data_cbow_lr0.05_epochs1_mincount100_ws6_dims300,frauenmorden,0.6987593770027161
reizvoller_khalid_training_data_cbow_lr0.05_epochs1_mincount100_ws6_dims300,frauenhass,0.674525260925293
reizvoller_khalid_training_data_cbow_lr0.05_epochs1_mincount100_ws6_dims300,suizid,0.6706845760345459
reizvoller_khalid_training_data_cbow_lr0.05_epochs1_mincount100_ws6_dims300,suizide,0.6641174554824829
reizvoller_khalid_training_data_cbow_lr0.05_epochs1_mincount100_ws6_dims300,sexualmord,0.6422605514526367
reizvoller_khalid_training_data_cbow_lr0.05_epochs1_mincount100_ws6_dims300,gewaltverbrechen,0.6422240138053894
reizvoller_khalid_training_data_cbow_lr0.05_epochs1_mincount100_ws6_dims300,tötungsdelikt,0.6375471949577332
reizvoller_khalid_training_data_cbow_lr0.05_epochs1_mincount100_ws6_dims300,frauenhasser,0.6355905532836914
reizvoller_khalid_training_data_cbow_lr0.05_epochs1_mincount100_ws6_dims300,gewalttat,0.628579318523407
reizvoller_khalid_training_data_cbow_lr0.05_epochs1_mincount100_ws6_dims300,frauenmörder,0.6238182783126831
reizvoller_khalid_training_data_cbow_lr0.05_epochs1_mincount100_ws6_dims300,selbstmord,0.6235694885253906
reizvoller_khalid_training_data_cbow_lr0.05_epochs1_mincount100_ws6_dims300,gewaltverbrechens,0.6206380128860474
reizvoller_khalid_training_data_cbow_lr0.05_epochs1_mincount100_ws6_dims300,sexualverbrechen,0.619396984577179
reizvoller_khalid_training_data_cbow_lr0.05_epochs1_mincount100_ws6_dims300,gewaltdelikt,0.6182133555412292
reizvoller_khalid_training_data_cbow_lr0.05_epochs1_mincount100_ws6_dims300,suiziden,0.6149807572364807
reizvoller_khalid_training_data_cbow_lr0.05_epochs1_mincount100_ws6_dims300,vergewaltigungsopfer,0.6140773296356201
reizvoller_khalid_training_data_cbow_lr0.05_epochs1_mincount100_ws6_dims300,vergewaltigung,0.6129898428916931
reizvoller_khalid_training_data_cbow_lr0.05_epochs1_mincount100_ws6_dims300,sexualdelikt,0.6082155108451843
reizvoller_khalid_training_data_cbow_lr0.05_epochs1_mincount100_ws6_dims300,männergewalt,0.6081855297088623
reizvoller_khalid_training_data_cbow_lr0.05_epochs1_mincount100_ws6_dims300,gewaltvideo,0.6069397330284119
reizvoller_khalid_training_data_cbow_lr0.05_epochs1_mincount100_ws6_dims300,selbstmorde,0.6048860549926758
reizvoller_khalid_training_data_cbow_lr0.05_epochs1_mincount100_ws6_dims300,kindsmord,0.6040226221084595
reizvoller_khalid_training_data_cbow_lr0.05_epochs1_mincount100_ws6_dims300,gewaltexzess,0.5969035625457764
reizvoller_khalid_training_data_cbow_lr0.05_epochs1_mincount100_ws6_dims300,gewaltorgie,0.5954172611236572
reizvoller_khalid_training_data_cbow_lr0.05_epochs1_mincount100_ws6_dims300,selbstmordes,0.5953580141067505
reizvoller_khalid_training_data_cbow_lr0.05_epochs1_mincount100_ws6_dims300,sexualverbrechens,0.5947909951210022
reizvoller_khalid_training_data_cbow_lr0.05_epochs1_mincount100_ws6_dims300,massenvergewaltigung,0.5939403772354126
reizvoller_khalid_training_data_cbow_lr0.05_epochs1_mincount100_ws6_dims300,selbstmordversuch,0.5914841294288635
reizvoller_khalid_training_data_cbow_lr0.05_epochs1_mincount100_ws6_dims300,gewaltopfer,0.5899789929389954
reizvoller_khalid_training_data_cbow_lr0.05_epochs1_mincount100_ws6_dims300,gewaltakt,0.58894944190979
reizvoller_khalid_training_data_cbow_lr0.05_epochs1_mincount100_ws6_dims300,tötungsdelikte,0.5886310338973999
reizvoller_khalid_training_data_cbow_lr0.05_epochs1_mincount100_ws6_dims300,vergewaltigungsversuch,0.5882279276847839
reizvoller_khalid_training_data_cbow_lr0.05_epochs1_mincount100_ws6_dims300,vergewaltiger,0.587766706943512
reizvoller_khalid_training_data_cbow_lr0.05_epochs1_mincount100_ws6_dims300,suizids,0.5860828757286072
reizvoller_khalid_training_data_cbow_lr0.05_epochs1_mincount100_ws6_dims300,tötungsdeliktes,0.5856103897094727
reizvoller_khalid_training_data_cbow_lr0.05_epochs1_mincount100_ws6_dims300,mordlust,0.5847831964492798
reizvoller_khalid_training_data_cbow_lr0.05_epochs1_mincount100_ws6_dims300,vergewaltigungsfall,0.5847424864768982
reizvoller_khalid_training_data_cbow_lr0.05_epochs1_mincount100_ws6_dims300,vergewaltigungsopfern,0.5846660733222961
reizvoller_khalid_training_data_cbow_lr0.05_epochs1_mincount100_ws6_dims300,gewaltverbrecher,0.5846437215805054
reizvoller_khalid_training_data_cbow_lr0.05_epochs1_mincount100_ws6_dims300,mädchenmord,0.5844322443008423
reizvoller_khalid_training_data_cbow_lr0.05_epochs1_mincount100_ws6_dims300,vergewaltigungs,0.5833490490913391
reizvoller_khalid_training_data_cbow_lr0.05_epochs1_mincount100_ws6_dims300,kindermord,0.5824958682060242
reizvoller_khalid_training_data_cbow_lr0.05_epochs1_mincount100_ws6_dims300,suizidversuch,0.5804415941238403
reizvoller_khalid_training_data_cbow_lr0.05_epochs1_mincount100_ws6_dims300,mordmotiv,0.580198347568512
reizvoller_khalid_training_data_cbow_lr0.05_epochs1_mincount100_ws6_dims300,frauenhand,0.5798584818840027
reizvoller_khalid_training_data_cbow_lr0.05_epochs1_mincount100_ws6_dims300,hassverbrechen,0.5793704986572266
reizvoller_khalid_training_data_cbow_lr0.05_epochs1_mincount100_ws6_dims300,mordtat,0.5790594220161438
reizvoller_khalid_training_data_cbow_lr0.05_epochs1_mincount100_ws6_dims300,ökozid,0.5788825750350952
reizvoller_khalid_training_data_cbow_lr0.05_epochs1_mincount100_ws6_dims300,vergewaltigungen,0.5779399871826172
reizvoller_khalid_training_data_cbow_lr0.05_epochs1_mincount100_ws6_dims300,sexualstraftat,0.576800525188446
reizvoller_khalid_training_data_cbow_lr0.05_epochs1_mincount100_ws6_dims300,gewalttäter,0.5767679214477539
reizvoller_khalid_training_data_cbow_lr0.05_epochs1_mincount100_ws6_dims300,massenmord,0.5761645436286926
reizvoller_khalid_training_data_cbow_lr0.05_epochs1_mincount100_ws6_dims300,mordversuch,0.575651228427887
reizvoller_khalid_training_data_cbow_lr0.05_epochs1_mincount100_ws6_dims300,morde,0.5749371647834778
reizvoller_khalid_training_data_cbow_lr0.05_epochs1_mincount100_ws6_dims300,vergewaltigungsvorwurf,0.5746116638183594
reizvoller_khalid_training_data_cbow_lr0.05_epochs1_mincount100_ws6_dims300,vergewaltigungsopfers,0.5739926099777222
reizvoller_khalid_training_data_cbow_lr0.05_epochs1_mincount100_ws6_dims300,mordurteil,0.5729914307594299
reizvoller_khalid_training_data_cbow_lr0.05_epochs1_mincount100_ws6_dims300,gewaltbeziehung,0.5727629661560059
reizvoller_khalid_training_data_cbow_lr0.05_epochs1_mincount100_ws6_dims300,mordversuches,0.5725257396697998
reizvoller_khalid_training_data_cbow_lr0.05_epochs1_mincount100_ws6_dims300,vergewaltigungsfälle,0.5709794759750366
reizvoller_khalid_training_data_cbow_lr0.05_epochs1_mincount100_ws6_dims300,sexualtäter,0.568715512752533
reizvoller_khalid_training_data_cbow_lr0.05_epochs1_mincount100_ws6_dims300,selbstmordversuche,0.5676202774047852
reizvoller_khalid_training_data_cbow_lr0.05_epochs1_mincount100_ws6_dims300,tötungsdelikts,0.567540168762207
reizvoller_khalid_training_data_cbow_lr0.05_epochs1_mincount100_ws6_dims300,gewalttätige,0.5673750042915344
reizvoller_khalid_training_data_cbow_lr0.05_epochs1_mincount100_ws6_dims300,tötungsdelikten,0.5669907927513123
reizvoller_khalid_training_data_cbow_lr0.05_epochs1_mincount100_ws6_dims300,frauenrechtlerin,0.5659711956977844
reizvoller_khalid_training_data_cbow_lr0.05_epochs1_mincount100_ws6_dims300,vergewaltigt,0.5656251907348633
reizvoller_khalid_training_data_cbow_lr0.05_epochs1_mincount100_ws6_dims300,giftmord,0.5653945207595825
reizvoller_khalid_training_data_cbow_lr0.05_epochs1_mincount100_ws6_dims300,gewaltverherrlichung,0.56532883644104
reizvoller_khalid_training_data_cbow_lr0.05_epochs1_mincount100_ws6_dims300,selbstmords,0.564987301826477
reizvoller_khalid_training_data_cbow_lr0.05_epochs1_mincount100_ws6_dims300,genozid,0.5645121932029724
reizvoller_khalid_training_data_cbow_lr0.05_epochs1_mincount100_ws6_dims300,selbstmorden,0.5644817352294922
reizvoller_khalid_training_data_cbow_lr0.05_epochs1_mincount100_ws6_dims300,morden,0.5644514560699463
reizvoller_khalid_training_data_cbow_lr0.05_epochs1_mincount100_ws6_dims300,gewalttaten,0.5643370747566223
reizvoller_khalid_training_data_cbow_lr0.05_epochs1_mincount100_ws6_dims300,mordtaten,0.5643020868301392
reizvoller_khalid_training_data_cbow_lr0.05_epochs1_mincount100_ws6_dims300,suizidalität,0.5639997124671936
reizvoller_khalid_training_data_cbow_lr0.05_epochs1_mincount100_ws6_dims300,mordfälle,0.56315016746521
reizvoller_khalid_training_data_cbow_lr0.05_epochs1_mincount100_ws6_dims300,mordversuche,0.5631283521652222
reizvoller_khalid_training_data_cbow_lr0.05_epochs1_mincount100_ws6_dims300,judenmord,0.5625805258750916
reizvoller_khalid_training_data_cbow_lr0.05_epochs1_mincount100_ws6_dims300,gewaltproblem,0.5623378753662109
reizvoller_khalid_training_data_cbow_lr0.05_epochs1_mincount100_ws6_dims300,vergewaltigern,0.5620216131210327
reizvoller_khalid_training_data_cbow_lr0.05_epochs1_mincount100_ws6_dims300,frauenarmut,0.5615708827972412
reizvoller_khalid_training_data_cbow_lr0.05_epochs1_mincount100_ws6_dims300,frauenmangel,0.5614415407180786
reizvoller_khalid_training_data_cbow_lr0.05_epochs1_mincount100_ws6_dims300,gewalt,0.5608819723129272
reizvoller_khalid_training_data_cbow_lr0.05_epochs1_mincount100_ws6_dims300,massenvergewaltigungen,0.5595371127128601
reizvoller_khalid_training_data_cbow_lr0.05_epochs1_mincount100_ws6_dims300,vergewaltigungsprozess,0.5587731599807739
reizvoller_khalid_training_data_cbow_lr0.05_epochs1_mincount100_ws6_dims300,gewaltausbruch,0.5560896396636963
reizvoller_khalid_training_data_cbow_lr0.05_epochs1_mincount100_ws6_dims300,sexualverbrecher,0.5557635426521301
reizvoller_khalid_training_data_cbow_lr0.05_epochs1_mincount100_ws6_dims300,gruppenvergewaltigung,0.5555635690689087
reizvoller_khalid_training_data_cbow_lr0.05_epochs1_mincount100_ws6_dims300,suizidrate,0.5544843077659607
reizvoller_khalid_training_data_cbow_lr0.05_epochs1_mincount100_ws6_dims300,frauenfeind,0.5543732047080994
reizvoller_khalid_training_data_cbow_lr0.05_epochs1_mincount100_ws6_dims300,gewaltvideos,0.5542078018188477
reizvoller_khalid_training_data_cbow_lr0.05_epochs1_mincount100_ws6_dims300,drogenmissbrauch,0.5540525317192078
reizvoller_khalid_training_data_cbow_lr0.05_epochs1_mincount100_ws6_dims300,genitalverstümmelung,0.5534563064575195
reizvoller_khalid_training_data_cbow_lr0.05_epochs1_mincount100_ws6_dims300,frauenhandel,0.5531122088432312
reizvoller_khalid_training_data_cbow_lr0.05_epochs1_mincount100_ws6_dims300,sexualdelikte,0.5529966354370117
aktiver_vasilije_training_data_lower_cbow_lr0.05_epochs1_mincount10_ws5_dims300,femizide,0.9004979729652405
aktiver_vasilije_training_data_lower_cbow_lr0.05_epochs1_mincount10_ws5_dims300,femizids,0.898565948009491
aktiver_vasilije_training_data_lower_cbow_lr0.05_epochs1_mincount10_ws5_dims300,femiziden,0.8074691295623779
aktiver_vasilije_training_data_lower_cbow_lr0.05_epochs1_mincount10_ws5_dims300,frauenmord,0.7703942060470581
aktiver_vasilije_training_data_lower_cbow_lr0.05_epochs1_mincount10_ws5_dims300,feminizide,0.7626117467880249
aktiver_vasilije_training_data_lower_cbow_lr0.05_epochs1_mincount10_ws5_dims300,frauenmords,0.7443156838417053
aktiver_vasilije_training_data_lower_cbow_lr0.05_epochs1_mincount10_ws5_dims300,frauenmorde,0.7251002788543701
aktiver_vasilije_training_data_lower_cbow_lr0.05_epochs1_mincount10_ws5_dims300,frauenmordes,0.7129845023155212
aktiver_vasilije_training_data_lower_cbow_lr0.05_epochs1_mincount10_ws5_dims300,frauenmorden,0.6935489773750305
aktiver_vasilije_training_data_lower_cbow_lr0.05_epochs1_mincount10_ws5_dims300,fememorde,0.6723073124885559
aktiver_vasilije_training_data_lower_cbow_lr0.05_epochs1_mincount10_ws5_dims300,frauenmordserie,0.6636226773262024
aktiver_vasilije_training_data_lower_cbow_lr0.05_epochs1_mincount10_ws5_dims300,suizid,0.6625044941902161
aktiver_vasilije_training_data_lower_cbow_lr0.05_epochs1_mincount10_ws5_dims300,frauenhass,0.6620662808418274
aktiver_vasilije_training_data_lower_cbow_lr0.05_epochs1_mincount10_ws5_dims300,frauenraub,0.6610907316207886
aktiver_vasilije_training_data_lower_cbow_lr0.05_epochs1_mincount10_ws5_dims300,doppelsuizid,0.6527414917945862
aktiver_vasilije_training_data_lower_cbow_lr0.05_epochs1_mincount10_ws5_dims300,femibion,0.6473463773727417
aktiver_vasilije_training_data_lower_cbow_lr0.05_epochs1_mincount10_ws5_dims300,frauenmörder,0.641533613204956
aktiver_vasilije_training_data_lower_cbow_lr0.05_epochs1_mincount10_ws5_dims300,massensuizid,0.6415314674377441
aktiver_vasilije_training_data_lower_cbow_lr0.05_epochs1_mincount10_ws5_dims300,frauengewalt,0.6404569149017334
aktiver_vasilije_training_data_lower_cbow_lr0.05_epochs1_mincount10_ws5_dims300,sexualmord,0.6309854984283447
aktiver_vasilije_training_data_lower_cbow_lr0.05_epochs1_mincount10_ws5_dims300,frauenmörders,0.6295531988143921
aktiver_vasilije_training_data_lower_cbow_lr0.05_epochs1_mincount10_ws5_dims300,fetozid,0.6289886832237244
aktiver_vasilije_training_data_lower_cbow_lr0.05_epochs1_mincount10_ws5_dims300,suizide,0.6272011399269104
aktiver_vasilije_training_data_lower_cbow_lr0.05_epochs1_mincount10_ws5_dims300,frauenhasses,0.6242324709892273
aktiver_vasilije_training_data_lower_cbow_lr0.05_epochs1_mincount10_ws5_dims300,sexualmorde,0.6231769323348999
aktiver_vasilije_training_data_lower_cbow_lr0.05_epochs1_mincount10_ws5_dims300,frauenkrimi,0.6217191219329834
aktiver_vasilije_training_data_lower_cbow_lr0.05_epochs1_mincount10_ws5_dims300,frauenhasser,0.6204476952552795
aktiver_vasilije_training_data_lower_cbow_lr0.05_epochs1_mincount10_ws5_dims300,femicide,0.6202108860015869
aktiver_vasilije_training_data_lower_cbow_lr0.05_epochs1_mincount10_ws5_dims300,femi,0.6199328899383545
aktiver_vasilije_training_data_lower_cbow_lr0.05_epochs1_mincount10_ws5_dims300,männergewalt,0.6139225959777832
aktiver_vasilije_training_data_lower_cbow_lr0.05_epochs1_mincount10_ws5_dims300,suizides,0.6108598113059998
aktiver_vasilije_training_data_lower_cbow_lr0.05_epochs1_mincount10_ws5_dims300,feminisme,0.6103149652481079
aktiver_vasilije_training_data_lower_cbow_lr0.05_epochs1_mincount10_ws5_dims300,mädchenmord,0.6084995865821838
aktiver_vasilije_training_data_lower_cbow_lr0.05_epochs1_mincount10_ws5_dims300,selbstmord,0.608355700969696
aktiver_vasilije_training_data_lower_cbow_lr0.05_epochs1_mincount10_ws5_dims300,kindesmord,0.6065215468406677
aktiver_vasilije_training_data_lower_cbow_lr0.05_epochs1_mincount10_ws5_dims300,sexualgewalt,0.6058675646781921
aktiver_vasilije_training_data_lower_cbow_lr0.05_epochs1_mincount10_ws5_dims300,frauenhetz,0.6042492985725403
aktiver_vasilije_training_data_lower_cbow_lr0.05_epochs1_mincount10_ws5_dims300,sexmord,0.6039801836013794
aktiver_vasilije_training_data_lower_cbow_lr0.05_epochs1_mincount10_ws5_dims300,mädchenmorde,0.6036534905433655
aktiver_vasilije_training_data_lower_cbow_lr0.05_epochs1_mincount10_ws5_dims300,suizids,0.6023368239402771
aktiver_vasilije_training_data_lower_cbow_lr0.05_epochs1_mincount10_ws5_dims300,tötungsdelikt,0.6003788113594055
aktiver_vasilije_training_data_lower_cbow_lr0.05_epochs1_mincount10_ws5_dims300,kindsmord,0.5997150540351868
aktiver_vasilije_training_data_lower_cbow_lr0.05_epochs1_mincount10_ws5_dims300,feminism,0.5969356298446655
aktiver_vasilije_training_data_lower_cbow_lr0.05_epochs1_mincount10_ws5_dims300,muttermord,0.5946347117424011
aktiver_vasilije_training_data_lower_cbow_lr0.05_epochs1_mincount10_ws5_dims300,suizidfall,0.5936377048492432
aktiver_vasilije_training_data_lower_cbow_lr0.05_epochs1_mincount10_ws5_dims300,sexualmordes,0.5933331251144409
aktiver_vasilije_training_data_lower_cbow_lr0.05_epochs1_mincount10_ws5_dims300,kindermord,0.592676043510437
aktiver_vasilije_training_data_lower_cbow_lr0.05_epochs1_mincount10_ws5_dims300,frauenhand,0.5917314887046814
aktiver_vasilije_training_data_lower_cbow_lr0.05_epochs1_mincount10_ws5_dims300,prostituiertenmord,0.5914342999458313
aktiver_vasilije_training_data_lower_cbow_lr0.05_epochs1_mincount10_ws5_dims300,gewalttat,0.590701699256897
aktiver_vasilije_training_data_lower_cbow_lr0.05_epochs1_mincount10_ws5_dims300,kindsmorde,0.5895602703094482
aktiver_vasilije_training_data_lower_cbow_lr0.05_epochs1_mincount10_ws5_dims300,frauendiskriminierung,0.5891348123550415
aktiver_vasilije_training_data_lower_cbow_lr0.05_epochs1_mincount10_ws5_dims300,vergewaltigungsdrama,0.5876469612121582
aktiver_vasilije_training_data_lower_cbow_lr0.05_epochs1_mincount10_ws5_dims300,zid,0.5875290036201477
aktiver_vasilije_training_data_lower_cbow_lr0.05_epochs1_mincount10_ws5_dims300,gewalttäterin,0.5874512195587158
aktiver_vasilije_training_data_lower_cbow_lr0.05_epochs1_mincount10_ws5_dims300,frauenphänomen,0.5866650342941284
aktiver_vasilije_training_data_lower_cbow_lr0.05_epochs1_mincount10_ws5_dims300,feministiskt,0.5861762762069702
aktiver_vasilije_training_data_lower_cbow_lr0.05_epochs1_mincount10_ws5_dims300,frauenakt,0.585355281829834
aktiver_vasilije_training_data_lower_cbow_lr0.05_epochs1_mincount10_ws5_dims300,feminismus,0.5850151181221008
aktiver_vasilije_training_data_lower_cbow_lr0.05_epochs1_mincount10_ws5_dims300,mordtat,0.5844084024429321
aktiver_vasilije_training_data_lower_cbow_lr0.05_epochs1_mincount10_ws5_dims300,suiziden,0.5835030674934387
aktiver_vasilije_training_data_lower_cbow_lr0.05_epochs1_mincount10_ws5_dims300,terrormord,0.5829954743385315
aktiver_vasilije_training_data_lower_cbow_lr0.05_epochs1_mincount10_ws5_dims300,pezid,0.5823366045951843
aktiver_vasilije_training_data_lower_cbow_lr0.05_epochs1_mincount10_ws5_dims300,sexualverbrechen,0.58170485496521
aktiver_vasilije_training_data_lower_cbow_lr0.05_epochs1_mincount10_ws5_dims300,selbstmorde,0.5810269713401794
aktiver_vasilije_training_data_lower_cbow_lr0.05_epochs1_mincount10_ws5_dims300,frauenaktivistin,0.5808286666870117
aktiver_vasilije_training_data_lower_cbow_lr0.05_epochs1_mincount10_ws5_dims300,vergewaltigungskultur,0.5801824927330017
aktiver_vasilije_training_data_lower_cbow_lr0.05_epochs1_mincount10_ws5_dims300,genozid,0.5798983573913574
aktiver_vasilije_training_data_lower_cbow_lr0.05_epochs1_mincount10_ws5_dims300,vergewaltigungsszene,0.5798752903938293
aktiver_vasilije_training_data_lower_cbow_lr0.05_epochs1_mincount10_ws5_dims300,vergewaltigungsdroge,0.5793485641479492
aktiver_vasilije_training_data_lower_cbow_lr0.05_epochs1_mincount10_ws5_dims300,frauenrechtsaktivistin,0.5792219638824463
aktiver_vasilije_training_data_lower_cbow_lr0.05_epochs1_mincount10_ws5_dims300,gewaltverbrechen,0.5791544318199158
aktiver_vasilije_training_data_lower_cbow_lr0.05_epochs1_mincount10_ws5_dims300,giftmord,0.5791442394256592
aktiver_vasilije_training_data_lower_cbow_lr0.05_epochs1_mincount10_ws5_dims300,frauentötungen,0.5790990591049194
aktiver_vasilije_training_data_lower_cbow_lr0.05_epochs1_mincount10_ws5_dims300,frauenhaarfarn,0.5779562592506409
aktiver_vasilije_training_data_lower_cbow_lr0.05_epochs1_mincount10_ws5_dims300,gewaltbegriff,0.5779297351837158
aktiver_vasilije_training_data_lower_cbow_lr0.05_epochs1_mincount10_ws5_dims300,prostituiertenmorde,0.5771679878234863
aktiver_vasilije_training_data_lower_cbow_lr0.05_epochs1_mincount10_ws5_dims300,haltdergewalt,0.5771259069442749
aktiver_vasilije_training_data_lower_cbow_lr0.05_epochs1_mincount10_ws5_dims300,mädchenmorden,0.5768880248069763
aktiver_vasilije_training_data_lower_cbow_lr0.05_epochs1_mincount10_ws5_dims300,suizidserie,0.5768771767616272
aktiver_vasilije_training_data_lower_cbow_lr0.05_epochs1_mincount10_ws5_dims300,sextat,0.5768654346466064
aktiver_vasilije_training_data_lower_cbow_lr0.05_epochs1_mincount10_ws5_dims300,frauenfeind,0.5758872032165527
aktiver_vasilije_training_data_lower_cbow_lr0.05_epochs1_mincount10_ws5_dims300,giftmorde,0.5756826400756836
aktiver_vasilije_training_data_lower_cbow_lr0.05_epochs1_mincount10_ws5_dims300,journalistinnenmord,0.5756809711456299
aktiver_vasilije_training_data_lower_cbow_lr0.05_epochs1_mincount10_ws5_dims300,frauenkrimis,0.5744112133979797
aktiver_vasilije_training_data_lower_cbow_lr0.05_epochs1_mincount10_ws5_dims300,teenagermord,0.5743246078491211
aktiver_vasilije_training_data_lower_cbow_lr0.05_epochs1_mincount10_ws5_dims300,geschlechtergewalt,0.5742026567459106
aktiver_vasilije_training_data_lower_cbow_lr0.05_epochs1_mincount10_ws5_dims300,urgewalt,0.5740359425544739
aktiver_vasilije_training_data_lower_cbow_lr0.05_epochs1_mincount10_ws5_dims300,sexualverbrechens,0.5737560987472534
aktiver_vasilije_training_data_lower_cbow_lr0.05_epochs1_mincount10_ws5_dims300,sexualdelikt,0.5737018585205078
aktiver_vasilije_training_data_lower_cbow_lr0.05_epochs1_mincount10_ws5_dims300,cybergewalt,0.5736390948295593
aktiver_vasilije_training_data_lower_cbow_lr0.05_epochs1_mincount10_ws5_dims300,gewaltverbrechens,0.5736202597618103
aktiver_vasilije_training_data_lower_cbow_lr0.05_epochs1_mincount10_ws5_dims300,massenselbstmord,0.5731837749481201
aktiver_vasilije_training_data_lower_cbow_lr0.05_epochs1_mincount10_ws5_dims300,judenmord,0.5730946660041809
aktiver_vasilije_training_data_lower_cbow_lr0.05_epochs1_mincount10_ws5_dims300,gewaltvorfall,0.5729708671569824
aktiver_vasilije_training_data_lower_cbow_lr0.05_epochs1_mincount10_ws5_dims300,frauendiskriminierend,0.5724959373474121
aktiver_vasilije_training_data_lower_cbow_lr0.05_epochs1_mincount10_ws5_dims300,suizidopfer,0.5721959471702576
aktiver_vasilije_training_data_lower_cbow_lr0.05_epochs1_mincount10_ws5_dims300,vergewaltigung,0.5709712505340576
aktiver_vasilije_training_data_lower_cbow_lr0.05_epochs1_mincount10_ws5_dims300,frauenname,0.570921003818512
aktiver_vasilije_training_data_lower_cbow_lr0.05_epochs1_mincount10_ws5_dims300,frauendrama,0.569907009601593
muntere_ashley_training_data_lower_cbow_lr0.05_epochs1_mincount5_ws12_dims300,femizide,0.9220982193946838
muntere_ashley_training_data_lower_cbow_lr0.05_epochs1_mincount5_ws12_dims300,femizids,0.9052292108535767
muntere_ashley_training_data_lower_cbow_lr0.05_epochs1_mincount5_ws12_dims300,feminizid,0.8484868407249451
muntere_ashley_training_data_lower_cbow_lr0.05_epochs1_mincount5_ws12_dims300,femiziden,0.8253857493400574
muntere_ashley_training_data_lower_cbow_lr0.05_epochs1_mincount5_ws12_dims300,frauenmord,0.7880125045776367
muntere_ashley_training_data_lower_cbow_lr0.05_epochs1_mincount5_ws12_dims300,feminizide,0.7874731421470642
muntere_ashley_training_data_lower_cbow_lr0.05_epochs1_mincount5_ws12_dims300,frauenmords,0.7594695687294006
muntere_ashley_training_data_lower_cbow_lr0.05_epochs1_mincount5_ws12_dims300,frauenmorde,0.7501707077026367
muntere_ashley_training_data_lower_cbow_lr0.05_epochs1_mincount5_ws12_dims300,frauenmordes,0.7349626421928406
muntere_ashley_training_data_lower_cbow_lr0.05_epochs1_mincount5_ws12_dims300,frauenmorden,0.7195666432380676
muntere_ashley_training_data_lower_cbow_lr0.05_epochs1_mincount5_ws12_dims300,fememord,0.7007701992988586
muntere_ashley_training_data_lower_cbow_lr0.05_epochs1_mincount5_ws12_dims300,wizid,0.6913171410560608
muntere_ashley_training_data_lower_cbow_lr0.05_epochs1_mincount5_ws12_dims300,frauenmordserie,0.6835487484931946
muntere_ashley_training_data_lower_cbow_lr0.05_epochs1_mincount5_ws12_dims300,fememorde,0.6796215772628784
muntere_ashley_training_data_lower_cbow_lr0.05_epochs1_mincount5_ws12_dims300,frauenmordrate,0.6765967607498169
muntere_ashley_training_data_lower_cbow_lr0.05_epochs1_mincount5_ws12_dims300,männermord,0.6709805130958557
muntere_ashley_training_data_lower_cbow_lr0.05_epochs1_mincount5_ws12_dims300,frauenhass,0.6699840426445007
muntere_ashley_training_data_lower_cbow_lr0.05_epochs1_mincount5_ws12_dims300,femicide,0.6686102151870728
muntere_ashley_training_data_lower_cbow_lr0.05_epochs1_mincount5_ws12_dims300,frauengewalt,0.664932131767273
muntere_ashley_training_data_lower_cbow_lr0.05_epochs1_mincount5_ws12_dims300,femis,0.662032425403595
muntere_ashley_training_data_lower_cbow_lr0.05_epochs1_mincount5_ws12_dims300,frauenmörder,0.6538931131362915
muntere_ashley_training_data_lower_cbow_lr0.05_epochs1_mincount5_ws12_dims300,männergewalt,0.6490803956985474
muntere_ashley_training_data_lower_cbow_lr0.05_epochs1_mincount5_ws12_dims300,intimizid,0.6464276313781738
muntere_ashley_training_data_lower_cbow_lr0.05_epochs1_mincount5_ws12_dims300,frauenraub,0.6415938138961792
muntere_ashley_training_data_lower_cbow_lr0.05_epochs1_mincount5_ws12_dims300,frauenmörders,0.6387133598327637
muntere_ashley_training_data_lower_cbow_lr0.05_epochs1_mincount5_ws12_dims300,frauenhasser,0.6341792941093445
muntere_ashley_training_data_lower_cbow_lr0.05_epochs1_mincount5_ws12_dims300,femi,0.6333563327789307
muntere_ashley_training_data_lower_cbow_lr0.05_epochs1_mincount5_ws12_dims300,sexualgewalt,0.6304254531860352
muntere_ashley_training_data_lower_cbow_lr0.05_epochs1_mincount5_ws12_dims300,neonatizid,0.627871036529541
muntere_ashley_training_data_lower_cbow_lr0.05_epochs1_mincount5_ws12_dims300,femibion,0.627758800983429
muntere_ashley_training_data_lower_cbow_lr0.05_epochs1_mincount5_ws12_dims300,sexualmorde,0.6274548768997192
muntere_ashley_training_data_lower_cbow_lr0.05_epochs1_mincount5_ws12_dims300,sexualmord,0.6259190440177917
muntere_ashley_training_data_lower_cbow_lr0.05_epochs1_mincount5_ws12_dims300,femin,0.6255142092704773
muntere_ashley_training_data_lower_cbow_lr0.05_epochs1_mincount5_ws12_dims300,doppelsuizid,0.6209802031517029
muntere_ashley_training_data_lower_cbow_lr0.05_epochs1_mincount5_ws12_dims300,schwangerenmord,0.6196311712265015
muntere_ashley_training_data_lower_cbow_lr0.05_epochs1_mincount5_ws12_dims300,frauenhasses,0.6160675883293152
muntere_ashley_training_data_lower_cbow_lr0.05_epochs1_mincount5_ws12_dims300,hassmord,0.6149969696998596
muntere_ashley_training_data_lower_cbow_lr0.05_epochs1_mincount5_ws12_dims300,frauenhassern,0.6133469343185425
muntere_ashley_training_data_lower_cbow_lr0.05_epochs1_mincount5_ws12_dims300,suizide,0.6131047010421753
muntere_ashley_training_data_lower_cbow_lr0.05_epochs1_mincount5_ws12_dims300,suizid,0.6128593683242798
muntere_ashley_training_data_lower_cbow_lr0.05_epochs1_mincount5_ws12_dims300,frauenhassende,0.6126877069473267
muntere_ashley_training_data_lower_cbow_lr0.05_epochs1_mincount5_ws12_dims300,frauenmassaker,0.6120656728744507
muntere_ashley_training_data_lower_cbow_lr0.05_epochs1_mincount5_ws12_dims300,mädchenmorde,0.6112390160560608
muntere_ashley_training_data_lower_cbow_lr0.05_epochs1_mincount5_ws12_dims300,feminisms,0.6096898317337036
muntere_ashley_training_data_lower_cbow_lr0.05_epochs1_mincount5_ws12_dims300,mädchenmord,0.6087552309036255
muntere_ashley_training_data_lower_cbow_lr0.05_epochs1_mincount5_ws12_dims300,frauenrechtsaktivistin,0.6081151366233826
muntere_ashley_training_data_lower_cbow_lr0.05_epochs1_mincount5_ws12_dims300,massensuizid,0.6076599359512329
muntere_ashley_training_data_lower_cbow_lr0.05_epochs1_mincount5_ws12_dims300,sexmord,0.6076427102088928
muntere_ashley_training_data_lower_cbow_lr0.05_epochs1_mincount5_ws12_dims300,feminisme,0.6058885455131531
muntere_ashley_training_data_lower_cbow_lr0.05_epochs1_mincount5_ws12_dims300,männermordende,0.6057839393615723
muntere_ashley_training_data_lower_cbow_lr0.05_epochs1_mincount5_ws12_dims300,fetozid,0.6052014231681824
muntere_ashley_training_data_lower_cbow_lr0.05_epochs1_mincount5_ws12_dims300,frauenleid,0.6049359440803528
muntere_ashley_training_data_lower_cbow_lr0.05_epochs1_mincount5_ws12_dims300,frauenrechtlerin,0.6016189455986023
muntere_ashley_training_data_lower_cbow_lr0.05_epochs1_mincount5_ws12_dims300,feministiskt,0.6013829708099365
muntere_ashley_training_data_lower_cbow_lr0.05_epochs1_mincount5_ws12_dims300,sexualmorden,0.6013628244400024
muntere_ashley_training_data_lower_cbow_lr0.05_epochs1_mincount5_ws12_dims300,geschlechtergewalt,0.6011127233505249
muntere_ashley_training_data_lower_cbow_lr0.05_epochs1_mincount5_ws12_dims300,männermorden,0.601020097732544
muntere_ashley_training_data_lower_cbow_lr0.05_epochs1_mincount5_ws12_dims300,frauenrechtsikone,0.6001542210578918
muntere_ashley_training_data_lower_cbow_lr0.05_epochs1_mincount5_ws12_dims300,frauentötungen,0.5998609066009521
muntere_ashley_training_data_lower_cbow_lr0.05_epochs1_mincount5_ws12_dims300,frauenaktivistin,0.5983999371528625
muntere_ashley_training_data_lower_cbow_lr0.05_epochs1_mincount5_ws12_dims300,männermordendes,0.5977779626846313
muntere_ashley_training_data_lower_cbow_lr0.05_epochs1_mincount5_ws12_dims300,frauenkrimi,0.5968797206878662
muntere_ashley_training_data_lower_cbow_lr0.05_epochs1_mincount5_ws12_dims300,mädchenmordfall,0.5968786478042603
muntere_ashley_training_data_lower_cbow_lr0.05_epochs1_mincount5_ws12_dims300,frauenmit,0.5968604683876038
muntere_ashley_training_data_lower_cbow_lr0.05_epochs1_mincount5_ws12_dims300,vergewaltigungsszene,0.5967391133308411
muntere_ashley_training_data_lower_cbow_lr0.05_epochs1_mincount5_ws12_dims300,frauenkiller,0.5962923765182495
muntere_ashley_training_data_lower_cbow_lr0.05_epochs1_mincount5_ws12_dims300,suizidszene,0.5950150489807129
muntere_ashley_training_data_lower_cbow_lr0.05_epochs1_mincount5_ws12_dims300,frauenrechtsaktivistinnen,0.5930823087692261
muntere_ashley_training_data_lower_cbow_lr0.05_epochs1_mincount5_ws12_dims300,feminism,0.5930250883102417
muntere_ashley_training_data_lower_cbow_lr0.05_epochs1_mincount5_ws12_dims300,frauenporno,0.5927993059158325
muntere_ashley_training_data_lower_cbow_lr0.05_epochs1_mincount5_ws12_dims300,feministinnen,0.592651903629303
muntere_ashley_training_data_lower_cbow_lr0.05_epochs1_mincount5_ws12_dims300,sexualmords,0.5913088321685791
muntere_ashley_training_data_lower_cbow_lr0.05_epochs1_mincount5_ws12_dims300,intimizide,0.590808629989624
muntere_ashley_training_data_lower_cbow_lr0.05_epochs1_mincount5_ws12_dims300,frauendie,0.5903649926185608
muntere_ashley_training_data_lower_cbow_lr0.05_epochs1_mincount5_ws12_dims300,feminis,0.5902283787727356
muntere_ashley_training_data_lower_cbow_lr0.05_epochs1_mincount5_ws12_dims300,haltdergewalt,0.590176522731781
muntere_ashley_training_data_lower_cbow_lr0.05_epochs1_mincount5_ws12_dims300,frauenhetz,0.5899021625518799
muntere_ashley_training_data_lower_cbow_lr0.05_epochs1_mincount5_ws12_dims300,frauenhaarfarn,0.5898236036300659
muntere_ashley_training_data_lower_cbow_lr0.05_epochs1_mincount5_ws12_dims300,feministin,0.5897145867347717
muntere_ashley_training_data_lower_cbow_lr0.05_epochs1_mincount5_ws12_dims300,muttermord,0.589643657207489
muntere_ashley_training_data_lower_cbow_lr0.05_epochs1_mincount5_ws12_dims300,frauenakt,0.5894060730934143
muntere_ashley_training_data_lower_cbow_lr0.05_epochs1_mincount5_ws12_dims300,zazid,0.5893980264663696
muntere_ashley_training_data_lower_cbow_lr0.05_epochs1_mincount5_ws12_dims300,suzid,0.5880388617515564
muntere_ashley_training_data_lower_cbow_lr0.05_epochs1_mincount5_ws12_dims300,antifeministin,0.5868264436721802
muntere_ashley_training_data_lower_cbow_lr0.05_epochs1_mincount5_ws12_dims300,algizide,0.5864121317863464
muntere_ashley_training_data_lower_cbow_lr0.05_epochs1_mincount5_ws12_dims300,frauenim,0.5863184332847595
muntere_ashley_training_data_lower_cbow_lr0.05_epochs1_mincount5_ws12_dims300,frauenmode,0.5860222578048706
muntere_ashley_training_data_lower_cbow_lr0.05_epochs1_mincount5_ws12_dims300,frauenaktivistinnen,0.5857581496238708
muntere_ashley_training_data_lower_cbow_lr0.05_epochs1_mincount5_ws12_dims300,vergewaltigungsbegriff,0.585331380367279
muntere_ashley_training_data_lower_cbow_lr0.05_epochs1_mincount5_ws12_dims300,vergewaltigungsdroge,0.5853281021118164
muntere_ashley_training_data_lower_cbow_lr0.05_epochs1_mincount5_ws12_dims300,mädchenmorden,0.5846723914146423
muntere_ashley_training_data_lower_cbow_lr0.05_epochs1_mincount5_ws12_dims300,sexualmordes,0.5844821929931641
muntere_ashley_training_data_lower_cbow_lr0.05_epochs1_mincount5_ws12_dims300,frauenhals,0.5843233466148376
muntere_ashley_training_data_lower_cbow_lr0.05_epochs1_mincount5_ws12_dims300,gewalttäterin,0.5842324495315552
muntere_ashley_training_data_lower_cbow_lr0.05_epochs1_mincount5_ws12_dims300,frauenin,0.5842204689979553
muntere_ashley_training_data_lower_cbow_lr0.05_epochs1_mincount5_ws12_dims300,frauenkram,0.5829992294311523
muntere_ashley_training_data_lower_cbow_lr0.05_epochs1_mincount5_ws12_dims300,frauenhand,0.5829876065254211
muntere_ashley_training_data_lower_cbow_lr0.05_epochs1_mincount5_ws12_dims300,frauenrechtskämpferin,0.5823081135749817
muntere_ashley_training_data_lower_cbow_lr0.05_epochs1_mincount5_ws12_dims300,frauenund,0.5823006629943848
muntere_ashley_training_data_lower_cbow_lr0.05_epochs1_mincount5_ws12_dims300,frauenhort,0.5821324586868286
grantiger_baris_training_data_lower_cbow_lr0.05_epochs1_mincount10_ws24_dims300,femizids,0.9281558990478516
grantiger_baris_training_data_lower_cbow_lr0.05_epochs1_mincount10_ws24_dims300,femizide,0.9254856705665588
grantiger_baris_training_data_lower_cbow_lr0.05_epochs1_mincount10_ws24_dims300,femiziden,0.839194118976593
grantiger_baris_training_data_lower_cbow_lr0.05_epochs1_mincount10_ws24_dims300,frauenmord,0.7710311412811279
grantiger_baris_training_data_lower_cbow_lr0.05_epochs1_mincount10_ws24_dims300,feminizide,0.7627963423728943
grantiger_baris_training_data_lower_cbow_lr0.05_epochs1_mincount10_ws24_dims300,frauenmords,0.7490587830543518
grantiger_baris_training_data_lower_cbow_lr0.05_epochs1_mincount10_ws24_dims300,frauenmorde,0.7447121143341064
grantiger_baris_training_data_lower_cbow_lr0.05_epochs1_mincount10_ws24_dims300,frauenmordes,0.7377660274505615
grantiger_baris_training_data_lower_cbow_lr0.05_epochs1_mincount10_ws24_dims300,frauenmorden,0.7154635190963745
grantiger_baris_training_data_lower_cbow_lr0.05_epochs1_mincount10_ws24_dims300,frauenhass,0.675012469291687
grantiger_baris_training_data_lower_cbow_lr0.05_epochs1_mincount10_ws24_dims300,femi,0.6726878881454468
grantiger_baris_training_data_lower_cbow_lr0.05_epochs1_mincount10_ws24_dims300,frauenmordserie,0.6726866364479065
grantiger_baris_training_data_lower_cbow_lr0.05_epochs1_mincount10_ws24_dims300,frauengewalt,0.6560291051864624
grantiger_baris_training_data_lower_cbow_lr0.05_epochs1_mincount10_ws24_dims300,fememorde,0.6422529816627502
grantiger_baris_training_data_lower_cbow_lr0.05_epochs1_mincount10_ws24_dims300,femibion,0.6335855722427368
grantiger_baris_training_data_lower_cbow_lr0.05_epochs1_mincount10_ws24_dims300,frauenmörders,0.630930483341217
grantiger_baris_training_data_lower_cbow_lr0.05_epochs1_mincount10_ws24_dims300,femicide,0.6299769282341003
grantiger_baris_training_data_lower_cbow_lr0.05_epochs1_mincount10_ws24_dims300,frauenmörder,0.6298025250434875
grantiger_baris_training_data_lower_cbow_lr0.05_epochs1_mincount10_ws24_dims300,frauenhasser,0.6279082298278809
grantiger_baris_training_data_lower_cbow_lr0.05_epochs1_mincount10_ws24_dims300,frauenraub,0.6277709007263184
grantiger_baris_training_data_lower_cbow_lr0.05_epochs1_mincount10_ws24_dims300,männergewalt,0.6232301592826843
grantiger_baris_training_data_lower_cbow_lr0.05_epochs1_mincount10_ws24_dims300,frauenaktivistin,0.6115832328796387
grantiger_baris_training_data_lower_cbow_lr0.05_epochs1_mincount10_ws24_dims300,frauenhasses,0.6106259822845459
grantiger_baris_training_data_lower_cbow_lr0.05_epochs1_mincount10_ws24_dims300,frauenhand,0.6070914268493652
grantiger_baris_training_data_lower_cbow_lr0.05_epochs1_mincount10_ws24_dims300,frauentötungen,0.6061493158340454
grantiger_baris_training_data_lower_cbow_lr0.05_epochs1_mincount10_ws24_dims300,frauenin,0.6043703556060791
grantiger_baris_training_data_lower_cbow_lr0.05_epochs1_mincount10_ws24_dims300,frauenaktivistinnen,0.6019081473350525
grantiger_baris_training_data_lower_cbow_lr0.05_epochs1_mincount10_ws24_dims300,frauenund,0.6017758250236511
grantiger_baris_training_data_lower_cbow_lr0.05_epochs1_mincount10_ws24_dims300,frauenhetz,0.6014624238014221
grantiger_baris_training_data_lower_cbow_lr0.05_epochs1_mincount10_ws24_dims300,feminisme,0.5999835133552551
grantiger_baris_training_data_lower_cbow_lr0.05_epochs1_mincount10_ws24_dims300,frauenrechtsaktivistin,0.5980225801467896
grantiger_baris_training_data_lower_cbow_lr0.05_epochs1_mincount10_ws24_dims300,frauenrings,0.5924049615859985
grantiger_baris_training_data_lower_cbow_lr0.05_epochs1_mincount10_ws24_dims300,frauenhaar,0.591346800327301
grantiger_baris_training_data_lower_cbow_lr0.05_epochs1_mincount10_ws24_dims300,frauenrechtsaktivist_innen,0.589423418045044
grantiger_baris_training_data_lower_cbow_lr0.05_epochs1_mincount10_ws24_dims300,frauenring,0.5881865620613098
grantiger_baris_training_data_lower_cbow_lr0.05_epochs1_mincount10_ws24_dims300,frauenrechtsaktivistinnen,0.5865266919136047
grantiger_baris_training_data_lower_cbow_lr0.05_epochs1_mincount10_ws24_dims300,frauenakte,0.5845507979393005
grantiger_baris_training_data_lower_cbow_lr0.05_epochs1_mincount10_ws24_dims300,frauenim,0.5845403671264648
grantiger_baris_training_data_lower_cbow_lr0.05_epochs1_mincount10_ws24_dims300,feminist_innen,0.5844965577125549
grantiger_baris_training_data_lower_cbow_lr0.05_epochs1_mincount10_ws24_dims300,geschlechtergewalt,0.584456205368042
grantiger_baris_training_data_lower_cbow_lr0.05_epochs1_mincount10_ws24_dims300,femidom,0.5843714475631714
grantiger_baris_training_data_lower_cbow_lr0.05_epochs1_mincount10_ws24_dims300,frauenakt,0.5836421847343445
grantiger_baris_training_data_lower_cbow_lr0.05_epochs1_mincount10_ws24_dims300,feministin,0.5831066966056824
grantiger_baris_training_data_lower_cbow_lr0.05_epochs1_mincount10_ws24_dims300,feministiskt,0.5830278992652893
grantiger_baris_training_data_lower_cbow_lr0.05_epochs1_mincount10_ws24_dims300,feministinnen,0.5829209685325623
grantiger_baris_training_data_lower_cbow_lr0.05_epochs1_mincount10_ws24_dims300,antifeministin,0.5823748707771301
grantiger_baris_training_data_lower_cbow_lr0.05_epochs1_mincount10_ws24_dims300,sexualgewalt,0.58165043592453
grantiger_baris_training_data_lower_cbow_lr0.05_epochs1_mincount10_ws24_dims300,femina,0.5813497304916382
grantiger_baris_training_data_lower_cbow_lr0.05_epochs1_mincount10_ws24_dims300,feminism,0.5805675387382507
grantiger_baris_training_data_lower_cbow_lr0.05_epochs1_mincount10_ws24_dims300,sexualmorde,0.5802531242370605
grantiger_baris_training_data_lower_cbow_lr0.05_epochs1_mincount10_ws24_dims300,frauenmode,0.5799984931945801
grantiger_baris_training_data_lower_cbow_lr0.05_epochs1_mincount10_ws24_dims300,frauenhaarfarn,0.5798569321632385
grantiger_baris_training_data_lower_cbow_lr0.05_epochs1_mincount10_ws24_dims300,frauenrechtlerin,0.5794508457183838
grantiger_baris_training_data_lower_cbow_lr0.05_epochs1_mincount10_ws24_dims300,mädchenmorde,0.5792208909988403
grantiger_baris_training_data_lower_cbow_lr0.05_epochs1_mincount10_ws24_dims300,unterfrauenhaid,0.5761487483978271
grantiger_baris_training_data_lower_cbow_lr0.05_epochs1_mincount10_ws24_dims300,frauentrios,0.5746942162513733
grantiger_baris_training_data_lower_cbow_lr0.05_epochs1_mincount10_ws24_dims300,frauenhaut,0.5733686685562134
grantiger_baris_training_data_lower_cbow_lr0.05_epochs1_mincount10_ws24_dims300,frauenkrimi,0.5724881291389465
grantiger_baris_training_data_lower_cbow_lr0.05_epochs1_mincount10_ws24_dims300,sexualmord,0.5723269581794739
grantiger_baris_training_data_lower_cbow_lr0.05_epochs1_mincount10_ws24_dims300,mädchenmord,0.5722656846046448
grantiger_baris_training_data_lower_cbow_lr0.05_epochs1_mincount10_ws24_dims300,frauenklo,0.571474015712738
grantiger_baris_training_data_lower_cbow_lr0.05_epochs1_mincount10_ws24_dims300,frauenheim,0.5706671476364136
grantiger_baris_training_data_lower_cbow_lr0.05_epochs1_mincount10_ws24_dims300,frauenfeind,0.5686944723129272
grantiger_baris_training_data_lower_cbow_lr0.05_epochs1_mincount10_ws24_dims300,männermordende,0.5684213638305664
grantiger_baris_training_data_lower_cbow_lr0.05_epochs1_mincount10_ws24_dims300,antifeministinnen,0.5683173537254333
grantiger_baris_training_data_lower_cbow_lr0.05_epochs1_mincount10_ws24_dims300,femitale,0.5675350427627563
grantiger_baris_training_data_lower_cbow_lr0.05_epochs1_mincount10_ws24_dims300,frauenhintern,0.5656638741493225
grantiger_baris_training_data_lower_cbow_lr0.05_epochs1_mincount10_ws24_dims300,antifeminist_innen,0.5653190612792969
grantiger_baris_training_data_lower_cbow_lr0.05_epochs1_mincount10_ws24_dims300,feminismen,0.5638444423675537
grantiger_baris_training_data_lower_cbow_lr0.05_epochs1_mincount10_ws24_dims300,frauendrama,0.5637328624725342
grantiger_baris_training_data_lower_cbow_lr0.05_epochs1_mincount10_ws24_dims300,frauenhandel,0.5624175667762756
grantiger_baris_training_data_lower_cbow_lr0.05_epochs1_mincount10_ws24_dims300,frauenikone,0.5622060894966125
grantiger_baris_training_data_lower_cbow_lr0.05_epochs1_mincount10_ws24_dims300,frauenmonat,0.5618939995765686
grantiger_baris_training_data_lower_cbow_lr0.05_epochs1_mincount10_ws24_dims300,frauenrat,0.5599596500396729
grantiger_baris_training_data_lower_cbow_lr0.05_epochs1_mincount10_ws24_dims300,frauenname,0.5598036050796509
grantiger_baris_training_data_lower_cbow_lr0.05_epochs1_mincount10_ws24_dims300,feminin,0.5597185492515564
grantiger_baris_training_data_lower_cbow_lr0.05_epochs1_mincount10_ws24_dims300,frauenfang,0.559282124042511
grantiger_baris_training_data_lower_cbow_lr0.05_epochs1_mincount10_ws24_dims300,frauenmund,0.5586958527565002
grantiger_baris_training_data_lower_cbow_lr0.05_epochs1_mincount10_ws24_dims300,frauenrecht,0.5582197308540344
grantiger_baris_training_data_lower_cbow_lr0.05_epochs1_mincount10_ws24_dims300,suizid,0.5582135915756226
grantiger_baris_training_data_lower_cbow_lr0.05_epochs1_mincount10_ws24_dims300,frauentitel,0.5580193400382996
grantiger_baris_training_data_lower_cbow_lr0.05_epochs1_mincount10_ws24_dims300,frauenlose,0.5576533079147339
grantiger_baris_training_data_lower_cbow_lr0.05_epochs1_mincount10_ws24_dims300,frauenrechtlerinnen,0.5574302077293396
grantiger_baris_training_data_lower_cbow_lr0.05_epochs1_mincount10_ws24_dims300,frauendiskriminierend,0.5572085380554199
grantiger_baris_training_data_lower_cbow_lr0.05_epochs1_mincount10_ws24_dims300,frauenriege,0.5567978024482727
grantiger_baris_training_data_lower_cbow_lr0.05_epochs1_mincount10_ws24_dims300,frauenkollektiv,0.5558479428291321
grantiger_baris_training_data_lower_cbow_lr0.05_epochs1_mincount10_ws24_dims300,frauenrechtsgruppe,0.5555769801139832
grantiger_baris_training_data_lower_cbow_lr0.05_epochs1_mincount10_ws24_dims300,frauenkram,0.5552757978439331
grantiger_baris_training_data_lower_cbow_lr0.05_epochs1_mincount10_ws24_dims300,frauenherz,0.5547490119934082
grantiger_baris_training_data_lower_cbow_lr0.05_epochs1_mincount10_ws24_dims300,frauentrio,0.5543277263641357
grantiger_baris_training_data_lower_cbow_lr0.05_epochs1_mincount10_ws24_dims300,gewalttäterinnen,0.554230272769928
grantiger_baris_training_data_lower_cbow_lr0.05_epochs1_mincount10_ws24_dims300,frauentyp,0.5540212392807007
grantiger_baris_training_data_lower_cbow_lr0.05_epochs1_mincount10_ws24_dims300,frauenmangel,0.5539859533309937
grantiger_baris_training_data_lower_cbow_lr0.05_epochs1_mincount10_ws24_dims300,frauenrechts,0.553786039352417
grantiger_baris_training_data_lower_cbow_lr0.05_epochs1_mincount10_ws24_dims300,feministinnengruppe,0.5535111427307129
grantiger_baris_training_data_lower_cbow_lr0.05_epochs1_mincount10_ws24_dims300,frauenthal,0.5530117154121399
grantiger_baris_training_data_lower_cbow_lr0.05_epochs1_mincount10_ws24_dims300,frauenfeld,0.5529431700706482
grantiger_baris_training_data_lower_cbow_lr0.05_epochs1_mincount10_ws24_dims300,frauenhänden,0.5525055527687073
grantiger_baris_training_data_lower_cbow_lr0.05_epochs1_mincount10_ws24_dims300,frauenrechtler_innen,0.5524957776069641
grantiger_baris_training_data_lower_cbow_lr0.05_epochs1_mincount10_ws24_dims300,doppelsuizid,0.5522065162658691
angeregte_friederike_training_data_cbow_lr0.05_epochs1_mincount5_ws24_dims300,femizide,0.9220467805862427
angeregte_friederike_training_data_cbow_lr0.05_epochs1_mincount5_ws24_dims300,femizids,0.9184138178825378
angeregte_friederike_training_data_cbow_lr0.05_epochs1_mincount5_ws24_dims300,femiziden,0.826764702796936
angeregte_friederike_training_data_cbow_lr0.05_epochs1_mincount5_ws24_dims300,feminizid,0.8242254853248596
angeregte_friederike_training_data_cbow_lr0.05_epochs1_mincount5_ws24_dims300,frauenmord,0.7817423939704895
angeregte_friederike_training_data_cbow_lr0.05_epochs1_mincount5_ws24_dims300,feminizide,0.755565345287323
angeregte_friederike_training_data_cbow_lr0.05_epochs1_mincount5_ws24_dims300,frauenmordes,0.7475170493125916
angeregte_friederike_training_data_cbow_lr0.05_epochs1_mincount5_ws24_dims300,frauenmorde,0.7432520389556885
angeregte_friederike_training_data_cbow_lr0.05_epochs1_mincount5_ws24_dims300,frauenmords,0.7404899597167969
angeregte_friederike_training_data_cbow_lr0.05_epochs1_mincount5_ws24_dims300,frauenmorden,0.7054236531257629
angeregte_friederike_training_data_cbow_lr0.05_epochs1_mincount5_ws24_dims300,intimizid,0.6768593788146973
angeregte_friederike_training_data_cbow_lr0.05_epochs1_mincount5_ws24_dims300,wizid,0.6724387407302856
angeregte_friederike_training_data_cbow_lr0.05_epochs1_mincount5_ws24_dims300,frauenmordserie,0.6689794063568115
angeregte_friederike_training_data_cbow_lr0.05_epochs1_mincount5_ws24_dims300,frauenhass,0.6654937863349915
angeregte_friederike_training_data_cbow_lr0.05_epochs1_mincount5_ws24_dims300,frauenmordrate,0.6632793545722961
angeregte_friederike_training_data_cbow_lr0.05_epochs1_mincount5_ws24_dims300,fememord,0.6563386917114258
angeregte_friederike_training_data_cbow_lr0.05_epochs1_mincount5_ws24_dims300,frauenhasser,0.6382545232772827
angeregte_friederike_training_data_cbow_lr0.05_epochs1_mincount5_ws24_dims300,frauenmörder,0.6306949853897095
angeregte_friederike_training_data_cbow_lr0.05_epochs1_mincount5_ws24_dims300,männermord,0.6262052655220032
angeregte_friederike_training_data_cbow_lr0.05_epochs1_mincount5_ws24_dims300,frauenhassern,0.6209707260131836
angeregte_friederike_training_data_cbow_lr0.05_epochs1_mincount5_ws24_dims300,intimizide,0.620766818523407
angeregte_friederike_training_data_cbow_lr0.05_epochs1_mincount5_ws24_dims300,frauenmörders,0.617669403553009
angeregte_friederike_training_data_cbow_lr0.05_epochs1_mincount5_ws24_dims300,suizid,0.617077648639679
angeregte_friederike_training_data_cbow_lr0.05_epochs1_mincount5_ws24_dims300,doppelsuizid,0.6164298057556152
angeregte_friederike_training_data_cbow_lr0.05_epochs1_mincount5_ws24_dims300,frauenhasses,0.6147685050964355
angeregte_friederike_training_data_cbow_lr0.05_epochs1_mincount5_ws24_dims300,fememorde,0.614073634147644
angeregte_friederike_training_data_cbow_lr0.05_epochs1_mincount5_ws24_dims300,massensuizid,0.6051520705223083
angeregte_friederike_training_data_cbow_lr0.05_epochs1_mincount5_ws24_dims300,frauengewalt,0.6027165651321411
angeregte_friederike_training_data_cbow_lr0.05_epochs1_mincount5_ws24_dims300,suizide,0.6024386286735535
angeregte_friederike_training_data_cbow_lr0.05_epochs1_mincount5_ws24_dims300,frauenmassaker,0.6020561456680298
angeregte_friederike_training_data_cbow_lr0.05_epochs1_mincount5_ws24_dims300,neonatizid,0.5997079610824585
angeregte_friederike_training_data_cbow_lr0.05_epochs1_mincount5_ws24_dims300,frauenraub,0.5963240265846252
angeregte_friederike_training_data_cbow_lr0.05_epochs1_mincount5_ws24_dims300,femin,0.5957377552986145
angeregte_friederike_training_data_cbow_lr0.05_epochs1_mincount5_ws24_dims300,femibion,0.5929060578346252
angeregte_friederike_training_data_cbow_lr0.05_epochs1_mincount5_ws24_dims300,femi,0.5923988819122314
angeregte_friederike_training_data_cbow_lr0.05_epochs1_mincount5_ws24_dims300,suizid,0.5920926928520203
angeregte_friederike_training_data_cbow_lr0.05_epochs1_mincount5_ws24_dims300,schwangerenmord,0.5883787274360657
angeregte_friederike_training_data_cbow_lr0.05_epochs1_mincount5_ws24_dims300,hassmord,0.5865859389305115
angeregte_friederike_training_data_cbow_lr0.05_epochs1_mincount5_ws24_dims300,femidom,0.5837201476097107
angeregte_friederike_training_data_cbow_lr0.05_epochs1_mincount5_ws24_dims300,frauenhose,0.5826461315155029
angeregte_friederike_training_data_cbow_lr0.05_epochs1_mincount5_ws24_dims300,frauenleid,0.5805249214172363
angeregte_friederike_training_data_cbow_lr0.05_epochs1_mincount5_ws24_dims300,gewalttat,0.5800535082817078
angeregte_friederike_training_data_cbow_lr0.05_epochs1_mincount5_ws24_dims300,suizidopfer,0.5799384117126465
angeregte_friederike_training_data_cbow_lr0.05_epochs1_mincount5_ws24_dims300,sexualmord,0.578640341758728
angeregte_friederike_training_data_cbow_lr0.05_epochs1_mincount5_ws24_dims300,suizidfall,0.5783640146255493
angeregte_friederike_training_data_cbow_lr0.05_epochs1_mincount5_ws24_dims300,frauenkrimi,0.5782209038734436
angeregte_friederike_training_data_cbow_lr0.05_epochs1_mincount5_ws24_dims300,gewalttod,0.5760929584503174
angeregte_friederike_training_data_cbow_lr0.05_epochs1_mincount5_ws24_dims300,frauentötungen,0.5751318335533142
angeregte_friederike_training_data_cbow_lr0.05_epochs1_mincount5_ws24_dims300,mädchenmord,0.5748102068901062
angeregte_friederike_training_data_cbow_lr0.05_epochs1_mincount5_ws24_dims300,algizide,0.5746408104896545
angeregte_friederike_training_data_cbow_lr0.05_epochs1_mincount5_ws24_dims300,frauenhaar,0.5744563341140747
angeregte_friederike_training_data_cbow_lr0.05_epochs1_mincount5_ws24_dims300,femicide,0.5744189023971558
angeregte_friederike_training_data_cbow_lr0.05_epochs1_mincount5_ws24_dims300,gewalttote,0.574077844619751
angeregte_friederike_training_data_cbow_lr0.05_epochs1_mincount5_ws24_dims300,suizids,0.5740599036216736
angeregte_friederike_training_data_cbow_lr0.05_epochs1_mincount5_ws24_dims300,frauenhort,0.5727896690368652
angeregte_friederike_training_data_cbow_lr0.05_epochs1_mincount5_ws24_dims300,suizidanschlag,0.5727853775024414
angeregte_friederike_training_data_cbow_lr0.05_epochs1_mincount5_ws24_dims300,suizidszene,0.5711026787757874
angeregte_friederike_training_data_cbow_lr0.05_epochs1_mincount5_ws24_dims300,gewaltschocker,0.570726752281189
angeregte_friederike_training_data_cbow_lr0.05_epochs1_mincount5_ws24_dims300,suizidtote,0.5705294609069824
angeregte_friederike_training_data_cbow_lr0.05_epochs1_mincount5_ws24_dims300,sexualmorde,0.569652259349823
angeregte_friederike_training_data_cbow_lr0.05_epochs1_mincount5_ws24_dims300,gewaltthema,0.5691890716552734
angeregte_friederike_training_data_cbow_lr0.05_epochs1_mincount5_ws24_dims300,frauenhaarfarn,0.5687233209609985
angeregte_friederike_training_data_cbow_lr0.05_epochs1_mincount5_ws24_dims300,männergewalt,0.5687164664268494
angeregte_friederike_training_data_cbow_lr0.05_epochs1_mincount5_ws24_dims300,frauenhand,0.5683048367500305
angeregte_friederike_training_data_cbow_lr0.05_epochs1_mincount5_ws24_dims300,mädchenmorde,0.5682659149169922
angeregte_friederike_training_data_cbow_lr0.05_epochs1_mincount5_ws24_dims300,gewaltverbrechen,0.5675895810127258
angeregte_friederike_training_data_cbow_lr0.05_epochs1_mincount5_ws24_dims300,suiziden,0.5670304298400879
angeregte_friederike_training_data_cbow_lr0.05_epochs1_mincount5_ws24_dims300,gewaltverbrechens,0.5668891072273254
angeregte_friederike_training_data_cbow_lr0.05_epochs1_mincount5_ws24_dims300,frauenrechtsaktivistin,0.5646945238113403
angeregte_friederike_training_data_cbow_lr0.05_epochs1_mincount5_ws24_dims300,frauenhals,0.564361572265625
angeregte_friederike_training_data_cbow_lr0.05_epochs1_mincount5_ws24_dims300,frauenmit,0.5642989277839661
angeregte_friederike_training_data_cbow_lr0.05_epochs1_mincount5_ws24_dims300,gewalttäterinnen,0.5635152459144592
angeregte_friederike_training_data_cbow_lr0.05_epochs1_mincount5_ws24_dims300,akarizide,0.563457727432251
angeregte_friederike_training_data_cbow_lr0.05_epochs1_mincount5_ws24_dims300,suizides,0.5628983378410339
angeregte_friederike_training_data_cbow_lr0.05_epochs1_mincount5_ws24_dims300,mädchenmordes,0.5626960396766663
angeregte_friederike_training_data_cbow_lr0.05_epochs1_mincount5_ws24_dims300,suizidtoten,0.561944305896759
angeregte_friederike_training_data_cbow_lr0.05_epochs1_mincount5_ws24_dims300,frauenrechtsikone,0.559876024723053
angeregte_friederike_training_data_cbow_lr0.05_epochs1_mincount5_ws24_dims300,pezid,0.5594372153282166
angeregte_friederike_training_data_cbow_lr0.05_epochs1_mincount5_ws24_dims300,vergewaltigungsdelikt,0.5590593814849854
angeregte_friederike_training_data_cbow_lr0.05_epochs1_mincount5_ws24_dims300,gewalttäterin,0.5590159893035889
angeregte_friederike_training_data_cbow_lr0.05_epochs1_mincount5_ws24_dims300,sexualmordes,0.5583426356315613
angeregte_friederike_training_data_cbow_lr0.05_epochs1_mincount5_ws24_dims300,frauenhetz,0.5555089116096497
angeregte_friederike_training_data_cbow_lr0.05_epochs1_mincount5_ws24_dims300,spermizide,0.5554808378219604
angeregte_friederike_training_data_cbow_lr0.05_epochs1_mincount5_ws24_dims300,frauenhaare,0.555317223072052
angeregte_friederike_training_data_cbow_lr0.05_epochs1_mincount5_ws24_dims300,frauenaktivistin,0.5552359819412231
angeregte_friederike_training_data_cbow_lr0.05_epochs1_mincount5_ws24_dims300,mädchenmordfall,0.5548169612884521
angeregte_friederike_training_data_cbow_lr0.05_epochs1_mincount5_ws24_dims300,fetozid,0.5546504259109497
angeregte_friederike_training_data_cbow_lr0.05_epochs1_mincount5_ws24_dims300,frauenmoschee,0.5543694496154785
angeregte_friederike_training_data_cbow_lr0.05_epochs1_mincount5_ws24_dims300,tötungsdelikt,0.5541818737983704
angeregte_friederike_training_data_cbow_lr0.05_epochs1_mincount5_ws24_dims300,frauenakte,0.5538350343704224
angeregte_friederike_training_data_cbow_lr0.05_epochs1_mincount5_ws24_dims300,frauenakt,0.5529714226722717
angeregte_friederike_training_data_cbow_lr0.05_epochs1_mincount5_ws24_dims300,frauenrechtskämpferin,0.5527949929237366
angeregte_friederike_training_data_cbow_lr0.05_epochs1_mincount5_ws24_dims300,gewaltschuss,0.5525166988372803
angeregte_friederike_training_data_cbow_lr0.05_epochs1_mincount5_ws24_dims300,vergewaltigungsdroge,0.5524709224700928
angeregte_friederike_training_data_cbow_lr0.05_epochs1_mincount5_ws24_dims300,frauenrechtsaktivistinnen,0.5523844957351685
angeregte_friederike_training_data_cbow_lr0.05_epochs1_mincount5_ws24_dims300,frauenhassende,0.5517237782478333
angeregte_friederike_training_data_cbow_lr0.05_epochs1_mincount5_ws24_dims300,feministin,0.5515750050544739
angeregte_friederike_training_data_cbow_lr0.05_epochs1_mincount5_ws24_dims300,gewaltfrei,0.551508903503418
angeregte_friederike_training_data_cbow_lr0.05_epochs1_mincount5_ws24_dims300,frauenhände,0.5514575839042664
angeregte_friederike_training_data_cbow_lr0.05_epochs1_mincount5_ws24_dims300,filizid,0.5504715442657471
lebendige_stella_training_data_cbow_lr0.05_epochs1_mincount50_ws5_dims300,femizide,0.8894298076629639
lebendige_stella_training_data_cbow_lr0.05_epochs1_mincount50_ws5_dims300,femiziden,0.7970291376113892
lebendige_stella_training_data_cbow_lr0.05_epochs1_mincount50_ws5_dims300,frauenmord,0.795637309551239
lebendige_stella_training_data_cbow_lr0.05_epochs1_mincount50_ws5_dims300,frauenmorde,0.7434298396110535
lebendige_stella_training_data_cbow_lr0.05_epochs1_mincount50_ws5_dims300,frauenmorden,0.716036319732666
lebendige_stella_training_data_cbow_lr0.05_epochs1_mincount50_ws5_dims300,frauenhass,0.6710010766983032
lebendige_stella_training_data_cbow_lr0.05_epochs1_mincount50_ws5_dims300,suizid,0.6690975427627563
lebendige_stella_training_data_cbow_lr0.05_epochs1_mincount50_ws5_dims300,sexualmord,0.66154545545578
lebendige_stella_training_data_cbow_lr0.05_epochs1_mincount50_ws5_dims300,frauenmörder,0.6594335436820984
lebendige_stella_training_data_cbow_lr0.05_epochs1_mincount50_ws5_dims300,gewaltdelikt,0.6567278504371643
lebendige_stella_training_data_cbow_lr0.05_epochs1_mincount50_ws5_dims300,tötungsdelikt,0.648267388343811
lebendige_stella_training_data_cbow_lr0.05_epochs1_mincount50_ws5_dims300,gewaltverbrechen,0.6479694247245789
lebendige_stella_training_data_cbow_lr0.05_epochs1_mincount50_ws5_dims300,suizide,0.6432303786277771
lebendige_stella_training_data_cbow_lr0.05_epochs1_mincount50_ws5_dims300,gewalttat,0.6426471471786499
lebendige_stella_training_data_cbow_lr0.05_epochs1_mincount50_ws5_dims300,kindsmord,0.6396605968475342
lebendige_stella_training_data_cbow_lr0.05_epochs1_mincount50_ws5_dims300,kindesmord,0.6388487815856934
lebendige_stella_training_data_cbow_lr0.05_epochs1_mincount50_ws5_dims300,selbstmord,0.6375866532325745
lebendige_stella_training_data_cbow_lr0.05_epochs1_mincount50_ws5_dims300,sexualdelikt,0.6358166933059692
lebendige_stella_training_data_cbow_lr0.05_epochs1_mincount50_ws5_dims300,frauenhasser,0.6316429376602173
lebendige_stella_training_data_cbow_lr0.05_epochs1_mincount50_ws5_dims300,mordurteil,0.6290240287780762
lebendige_stella_training_data_cbow_lr0.05_epochs1_mincount50_ws5_dims300,massenmord,0.6249908804893494
lebendige_stella_training_data_cbow_lr0.05_epochs1_mincount50_ws5_dims300,judenmord,0.6246775984764099
lebendige_stella_training_data_cbow_lr0.05_epochs1_mincount50_ws5_dims300,gewaltverbrecher,0.6234211325645447
lebendige_stella_training_data_cbow_lr0.05_epochs1_mincount50_ws5_dims300,vergewaltigung,0.6227846741676331
lebendige_stella_training_data_cbow_lr0.05_epochs1_mincount50_ws5_dims300,vergewaltigungskultur,0.6221945881843567
lebendige_stella_training_data_cbow_lr0.05_epochs1_mincount50_ws5_dims300,vergewaltigungsversuch,0.6211377382278442
lebendige_stella_training_data_cbow_lr0.05_epochs1_mincount50_ws5_dims300,frauenmörders,0.6210038065910339
lebendige_stella_training_data_cbow_lr0.05_epochs1_mincount50_ws5_dims300,kindermord,0.6204107999801636
lebendige_stella_training_data_cbow_lr0.05_epochs1_mincount50_ws5_dims300,vergewaltigungsszene,0.6194615960121155
lebendige_stella_training_data_cbow_lr0.05_epochs1_mincount50_ws5_dims300,mädchenmord,0.6193666458129883
lebendige_stella_training_data_cbow_lr0.05_epochs1_mincount50_ws5_dims300,sexualverbrechen,0.6185287833213806
lebendige_stella_training_data_cbow_lr0.05_epochs1_mincount50_ws5_dims300,gewaltexzess,0.6175806522369385
lebendige_stella_training_data_cbow_lr0.05_epochs1_mincount50_ws5_dims300,gewaltverbrechens,0.6175398230552673
lebendige_stella_training_data_cbow_lr0.05_epochs1_mincount50_ws5_dims300,sexualstraftat,0.6165883541107178
lebendige_stella_training_data_cbow_lr0.05_epochs1_mincount50_ws5_dims300,vergewaltigungsfall,0.6149678826332092
lebendige_stella_training_data_cbow_lr0.05_epochs1_mincount50_ws5_dims300,männergewalt,0.6144896149635315
lebendige_stella_training_data_cbow_lr0.05_epochs1_mincount50_ws5_dims300,gewaltvideo,0.6140276789665222
lebendige_stella_training_data_cbow_lr0.05_epochs1_mincount50_ws5_dims300,vergewaltigungsopfer,0.6139960885047913
lebendige_stella_training_data_cbow_lr0.05_epochs1_mincount50_ws5_dims300,gewaltvorfälle,0.6133875846862793
lebendige_stella_training_data_cbow_lr0.05_epochs1_mincount50_ws5_dims300,selbstmorde,0.6118112206459045
lebendige_stella_training_data_cbow_lr0.05_epochs1_mincount50_ws5_dims300,gewaltverbrechern,0.6084991097450256
lebendige_stella_training_data_cbow_lr0.05_epochs1_mincount50_ws5_dims300,mordtat,0.6036587953567505
lebendige_stella_training_data_cbow_lr0.05_epochs1_mincount50_ws5_dims300,meuchelmord,0.6035643815994263
lebendige_stella_training_data_cbow_lr0.05_epochs1_mincount50_ws5_dims300,mordlust,0.6023898124694824
lebendige_stella_training_data_cbow_lr0.05_epochs1_mincount50_ws5_dims300,vergewaltigungsvorwurf,0.6022869944572449
lebendige_stella_training_data_cbow_lr0.05_epochs1_mincount50_ws5_dims300,suiziden,0.6015178561210632
lebendige_stella_training_data_cbow_lr0.05_epochs1_mincount50_ws5_dims300,massenvergewaltigung,0.6006141304969788
lebendige_stella_training_data_cbow_lr0.05_epochs1_mincount50_ws5_dims300,gewaltakt,0.597595751285553
lebendige_stella_training_data_cbow_lr0.05_epochs1_mincount50_ws5_dims300,selbstmordversuch,0.5974392294883728
lebendige_stella_training_data_cbow_lr0.05_epochs1_mincount50_ws5_dims300,eifersuchtsmord,0.5970015525817871
lebendige_stella_training_data_cbow_lr0.05_epochs1_mincount50_ws5_dims300,vergewaltigungsserie,0.594682514667511
lebendige_stella_training_data_cbow_lr0.05_epochs1_mincount50_ws5_dims300,hassverbrechen,0.5943382382392883
lebendige_stella_training_data_cbow_lr0.05_epochs1_mincount50_ws5_dims300,vergewaltigungsfälle,0.5923829078674316
lebendige_stella_training_data_cbow_lr0.05_epochs1_mincount50_ws5_dims300,vergewaltigungen,0.5916566252708435
lebendige_stella_training_data_cbow_lr0.05_epochs1_mincount50_ws5_dims300,gewaltopfer,0.5914960503578186
lebendige_stella_training_data_cbow_lr0.05_epochs1_mincount50_ws5_dims300,sexualverbrecher,0.5908656716346741
lebendige_stella_training_data_cbow_lr0.05_epochs1_mincount50_ws5_dims300,gewalttäter,0.5907479524612427
lebendige_stella_training_data_cbow_lr0.05_epochs1_mincount50_ws5_dims300,mordversuch,0.5907232761383057
lebendige_stella_training_data_cbow_lr0.05_epochs1_mincount50_ws5_dims300,cybergewalt,0.590651273727417
lebendige_stella_training_data_cbow_lr0.05_epochs1_mincount50_ws5_dims300,giftmord,0.5901984572410583
lebendige_stella_training_data_cbow_lr0.05_epochs1_mincount50_ws5_dims300,suizidversuch,0.5897666811943054
lebendige_stella_training_data_cbow_lr0.05_epochs1_mincount50_ws5_dims300,genozid,0.5897654891014099
lebendige_stella_training_data_cbow_lr0.05_epochs1_mincount50_ws5_dims300,vergewaltigungs,0.5896896719932556
lebendige_stella_training_data_cbow_lr0.05_epochs1_mincount50_ws5_dims300,gewalttaten,0.589238703250885
lebendige_stella_training_data_cbow_lr0.05_epochs1_mincount50_ws5_dims300,gewaltbeziehung,0.5890495777130127
lebendige_stella_training_data_cbow_lr0.05_epochs1_mincount50_ws5_dims300,mordtaten,0.5888362526893616
lebendige_stella_training_data_cbow_lr0.05_epochs1_mincount50_ws5_dims300,vergewaltiger,0.5884586572647095
lebendige_stella_training_data_cbow_lr0.05_epochs1_mincount50_ws5_dims300,frauenakt,0.5877366065979004
lebendige_stella_training_data_cbow_lr0.05_epochs1_mincount50_ws5_dims300,gewaltorgie,0.5876996517181396
lebendige_stella_training_data_cbow_lr0.05_epochs1_mincount50_ws5_dims300,morde,0.5876961946487427
lebendige_stella_training_data_cbow_lr0.05_epochs1_mincount50_ws5_dims300,tötungsdelikte,0.587336540222168
lebendige_stella_training_data_cbow_lr0.05_epochs1_mincount50_ws5_dims300,sexualstraftaten,0.5866893529891968
lebendige_stella_training_data_cbow_lr0.05_epochs1_mincount50_ws5_dims300,mord,0.5866369605064392
lebendige_stella_training_data_cbow_lr0.05_epochs1_mincount50_ws5_dims300,frauenhand,0.5863201022148132
lebendige_stella_training_data_cbow_lr0.05_epochs1_mincount50_ws5_dims300,gewaltaufruf,0.5860254168510437
lebendige_stella_training_data_cbow_lr0.05_epochs1_mincount50_ws5_dims300,vergewaltigungsopfern,0.5851414799690247
lebendige_stella_training_data_cbow_lr0.05_epochs1_mincount50_ws5_dims300,muttermord,0.5848680138587952
lebendige_stella_training_data_cbow_lr0.05_epochs1_mincount50_ws5_dims300,ökozid,0.5838816165924072
lebendige_stella_training_data_cbow_lr0.05_epochs1_mincount50_ws5_dims300,vergewaltigungsopfers,0.5837886929512024
lebendige_stella_training_data_cbow_lr0.05_epochs1_mincount50_ws5_dims300,doppelselbstmord,0.5836501121520996
lebendige_stella_training_data_cbow_lr0.05_epochs1_mincount50_ws5_dims300,sexualverbrechens,0.5831802487373352
lebendige_stella_training_data_cbow_lr0.05_epochs1_mincount50_ws5_dims300,massenmorde,0.5827488303184509
lebendige_stella_training_data_cbow_lr0.05_epochs1_mincount50_ws5_dims300,selbstmordes,0.5822855234146118
lebendige_stella_training_data_cbow_lr0.05_epochs1_mincount50_ws5_dims300,suizids,0.5817566514015198
lebendige_stella_training_data_cbow_lr0.05_epochs1_mincount50_ws5_dims300,ehrenmord,0.5816670656204224
lebendige_stella_training_data_cbow_lr0.05_epochs1_mincount50_ws5_dims300,vergewaltigungsprozess,0.5813652873039246
lebendige_stella_training_data_cbow_lr0.05_epochs1_mincount50_ws5_dims300,gewaltverherrlichung,0.5804394483566284
lebendige_stella_training_data_cbow_lr0.05_epochs1_mincount50_ws5_dims300,morden,0.5792739987373352
lebendige_stella_training_data_cbow_lr0.05_epochs1_mincount50_ws5_dims300,selbstmords,0.5791464447975159
lebendige_stella_training_data_cbow_lr0.05_epochs1_mincount50_ws5_dims300,selbstmorden,0.5790015459060669
lebendige_stella_training_data_cbow_lr0.05_epochs1_mincount50_ws5_dims300,vergewaltigungsfantasien,0.5786656141281128
lebendige_stella_training_data_cbow_lr0.05_epochs1_mincount50_ws5_dims300,mordfälle,0.5777725577354431
lebendige_stella_training_data_cbow_lr0.05_epochs1_mincount50_ws5_dims300,gewaltproblem,0.5777369737625122
lebendige_stella_training_data_cbow_lr0.05_epochs1_mincount50_ws5_dims300,mordmotiv,0.5762272477149963
lebendige_stella_training_data_cbow_lr0.05_epochs1_mincount50_ws5_dims300,tötungsdeliktes,0.5753792524337769
lebendige_stella_training_data_cbow_lr0.05_epochs1_mincount50_ws5_dims300,messermord,0.5750564336776733
lebendige_stella_training_data_cbow_lr0.05_epochs1_mincount50_ws5_dims300,massenvergewaltigungen,0.5748615264892578
lebendige_stella_training_data_cbow_lr0.05_epochs1_mincount50_ws5_dims300,gruppenvergewaltigung,0.5747222304344177
lebendige_stella_training_data_cbow_lr0.05_epochs1_mincount50_ws5_dims300,serienmord,0.5743310451507568
lebendige_stella_training_data_cbow_lr0.05_epochs1_mincount50_ws5_dims300,gewaltdelikts,0.5733051896095276
brillanter_zoran_training_data_lower_cbow_lr0.05_epochs1_mincount5_ws24_dims300,femizide,0.9285784363746643
brillanter_zoran_training_data_lower_cbow_lr0.05_epochs1_mincount5_ws24_dims300,femizids,0.9252301454544067
brillanter_zoran_training_data_lower_cbow_lr0.05_epochs1_mincount5_ws24_dims300,femiziden,0.8501642942428589
brillanter_zoran_training_data_lower_cbow_lr0.05_epochs1_mincount5_ws24_dims300,feminizid,0.8486276268959045
brillanter_zoran_training_data_lower_cbow_lr0.05_epochs1_mincount5_ws24_dims300,feminizide,0.786376416683197
brillanter_zoran_training_data_lower_cbow_lr0.05_epochs1_mincount5_ws24_dims300,frauenmord,0.7728540301322937
brillanter_zoran_training_data_lower_cbow_lr0.05_epochs1_mincount5_ws24_dims300,frauenmords,0.7594560980796814
brillanter_zoran_training_data_lower_cbow_lr0.05_epochs1_mincount5_ws24_dims300,frauenmorde,0.7551483511924744
brillanter_zoran_training_data_lower_cbow_lr0.05_epochs1_mincount5_ws24_dims300,frauenmordes,0.7330892086029053
brillanter_zoran_training_data_lower_cbow_lr0.05_epochs1_mincount5_ws24_dims300,frauenmorden,0.7205497026443481
brillanter_zoran_training_data_lower_cbow_lr0.05_epochs1_mincount5_ws24_dims300,frauenmordserie,0.6854653358459473
brillanter_zoran_training_data_lower_cbow_lr0.05_epochs1_mincount5_ws24_dims300,frauenhass,0.6799946427345276
brillanter_zoran_training_data_lower_cbow_lr0.05_epochs1_mincount5_ws24_dims300,wizid,0.6743978261947632
brillanter_zoran_training_data_lower_cbow_lr0.05_epochs1_mincount5_ws24_dims300,frauengewalt,0.671515941619873
brillanter_zoran_training_data_lower_cbow_lr0.05_epochs1_mincount5_ws24_dims300,frauenmordrate,0.6670122742652893
brillanter_zoran_training_data_lower_cbow_lr0.05_epochs1_mincount5_ws24_dims300,femi,0.6586387157440186
brillanter_zoran_training_data_lower_cbow_lr0.05_epochs1_mincount5_ws24_dims300,fememorde,0.6558523774147034
brillanter_zoran_training_data_lower_cbow_lr0.05_epochs1_mincount5_ws24_dims300,fememord,0.6537777185440063
brillanter_zoran_training_data_lower_cbow_lr0.05_epochs1_mincount5_ws24_dims300,frauenmörder,0.6530382037162781
brillanter_zoran_training_data_lower_cbow_lr0.05_epochs1_mincount5_ws24_dims300,femicide,0.6430372595787048
brillanter_zoran_training_data_lower_cbow_lr0.05_epochs1_mincount5_ws24_dims300,frauenhasser,0.6418148279190063
brillanter_zoran_training_data_lower_cbow_lr0.05_epochs1_mincount5_ws24_dims300,intimizid,0.6416077017784119
brillanter_zoran_training_data_lower_cbow_lr0.05_epochs1_mincount5_ws24_dims300,femis,0.6400140523910522
brillanter_zoran_training_data_lower_cbow_lr0.05_epochs1_mincount5_ws24_dims300,frauenraub,0.6393347382545471
brillanter_zoran_training_data_lower_cbow_lr0.05_epochs1_mincount5_ws24_dims300,frauenhassende,0.6379878520965576
brillanter_zoran_training_data_lower_cbow_lr0.05_epochs1_mincount5_ws24_dims300,frauenmörders,0.6357321739196777
brillanter_zoran_training_data_lower_cbow_lr0.05_epochs1_mincount5_ws24_dims300,frauenaktivistin,0.629771888256073
brillanter_zoran_training_data_lower_cbow_lr0.05_epochs1_mincount5_ws24_dims300,frauenrechtsaktivistin,0.6271370053291321
brillanter_zoran_training_data_lower_cbow_lr0.05_epochs1_mincount5_ws24_dims300,frauenhassern,0.6266503930091858
brillanter_zoran_training_data_lower_cbow_lr0.05_epochs1_mincount5_ws24_dims300,frauenaktivistinnen,0.6205193400382996
brillanter_zoran_training_data_lower_cbow_lr0.05_epochs1_mincount5_ws24_dims300,frauenhasses,0.6164509654045105
brillanter_zoran_training_data_lower_cbow_lr0.05_epochs1_mincount5_ws24_dims300,frauenrechtsaktivistinnen,0.6156809329986572
brillanter_zoran_training_data_lower_cbow_lr0.05_epochs1_mincount5_ws24_dims300,männergewalt,0.6143323183059692
brillanter_zoran_training_data_lower_cbow_lr0.05_epochs1_mincount5_ws24_dims300,frauenhetz,0.6141211986541748
brillanter_zoran_training_data_lower_cbow_lr0.05_epochs1_mincount5_ws24_dims300,frauenrechtsikone,0.6130247116088867
brillanter_zoran_training_data_lower_cbow_lr0.05_epochs1_mincount5_ws24_dims300,frauenhand,0.6107922196388245
brillanter_zoran_training_data_lower_cbow_lr0.05_epochs1_mincount5_ws24_dims300,femin,0.6081491708755493
brillanter_zoran_training_data_lower_cbow_lr0.05_epochs1_mincount5_ws24_dims300,femibion,0.6072642803192139
brillanter_zoran_training_data_lower_cbow_lr0.05_epochs1_mincount5_ws24_dims300,frauenmit,0.606481671333313
brillanter_zoran_training_data_lower_cbow_lr0.05_epochs1_mincount5_ws24_dims300,frauenleid,0.6060817837715149
brillanter_zoran_training_data_lower_cbow_lr0.05_epochs1_mincount5_ws24_dims300,frauenrechtsaktivist_innen,0.6053000688552856
brillanter_zoran_training_data_lower_cbow_lr0.05_epochs1_mincount5_ws24_dims300,frauenmassaker,0.6049586534500122
brillanter_zoran_training_data_lower_cbow_lr0.05_epochs1_mincount5_ws24_dims300,männermord,0.6021895408630371
brillanter_zoran_training_data_lower_cbow_lr0.05_epochs1_mincount5_ws24_dims300,frauenhassenden,0.5999929308891296
brillanter_zoran_training_data_lower_cbow_lr0.05_epochs1_mincount5_ws24_dims300,feminisme,0.5994266867637634
brillanter_zoran_training_data_lower_cbow_lr0.05_epochs1_mincount5_ws24_dims300,frauenhals,0.5991606712341309
brillanter_zoran_training_data_lower_cbow_lr0.05_epochs1_mincount5_ws24_dims300,feministinnen,0.5973439812660217
brillanter_zoran_training_data_lower_cbow_lr0.05_epochs1_mincount5_ws24_dims300,frauenkrimi,0.596606969833374
brillanter_zoran_training_data_lower_cbow_lr0.05_epochs1_mincount5_ws24_dims300,frauenrechtlerin,0.5965772867202759
brillanter_zoran_training_data_lower_cbow_lr0.05_epochs1_mincount5_ws24_dims300,sexualmorde,0.596527099609375
brillanter_zoran_training_data_lower_cbow_lr0.05_epochs1_mincount5_ws24_dims300,suizid,0.5961056351661682
brillanter_zoran_training_data_lower_cbow_lr0.05_epochs1_mincount5_ws24_dims300,feminis,0.5955222249031067
brillanter_zoran_training_data_lower_cbow_lr0.05_epochs1_mincount5_ws24_dims300,frauenhose,0.5951141715049744
brillanter_zoran_training_data_lower_cbow_lr0.05_epochs1_mincount5_ws24_dims300,frauentötungen,0.5950941443443298
brillanter_zoran_training_data_lower_cbow_lr0.05_epochs1_mincount5_ws24_dims300,feministin,0.5934014916419983
brillanter_zoran_training_data_lower_cbow_lr0.05_epochs1_mincount5_ws24_dims300,mädchenmorde,0.5917852520942688
brillanter_zoran_training_data_lower_cbow_lr0.05_epochs1_mincount5_ws24_dims300,frauenim,0.5917654633522034
brillanter_zoran_training_data_lower_cbow_lr0.05_epochs1_mincount5_ws24_dims300,feminism,0.5916528701782227
brillanter_zoran_training_data_lower_cbow_lr0.05_epochs1_mincount5_ws24_dims300,feminisms,0.5909887552261353
brillanter_zoran_training_data_lower_cbow_lr0.05_epochs1_mincount5_ws24_dims300,frauenmode,0.5891536474227905
brillanter_zoran_training_data_lower_cbow_lr0.05_epochs1_mincount5_ws24_dims300,frauenakte,0.5888908505439758
brillanter_zoran_training_data_lower_cbow_lr0.05_epochs1_mincount5_ws24_dims300,frauendie,0.5888875722885132
brillanter_zoran_training_data_lower_cbow_lr0.05_epochs1_mincount5_ws24_dims300,doppelsuizid,0.5877128839492798
brillanter_zoran_training_data_lower_cbow_lr0.05_epochs1_mincount5_ws24_dims300,frauenin,0.5866986513137817
brillanter_zoran_training_data_lower_cbow_lr0.05_epochs1_mincount5_ws24_dims300,frauenakt,0.5856131911277771
brillanter_zoran_training_data_lower_cbow_lr0.05_epochs1_mincount5_ws24_dims300,frauenclique,0.5846158862113953
brillanter_zoran_training_data_lower_cbow_lr0.05_epochs1_mincount5_ws24_dims300,frauenhort,0.5844820737838745
brillanter_zoran_training_data_lower_cbow_lr0.05_epochs1_mincount5_ws24_dims300,intimizide,0.5839205980300903
brillanter_zoran_training_data_lower_cbow_lr0.05_epochs1_mincount5_ws24_dims300,feminstinnen,0.58306485414505
brillanter_zoran_training_data_lower_cbow_lr0.05_epochs1_mincount5_ws24_dims300,femina,0.5828490853309631
brillanter_zoran_training_data_lower_cbow_lr0.05_epochs1_mincount5_ws24_dims300,femidom,0.5825386047363281
brillanter_zoran_training_data_lower_cbow_lr0.05_epochs1_mincount5_ws24_dims300,frauenrechtskampagnen,0.5812764763832092
brillanter_zoran_training_data_lower_cbow_lr0.05_epochs1_mincount5_ws24_dims300,frauenporno,0.5806756615638733
brillanter_zoran_training_data_lower_cbow_lr0.05_epochs1_mincount5_ws24_dims300,frauenhaarfarn,0.5805476307868958
brillanter_zoran_training_data_lower_cbow_lr0.05_epochs1_mincount5_ws24_dims300,frauenund,0.5795494318008423
brillanter_zoran_training_data_lower_cbow_lr0.05_epochs1_mincount5_ws24_dims300,frauenkiller,0.5791722536087036
brillanter_zoran_training_data_lower_cbow_lr0.05_epochs1_mincount5_ws24_dims300,feminist_innen,0.5789200067520142
brillanter_zoran_training_data_lower_cbow_lr0.05_epochs1_mincount5_ws24_dims300,frauenrecht,0.578754186630249
brillanter_zoran_training_data_lower_cbow_lr0.05_epochs1_mincount5_ws24_dims300,frauenikone,0.5781928300857544
brillanter_zoran_training_data_lower_cbow_lr0.05_epochs1_mincount5_ws24_dims300,geschlechtergewalt,0.5772062540054321
brillanter_zoran_training_data_lower_cbow_lr0.05_epochs1_mincount5_ws24_dims300,suizide,0.5770069360733032
brillanter_zoran_training_data_lower_cbow_lr0.05_epochs1_mincount5_ws24_dims300,suizidszene,0.5769470930099487
brillanter_zoran_training_data_lower_cbow_lr0.05_epochs1_mincount5_ws24_dims300,frauenhintern,0.5769163966178894
brillanter_zoran_training_data_lower_cbow_lr0.05_epochs1_mincount5_ws24_dims300,frauenrechtskämpferin,0.5766252875328064
brillanter_zoran_training_data_lower_cbow_lr0.05_epochs1_mincount5_ws24_dims300,feministiskt,0.5764205455780029
brillanter_zoran_training_data_lower_cbow_lr0.05_epochs1_mincount5_ws24_dims300,sexualgewalt,0.5757614970207214
brillanter_zoran_training_data_lower_cbow_lr0.05_epochs1_mincount5_ws24_dims300,frauenrings,0.5747053623199463
brillanter_zoran_training_data_lower_cbow_lr0.05_epochs1_mincount5_ws24_dims300,feminstin,0.5744166970252991
brillanter_zoran_training_data_lower_cbow_lr0.05_epochs1_mincount5_ws24_dims300,frauennicht,0.5743013024330139
brillanter_zoran_training_data_lower_cbow_lr0.05_epochs1_mincount5_ws24_dims300,frauenring,0.5737761855125427
brillanter_zoran_training_data_lower_cbow_lr0.05_epochs1_mincount5_ws24_dims300,frauenrechtlerinnen,0.5737613439559937
brillanter_zoran_training_data_lower_cbow_lr0.05_epochs1_mincount5_ws24_dims300,sexualmord,0.5734190344810486
brillanter_zoran_training_data_lower_cbow_lr0.05_epochs1_mincount5_ws24_dims300,frauenhaar,0.5734162926673889
brillanter_zoran_training_data_lower_cbow_lr0.05_epochs1_mincount5_ws24_dims300,feminismen,0.5730063319206238
brillanter_zoran_training_data_lower_cbow_lr0.05_epochs1_mincount5_ws24_dims300,antifeministin,0.5729473233222961
brillanter_zoran_training_data_lower_cbow_lr0.05_epochs1_mincount5_ws24_dims300,frauendiskriminierend,0.5728325247764587
brillanter_zoran_training_data_lower_cbow_lr0.05_epochs1_mincount5_ws24_dims300,gewalttäterinnen,0.572513997554779
brillanter_zoran_training_data_lower_cbow_lr0.05_epochs1_mincount5_ws24_dims300,frauenklo,0.5721801519393921
brillanter_zoran_training_data_lower_cbow_lr0.05_epochs1_mincount5_ws24_dims300,frauenmund,0.5700743794441223
brillanter_zoran_training_data_lower_cbow_lr0.05_epochs1_mincount5_ws24_dims300,frauenhänden,0.5696021318435669
kreativer_linus_training_data_lower_cbow_lr0.05_epochs1_mincount10_ws12_dims300,femizide,0.9188774824142456
kreativer_linus_training_data_lower_cbow_lr0.05_epochs1_mincount10_ws12_dims300,femizids,0.9104487299919128
kreativer_linus_training_data_lower_cbow_lr0.05_epochs1_mincount10_ws12_dims300,femiziden,0.8200869560241699
kreativer_linus_training_data_lower_cbow_lr0.05_epochs1_mincount10_ws12_dims300,frauenmord,0.7830720543861389
kreativer_linus_training_data_lower_cbow_lr0.05_epochs1_mincount10_ws12_dims300,feminizide,0.7790967226028442
kreativer_linus_training_data_lower_cbow_lr0.05_epochs1_mincount10_ws12_dims300,frauenmords,0.7671487331390381
kreativer_linus_training_data_lower_cbow_lr0.05_epochs1_mincount10_ws12_dims300,frauenmorde,0.7511297464370728
kreativer_linus_training_data_lower_cbow_lr0.05_epochs1_mincount10_ws12_dims300,frauenmordes,0.7220101356506348
kreativer_linus_training_data_lower_cbow_lr0.05_epochs1_mincount10_ws12_dims300,frauenmorden,0.7116273045539856
kreativer_linus_training_data_lower_cbow_lr0.05_epochs1_mincount10_ws12_dims300,frauenmordserie,0.6917820572853088
kreativer_linus_training_data_lower_cbow_lr0.05_epochs1_mincount10_ws12_dims300,frauenmörder,0.6770352721214294
kreativer_linus_training_data_lower_cbow_lr0.05_epochs1_mincount10_ws12_dims300,fememorde,0.6764698624610901
kreativer_linus_training_data_lower_cbow_lr0.05_epochs1_mincount10_ws12_dims300,frauenhass,0.6747481822967529
kreativer_linus_training_data_lower_cbow_lr0.05_epochs1_mincount10_ws12_dims300,frauenmörders,0.6690167188644409
kreativer_linus_training_data_lower_cbow_lr0.05_epochs1_mincount10_ws12_dims300,frauenraub,0.655495285987854
kreativer_linus_training_data_lower_cbow_lr0.05_epochs1_mincount10_ws12_dims300,frauengewalt,0.6425619721412659
kreativer_linus_training_data_lower_cbow_lr0.05_epochs1_mincount10_ws12_dims300,frauenhasser,0.6387642025947571
kreativer_linus_training_data_lower_cbow_lr0.05_epochs1_mincount10_ws12_dims300,femi,0.6378549933433533
kreativer_linus_training_data_lower_cbow_lr0.05_epochs1_mincount10_ws12_dims300,femicide,0.6336363554000854
kreativer_linus_training_data_lower_cbow_lr0.05_epochs1_mincount10_ws12_dims300,frauenkrimi,0.6255995035171509
kreativer_linus_training_data_lower_cbow_lr0.05_epochs1_mincount10_ws12_dims300,männergewalt,0.6146108508110046
kreativer_linus_training_data_lower_cbow_lr0.05_epochs1_mincount10_ws12_dims300,femibion,0.6123747825622559
kreativer_linus_training_data_lower_cbow_lr0.05_epochs1_mincount10_ws12_dims300,frauenhasses,0.6121150851249695
kreativer_linus_training_data_lower_cbow_lr0.05_epochs1_mincount10_ws12_dims300,feminisme,0.606553316116333
kreativer_linus_training_data_lower_cbow_lr0.05_epochs1_mincount10_ws12_dims300,frauentötungen,0.6031216979026794
kreativer_linus_training_data_lower_cbow_lr0.05_epochs1_mincount10_ws12_dims300,suizid,0.6013694405555725
kreativer_linus_training_data_lower_cbow_lr0.05_epochs1_mincount10_ws12_dims300,frauenhand,0.6001130938529968
kreativer_linus_training_data_lower_cbow_lr0.05_epochs1_mincount10_ws12_dims300,frauenrechtsaktivistin,0.5968225002288818
kreativer_linus_training_data_lower_cbow_lr0.05_epochs1_mincount10_ws12_dims300,frauenhetz,0.5960896611213684
kreativer_linus_training_data_lower_cbow_lr0.05_epochs1_mincount10_ws12_dims300,suizide,0.59601229429245
kreativer_linus_training_data_lower_cbow_lr0.05_epochs1_mincount10_ws12_dims300,feminism,0.5953165292739868
kreativer_linus_training_data_lower_cbow_lr0.05_epochs1_mincount10_ws12_dims300,massensuizid,0.5947660803794861
kreativer_linus_training_data_lower_cbow_lr0.05_epochs1_mincount10_ws12_dims300,frauenhaarfarn,0.5899632573127747
kreativer_linus_training_data_lower_cbow_lr0.05_epochs1_mincount10_ws12_dims300,frauenrechtsaktivistinnen,0.5899073481559753
kreativer_linus_training_data_lower_cbow_lr0.05_epochs1_mincount10_ws12_dims300,doppelsuizid,0.5894940495491028
kreativer_linus_training_data_lower_cbow_lr0.05_epochs1_mincount10_ws12_dims300,frauenfeind,0.5879837274551392
kreativer_linus_training_data_lower_cbow_lr0.05_epochs1_mincount10_ws12_dims300,sexualmorde,0.5871144533157349
kreativer_linus_training_data_lower_cbow_lr0.05_epochs1_mincount10_ws12_dims300,frauenakt,0.5863310694694519
kreativer_linus_training_data_lower_cbow_lr0.05_epochs1_mincount10_ws12_dims300,frauenin,0.5857270956039429
kreativer_linus_training_data_lower_cbow_lr0.05_epochs1_mincount10_ws12_dims300,frauenaktivistin,0.58515465259552
kreativer_linus_training_data_lower_cbow_lr0.05_epochs1_mincount10_ws12_dims300,mädchenmorde,0.584316074848175
kreativer_linus_training_data_lower_cbow_lr0.05_epochs1_mincount10_ws12_dims300,frauenmode,0.583815336227417
kreativer_linus_training_data_lower_cbow_lr0.05_epochs1_mincount10_ws12_dims300,frauenrechtsaktivist_innen,0.5826464891433716
kreativer_linus_training_data_lower_cbow_lr0.05_epochs1_mincount10_ws12_dims300,frauenund,0.5809118747711182
kreativer_linus_training_data_lower_cbow_lr0.05_epochs1_mincount10_ws12_dims300,sexualgewalt,0.5808407068252563
kreativer_linus_training_data_lower_cbow_lr0.05_epochs1_mincount10_ws12_dims300,sexualmord,0.5804018974304199
kreativer_linus_training_data_lower_cbow_lr0.05_epochs1_mincount10_ws12_dims300,frauentitel,0.5782849788665771
kreativer_linus_training_data_lower_cbow_lr0.05_epochs1_mincount10_ws12_dims300,frauenmund,0.5771413445472717
kreativer_linus_training_data_lower_cbow_lr0.05_epochs1_mincount10_ws12_dims300,feministinnen,0.5766831636428833
kreativer_linus_training_data_lower_cbow_lr0.05_epochs1_mincount10_ws12_dims300,frauenfeinde,0.5757604241371155
kreativer_linus_training_data_lower_cbow_lr0.05_epochs1_mincount10_ws12_dims300,frauenaktivistinnen,0.5756082534790039
kreativer_linus_training_data_lower_cbow_lr0.05_epochs1_mincount10_ws12_dims300,männermordende,0.5749667286872864
kreativer_linus_training_data_lower_cbow_lr0.05_epochs1_mincount10_ws12_dims300,frauenkrimis,0.5742865800857544
kreativer_linus_training_data_lower_cbow_lr0.05_epochs1_mincount10_ws12_dims300,frauenim,0.5741366744041443
kreativer_linus_training_data_lower_cbow_lr0.05_epochs1_mincount10_ws12_dims300,mädchenmord,0.5740563869476318
kreativer_linus_training_data_lower_cbow_lr0.05_epochs1_mincount10_ws12_dims300,feministiskt,0.5736709833145142
kreativer_linus_training_data_lower_cbow_lr0.05_epochs1_mincount10_ws12_dims300,frauenhaar,0.571238100528717
kreativer_linus_training_data_lower_cbow_lr0.05_epochs1_mincount10_ws12_dims300,gewalttäterin,0.5707634091377258
kreativer_linus_training_data_lower_cbow_lr0.05_epochs1_mincount10_ws12_dims300,frauenrechtlerin,0.5701371431350708
kreativer_linus_training_data_lower_cbow_lr0.05_epochs1_mincount10_ws12_dims300,männermörderin,0.5695385932922363
kreativer_linus_training_data_lower_cbow_lr0.05_epochs1_mincount10_ws12_dims300,fetozid,0.5690975189208984
kreativer_linus_training_data_lower_cbow_lr0.05_epochs1_mincount10_ws12_dims300,suizidopfer,0.5687813758850098
kreativer_linus_training_data_lower_cbow_lr0.05_epochs1_mincount10_ws12_dims300,frauenring,0.5677503943443298
kreativer_linus_training_data_lower_cbow_lr0.05_epochs1_mincount10_ws12_dims300,mörderinnen,0.5675201416015625
kreativer_linus_training_data_lower_cbow_lr0.05_epochs1_mincount10_ws12_dims300,frauenhintern,0.56662517786026
kreativer_linus_training_data_lower_cbow_lr0.05_epochs1_mincount10_ws12_dims300,frauenakte,0.5663315057754517
kreativer_linus_training_data_lower_cbow_lr0.05_epochs1_mincount10_ws12_dims300,frauenmoschee,0.5660607218742371
kreativer_linus_training_data_lower_cbow_lr0.05_epochs1_mincount10_ws12_dims300,frauenkollektiv,0.5652864575386047
kreativer_linus_training_data_lower_cbow_lr0.05_epochs1_mincount10_ws12_dims300,suizides,0.5639835596084595
kreativer_linus_training_data_lower_cbow_lr0.05_epochs1_mincount10_ws12_dims300,suizids,0.5637122988700867
kreativer_linus_training_data_lower_cbow_lr0.05_epochs1_mincount10_ws12_dims300,gewalttäterinnen,0.5632666945457458
kreativer_linus_training_data_lower_cbow_lr0.05_epochs1_mincount10_ws12_dims300,sexmord,0.5624867677688599
kreativer_linus_training_data_lower_cbow_lr0.05_epochs1_mincount10_ws12_dims300,frauenname,0.5607760548591614
kreativer_linus_training_data_lower_cbow_lr0.05_epochs1_mincount10_ws12_dims300,feministin,0.5600751638412476
kreativer_linus_training_data_lower_cbow_lr0.05_epochs1_mincount10_ws12_dims300,feminismen,0.5593103170394897
kreativer_linus_training_data_lower_cbow_lr0.05_epochs1_mincount10_ws12_dims300,frauenklo,0.5586096048355103
kreativer_linus_training_data_lower_cbow_lr0.05_epochs1_mincount10_ws12_dims300,frauenverachtung,0.5582822561264038
kreativer_linus_training_data_lower_cbow_lr0.05_epochs1_mincount10_ws12_dims300,frauenfang,0.5580742359161377
kreativer_linus_training_data_lower_cbow_lr0.05_epochs1_mincount10_ws12_dims300,feminismus,0.5577626824378967
kreativer_linus_training_data_lower_cbow_lr0.05_epochs1_mincount10_ws12_dims300,frauenphänomen,0.5571584701538086
kreativer_linus_training_data_lower_cbow_lr0.05_epochs1_mincount10_ws12_dims300,sexualmörder,0.5570396780967712
kreativer_linus_training_data_lower_cbow_lr0.05_epochs1_mincount10_ws12_dims300,suiziden,0.5566792488098145
kreativer_linus_training_data_lower_cbow_lr0.05_epochs1_mincount10_ws12_dims300,vergewaltigungsopfer,0.5565128326416016
kreativer_linus_training_data_lower_cbow_lr0.05_epochs1_mincount10_ws12_dims300,opferschützerin,0.55610591173172
kreativer_linus_training_data_lower_cbow_lr0.05_epochs1_mincount10_ws12_dims300,frauenversion,0.5555675625801086
kreativer_linus_training_data_lower_cbow_lr0.05_epochs1_mincount10_ws12_dims300,frauenhände,0.5554284453392029
kreativer_linus_training_data_lower_cbow_lr0.05_epochs1_mincount10_ws12_dims300,frauendemo,0.5553770065307617
kreativer_linus_training_data_lower_cbow_lr0.05_epochs1_mincount10_ws12_dims300,frauenkram,0.555368185043335
kreativer_linus_training_data_lower_cbow_lr0.05_epochs1_mincount10_ws12_dims300,frauenleiche,0.5551917552947998
kreativer_linus_training_data_lower_cbow_lr0.05_epochs1_mincount10_ws12_dims300,frauenhaut,0.5551065802574158
kreativer_linus_training_data_lower_cbow_lr0.05_epochs1_mincount10_ws12_dims300,frauenrings,0.5549995303153992
kreativer_linus_training_data_lower_cbow_lr0.05_epochs1_mincount10_ws12_dims300,unterfrauenhaid,0.554993748664856
kreativer_linus_training_data_lower_cbow_lr0.05_epochs1_mincount10_ws12_dims300,frauenrat,0.5546829700469971
kreativer_linus_training_data_lower_cbow_lr0.05_epochs1_mincount10_ws12_dims300,frauenfeindliches,0.554008424282074
kreativer_linus_training_data_lower_cbow_lr0.05_epochs1_mincount10_ws12_dims300,frauenverachtend,0.5539796948432922
kreativer_linus_training_data_lower_cbow_lr0.05_epochs1_mincount10_ws12_dims300,geschlechtergewalt,0.5539074540138245
kreativer_linus_training_data_lower_cbow_lr0.05_epochs1_mincount10_ws12_dims300,frauenriege,0.5538232326507568
kreativer_linus_training_data_lower_cbow_lr0.05_epochs1_mincount10_ws12_dims300,frauendiskriminierung,0.5531561970710754
kreativer_linus_training_data_lower_cbow_lr0.05_epochs1_mincount10_ws12_dims300,vergewaltigungsszene,0.5530644059181213
kreativer_linus_training_data_lower_cbow_lr0.05_epochs1_mincount10_ws12_dims300,kindsmorde,0.5524476170539856
aktive_eleonore_training_data_lower_cbow_lr0.05_epochs1_mincount50_ws5_dims300,femizide,0.9007865786552429
aktive_eleonore_training_data_lower_cbow_lr0.05_epochs1_mincount50_ws5_dims300,femiziden,0.8026078939437866
aktive_eleonore_training_data_lower_cbow_lr0.05_epochs1_mincount50_ws5_dims300,frauenmord,0.7941325306892395
aktive_eleonore_training_data_lower_cbow_lr0.05_epochs1_mincount50_ws5_dims300,frauenmorde,0.742540180683136
aktive_eleonore_training_data_lower_cbow_lr0.05_epochs1_mincount50_ws5_dims300,frauenmorden,0.7135175466537476
aktive_eleonore_training_data_lower_cbow_lr0.05_epochs1_mincount50_ws5_dims300,suizid,0.6713348627090454
aktive_eleonore_training_data_lower_cbow_lr0.05_epochs1_mincount50_ws5_dims300,sexualmord,0.6636486649513245
aktive_eleonore_training_data_lower_cbow_lr0.05_epochs1_mincount50_ws5_dims300,frauenhass,0.6595314741134644
aktive_eleonore_training_data_lower_cbow_lr0.05_epochs1_mincount50_ws5_dims300,frauenmörder,0.6589831709861755
aktive_eleonore_training_data_lower_cbow_lr0.05_epochs1_mincount50_ws5_dims300,männergewalt,0.6381940841674805
aktive_eleonore_training_data_lower_cbow_lr0.05_epochs1_mincount50_ws5_dims300,suizide,0.6354066729545593
aktive_eleonore_training_data_lower_cbow_lr0.05_epochs1_mincount50_ws5_dims300,kindesmord,0.6320662498474121
aktive_eleonore_training_data_lower_cbow_lr0.05_epochs1_mincount50_ws5_dims300,frauenmörders,0.6313397288322449
aktive_eleonore_training_data_lower_cbow_lr0.05_epochs1_mincount50_ws5_dims300,frauenhasser,0.6283329129219055
aktive_eleonore_training_data_lower_cbow_lr0.05_epochs1_mincount50_ws5_dims300,tötungsdelikt,0.6240959763526917
aktive_eleonore_training_data_lower_cbow_lr0.05_epochs1_mincount50_ws5_dims300,vergewaltigungsszene,0.6217806935310364
aktive_eleonore_training_data_lower_cbow_lr0.05_epochs1_mincount50_ws5_dims300,mädchenmord,0.6143325567245483
aktive_eleonore_training_data_lower_cbow_lr0.05_epochs1_mincount50_ws5_dims300,kindsmord,0.6119511127471924
aktive_eleonore_training_data_lower_cbow_lr0.05_epochs1_mincount50_ws5_dims300,vergewaltigungsopfer,0.6119346022605896
aktive_eleonore_training_data_lower_cbow_lr0.05_epochs1_mincount50_ws5_dims300,gewaltverbrechen,0.6107707619667053
aktive_eleonore_training_data_lower_cbow_lr0.05_epochs1_mincount50_ws5_dims300,femi,0.6091591715812683
aktive_eleonore_training_data_lower_cbow_lr0.05_epochs1_mincount50_ws5_dims300,cybergewalt,0.6085057854652405
aktive_eleonore_training_data_lower_cbow_lr0.05_epochs1_mincount50_ws5_dims300,mordtat,0.6084176301956177
aktive_eleonore_training_data_lower_cbow_lr0.05_epochs1_mincount50_ws5_dims300,kindermord,0.6076567769050598
aktive_eleonore_training_data_lower_cbow_lr0.05_epochs1_mincount50_ws5_dims300,judenmord,0.6059197783470154
aktive_eleonore_training_data_lower_cbow_lr0.05_epochs1_mincount50_ws5_dims300,gewalttat,0.6053056716918945
aktive_eleonore_training_data_lower_cbow_lr0.05_epochs1_mincount50_ws5_dims300,frauenakt,0.6019226312637329
aktive_eleonore_training_data_lower_cbow_lr0.05_epochs1_mincount50_ws5_dims300,sexualverbrechen,0.5989285707473755
aktive_eleonore_training_data_lower_cbow_lr0.05_epochs1_mincount50_ws5_dims300,suizids,0.5986068248748779
aktive_eleonore_training_data_lower_cbow_lr0.05_epochs1_mincount50_ws5_dims300,vergewaltigungsopfers,0.5971769094467163
aktive_eleonore_training_data_lower_cbow_lr0.05_epochs1_mincount50_ws5_dims300,selbstmord,0.597017228603363
aktive_eleonore_training_data_lower_cbow_lr0.05_epochs1_mincount50_ws5_dims300,vergewaltigungskultur,0.59681636095047
aktive_eleonore_training_data_lower_cbow_lr0.05_epochs1_mincount50_ws5_dims300,vergewaltigung,0.5949403643608093
aktive_eleonore_training_data_lower_cbow_lr0.05_epochs1_mincount50_ws5_dims300,sexualdelikt,0.5948622822761536
aktive_eleonore_training_data_lower_cbow_lr0.05_epochs1_mincount50_ws5_dims300,gewaltverbrechens,0.5909658670425415
aktive_eleonore_training_data_lower_cbow_lr0.05_epochs1_mincount50_ws5_dims300,vergewaltigungsserie,0.5903716087341309
aktive_eleonore_training_data_lower_cbow_lr0.05_epochs1_mincount50_ws5_dims300,gewaltdelikt,0.5896781086921692
aktive_eleonore_training_data_lower_cbow_lr0.05_epochs1_mincount50_ws5_dims300,muttermord,0.589042603969574
aktive_eleonore_training_data_lower_cbow_lr0.05_epochs1_mincount50_ws5_dims300,frauenrechtsaktivistin,0.5871525406837463
aktive_eleonore_training_data_lower_cbow_lr0.05_epochs1_mincount50_ws5_dims300,sexualstraftat,0.5871166586875916
aktive_eleonore_training_data_lower_cbow_lr0.05_epochs1_mincount50_ws5_dims300,frauenmode,0.5868237614631653
aktive_eleonore_training_data_lower_cbow_lr0.05_epochs1_mincount50_ws5_dims300,vergewaltigungsopfern,0.5851184725761414
aktive_eleonore_training_data_lower_cbow_lr0.05_epochs1_mincount50_ws5_dims300,suiziden,0.5846236348152161
aktive_eleonore_training_data_lower_cbow_lr0.05_epochs1_mincount50_ws5_dims300,feminism,0.5844414830207825
aktive_eleonore_training_data_lower_cbow_lr0.05_epochs1_mincount50_ws5_dims300,sexualverbrechens,0.5833521485328674
aktive_eleonore_training_data_lower_cbow_lr0.05_epochs1_mincount50_ws5_dims300,sexualtäter,0.5818261504173279
aktive_eleonore_training_data_lower_cbow_lr0.05_epochs1_mincount50_ws5_dims300,zid,0.5813673138618469
aktive_eleonore_training_data_lower_cbow_lr0.05_epochs1_mincount50_ws5_dims300,doppelmord,0.5812375545501709
aktive_eleonore_training_data_lower_cbow_lr0.05_epochs1_mincount50_ws5_dims300,vergewaltigungsfall,0.5806527733802795
aktive_eleonore_training_data_lower_cbow_lr0.05_epochs1_mincount50_ws5_dims300,urgewalt,0.5805362462997437
aktive_eleonore_training_data_lower_cbow_lr0.05_epochs1_mincount50_ws5_dims300,gewaltvideo,0.5804406404495239
aktive_eleonore_training_data_lower_cbow_lr0.05_epochs1_mincount50_ws5_dims300,frauenhand,0.5803168416023254
aktive_eleonore_training_data_lower_cbow_lr0.05_epochs1_mincount50_ws5_dims300,giftmord,0.5803152918815613
aktive_eleonore_training_data_lower_cbow_lr0.05_epochs1_mincount50_ws5_dims300,vergewaltigungs,0.5801575183868408
aktive_eleonore_training_data_lower_cbow_lr0.05_epochs1_mincount50_ws5_dims300,morde,0.5799344778060913
aktive_eleonore_training_data_lower_cbow_lr0.05_epochs1_mincount50_ws5_dims300,mordurteil,0.5795217752456665
aktive_eleonore_training_data_lower_cbow_lr0.05_epochs1_mincount50_ws5_dims300,serienmord,0.5781383514404297
aktive_eleonore_training_data_lower_cbow_lr0.05_epochs1_mincount50_ws5_dims300,ehrenmord,0.5777844786643982
aktive_eleonore_training_data_lower_cbow_lr0.05_epochs1_mincount50_ws5_dims300,frauenrechtsaktivistinnen,0.5775913000106812
aktive_eleonore_training_data_lower_cbow_lr0.05_epochs1_mincount50_ws5_dims300,mordtaten,0.5764349102973938
aktive_eleonore_training_data_lower_cbow_lr0.05_epochs1_mincount50_ws5_dims300,vergewaltigungsversuch,0.5757395029067993
aktive_eleonore_training_data_lower_cbow_lr0.05_epochs1_mincount50_ws5_dims300,frauenfeind,0.5750887393951416
aktive_eleonore_training_data_lower_cbow_lr0.05_epochs1_mincount50_ws5_dims300,massenvergewaltigung,0.5745590329170227
aktive_eleonore_training_data_lower_cbow_lr0.05_epochs1_mincount50_ws5_dims300,mord,0.5745530128479004
aktive_eleonore_training_data_lower_cbow_lr0.05_epochs1_mincount50_ws5_dims300,messergewalt,0.5739660263061523
aktive_eleonore_training_data_lower_cbow_lr0.05_epochs1_mincount50_ws5_dims300,selbstmorde,0.5733339786529541
aktive_eleonore_training_data_lower_cbow_lr0.05_epochs1_mincount50_ws5_dims300,frauenname,0.572731614112854
aktive_eleonore_training_data_lower_cbow_lr0.05_epochs1_mincount50_ws5_dims300,feminismus,0.572505533695221
aktive_eleonore_training_data_lower_cbow_lr0.05_epochs1_mincount50_ws5_dims300,gewaltverbrechern,0.5723632574081421
aktive_eleonore_training_data_lower_cbow_lr0.05_epochs1_mincount50_ws5_dims300,frauenakte,0.571768045425415
aktive_eleonore_training_data_lower_cbow_lr0.05_epochs1_mincount50_ws5_dims300,doppelmords,0.5710070729255676
aktive_eleonore_training_data_lower_cbow_lr0.05_epochs1_mincount50_ws5_dims300,partnergewalt,0.5709618926048279
aktive_eleonore_training_data_lower_cbow_lr0.05_epochs1_mincount50_ws5_dims300,massenmord,0.5707758069038391
aktive_eleonore_training_data_lower_cbow_lr0.05_epochs1_mincount50_ws5_dims300,frauenaktivistin,0.5700145959854126
aktive_eleonore_training_data_lower_cbow_lr0.05_epochs1_mincount50_ws5_dims300,tötungsdelikte,0.5696192383766174
aktive_eleonore_training_data_lower_cbow_lr0.05_epochs1_mincount50_ws5_dims300,mordopfer,0.5685172080993652
aktive_eleonore_training_data_lower_cbow_lr0.05_epochs1_mincount50_ws5_dims300,meuchelmord,0.5678109526634216
aktive_eleonore_training_data_lower_cbow_lr0.05_epochs1_mincount50_ws5_dims300,hassverbrechen,0.566191554069519
aktive_eleonore_training_data_lower_cbow_lr0.05_epochs1_mincount50_ws5_dims300,gewaltverbrecher,0.5657405257225037
aktive_eleonore_training_data_lower_cbow_lr0.05_epochs1_mincount50_ws5_dims300,doppelselbstmord,0.5655617117881775
aktive_eleonore_training_data_lower_cbow_lr0.05_epochs1_mincount50_ws5_dims300,frauendiskriminierung,0.5653096437454224
aktive_eleonore_training_data_lower_cbow_lr0.05_epochs1_mincount50_ws5_dims300,serienmorde,0.5650926232337952
aktive_eleonore_training_data_lower_cbow_lr0.05_epochs1_mincount50_ws5_dims300,gruppenvergewaltigung,0.5641660094261169
aktive_eleonore_training_data_lower_cbow_lr0.05_epochs1_mincount50_ws5_dims300,suizidversuch,0.5641278624534607
aktive_eleonore_training_data_lower_cbow_lr0.05_epochs1_mincount50_ws5_dims300,ehrenmorde,0.5637266635894775
aktive_eleonore_training_data_lower_cbow_lr0.05_epochs1_mincount50_ws5_dims300,sextäter,0.5634072422981262
aktive_eleonore_training_data_lower_cbow_lr0.05_epochs1_mincount50_ws5_dims300,tyrannenmord,0.5633721351623535
aktive_eleonore_training_data_lower_cbow_lr0.05_epochs1_mincount50_ws5_dims300,eifersuchtsmord,0.5616354942321777
aktive_eleonore_training_data_lower_cbow_lr0.05_epochs1_mincount50_ws5_dims300,sexualverbrecher,0.5613796710968018
aktive_eleonore_training_data_lower_cbow_lr0.05_epochs1_mincount50_ws5_dims300,tötungsdeliktes,0.5605866312980652
aktive_eleonore_training_data_lower_cbow_lr0.05_epochs1_mincount50_ws5_dims300,feministinnen,0.5604145526885986
aktive_eleonore_training_data_lower_cbow_lr0.05_epochs1_mincount50_ws5_dims300,genozid,0.5601993203163147
aktive_eleonore_training_data_lower_cbow_lr0.05_epochs1_mincount50_ws5_dims300,frauenaktivistinnen,0.5600626468658447
aktive_eleonore_training_data_lower_cbow_lr0.05_epochs1_mincount50_ws5_dims300,frauenrechtlerin,0.5595139861106873
aktive_eleonore_training_data_lower_cbow_lr0.05_epochs1_mincount50_ws5_dims300,frauenschläger,0.5592542886734009
aktive_eleonore_training_data_lower_cbow_lr0.05_epochs1_mincount50_ws5_dims300,selbstmords,0.5566132068634033
aktive_eleonore_training_data_lower_cbow_lr0.05_epochs1_mincount50_ws5_dims300,tötungsdelikts,0.5559624433517456
aktive_eleonore_training_data_lower_cbow_lr0.05_epochs1_mincount50_ws5_dims300,suizidrate,0.5559231042861938
aktive_eleonore_training_data_lower_cbow_lr0.05_epochs1_mincount50_ws5_dims300,frauenhandel,0.555894136428833
aktive_eleonore_training_data_lower_cbow_lr0.05_epochs1_mincount50_ws5_dims300,vergewaltigungsvorwurf,0.5556195378303528
lebendiger_paul_training_data_cbow_lr0.05_epochs1_mincount10_ws12_dims300,femizide,0.9152089357376099
lebendiger_paul_training_data_cbow_lr0.05_epochs1_mincount10_ws12_dims300,femizids,0.9052149057388306
lebendiger_paul_training_data_cbow_lr0.05_epochs1_mincount10_ws12_dims300,femiziden,0.828089714050293
lebendiger_paul_training_data_cbow_lr0.05_epochs1_mincount10_ws12_dims300,frauenmord,0.7911683320999146
lebendiger_paul_training_data_cbow_lr0.05_epochs1_mincount10_ws12_dims300,frauenmorde,0.7523864507675171
lebendiger_paul_training_data_cbow_lr0.05_epochs1_mincount10_ws12_dims300,feminizide,0.7484425902366638
lebendiger_paul_training_data_cbow_lr0.05_epochs1_mincount10_ws12_dims300,frauenmords,0.7414987087249756
lebendiger_paul_training_data_cbow_lr0.05_epochs1_mincount10_ws12_dims300,frauenmordes,0.7320160865783691
lebendiger_paul_training_data_cbow_lr0.05_epochs1_mincount10_ws12_dims300,frauenmorden,0.7298169732093811
lebendiger_paul_training_data_cbow_lr0.05_epochs1_mincount10_ws12_dims300,frauenmordserie,0.6921345591545105
lebendiger_paul_training_data_cbow_lr0.05_epochs1_mincount10_ws12_dims300,suizid,0.6709374785423279
lebendiger_paul_training_data_cbow_lr0.05_epochs1_mincount10_ws12_dims300,frauenmörder,0.667955219745636
lebendiger_paul_training_data_cbow_lr0.05_epochs1_mincount10_ws12_dims300,frauenhass,0.6663145422935486
lebendiger_paul_training_data_cbow_lr0.05_epochs1_mincount10_ws12_dims300,suizid,0.666159451007843
lebendiger_paul_training_data_cbow_lr0.05_epochs1_mincount10_ws12_dims300,doppelsuizid,0.6586838364601135
lebendiger_paul_training_data_cbow_lr0.05_epochs1_mincount10_ws12_dims300,fememorde,0.6546317934989929
lebendiger_paul_training_data_cbow_lr0.05_epochs1_mincount10_ws12_dims300,suizide,0.6445011496543884
lebendiger_paul_training_data_cbow_lr0.05_epochs1_mincount10_ws12_dims300,massensuizid,0.6411612033843994
lebendiger_paul_training_data_cbow_lr0.05_epochs1_mincount10_ws12_dims300,frauenmörders,0.6334466338157654
lebendiger_paul_training_data_cbow_lr0.05_epochs1_mincount10_ws12_dims300,frauenhasser,0.6323186159133911
lebendiger_paul_training_data_cbow_lr0.05_epochs1_mincount10_ws12_dims300,frauenraub,0.6224987506866455
lebendiger_paul_training_data_cbow_lr0.05_epochs1_mincount10_ws12_dims300,frauengewalt,0.6216760873794556
lebendiger_paul_training_data_cbow_lr0.05_epochs1_mincount10_ws12_dims300,suiziden,0.6152776479721069
lebendiger_paul_training_data_cbow_lr0.05_epochs1_mincount10_ws12_dims300,pezid,0.6145657300949097
lebendiger_paul_training_data_cbow_lr0.05_epochs1_mincount10_ws12_dims300,fetozid,0.6142579913139343
lebendiger_paul_training_data_cbow_lr0.05_epochs1_mincount10_ws12_dims300,sexualmord,0.6117494702339172
lebendiger_paul_training_data_cbow_lr0.05_epochs1_mincount10_ws12_dims300,suizides,0.6107391119003296
lebendiger_paul_training_data_cbow_lr0.05_epochs1_mincount10_ws12_dims300,gewaltbegriff,0.6091796159744263
lebendiger_paul_training_data_cbow_lr0.05_epochs1_mincount10_ws12_dims300,gewalttäterin,0.6067893505096436
lebendiger_paul_training_data_cbow_lr0.05_epochs1_mincount10_ws12_dims300,selbstmord,0.6067537665367126
lebendiger_paul_training_data_cbow_lr0.05_epochs1_mincount10_ws12_dims300,gewaltverbrechen,0.6039625406265259
lebendiger_paul_training_data_cbow_lr0.05_epochs1_mincount10_ws12_dims300,gewalttäterinnen,0.6035478711128235
lebendiger_paul_training_data_cbow_lr0.05_epochs1_mincount10_ws12_dims300,gewalttat,0.6013758182525635
lebendiger_paul_training_data_cbow_lr0.05_epochs1_mincount10_ws12_dims300,suizidopfer,0.6001418828964233
lebendiger_paul_training_data_cbow_lr0.05_epochs1_mincount10_ws12_dims300,sexualmorde,0.5997467041015625
lebendiger_paul_training_data_cbow_lr0.05_epochs1_mincount10_ws12_dims300,frauenhasses,0.59921795129776
lebendiger_paul_training_data_cbow_lr0.05_epochs1_mincount10_ws12_dims300,mädchenmord,0.5992133617401123
lebendiger_paul_training_data_cbow_lr0.05_epochs1_mincount10_ws12_dims300,vergewaltigungsdroge,0.5990639328956604
lebendiger_paul_training_data_cbow_lr0.05_epochs1_mincount10_ws12_dims300,suizidserie,0.5989254117012024
lebendiger_paul_training_data_cbow_lr0.05_epochs1_mincount10_ws12_dims300,suizidfall,0.5981498956680298
lebendiger_paul_training_data_cbow_lr0.05_epochs1_mincount10_ws12_dims300,suizids,0.5979157090187073
lebendiger_paul_training_data_cbow_lr0.05_epochs1_mincount10_ws12_dims300,tötungsdelikt,0.5976759791374207
lebendiger_paul_training_data_cbow_lr0.05_epochs1_mincount10_ws12_dims300,femibion,0.5975276827812195
lebendiger_paul_training_data_cbow_lr0.05_epochs1_mincount10_ws12_dims300,mädchenmorde,0.5949867963790894
lebendiger_paul_training_data_cbow_lr0.05_epochs1_mincount10_ws12_dims300,selbstmorde,0.5938261151313782
lebendiger_paul_training_data_cbow_lr0.05_epochs1_mincount10_ws12_dims300,frauenkrimi,0.5926079154014587
lebendiger_paul_training_data_cbow_lr0.05_epochs1_mincount10_ws12_dims300,frauenhaarfarn,0.5916856527328491
lebendiger_paul_training_data_cbow_lr0.05_epochs1_mincount10_ws12_dims300,suizidtoten,0.5916358828544617
lebendiger_paul_training_data_cbow_lr0.05_epochs1_mincount10_ws12_dims300,frauenhetz,0.590890645980835
lebendiger_paul_training_data_cbow_lr0.05_epochs1_mincount10_ws12_dims300,teenagermord,0.5876681804656982
lebendiger_paul_training_data_cbow_lr0.05_epochs1_mincount10_ws12_dims300,sexmord,0.5862091183662415
lebendiger_paul_training_data_cbow_lr0.05_epochs1_mincount10_ws12_dims300,frauenfeind,0.5861489176750183
lebendiger_paul_training_data_cbow_lr0.05_epochs1_mincount10_ws12_dims300,männergewalt,0.5857465863227844
lebendiger_paul_training_data_cbow_lr0.05_epochs1_mincount10_ws12_dims300,muttermord,0.5846020579338074
lebendiger_paul_training_data_cbow_lr0.05_epochs1_mincount10_ws12_dims300,suizidopfern,0.5829971432685852
lebendiger_paul_training_data_cbow_lr0.05_epochs1_mincount10_ws12_dims300,prostituiertenmord,0.5826724767684937
lebendiger_paul_training_data_cbow_lr0.05_epochs1_mincount10_ws12_dims300,frauenrechtsaktivistin,0.582047700881958
lebendiger_paul_training_data_cbow_lr0.05_epochs1_mincount10_ws12_dims300,femi,0.5813921689987183
lebendiger_paul_training_data_cbow_lr0.05_epochs1_mincount10_ws12_dims300,morden,0.5811663866043091
lebendiger_paul_training_data_cbow_lr0.05_epochs1_mincount10_ws12_dims300,morde,0.5811315774917603
lebendiger_paul_training_data_cbow_lr0.05_epochs1_mincount10_ws12_dims300,suizidenten,0.5806891322135925
lebendiger_paul_training_data_cbow_lr0.05_epochs1_mincount10_ws12_dims300,gewaltopfer,0.5803585052490234
lebendiger_paul_training_data_cbow_lr0.05_epochs1_mincount10_ws12_dims300,vergewaltigungsszene,0.5801575779914856
lebendiger_paul_training_data_cbow_lr0.05_epochs1_mincount10_ws12_dims300,kindsmord,0.5801355242729187
lebendiger_paul_training_data_cbow_lr0.05_epochs1_mincount10_ws12_dims300,gewaltvorfall,0.5795218348503113
lebendiger_paul_training_data_cbow_lr0.05_epochs1_mincount10_ws12_dims300,suizidfälle,0.5793851017951965
lebendiger_paul_training_data_cbow_lr0.05_epochs1_mincount10_ws12_dims300,gewaltfrei,0.5791845321655273
lebendiger_paul_training_data_cbow_lr0.05_epochs1_mincount10_ws12_dims300,kindermord,0.5781779289245605
lebendiger_paul_training_data_cbow_lr0.05_epochs1_mincount10_ws12_dims300,gewaltverbrechens,0.5778465867042542
lebendiger_paul_training_data_cbow_lr0.05_epochs1_mincount10_ws12_dims300,frauenhand,0.5769801735877991
lebendiger_paul_training_data_cbow_lr0.05_epochs1_mincount10_ws12_dims300,vergewaltigungsopfer,0.5768421292304993
lebendiger_paul_training_data_cbow_lr0.05_epochs1_mincount10_ws12_dims300,mädchenmorden,0.5764428973197937
lebendiger_paul_training_data_cbow_lr0.05_epochs1_mincount10_ws12_dims300,frauentötungen,0.5748894810676575
lebendiger_paul_training_data_cbow_lr0.05_epochs1_mincount10_ws12_dims300,fungizid,0.5748744606971741
lebendiger_paul_training_data_cbow_lr0.05_epochs1_mincount10_ws12_dims300,massenselbstmord,0.5747966170310974
lebendiger_paul_training_data_cbow_lr0.05_epochs1_mincount10_ws12_dims300,gewaltverbrechern,0.5744670033454895
lebendiger_paul_training_data_cbow_lr0.05_epochs1_mincount10_ws12_dims300,suizidale,0.574274480342865
lebendiger_paul_training_data_cbow_lr0.05_epochs1_mincount10_ws12_dims300,journalistinnenmord,0.5741739273071289
lebendiger_paul_training_data_cbow_lr0.05_epochs1_mincount10_ws12_dims300,gewaltverharmlosung,0.574070394039154
lebendiger_paul_training_data_cbow_lr0.05_epochs1_mincount10_ws12_dims300,frauenfeinde,0.5736219882965088
lebendiger_paul_training_data_cbow_lr0.05_epochs1_mincount10_ws12_dims300,sexualverbrechen,0.5722182989120483
lebendiger_paul_training_data_cbow_lr0.05_epochs1_mincount10_ws12_dims300,prostituiertenmorde,0.5715323090553284
lebendiger_paul_training_data_cbow_lr0.05_epochs1_mincount10_ws12_dims300,frauenherz,0.5714877247810364
lebendiger_paul_training_data_cbow_lr0.05_epochs1_mincount10_ws12_dims300,vergewaltigungsdrama,0.5703516006469727
lebendiger_paul_training_data_cbow_lr0.05_epochs1_mincount10_ws12_dims300,gewaltverbrecher,0.5701818466186523
lebendiger_paul_training_data_cbow_lr0.05_epochs1_mincount10_ws12_dims300,vergewaltigung,0.5688450336456299
lebendiger_paul_training_data_cbow_lr0.05_epochs1_mincount10_ws12_dims300,selbstmordprävention,0.568336546421051
lebendiger_paul_training_data_cbow_lr0.05_epochs1_mincount10_ws12_dims300,kindsmorde,0.5680282115936279
lebendiger_paul_training_data_cbow_lr0.05_epochs1_mincount10_ws12_dims300,gewaltszene,0.5678337216377258
lebendiger_paul_training_data_cbow_lr0.05_epochs1_mincount10_ws12_dims300,gewaltbeziehung,0.5677701830863953
lebendiger_paul_training_data_cbow_lr0.05_epochs1_mincount10_ws12_dims300,suizidalität,0.5677666664123535
lebendiger_paul_training_data_cbow_lr0.05_epochs1_mincount10_ws12_dims300,suizidabsicht,0.5666038393974304
lebendiger_paul_training_data_cbow_lr0.05_epochs1_mincount10_ws12_dims300,frauenrechtsaktivistinnen,0.5664994716644287
lebendiger_paul_training_data_cbow_lr0.05_epochs1_mincount10_ws12_dims300,frauenhintern,0.5659684538841248
lebendiger_paul_training_data_cbow_lr0.05_epochs1_mincount10_ws12_dims300,frauenphänomen,0.5655035376548767
lebendiger_paul_training_data_cbow_lr0.05_epochs1_mincount10_ws12_dims300,frauenname,0.565463662147522
lebendiger_paul_training_data_cbow_lr0.05_epochs1_mincount10_ws12_dims300,selbstmorden,0.5654590725898743
lebendiger_paul_training_data_cbow_lr0.05_epochs1_mincount10_ws12_dims300,frauenmund,0.5648242235183716
lebendiger_paul_training_data_cbow_lr0.05_epochs1_mincount10_ws12_dims300,frauenakt,0.5647969841957092
lebendiger_paul_training_data_cbow_lr0.05_epochs1_mincount10_ws12_dims300,vergewaltigungsopfern,0.5646264553070068
wachsamer_oliver_training_data_cbow_lr0.05_epochs1_mincount5_ws5_dims300,femizids,0.898312509059906
wachsamer_oliver_training_data_cbow_lr0.05_epochs1_mincount5_ws5_dims300,femizide,0.8961609601974487
wachsamer_oliver_training_data_cbow_lr0.05_epochs1_mincount5_ws5_dims300,feminizid,0.8470024466514587
wachsamer_oliver_training_data_cbow_lr0.05_epochs1_mincount5_ws5_dims300,femiziden,0.8112533092498779
wachsamer_oliver_training_data_cbow_lr0.05_epochs1_mincount5_ws5_dims300,frauenmord,0.780979335308075
wachsamer_oliver_training_data_cbow_lr0.05_epochs1_mincount5_ws5_dims300,feminizide,0.756247341632843
wachsamer_oliver_training_data_cbow_lr0.05_epochs1_mincount5_ws5_dims300,frauenmorde,0.7517735958099365
wachsamer_oliver_training_data_cbow_lr0.05_epochs1_mincount5_ws5_dims300,frauenmords,0.747972309589386
wachsamer_oliver_training_data_cbow_lr0.05_epochs1_mincount5_ws5_dims300,wizid,0.7351586818695068
wachsamer_oliver_training_data_cbow_lr0.05_epochs1_mincount5_ws5_dims300,intimizid,0.733462929725647
wachsamer_oliver_training_data_cbow_lr0.05_epochs1_mincount5_ws5_dims300,frauenmordes,0.7304571866989136
wachsamer_oliver_training_data_cbow_lr0.05_epochs1_mincount5_ws5_dims300,fememord,0.7239838242530823
wachsamer_oliver_training_data_cbow_lr0.05_epochs1_mincount5_ws5_dims300,frauenmorden,0.7175355553627014
wachsamer_oliver_training_data_cbow_lr0.05_epochs1_mincount5_ws5_dims300,fememorde,0.6971613168716431
wachsamer_oliver_training_data_cbow_lr0.05_epochs1_mincount5_ws5_dims300,suizide,0.6944090723991394
wachsamer_oliver_training_data_cbow_lr0.05_epochs1_mincount5_ws5_dims300,doppelsuizid,0.6931721568107605
wachsamer_oliver_training_data_cbow_lr0.05_epochs1_mincount5_ws5_dims300,fetozid,0.6921809315681458
wachsamer_oliver_training_data_cbow_lr0.05_epochs1_mincount5_ws5_dims300,suizid,0.6874474287033081
wachsamer_oliver_training_data_cbow_lr0.05_epochs1_mincount5_ws5_dims300,frauenmordrate,0.6867712140083313
wachsamer_oliver_training_data_cbow_lr0.05_epochs1_mincount5_ws5_dims300,sexualmord,0.6859526038169861
wachsamer_oliver_training_data_cbow_lr0.05_epochs1_mincount5_ws5_dims300,neonatizid,0.6848404407501221
wachsamer_oliver_training_data_cbow_lr0.05_epochs1_mincount5_ws5_dims300,männermord,0.683501124382019
wachsamer_oliver_training_data_cbow_lr0.05_epochs1_mincount5_ws5_dims300,sexualmorde,0.6827351450920105
wachsamer_oliver_training_data_cbow_lr0.05_epochs1_mincount5_ws5_dims300,frauenmordserie,0.6812686324119568
wachsamer_oliver_training_data_cbow_lr0.05_epochs1_mincount5_ws5_dims300,hassmord,0.6810011863708496
wachsamer_oliver_training_data_cbow_lr0.05_epochs1_mincount5_ws5_dims300,massensuizid,0.6783624291419983
wachsamer_oliver_training_data_cbow_lr0.05_epochs1_mincount5_ws5_dims300,suizid,0.677899181842804
wachsamer_oliver_training_data_cbow_lr0.05_epochs1_mincount5_ws5_dims300,frauenhass,0.6777897477149963
wachsamer_oliver_training_data_cbow_lr0.05_epochs1_mincount5_ws5_dims300,frauenmörder,0.6648150086402893
wachsamer_oliver_training_data_cbow_lr0.05_epochs1_mincount5_ws5_dims300,schwangerenmord,0.6637133359909058
wachsamer_oliver_training_data_cbow_lr0.05_epochs1_mincount5_ws5_dims300,frauenmassaker,0.6630897521972656
wachsamer_oliver_training_data_cbow_lr0.05_epochs1_mincount5_ws5_dims300,vergewaltigungsdelikt,0.6601341366767883
wachsamer_oliver_training_data_cbow_lr0.05_epochs1_mincount5_ws5_dims300,sexualmords,0.659745991230011
wachsamer_oliver_training_data_cbow_lr0.05_epochs1_mincount5_ws5_dims300,pezid,0.6589372754096985
wachsamer_oliver_training_data_cbow_lr0.05_epochs1_mincount5_ws5_dims300,sexualmordes,0.6582650542259216
wachsamer_oliver_training_data_cbow_lr0.05_epochs1_mincount5_ws5_dims300,sexualmorden,0.6574308276176453
wachsamer_oliver_training_data_cbow_lr0.05_epochs1_mincount5_ws5_dims300,suizides,0.6572532653808594
wachsamer_oliver_training_data_cbow_lr0.05_epochs1_mincount5_ws5_dims300,filizid,0.6572281122207642
wachsamer_oliver_training_data_cbow_lr0.05_epochs1_mincount5_ws5_dims300,sexualverbrechen,0.6557449102401733
wachsamer_oliver_training_data_cbow_lr0.05_epochs1_mincount5_ws5_dims300,intimizide,0.655500590801239
wachsamer_oliver_training_data_cbow_lr0.05_epochs1_mincount5_ws5_dims300,frauenraub,0.6517502665519714
wachsamer_oliver_training_data_cbow_lr0.05_epochs1_mincount5_ws5_dims300,gewaltverbrechen,0.6516832709312439
wachsamer_oliver_training_data_cbow_lr0.05_epochs1_mincount5_ws5_dims300,selbstmord,0.6507496237754822
wachsamer_oliver_training_data_cbow_lr0.05_epochs1_mincount5_ws5_dims300,suiziden,0.6501131057739258
wachsamer_oliver_training_data_cbow_lr0.05_epochs1_mincount5_ws5_dims300,suizident,0.6470231413841248
wachsamer_oliver_training_data_cbow_lr0.05_epochs1_mincount5_ws5_dims300,frauenhasser,0.6460540890693665
wachsamer_oliver_training_data_cbow_lr0.05_epochs1_mincount5_ws5_dims300,suizidtote,0.6438016891479492
wachsamer_oliver_training_data_cbow_lr0.05_epochs1_mincount5_ws5_dims300,sexualmörder,0.6435649991035461
wachsamer_oliver_training_data_cbow_lr0.05_epochs1_mincount5_ws5_dims300,tötungsdelikt,0.6432526707649231
wachsamer_oliver_training_data_cbow_lr0.05_epochs1_mincount5_ws5_dims300,vergewaltigungsbegriff,0.6432009935379028
wachsamer_oliver_training_data_cbow_lr0.05_epochs1_mincount5_ws5_dims300,kindesmord,0.6429108381271362
wachsamer_oliver_training_data_cbow_lr0.05_epochs1_mincount5_ws5_dims300,azid,0.6428439021110535
wachsamer_oliver_training_data_cbow_lr0.05_epochs1_mincount5_ws5_dims300,selbstmorde,0.6418670415878296
wachsamer_oliver_training_data_cbow_lr0.05_epochs1_mincount5_ws5_dims300,kindsmord,0.6405906081199646
wachsamer_oliver_training_data_cbow_lr0.05_epochs1_mincount5_ws5_dims300,frauengewalt,0.640332043170929
wachsamer_oliver_training_data_cbow_lr0.05_epochs1_mincount5_ws5_dims300,sexmord,0.6400184631347656
wachsamer_oliver_training_data_cbow_lr0.05_epochs1_mincount5_ws5_dims300,teenagermord,0.6384798288345337
wachsamer_oliver_training_data_cbow_lr0.05_epochs1_mincount5_ws5_dims300,kindsmorde,0.6380612254142761
wachsamer_oliver_training_data_cbow_lr0.05_epochs1_mincount5_ws5_dims300,gewaltverbrechens,0.6362757682800293
wachsamer_oliver_training_data_cbow_lr0.05_epochs1_mincount5_ws5_dims300,femin,0.6361537575721741
wachsamer_oliver_training_data_cbow_lr0.05_epochs1_mincount5_ws5_dims300,vergewaltigungsdroge,0.6357390880584717
wachsamer_oliver_training_data_cbow_lr0.05_epochs1_mincount5_ws5_dims300,sexualgewalt,0.635585606098175
wachsamer_oliver_training_data_cbow_lr0.05_epochs1_mincount5_ws5_dims300,sexualdelikt,0.6355748176574707
wachsamer_oliver_training_data_cbow_lr0.05_epochs1_mincount5_ws5_dims300,alterssuizid,0.6352332830429077
wachsamer_oliver_training_data_cbow_lr0.05_epochs1_mincount5_ws5_dims300,mädchenmorde,0.6347971558570862
wachsamer_oliver_training_data_cbow_lr0.05_epochs1_mincount5_ws5_dims300,mädchenmord,0.6344492435455322
wachsamer_oliver_training_data_cbow_lr0.05_epochs1_mincount5_ws5_dims300,sexualverbrechens,0.6344051361083984
wachsamer_oliver_training_data_cbow_lr0.05_epochs1_mincount5_ws5_dims300,vergewaltigungsnagellack,0.6343252062797546
wachsamer_oliver_training_data_cbow_lr0.05_epochs1_mincount5_ws5_dims300,gewalttod,0.6338075399398804
wachsamer_oliver_training_data_cbow_lr0.05_epochs1_mincount5_ws5_dims300,vergewaltigungsdelikts,0.6335832476615906
wachsamer_oliver_training_data_cbow_lr0.05_epochs1_mincount5_ws5_dims300,suizids,0.6328391432762146
wachsamer_oliver_training_data_cbow_lr0.05_epochs1_mincount5_ws5_dims300,gewaltdelikt,0.6326566338539124
wachsamer_oliver_training_data_cbow_lr0.05_epochs1_mincount5_ws5_dims300,suizidfall,0.6323941349983215
wachsamer_oliver_training_data_cbow_lr0.05_epochs1_mincount5_ws5_dims300,rassenmord,0.6318208575248718
wachsamer_oliver_training_data_cbow_lr0.05_epochs1_mincount5_ws5_dims300,femibion,0.6308993101119995
wachsamer_oliver_training_data_cbow_lr0.05_epochs1_mincount5_ws5_dims300,kindesmorde,0.6301160454750061
wachsamer_oliver_training_data_cbow_lr0.05_epochs1_mincount5_ws5_dims300,suizidanschlag,0.6293976902961731
wachsamer_oliver_training_data_cbow_lr0.05_epochs1_mincount5_ws5_dims300,algizide,0.6289617419242859
wachsamer_oliver_training_data_cbow_lr0.05_epochs1_mincount5_ws5_dims300,drogenmord,0.6286196112632751
wachsamer_oliver_training_data_cbow_lr0.05_epochs1_mincount5_ws5_dims300,arsenmorde,0.6281995177268982
wachsamer_oliver_training_data_cbow_lr0.05_epochs1_mincount5_ws5_dims300,kindermord,0.6280583739280701
wachsamer_oliver_training_data_cbow_lr0.05_epochs1_mincount5_ws5_dims300,frauenmörders,0.6272706389427185
wachsamer_oliver_training_data_cbow_lr0.05_epochs1_mincount5_ws5_dims300,männergewalt,0.6271544694900513
wachsamer_oliver_training_data_cbow_lr0.05_epochs1_mincount5_ws5_dims300,fungizid,0.6269999146461487
wachsamer_oliver_training_data_cbow_lr0.05_epochs1_mincount5_ws5_dims300,vergewaltigungsurteil,0.6268826127052307
wachsamer_oliver_training_data_cbow_lr0.05_epochs1_mincount5_ws5_dims300,vergewaltigungsopfer,0.6265990734100342
wachsamer_oliver_training_data_cbow_lr0.05_epochs1_mincount5_ws5_dims300,gewaltverharmlosung,0.6265570521354675
wachsamer_oliver_training_data_cbow_lr0.05_epochs1_mincount5_ws5_dims300,suizidtoten,0.6262706518173218
wachsamer_oliver_training_data_cbow_lr0.05_epochs1_mincount5_ws5_dims300,sexualverbrecher,0.6256135106086731
wachsamer_oliver_training_data_cbow_lr0.05_epochs1_mincount5_ws5_dims300,sexualverbrechern,0.6253378987312317
wachsamer_oliver_training_data_cbow_lr0.05_epochs1_mincount5_ws5_dims300,vergewaltigungsfall,0.6244845986366272
wachsamer_oliver_training_data_cbow_lr0.05_epochs1_mincount5_ws5_dims300,zazid,0.6242852807044983
wachsamer_oliver_training_data_cbow_lr0.05_epochs1_mincount5_ws5_dims300,vergewaltigungswitz,0.6242830753326416
wachsamer_oliver_training_data_cbow_lr0.05_epochs1_mincount5_ws5_dims300,frauenkrimi,0.6242755651473999
wachsamer_oliver_training_data_cbow_lr0.05_epochs1_mincount5_ws5_dims300,gewaltverbrecher,0.6241292953491211
wachsamer_oliver_training_data_cbow_lr0.05_epochs1_mincount5_ws5_dims300,gewaltvorfall,0.6239914894104004
wachsamer_oliver_training_data_cbow_lr0.05_epochs1_mincount5_ws5_dims300,vergewaltigungsdrama,0.6234662532806396
wachsamer_oliver_training_data_cbow_lr0.05_epochs1_mincount5_ws5_dims300,gewaltbegriff,0.6231940984725952
wachsamer_oliver_training_data_cbow_lr0.05_epochs1_mincount5_ws5_dims300,frauenleid,0.6231564879417419
wachsamer_oliver_training_data_cbow_lr0.05_epochs1_mincount5_ws5_dims300,selbstmordes,0.6226258873939514
grantiger_patric_training_data_cbow_lr0.05_epochs1_mincount5_ws12_dims300,femizide,0.911804735660553
grantiger_patric_training_data_cbow_lr0.05_epochs1_mincount5_ws12_dims300,femizids,0.9022442698478699
grantiger_patric_training_data_cbow_lr0.05_epochs1_mincount5_ws12_dims300,feminizid,0.8346349596977234
grantiger_patric_training_data_cbow_lr0.05_epochs1_mincount5_ws12_dims300,femiziden,0.8174669146537781
grantiger_patric_training_data_cbow_lr0.05_epochs1_mincount5_ws12_dims300,frauenmord,0.801464319229126
grantiger_patric_training_data_cbow_lr0.05_epochs1_mincount5_ws12_dims300,frauenmorde,0.7685092091560364
grantiger_patric_training_data_cbow_lr0.05_epochs1_mincount5_ws12_dims300,frauenmords,0.7657310962677002
grantiger_patric_training_data_cbow_lr0.05_epochs1_mincount5_ws12_dims300,feminizide,0.761086642742157
grantiger_patric_training_data_cbow_lr0.05_epochs1_mincount5_ws12_dims300,frauenmordes,0.7474609613418579
grantiger_patric_training_data_cbow_lr0.05_epochs1_mincount5_ws12_dims300,frauenmorden,0.7462009191513062
grantiger_patric_training_data_cbow_lr0.05_epochs1_mincount5_ws12_dims300,frauenhass,0.7192946076393127
grantiger_patric_training_data_cbow_lr0.05_epochs1_mincount5_ws12_dims300,wizid,0.7167539596557617
grantiger_patric_training_data_cbow_lr0.05_epochs1_mincount5_ws12_dims300,intimizid,0.7115690112113953
grantiger_patric_training_data_cbow_lr0.05_epochs1_mincount5_ws12_dims300,frauenmordserie,0.7060163021087646
grantiger_patric_training_data_cbow_lr0.05_epochs1_mincount5_ws12_dims300,frauenmordrate,0.701788067817688
grantiger_patric_training_data_cbow_lr0.05_epochs1_mincount5_ws12_dims300,frauenhasser,0.6873842477798462
grantiger_patric_training_data_cbow_lr0.05_epochs1_mincount5_ws12_dims300,fememord,0.6840332746505737
grantiger_patric_training_data_cbow_lr0.05_epochs1_mincount5_ws12_dims300,frauengewalt,0.6839280128479004
grantiger_patric_training_data_cbow_lr0.05_epochs1_mincount5_ws12_dims300,frauenmörder,0.6731472611427307
grantiger_patric_training_data_cbow_lr0.05_epochs1_mincount5_ws12_dims300,männermord,0.6705576777458191
grantiger_patric_training_data_cbow_lr0.05_epochs1_mincount5_ws12_dims300,frauenraub,0.665637195110321
grantiger_patric_training_data_cbow_lr0.05_epochs1_mincount5_ws12_dims300,neonatizid,0.661705732345581
grantiger_patric_training_data_cbow_lr0.05_epochs1_mincount5_ws12_dims300,frauenmassaker,0.660668134689331
grantiger_patric_training_data_cbow_lr0.05_epochs1_mincount5_ws12_dims300,massensuizid,0.6596834063529968
grantiger_patric_training_data_cbow_lr0.05_epochs1_mincount5_ws12_dims300,fememorde,0.6593230962753296
grantiger_patric_training_data_cbow_lr0.05_epochs1_mincount5_ws12_dims300,doppelsuizid,0.6551392674446106
grantiger_patric_training_data_cbow_lr0.05_epochs1_mincount5_ws12_dims300,frauenhassern,0.6524959802627563
grantiger_patric_training_data_cbow_lr0.05_epochs1_mincount5_ws12_dims300,suizide,0.6522158980369568
grantiger_patric_training_data_cbow_lr0.05_epochs1_mincount5_ws12_dims300,intimizide,0.6513020992279053
grantiger_patric_training_data_cbow_lr0.05_epochs1_mincount5_ws12_dims300,hassmord,0.6499529480934143
grantiger_patric_training_data_cbow_lr0.05_epochs1_mincount5_ws12_dims300,suizid,0.6493536829948425
grantiger_patric_training_data_cbow_lr0.05_epochs1_mincount5_ws12_dims300,frauenmörders,0.6488422751426697
grantiger_patric_training_data_cbow_lr0.05_epochs1_mincount5_ws12_dims300,gewaltverbrechen,0.6447481513023376
grantiger_patric_training_data_cbow_lr0.05_epochs1_mincount5_ws12_dims300,pezid,0.6446465849876404
grantiger_patric_training_data_cbow_lr0.05_epochs1_mincount5_ws12_dims300,schwangerenmord,0.643883228302002
grantiger_patric_training_data_cbow_lr0.05_epochs1_mincount5_ws12_dims300,vergewaltigungsdelikt,0.6390826106071472
grantiger_patric_training_data_cbow_lr0.05_epochs1_mincount5_ws12_dims300,frauenhasses,0.6384174227714539
grantiger_patric_training_data_cbow_lr0.05_epochs1_mincount5_ws12_dims300,fetozid,0.6371485590934753
grantiger_patric_training_data_cbow_lr0.05_epochs1_mincount5_ws12_dims300,gewaltthema,0.6365472078323364
grantiger_patric_training_data_cbow_lr0.05_epochs1_mincount5_ws12_dims300,suizid,0.6348592638969421
grantiger_patric_training_data_cbow_lr0.05_epochs1_mincount5_ws12_dims300,gewalttod,0.6334142088890076
grantiger_patric_training_data_cbow_lr0.05_epochs1_mincount5_ws12_dims300,vergewaltigungsopfer,0.6334003806114197
grantiger_patric_training_data_cbow_lr0.05_epochs1_mincount5_ws12_dims300,vergewaltigungsbegriff,0.6321905851364136
grantiger_patric_training_data_cbow_lr0.05_epochs1_mincount5_ws12_dims300,frauenleid,0.6304925084114075
grantiger_patric_training_data_cbow_lr0.05_epochs1_mincount5_ws12_dims300,frauenhetz,0.6293900609016418
grantiger_patric_training_data_cbow_lr0.05_epochs1_mincount5_ws12_dims300,gewalttote,0.6284700632095337
grantiger_patric_training_data_cbow_lr0.05_epochs1_mincount5_ws12_dims300,männergewalt,0.6281381249427795
grantiger_patric_training_data_cbow_lr0.05_epochs1_mincount5_ws12_dims300,gewalttäterinnen,0.6254754662513733
grantiger_patric_training_data_cbow_lr0.05_epochs1_mincount5_ws12_dims300,vergewaltigungsszene,0.625224232673645
grantiger_patric_training_data_cbow_lr0.05_epochs1_mincount5_ws12_dims300,sexualmord,0.6235350966453552
grantiger_patric_training_data_cbow_lr0.05_epochs1_mincount5_ws12_dims300,gewaltverbrechens,0.6234235763549805
grantiger_patric_training_data_cbow_lr0.05_epochs1_mincount5_ws12_dims300,gewaltopfer,0.623403012752533
grantiger_patric_training_data_cbow_lr0.05_epochs1_mincount5_ws12_dims300,gewalttat,0.6228170990943909
grantiger_patric_training_data_cbow_lr0.05_epochs1_mincount5_ws12_dims300,suizidtote,0.6221045255661011
grantiger_patric_training_data_cbow_lr0.05_epochs1_mincount5_ws12_dims300,vergewaltigungsdroge,0.620093822479248
grantiger_patric_training_data_cbow_lr0.05_epochs1_mincount5_ws12_dims300,frauenkrimi,0.620018720626831
grantiger_patric_training_data_cbow_lr0.05_epochs1_mincount5_ws12_dims300,suizides,0.619641125202179
grantiger_patric_training_data_cbow_lr0.05_epochs1_mincount5_ws12_dims300,mädchenmord,0.619608461856842
grantiger_patric_training_data_cbow_lr0.05_epochs1_mincount5_ws12_dims300,frauenhand,0.6186259388923645
grantiger_patric_training_data_cbow_lr0.05_epochs1_mincount5_ws12_dims300,frauenvolk,0.6185633540153503
grantiger_patric_training_data_cbow_lr0.05_epochs1_mincount5_ws12_dims300,gewaltvorfall,0.6182942390441895
grantiger_patric_training_data_cbow_lr0.05_epochs1_mincount5_ws12_dims300,sexualmorde,0.6171652674674988
grantiger_patric_training_data_cbow_lr0.05_epochs1_mincount5_ws12_dims300,gewaltverharmlosung,0.6160735487937927
grantiger_patric_training_data_cbow_lr0.05_epochs1_mincount5_ws12_dims300,gewaltbegriff,0.6155294179916382
grantiger_patric_training_data_cbow_lr0.05_epochs1_mincount5_ws12_dims300,frauenhaarfarn,0.6152372360229492
grantiger_patric_training_data_cbow_lr0.05_epochs1_mincount5_ws12_dims300,vergewaltigungsnagellack,0.6148720979690552
grantiger_patric_training_data_cbow_lr0.05_epochs1_mincount5_ws12_dims300,frauenmoschee,0.6140421628952026
grantiger_patric_training_data_cbow_lr0.05_epochs1_mincount5_ws12_dims300,suiziden,0.6138256192207336
grantiger_patric_training_data_cbow_lr0.05_epochs1_mincount5_ws12_dims300,gewaltverbrechern,0.6137399077415466
grantiger_patric_training_data_cbow_lr0.05_epochs1_mincount5_ws12_dims300,mädchenmorde,0.6132295727729797
grantiger_patric_training_data_cbow_lr0.05_epochs1_mincount5_ws12_dims300,algizide,0.6128821969032288
grantiger_patric_training_data_cbow_lr0.05_epochs1_mincount5_ws12_dims300,frauenphänomen,0.612805962562561
grantiger_patric_training_data_cbow_lr0.05_epochs1_mincount5_ws12_dims300,sexualverbrechen,0.6127917766571045
grantiger_patric_training_data_cbow_lr0.05_epochs1_mincount5_ws12_dims300,gewaltverbrecher,0.6124485731124878
grantiger_patric_training_data_cbow_lr0.05_epochs1_mincount5_ws12_dims300,frauenhose,0.6123522520065308
grantiger_patric_training_data_cbow_lr0.05_epochs1_mincount5_ws12_dims300,frauentötungen,0.6119985580444336
grantiger_patric_training_data_cbow_lr0.05_epochs1_mincount5_ws12_dims300,gewalttäterin,0.6116697192192078
grantiger_patric_training_data_cbow_lr0.05_epochs1_mincount5_ws12_dims300,frauenhintern,0.6114439964294434
grantiger_patric_training_data_cbow_lr0.05_epochs1_mincount5_ws12_dims300,gewaltschocker,0.6110439896583557
grantiger_patric_training_data_cbow_lr0.05_epochs1_mincount5_ws12_dims300,suizidszene,0.6108893752098083
grantiger_patric_training_data_cbow_lr0.05_epochs1_mincount5_ws12_dims300,gewaltübergriff,0.6108644008636475
grantiger_patric_training_data_cbow_lr0.05_epochs1_mincount5_ws12_dims300,fungizid,0.6105566620826721
grantiger_patric_training_data_cbow_lr0.05_epochs1_mincount5_ws12_dims300,vergewaltigung,0.610521674156189
grantiger_patric_training_data_cbow_lr0.05_epochs1_mincount5_ws12_dims300,vergewaltigungsdrama,0.609937310218811
grantiger_patric_training_data_cbow_lr0.05_epochs1_mincount5_ws12_dims300,frauenhals,0.6097720265388489
grantiger_patric_training_data_cbow_lr0.05_epochs1_mincount5_ws12_dims300,frauenhort,0.6094425916671753
grantiger_patric_training_data_cbow_lr0.05_epochs1_mincount5_ws12_dims300,vergewaltigungsthriller,0.608159601688385
grantiger_patric_training_data_cbow_lr0.05_epochs1_mincount5_ws12_dims300,gewaltvorfälle,0.6077814102172852
grantiger_patric_training_data_cbow_lr0.05_epochs1_mincount5_ws12_dims300,frauenhassende,0.6077801585197449
grantiger_patric_training_data_cbow_lr0.05_epochs1_mincount5_ws12_dims300,azid,0.6077629327774048
grantiger_patric_training_data_cbow_lr0.05_epochs1_mincount5_ws12_dims300,selbstmord,0.6077322363853455
grantiger_patric_training_data_cbow_lr0.05_epochs1_mincount5_ws12_dims300,suizidfall,0.6076310276985168
grantiger_patric_training_data_cbow_lr0.05_epochs1_mincount5_ws12_dims300,frauenfeinde,0.6075617671012878
grantiger_patric_training_data_cbow_lr0.05_epochs1_mincount5_ws12_dims300,vergewaltigungsopfers,0.6074094176292419
grantiger_patric_training_data_cbow_lr0.05_epochs1_mincount5_ws12_dims300,frauenkrimis,0.607327938079834
grantiger_patric_training_data_cbow_lr0.05_epochs1_mincount5_ws12_dims300,frauenakt,0.6070120930671692
grantiger_patric_training_data_cbow_lr0.05_epochs1_mincount5_ws12_dims300,suizidtoten,0.6068152189254761
grantiger_patric_training_data_cbow_lr0.05_epochs1_mincount5_ws12_dims300,muttermord,0.6062440276145935
grantiger_patric_training_data_cbow_lr0.05_epochs1_mincount5_ws12_dims300,suizidopfer,0.6061749458312988
grantiger_patric_training_data_cbow_lr0.05_epochs1_mincount5_ws12_dims300,frauenhaar,0.6059201955795288
vitaler_kay_training_data_cbow_lr0.05_epochs1_mincount50_ws24_dims300,femizide,0.925160825252533
vitaler_kay_training_data_cbow_lr0.05_epochs1_mincount50_ws24_dims300,femiziden,0.8396981358528137
vitaler_kay_training_data_cbow_lr0.05_epochs1_mincount50_ws24_dims300,frauenmord,0.7859740257263184
vitaler_kay_training_data_cbow_lr0.05_epochs1_mincount50_ws24_dims300,frauenmorde,0.7710496187210083
vitaler_kay_training_data_cbow_lr0.05_epochs1_mincount50_ws24_dims300,frauenmorden,0.7543678879737854
vitaler_kay_training_data_cbow_lr0.05_epochs1_mincount50_ws24_dims300,frauenhass,0.649975061416626
vitaler_kay_training_data_cbow_lr0.05_epochs1_mincount50_ws24_dims300,frauenmörder,0.6394623517990112
vitaler_kay_training_data_cbow_lr0.05_epochs1_mincount50_ws24_dims300,frauenmörders,0.6222816109657288
vitaler_kay_training_data_cbow_lr0.05_epochs1_mincount50_ws24_dims300,suizid,0.6215842962265015
vitaler_kay_training_data_cbow_lr0.05_epochs1_mincount50_ws24_dims300,frauenhasser,0.6181368231773376
vitaler_kay_training_data_cbow_lr0.05_epochs1_mincount50_ws24_dims300,suizide,0.6123778223991394
vitaler_kay_training_data_cbow_lr0.05_epochs1_mincount50_ws24_dims300,gewaltverbrechen,0.607639729976654
vitaler_kay_training_data_cbow_lr0.05_epochs1_mincount50_ws24_dims300,suiziden,0.5954629778862
vitaler_kay_training_data_cbow_lr0.05_epochs1_mincount50_ws24_dims300,gewalttat,0.582244873046875
vitaler_kay_training_data_cbow_lr0.05_epochs1_mincount50_ws24_dims300,männergewalt,0.5769667625427246
vitaler_kay_training_data_cbow_lr0.05_epochs1_mincount50_ws24_dims300,gewaltverbrechens,0.5703368186950684
vitaler_kay_training_data_cbow_lr0.05_epochs1_mincount50_ws24_dims300,tötungsdelikt,0.5663743615150452
vitaler_kay_training_data_cbow_lr0.05_epochs1_mincount50_ws24_dims300,gewaltverbrechern,0.5661621689796448
vitaler_kay_training_data_cbow_lr0.05_epochs1_mincount50_ws24_dims300,gewaltschutzgipfel,0.5651081800460815
vitaler_kay_training_data_cbow_lr0.05_epochs1_mincount50_ws24_dims300,gewaltvorfälle,0.5646090507507324
vitaler_kay_training_data_cbow_lr0.05_epochs1_mincount50_ws24_dims300,sexualmord,0.5624589920043945
vitaler_kay_training_data_cbow_lr0.05_epochs1_mincount50_ws24_dims300,gewaltopfer,0.5608110427856445
vitaler_kay_training_data_cbow_lr0.05_epochs1_mincount50_ws24_dims300,frauenhand,0.5607145428657532
vitaler_kay_training_data_cbow_lr0.05_epochs1_mincount50_ws24_dims300,frauenverachtung,0.5604743957519531
vitaler_kay_training_data_cbow_lr0.05_epochs1_mincount50_ws24_dims300,frauenmode,0.5569575428962708
vitaler_kay_training_data_cbow_lr0.05_epochs1_mincount50_ws24_dims300,gewaltschuss,0.5565060377120972
vitaler_kay_training_data_cbow_lr0.05_epochs1_mincount50_ws24_dims300,frauenfeind,0.5561991333961487
vitaler_kay_training_data_cbow_lr0.05_epochs1_mincount50_ws24_dims300,frauenarmut,0.5559614300727844
vitaler_kay_training_data_cbow_lr0.05_epochs1_mincount50_ws24_dims300,vergewaltigungsopfer,0.5547006130218506
vitaler_kay_training_data_cbow_lr0.05_epochs1_mincount50_ws24_dims300,femi,0.554589033126831
vitaler_kay_training_data_cbow_lr0.05_epochs1_mincount50_ws24_dims300,muttermord,0.5543767809867859
vitaler_kay_training_data_cbow_lr0.05_epochs1_mincount50_ws24_dims300,frauenfeindliche,0.5536843538284302
vitaler_kay_training_data_cbow_lr0.05_epochs1_mincount50_ws24_dims300,frauenleichen,0.5535393357276917
vitaler_kay_training_data_cbow_lr0.05_epochs1_mincount50_ws24_dims300,gewaltverbrecher,0.552655041217804
vitaler_kay_training_data_cbow_lr0.05_epochs1_mincount50_ws24_dims300,frauenleiden,0.5525823831558228
vitaler_kay_training_data_cbow_lr0.05_epochs1_mincount50_ws24_dims300,vergewaltigungsszene,0.5511411428451538
vitaler_kay_training_data_cbow_lr0.05_epochs1_mincount50_ws24_dims300,frauenmangel,0.5509650111198425
vitaler_kay_training_data_cbow_lr0.05_epochs1_mincount50_ws24_dims300,suizids,0.550903856754303
vitaler_kay_training_data_cbow_lr0.05_epochs1_mincount50_ws24_dims300,gewaltopfern,0.5507737398147583
vitaler_kay_training_data_cbow_lr0.05_epochs1_mincount50_ws24_dims300,vergewaltigungsopfern,0.5495280027389526
vitaler_kay_training_data_cbow_lr0.05_epochs1_mincount50_ws24_dims300,frauenfeindlich,0.5488784909248352
vitaler_kay_training_data_cbow_lr0.05_epochs1_mincount50_ws24_dims300,vergewaltigungskultur,0.5486479997634888
vitaler_kay_training_data_cbow_lr0.05_epochs1_mincount50_ws24_dims300,suizidrate,0.5476024746894836
vitaler_kay_training_data_cbow_lr0.05_epochs1_mincount50_ws24_dims300,mädchenmord,0.547387957572937
vitaler_kay_training_data_cbow_lr0.05_epochs1_mincount50_ws24_dims300,gewaltakt,0.5473213195800781
vitaler_kay_training_data_cbow_lr0.05_epochs1_mincount50_ws24_dims300,gewaltdelikt,0.5471508502960205
vitaler_kay_training_data_cbow_lr0.05_epochs1_mincount50_ws24_dims300,frauenhänden,0.5469656586647034
vitaler_kay_training_data_cbow_lr0.05_epochs1_mincount50_ws24_dims300,frauenhände,0.546220600605011
vitaler_kay_training_data_cbow_lr0.05_epochs1_mincount50_ws24_dims300,sexualverbrechen,0.5450752973556519
vitaler_kay_training_data_cbow_lr0.05_epochs1_mincount50_ws24_dims300,tötungsdelikte,0.545073390007019
vitaler_kay_training_data_cbow_lr0.05_epochs1_mincount50_ws24_dims300,feministinnen,0.5447834730148315
vitaler_kay_training_data_cbow_lr0.05_epochs1_mincount50_ws24_dims300,frauenleiche,0.5440659523010254
vitaler_kay_training_data_cbow_lr0.05_epochs1_mincount50_ws24_dims300,gewalttaten,0.5409820675849915
vitaler_kay_training_data_cbow_lr0.05_epochs1_mincount50_ws24_dims300,suizidalität,0.5406987071037292
vitaler_kay_training_data_cbow_lr0.05_epochs1_mincount50_ws24_dims300,suizidraten,0.5402359366416931
vitaler_kay_training_data_cbow_lr0.05_epochs1_mincount50_ws24_dims300,selbstmorde,0.5401049256324768
vitaler_kay_training_data_cbow_lr0.05_epochs1_mincount50_ws24_dims300,gewaltschutz,0.5393438935279846
vitaler_kay_training_data_cbow_lr0.05_epochs1_mincount50_ws24_dims300,frauenrings,0.5387039184570312
vitaler_kay_training_data_cbow_lr0.05_epochs1_mincount50_ws24_dims300,frauenakt,0.538659930229187
vitaler_kay_training_data_cbow_lr0.05_epochs1_mincount50_ws24_dims300,selbstmord,0.5381850004196167
vitaler_kay_training_data_cbow_lr0.05_epochs1_mincount50_ws24_dims300,gewaltvideo,0.537986695766449
vitaler_kay_training_data_cbow_lr0.05_epochs1_mincount50_ws24_dims300,vergewaltigungsversuch,0.5364319682121277
vitaler_kay_training_data_cbow_lr0.05_epochs1_mincount50_ws24_dims300,gewalt,0.5362344980239868
vitaler_kay_training_data_cbow_lr0.05_epochs1_mincount50_ws24_dims300,vergewaltigungs,0.5359830856323242
vitaler_kay_training_data_cbow_lr0.05_epochs1_mincount50_ws24_dims300,vergewaltigung,0.5356411933898926
vitaler_kay_training_data_cbow_lr0.05_epochs1_mincount50_ws24_dims300,frauenmarsch,0.5351517796516418
vitaler_kay_training_data_cbow_lr0.05_epochs1_mincount50_ws24_dims300,frauenrechtsaktivistinnen,0.5350893139839172
vitaler_kay_training_data_cbow_lr0.05_epochs1_mincount50_ws24_dims300,tötungsdelikten,0.5347775816917419
vitaler_kay_training_data_cbow_lr0.05_epochs1_mincount50_ws24_dims300,gewaltexzess,0.5342072248458862
vitaler_kay_training_data_cbow_lr0.05_epochs1_mincount50_ws24_dims300,frauenring,0.5335825085639954
vitaler_kay_training_data_cbow_lr0.05_epochs1_mincount50_ws24_dims300,gewaltserie,0.5335023999214172
vitaler_kay_training_data_cbow_lr0.05_epochs1_mincount50_ws24_dims300,frauenorden,0.5334804058074951
vitaler_kay_training_data_cbow_lr0.05_epochs1_mincount50_ws24_dims300,gewaltbeziehung,0.5331456661224365
vitaler_kay_training_data_cbow_lr0.05_epochs1_mincount50_ws24_dims300,vergewaltiger,0.5322087407112122
vitaler_kay_training_data_cbow_lr0.05_epochs1_mincount50_ws24_dims300,frauenhandel,0.5315490961074829
vitaler_kay_training_data_cbow_lr0.05_epochs1_mincount50_ws24_dims300,frauenfeindlichkeit,0.5301146507263184
vitaler_kay_training_data_cbow_lr0.05_epochs1_mincount50_ws24_dims300,suizidversuch,0.5295646786689758
vitaler_kay_training_data_cbow_lr0.05_epochs1_mincount50_ws24_dims300,mordtaten,0.529220461845398
vitaler_kay_training_data_cbow_lr0.05_epochs1_mincount50_ws24_dims300,suizidabsicht,0.5290473103523254
vitaler_kay_training_data_cbow_lr0.05_epochs1_mincount50_ws24_dims300,frauenleben,0.5289743542671204
vitaler_kay_training_data_cbow_lr0.05_epochs1_mincount50_ws24_dims300,gewaltschutzexpertin,0.528926432132721
vitaler_kay_training_data_cbow_lr0.05_epochs1_mincount50_ws24_dims300,frauenakte,0.5289060473442078
vitaler_kay_training_data_cbow_lr0.05_epochs1_mincount50_ws24_dims300,hassverbrechen,0.5287523865699768
vitaler_kay_training_data_cbow_lr0.05_epochs1_mincount50_ws24_dims300,vergewaltigungsopfers,0.5285089612007141
vitaler_kay_training_data_cbow_lr0.05_epochs1_mincount50_ws24_dims300,massenmord,0.5276378393173218
vitaler_kay_training_data_cbow_lr0.05_epochs1_mincount50_ws24_dims300,frauenherz,0.5273913741111755
vitaler_kay_training_data_cbow_lr0.05_epochs1_mincount50_ws24_dims300,vergewaltigungen,0.5269878506660461
vitaler_kay_training_data_cbow_lr0.05_epochs1_mincount50_ws24_dims300,frauenaktivistinnen,0.5269683599472046
vitaler_kay_training_data_cbow_lr0.05_epochs1_mincount50_ws24_dims300,vergewaltigen,0.526933491230011
vitaler_kay_training_data_cbow_lr0.05_epochs1_mincount50_ws24_dims300,gewaltfälle,0.5259959697723389
vitaler_kay_training_data_cbow_lr0.05_epochs1_mincount50_ws24_dims300,frauenschläger,0.5258070230484009
vitaler_kay_training_data_cbow_lr0.05_epochs1_mincount50_ws24_dims300,frauenriege,0.5251716375350952
vitaler_kay_training_data_cbow_lr0.05_epochs1_mincount50_ws24_dims300,fungizid,0.5250893831253052
vitaler_kay_training_data_cbow_lr0.05_epochs1_mincount50_ws24_dims300,mordtat,0.5245392918586731
vitaler_kay_training_data_cbow_lr0.05_epochs1_mincount50_ws24_dims300,gewaltorgie,0.5245131254196167
vitaler_kay_training_data_cbow_lr0.05_epochs1_mincount50_ws24_dims300,vergewaltigungsserie,0.5239408612251282
vitaler_kay_training_data_cbow_lr0.05_epochs1_mincount50_ws24_dims300,gewalttäter,0.5235959887504578
vitaler_kay_training_data_cbow_lr0.05_epochs1_mincount50_ws24_dims300,massenmorde,0.5230550169944763
vitaler_kay_training_data_cbow_lr0.05_epochs1_mincount50_ws24_dims300,gewaltverherrlichung,0.5226998329162598
vitaler_kay_training_data_cbow_lr0.05_epochs1_mincount50_ws24_dims300,mörderinnen,0.5225390791893005
griawiger_niki_training_data_cbow_lr0.05_epochs1_mincount5_ws6_dims300,femizide,0.9030241370201111
griawiger_niki_training_data_cbow_lr0.05_epochs1_mincount5_ws6_dims300,femizids,0.8967944979667664
griawiger_niki_training_data_cbow_lr0.05_epochs1_mincount5_ws6_dims300,feminizid,0.856010913848877
griawiger_niki_training_data_cbow_lr0.05_epochs1_mincount5_ws6_dims300,femiziden,0.8202127814292908
griawiger_niki_training_data_cbow_lr0.05_epochs1_mincount5_ws6_dims300,frauenmord,0.8067910671234131
griawiger_niki_training_data_cbow_lr0.05_epochs1_mincount5_ws6_dims300,feminizide,0.7661236524581909
griawiger_niki_training_data_cbow_lr0.05_epochs1_mincount5_ws6_dims300,frauenmords,0.7660729289054871
griawiger_niki_training_data_cbow_lr0.05_epochs1_mincount5_ws6_dims300,frauenmorde,0.7569748163223267
griawiger_niki_training_data_cbow_lr0.05_epochs1_mincount5_ws6_dims300,frauenmorden,0.7408055067062378
griawiger_niki_training_data_cbow_lr0.05_epochs1_mincount5_ws6_dims300,frauenmordes,0.7407467365264893
griawiger_niki_training_data_cbow_lr0.05_epochs1_mincount5_ws6_dims300,intimizid,0.7288477420806885
griawiger_niki_training_data_cbow_lr0.05_epochs1_mincount5_ws6_dims300,fememord,0.7234150767326355
griawiger_niki_training_data_cbow_lr0.05_epochs1_mincount5_ws6_dims300,wizid,0.7085197567939758
griawiger_niki_training_data_cbow_lr0.05_epochs1_mincount5_ws6_dims300,männermord,0.7055856585502625
griawiger_niki_training_data_cbow_lr0.05_epochs1_mincount5_ws6_dims300,frauenhass,0.6985167860984802
griawiger_niki_training_data_cbow_lr0.05_epochs1_mincount5_ws6_dims300,frauenmörder,0.6984495520591736
griawiger_niki_training_data_cbow_lr0.05_epochs1_mincount5_ws6_dims300,frauenmordrate,0.6950457096099854
griawiger_niki_training_data_cbow_lr0.05_epochs1_mincount5_ws6_dims300,frauenmordserie,0.686133086681366
griawiger_niki_training_data_cbow_lr0.05_epochs1_mincount5_ws6_dims300,hassmord,0.6811254620552063
griawiger_niki_training_data_cbow_lr0.05_epochs1_mincount5_ws6_dims300,suizid,0.677734375
griawiger_niki_training_data_cbow_lr0.05_epochs1_mincount5_ws6_dims300,doppelsuizid,0.6776149272918701
griawiger_niki_training_data_cbow_lr0.05_epochs1_mincount5_ws6_dims300,frauenraub,0.6775551438331604
griawiger_niki_training_data_cbow_lr0.05_epochs1_mincount5_ws6_dims300,frauenmassaker,0.6768401861190796
griawiger_niki_training_data_cbow_lr0.05_epochs1_mincount5_ws6_dims300,sexualmord,0.674648642539978
griawiger_niki_training_data_cbow_lr0.05_epochs1_mincount5_ws6_dims300,frauenhasser,0.6726095676422119
griawiger_niki_training_data_cbow_lr0.05_epochs1_mincount5_ws6_dims300,fememorde,0.6725698113441467
griawiger_niki_training_data_cbow_lr0.05_epochs1_mincount5_ws6_dims300,massensuizid,0.672158420085907
griawiger_niki_training_data_cbow_lr0.05_epochs1_mincount5_ws6_dims300,fetozid,0.6717749834060669
griawiger_niki_training_data_cbow_lr0.05_epochs1_mincount5_ws6_dims300,frauenmörders,0.665411651134491
griawiger_niki_training_data_cbow_lr0.05_epochs1_mincount5_ws6_dims300,schwangerenmord,0.6649247407913208
griawiger_niki_training_data_cbow_lr0.05_epochs1_mincount5_ws6_dims300,suizid,0.6611390709877014
griawiger_niki_training_data_cbow_lr0.05_epochs1_mincount5_ws6_dims300,frauengewalt,0.6597373485565186
griawiger_niki_training_data_cbow_lr0.05_epochs1_mincount5_ws6_dims300,suizide,0.6594669222831726
griawiger_niki_training_data_cbow_lr0.05_epochs1_mincount5_ws6_dims300,selbstmord,0.6563233733177185
griawiger_niki_training_data_cbow_lr0.05_epochs1_mincount5_ws6_dims300,intimizide,0.6536531448364258
griawiger_niki_training_data_cbow_lr0.05_epochs1_mincount5_ws6_dims300,sexualmorde,0.6501524448394775
griawiger_niki_training_data_cbow_lr0.05_epochs1_mincount5_ws6_dims300,gewaltthema,0.6472516655921936
griawiger_niki_training_data_cbow_lr0.05_epochs1_mincount5_ws6_dims300,sexmord,0.6468384861946106
griawiger_niki_training_data_cbow_lr0.05_epochs1_mincount5_ws6_dims300,neonatizid,0.6467915773391724
griawiger_niki_training_data_cbow_lr0.05_epochs1_mincount5_ws6_dims300,vergewaltigungsdelikt,0.6463474631309509
griawiger_niki_training_data_cbow_lr0.05_epochs1_mincount5_ws6_dims300,mädchenmord,0.6452219486236572
griawiger_niki_training_data_cbow_lr0.05_epochs1_mincount5_ws6_dims300,rassenmord,0.6437664031982422
griawiger_niki_training_data_cbow_lr0.05_epochs1_mincount5_ws6_dims300,frauenmoschee,0.6436495780944824
griawiger_niki_training_data_cbow_lr0.05_epochs1_mincount5_ws6_dims300,vergewaltigungsbegriff,0.6434510946273804
griawiger_niki_training_data_cbow_lr0.05_epochs1_mincount5_ws6_dims300,sexualmorden,0.6423861980438232
griawiger_niki_training_data_cbow_lr0.05_epochs1_mincount5_ws6_dims300,pezid,0.6410560607910156
griawiger_niki_training_data_cbow_lr0.05_epochs1_mincount5_ws6_dims300,frauenfeind,0.6393486261367798
griawiger_niki_training_data_cbow_lr0.05_epochs1_mincount5_ws6_dims300,frauenhassern,0.6388688683509827
griawiger_niki_training_data_cbow_lr0.05_epochs1_mincount5_ws6_dims300,vergewaltigungsdrama,0.6383576393127441
griawiger_niki_training_data_cbow_lr0.05_epochs1_mincount5_ws6_dims300,gewaltverbrechen,0.6383242607116699
griawiger_niki_training_data_cbow_lr0.05_epochs1_mincount5_ws6_dims300,suiziden,0.6371709704399109
griawiger_niki_training_data_cbow_lr0.05_epochs1_mincount5_ws6_dims300,gewaltbegriff,0.6370574235916138
griawiger_niki_training_data_cbow_lr0.05_epochs1_mincount5_ws6_dims300,männergewalt,0.6360790729522705
griawiger_niki_training_data_cbow_lr0.05_epochs1_mincount5_ws6_dims300,zazid,0.6359429955482483
griawiger_niki_training_data_cbow_lr0.05_epochs1_mincount5_ws6_dims300,gewalttat,0.6350237131118774
griawiger_niki_training_data_cbow_lr0.05_epochs1_mincount5_ws6_dims300,eifersuchtsmord,0.6349329352378845
griawiger_niki_training_data_cbow_lr0.05_epochs1_mincount5_ws6_dims300,kindesmord,0.6348373293876648
griawiger_niki_training_data_cbow_lr0.05_epochs1_mincount5_ws6_dims300,gewalttod,0.6344050765037537
griawiger_niki_training_data_cbow_lr0.05_epochs1_mincount5_ws6_dims300,kindermord,0.6336315870285034
griawiger_niki_training_data_cbow_lr0.05_epochs1_mincount5_ws6_dims300,alterssuizid,0.633546769618988
griawiger_niki_training_data_cbow_lr0.05_epochs1_mincount5_ws6_dims300,sexualverbrechen,0.6329883933067322
griawiger_niki_training_data_cbow_lr0.05_epochs1_mincount5_ws6_dims300,suizidanschlag,0.6329418420791626
griawiger_niki_training_data_cbow_lr0.05_epochs1_mincount5_ws6_dims300,frauenkiller,0.6324000358581543
griawiger_niki_training_data_cbow_lr0.05_epochs1_mincount5_ws6_dims300,gattenmord,0.6322272419929504
griawiger_niki_training_data_cbow_lr0.05_epochs1_mincount5_ws6_dims300,vergewaltigungsdroge,0.632089376449585
griawiger_niki_training_data_cbow_lr0.05_epochs1_mincount5_ws6_dims300,frauenkrimi,0.6318216323852539
griawiger_niki_training_data_cbow_lr0.05_epochs1_mincount5_ws6_dims300,genozid,0.6314860582351685
griawiger_niki_training_data_cbow_lr0.05_epochs1_mincount5_ws6_dims300,muttermord,0.6312459111213684
griawiger_niki_training_data_cbow_lr0.05_epochs1_mincount5_ws6_dims300,frauenhetz,0.6312289237976074
griawiger_niki_training_data_cbow_lr0.05_epochs1_mincount5_ws6_dims300,frauenleid,0.6307746767997742
griawiger_niki_training_data_cbow_lr0.05_epochs1_mincount5_ws6_dims300,azid,0.6300754547119141
griawiger_niki_training_data_cbow_lr0.05_epochs1_mincount5_ws6_dims300,drogenmord,0.6295480728149414
griawiger_niki_training_data_cbow_lr0.05_epochs1_mincount5_ws6_dims300,mädchenmorde,0.6286982893943787
griawiger_niki_training_data_cbow_lr0.05_epochs1_mincount5_ws6_dims300,sexualmords,0.6283181309700012
griawiger_niki_training_data_cbow_lr0.05_epochs1_mincount5_ws6_dims300,suizident,0.6261968016624451
griawiger_niki_training_data_cbow_lr0.05_epochs1_mincount5_ws6_dims300,suizides,0.6258028149604797
griawiger_niki_training_data_cbow_lr0.05_epochs1_mincount5_ws6_dims300,frauenhort,0.6255686283111572
griawiger_niki_training_data_cbow_lr0.05_epochs1_mincount5_ws6_dims300,selbstmorde,0.6253506541252136
griawiger_niki_training_data_cbow_lr0.05_epochs1_mincount5_ws6_dims300,gewaltverharmlosung,0.6250361204147339
griawiger_niki_training_data_cbow_lr0.05_epochs1_mincount5_ws6_dims300,vergewaltigungsnagellack,0.6248610615730286
griawiger_niki_training_data_cbow_lr0.05_epochs1_mincount5_ws6_dims300,kindsmord,0.6241990923881531
griawiger_niki_training_data_cbow_lr0.05_epochs1_mincount5_ws6_dims300,tötungsdelikt,0.6238061189651489
griawiger_niki_training_data_cbow_lr0.05_epochs1_mincount5_ws6_dims300,vergewaltigungsurteil,0.623279869556427
griawiger_niki_training_data_cbow_lr0.05_epochs1_mincount5_ws6_dims300,frauenklischee,0.6228488683700562
griawiger_niki_training_data_cbow_lr0.05_epochs1_mincount5_ws6_dims300,femibion,0.6225752830505371
griawiger_niki_training_data_cbow_lr0.05_epochs1_mincount5_ws6_dims300,meuchelmord,0.6218739748001099
griawiger_niki_training_data_cbow_lr0.05_epochs1_mincount5_ws6_dims300,sexualmordes,0.6217331886291504
griawiger_niki_training_data_cbow_lr0.05_epochs1_mincount5_ws6_dims300,suizidfall,0.621619462966919
griawiger_niki_training_data_cbow_lr0.05_epochs1_mincount5_ws6_dims300,frauenfeinde,0.6209027171134949
griawiger_niki_training_data_cbow_lr0.05_epochs1_mincount5_ws6_dims300,teenagermord,0.620485246181488
griawiger_niki_training_data_cbow_lr0.05_epochs1_mincount5_ws6_dims300,prostituiertenmord,0.6200318336486816
griawiger_niki_training_data_cbow_lr0.05_epochs1_mincount5_ws6_dims300,ökozid,0.6196955442428589
griawiger_niki_training_data_cbow_lr0.05_epochs1_mincount5_ws6_dims300,judenmord,0.61956387758255
griawiger_niki_training_data_cbow_lr0.05_epochs1_mincount5_ws6_dims300,sexualmörder,0.6195257306098938
griawiger_niki_training_data_cbow_lr0.05_epochs1_mincount5_ws6_dims300,familienmord,0.6193768978118896
griawiger_niki_training_data_cbow_lr0.05_epochs1_mincount5_ws6_dims300,gewalttäterinnen,0.6190515160560608
griawiger_niki_training_data_cbow_lr0.05_epochs1_mincount5_ws6_dims300,fungizid,0.6188531517982483
griawiger_niki_training_data_cbow_lr0.05_epochs1_mincount5_ws6_dims300,frauenakt,0.6187587976455688
griawiger_niki_training_data_cbow_lr0.05_epochs1_mincount5_ws6_dims300,vergewaltigungswitz,0.618319034576416
griawiger_niki_training_data_cbow_lr0.05_epochs1_mincount5_ws6_dims300,frauenhasses,0.6183016896247864
entzückende_ravza_training_data_lower_cbow_lr0.05_epochs1_mincount5_ws6_dims300,femizide,0.8960952758789062
entzückende_ravza_training_data_lower_cbow_lr0.05_epochs1_mincount5_ws6_dims300,femizids,0.895695686340332
entzückende_ravza_training_data_lower_cbow_lr0.05_epochs1_mincount5_ws6_dims300,feminizid,0.848869800567627
entzückende_ravza_training_data_lower_cbow_lr0.05_epochs1_mincount5_ws6_dims300,femiziden,0.7925944924354553
entzückende_ravza_training_data_lower_cbow_lr0.05_epochs1_mincount5_ws6_dims300,frauenmord,0.7862746715545654
entzückende_ravza_training_data_lower_cbow_lr0.05_epochs1_mincount5_ws6_dims300,frauenmords,0.7664547562599182
entzückende_ravza_training_data_lower_cbow_lr0.05_epochs1_mincount5_ws6_dims300,feminizide,0.7589892148971558
entzückende_ravza_training_data_lower_cbow_lr0.05_epochs1_mincount5_ws6_dims300,frauenmorde,0.7379318475723267
entzückende_ravza_training_data_lower_cbow_lr0.05_epochs1_mincount5_ws6_dims300,frauenmordes,0.7199898958206177
entzückende_ravza_training_data_lower_cbow_lr0.05_epochs1_mincount5_ws6_dims300,frauenmorden,0.7090699076652527
entzückende_ravza_training_data_lower_cbow_lr0.05_epochs1_mincount5_ws6_dims300,fememord,0.7041197419166565
entzückende_ravza_training_data_lower_cbow_lr0.05_epochs1_mincount5_ws6_dims300,wizid,0.7026580572128296
entzückende_ravza_training_data_lower_cbow_lr0.05_epochs1_mincount5_ws6_dims300,frauenmordserie,0.6933583617210388
entzückende_ravza_training_data_lower_cbow_lr0.05_epochs1_mincount5_ws6_dims300,intimizid,0.6920998096466064
entzückende_ravza_training_data_lower_cbow_lr0.05_epochs1_mincount5_ws6_dims300,frauenhass,0.680646538734436
entzückende_ravza_training_data_lower_cbow_lr0.05_epochs1_mincount5_ws6_dims300,fememorde,0.6713235378265381
entzückende_ravza_training_data_lower_cbow_lr0.05_epochs1_mincount5_ws6_dims300,frauenmörder,0.6680166721343994
entzückende_ravza_training_data_lower_cbow_lr0.05_epochs1_mincount5_ws6_dims300,suizid,0.6650396585464478
entzückende_ravza_training_data_lower_cbow_lr0.05_epochs1_mincount5_ws6_dims300,doppelsuizid,0.6576119661331177
entzückende_ravza_training_data_lower_cbow_lr0.05_epochs1_mincount5_ws6_dims300,frauengewalt,0.6567204594612122
entzückende_ravza_training_data_lower_cbow_lr0.05_epochs1_mincount5_ws6_dims300,frauenraub,0.6528939008712769
entzückende_ravza_training_data_lower_cbow_lr0.05_epochs1_mincount5_ws6_dims300,frauenmordrate,0.6517759561538696
entzückende_ravza_training_data_lower_cbow_lr0.05_epochs1_mincount5_ws6_dims300,frauenhasser,0.6509671211242676
entzückende_ravza_training_data_lower_cbow_lr0.05_epochs1_mincount5_ws6_dims300,hassmord,0.6458355188369751
entzückende_ravza_training_data_lower_cbow_lr0.05_epochs1_mincount5_ws6_dims300,frauenmörders,0.6457251906394958
entzückende_ravza_training_data_lower_cbow_lr0.05_epochs1_mincount5_ws6_dims300,neonatizid,0.6406540274620056
entzückende_ravza_training_data_lower_cbow_lr0.05_epochs1_mincount5_ws6_dims300,fetozid,0.637555718421936
entzückende_ravza_training_data_lower_cbow_lr0.05_epochs1_mincount5_ws6_dims300,sexualmord,0.635884165763855
entzückende_ravza_training_data_lower_cbow_lr0.05_epochs1_mincount5_ws6_dims300,männermord,0.6357758641242981
entzückende_ravza_training_data_lower_cbow_lr0.05_epochs1_mincount5_ws6_dims300,suizide,0.6330825686454773
entzückende_ravza_training_data_lower_cbow_lr0.05_epochs1_mincount5_ws6_dims300,massensuizid,0.6314002275466919
entzückende_ravza_training_data_lower_cbow_lr0.05_epochs1_mincount5_ws6_dims300,frauenkrimi,0.6311419606208801
entzückende_ravza_training_data_lower_cbow_lr0.05_epochs1_mincount5_ws6_dims300,schwangerenmord,0.6281392574310303
entzückende_ravza_training_data_lower_cbow_lr0.05_epochs1_mincount5_ws6_dims300,frauenleid,0.6274157166481018
entzückende_ravza_training_data_lower_cbow_lr0.05_epochs1_mincount5_ws6_dims300,femicide,0.6260965466499329
entzückende_ravza_training_data_lower_cbow_lr0.05_epochs1_mincount5_ws6_dims300,frauenmassaker,0.6257938742637634
entzückende_ravza_training_data_lower_cbow_lr0.05_epochs1_mincount5_ws6_dims300,vergewaltigungsdelikt,0.6242219805717468
entzückende_ravza_training_data_lower_cbow_lr0.05_epochs1_mincount5_ws6_dims300,männergewalt,0.6239963173866272
entzückende_ravza_training_data_lower_cbow_lr0.05_epochs1_mincount5_ws6_dims300,vergewaltigungsbegriff,0.6239079833030701
entzückende_ravza_training_data_lower_cbow_lr0.05_epochs1_mincount5_ws6_dims300,frauenhassende,0.6211947798728943
entzückende_ravza_training_data_lower_cbow_lr0.05_epochs1_mincount5_ws6_dims300,frauenhasses,0.6207383275032043
entzückende_ravza_training_data_lower_cbow_lr0.05_epochs1_mincount5_ws6_dims300,femis,0.6182436943054199
entzückende_ravza_training_data_lower_cbow_lr0.05_epochs1_mincount5_ws6_dims300,mädchenmord,0.6179429292678833
entzückende_ravza_training_data_lower_cbow_lr0.05_epochs1_mincount5_ws6_dims300,sextat,0.6178279519081116
entzückende_ravza_training_data_lower_cbow_lr0.05_epochs1_mincount5_ws6_dims300,sexualmorde,0.6177106499671936
entzückende_ravza_training_data_lower_cbow_lr0.05_epochs1_mincount5_ws6_dims300,feminisme,0.6142817139625549
entzückende_ravza_training_data_lower_cbow_lr0.05_epochs1_mincount5_ws6_dims300,sexualgewalt,0.6129268407821655
entzückende_ravza_training_data_lower_cbow_lr0.05_epochs1_mincount5_ws6_dims300,spermizid,0.6128185391426086
entzückende_ravza_training_data_lower_cbow_lr0.05_epochs1_mincount5_ws6_dims300,suzid,0.6127575039863586
entzückende_ravza_training_data_lower_cbow_lr0.05_epochs1_mincount5_ws6_dims300,sexualdelikt,0.6127544641494751
entzückende_ravza_training_data_lower_cbow_lr0.05_epochs1_mincount5_ws6_dims300,tötungsdelikt,0.612371563911438
entzückende_ravza_training_data_lower_cbow_lr0.05_epochs1_mincount5_ws6_dims300,sexmord,0.6122086644172668
entzückende_ravza_training_data_lower_cbow_lr0.05_epochs1_mincount5_ws6_dims300,frauenporno,0.6106577515602112
entzückende_ravza_training_data_lower_cbow_lr0.05_epochs1_mincount5_ws6_dims300,sexualmords,0.6101332902908325
entzückende_ravza_training_data_lower_cbow_lr0.05_epochs1_mincount5_ws6_dims300,alterssuizid,0.6086767315864563
entzückende_ravza_training_data_lower_cbow_lr0.05_epochs1_mincount5_ws6_dims300,frauenhassern,0.6085352301597595
entzückende_ravza_training_data_lower_cbow_lr0.05_epochs1_mincount5_ws6_dims300,frauenkiller,0.6081862449645996
entzückende_ravza_training_data_lower_cbow_lr0.05_epochs1_mincount5_ws6_dims300,suizidfall,0.6079308986663818
entzückende_ravza_training_data_lower_cbow_lr0.05_epochs1_mincount5_ws6_dims300,femi,0.6071875691413879
entzückende_ravza_training_data_lower_cbow_lr0.05_epochs1_mincount5_ws6_dims300,cybergewalt,0.6069197654724121
entzückende_ravza_training_data_lower_cbow_lr0.05_epochs1_mincount5_ws6_dims300,frauenhetz,0.6056569814682007
entzückende_ravza_training_data_lower_cbow_lr0.05_epochs1_mincount5_ws6_dims300,mädchenmorde,0.6047648787498474
entzückende_ravza_training_data_lower_cbow_lr0.05_epochs1_mincount5_ws6_dims300,suizids,0.6047079563140869
entzückende_ravza_training_data_lower_cbow_lr0.05_epochs1_mincount5_ws6_dims300,frauendie,0.6046333909034729
entzückende_ravza_training_data_lower_cbow_lr0.05_epochs1_mincount5_ws6_dims300,feminism,0.6045971512794495
entzückende_ravza_training_data_lower_cbow_lr0.05_epochs1_mincount5_ws6_dims300,zid,0.6037822961807251
entzückende_ravza_training_data_lower_cbow_lr0.05_epochs1_mincount5_ws6_dims300,suizides,0.6035599112510681
entzückende_ravza_training_data_lower_cbow_lr0.05_epochs1_mincount5_ws6_dims300,frauenakt,0.6032468676567078
entzückende_ravza_training_data_lower_cbow_lr0.05_epochs1_mincount5_ws6_dims300,filizid,0.6030334830284119
entzückende_ravza_training_data_lower_cbow_lr0.05_epochs1_mincount5_ws6_dims300,feminisms,0.6025987863540649
entzückende_ravza_training_data_lower_cbow_lr0.05_epochs1_mincount5_ws6_dims300,intimizide,0.6020488142967224
entzückende_ravza_training_data_lower_cbow_lr0.05_epochs1_mincount5_ws6_dims300,kindesmord,0.6019342541694641
entzückende_ravza_training_data_lower_cbow_lr0.05_epochs1_mincount5_ws6_dims300,femin,0.6000102758407593
entzückende_ravza_training_data_lower_cbow_lr0.05_epochs1_mincount5_ws6_dims300,gewaltverbrechen,0.5994831323623657
entzückende_ravza_training_data_lower_cbow_lr0.05_epochs1_mincount5_ws6_dims300,frauenmit,0.5993309617042542
entzückende_ravza_training_data_lower_cbow_lr0.05_epochs1_mincount5_ws6_dims300,sexualmorden,0.5985515713691711
entzückende_ravza_training_data_lower_cbow_lr0.05_epochs1_mincount5_ws6_dims300,mädchenmordfall,0.596825897693634
entzückende_ravza_training_data_lower_cbow_lr0.05_epochs1_mincount5_ws6_dims300,rassenmord,0.5967739820480347
entzückende_ravza_training_data_lower_cbow_lr0.05_epochs1_mincount5_ws6_dims300,frauenrechtsaktivistin,0.5965583324432373
entzückende_ravza_training_data_lower_cbow_lr0.05_epochs1_mincount5_ws6_dims300,frauenname,0.5963293313980103
entzückende_ravza_training_data_lower_cbow_lr0.05_epochs1_mincount5_ws6_dims300,prostituiertenmord,0.5962374210357666
entzückende_ravza_training_data_lower_cbow_lr0.05_epochs1_mincount5_ws6_dims300,judenmord,0.5960955023765564
entzückende_ravza_training_data_lower_cbow_lr0.05_epochs1_mincount5_ws6_dims300,haltdergewalt,0.5954376459121704
entzückende_ravza_training_data_lower_cbow_lr0.05_epochs1_mincount5_ws6_dims300,gewaltbegriff,0.5952765345573425
entzückende_ravza_training_data_lower_cbow_lr0.05_epochs1_mincount5_ws6_dims300,unterfrauenhaid,0.5952094793319702
entzückende_ravza_training_data_lower_cbow_lr0.05_epochs1_mincount5_ws6_dims300,zazid,0.5949990153312683
entzückende_ravza_training_data_lower_cbow_lr0.05_epochs1_mincount5_ws6_dims300,frauenhals,0.5940879583358765
entzückende_ravza_training_data_lower_cbow_lr0.05_epochs1_mincount5_ws6_dims300,drogenmord,0.5939652323722839
entzückende_ravza_training_data_lower_cbow_lr0.05_epochs1_mincount5_ws6_dims300,gewalttäterin,0.5935826301574707
entzückende_ravza_training_data_lower_cbow_lr0.05_epochs1_mincount5_ws6_dims300,gewalttat,0.5932012796401978
entzückende_ravza_training_data_lower_cbow_lr0.05_epochs1_mincount5_ws6_dims300,frauenhaarfarn,0.592910647392273
entzückende_ravza_training_data_lower_cbow_lr0.05_epochs1_mincount5_ws6_dims300,feminis,0.592658519744873
entzückende_ravza_training_data_lower_cbow_lr0.05_epochs1_mincount5_ws6_dims300,mädchenmords,0.5918841361999512
entzückende_ravza_training_data_lower_cbow_lr0.05_epochs1_mincount5_ws6_dims300,vergewaltigungsdrama,0.5916339755058289
entzückende_ravza_training_data_lower_cbow_lr0.05_epochs1_mincount5_ws6_dims300,suizidszene,0.5914901494979858
entzückende_ravza_training_data_lower_cbow_lr0.05_epochs1_mincount5_ws6_dims300,frauendrama,0.5907014012336731
entzückende_ravza_training_data_lower_cbow_lr0.05_epochs1_mincount5_ws6_dims300,selbstmord,0.5905269980430603
entzückende_ravza_training_data_lower_cbow_lr0.05_epochs1_mincount5_ws6_dims300,sexualverbrechen,0.5901654362678528
entzückende_ravza_training_data_lower_cbow_lr0.05_epochs1_mincount5_ws6_dims300,feministiskt,0.5901566743850708
entzückende_ravza_training_data_lower_cbow_lr0.05_epochs1_mincount5_ws6_dims300,morddelikt,0.5899366140365601
vitale_stella_training_data_lower_cbow_lr0.05_epochs1_mincount10_ws6_dims300,femizide,0.9081658720970154
vitale_stella_training_data_lower_cbow_lr0.05_epochs1_mincount10_ws6_dims300,femizids,0.9018932580947876
vitale_stella_training_data_lower_cbow_lr0.05_epochs1_mincount10_ws6_dims300,femiziden,0.8199764490127563
vitale_stella_training_data_lower_cbow_lr0.05_epochs1_mincount10_ws6_dims300,frauenmord,0.7829530835151672
vitale_stella_training_data_lower_cbow_lr0.05_epochs1_mincount10_ws6_dims300,feminizide,0.7780771851539612
vitale_stella_training_data_lower_cbow_lr0.05_epochs1_mincount10_ws6_dims300,frauenmords,0.7567293047904968
vitale_stella_training_data_lower_cbow_lr0.05_epochs1_mincount10_ws6_dims300,frauenmorde,0.7319460511207581
vitale_stella_training_data_lower_cbow_lr0.05_epochs1_mincount10_ws6_dims300,frauenmordes,0.7239618301391602
vitale_stella_training_data_lower_cbow_lr0.05_epochs1_mincount10_ws6_dims300,frauenmorden,0.6925307512283325
vitale_stella_training_data_lower_cbow_lr0.05_epochs1_mincount10_ws6_dims300,frauenmordserie,0.6786474585533142
vitale_stella_training_data_lower_cbow_lr0.05_epochs1_mincount10_ws6_dims300,fememorde,0.6741291284561157
vitale_stella_training_data_lower_cbow_lr0.05_epochs1_mincount10_ws6_dims300,frauenhass,0.6661255955696106
vitale_stella_training_data_lower_cbow_lr0.05_epochs1_mincount10_ws6_dims300,sexualmord,0.664862871170044
vitale_stella_training_data_lower_cbow_lr0.05_epochs1_mincount10_ws6_dims300,frauenmörder,0.6509001851081848
vitale_stella_training_data_lower_cbow_lr0.05_epochs1_mincount10_ws6_dims300,suizide,0.6495295166969299
vitale_stella_training_data_lower_cbow_lr0.05_epochs1_mincount10_ws6_dims300,sexualmorde,0.6492846012115479
vitale_stella_training_data_lower_cbow_lr0.05_epochs1_mincount10_ws6_dims300,suizid,0.6456112265586853
vitale_stella_training_data_lower_cbow_lr0.05_epochs1_mincount10_ws6_dims300,frauenraub,0.6454922556877136
vitale_stella_training_data_lower_cbow_lr0.05_epochs1_mincount10_ws6_dims300,doppelsuizid,0.644543468952179
vitale_stella_training_data_lower_cbow_lr0.05_epochs1_mincount10_ws6_dims300,femibion,0.639447033405304
vitale_stella_training_data_lower_cbow_lr0.05_epochs1_mincount10_ws6_dims300,frauenmörders,0.6391249299049377
vitale_stella_training_data_lower_cbow_lr0.05_epochs1_mincount10_ws6_dims300,massensuizid,0.6389738917350769
vitale_stella_training_data_lower_cbow_lr0.05_epochs1_mincount10_ws6_dims300,femi,0.6384124755859375
vitale_stella_training_data_lower_cbow_lr0.05_epochs1_mincount10_ws6_dims300,femicide,0.6348122358322144
vitale_stella_training_data_lower_cbow_lr0.05_epochs1_mincount10_ws6_dims300,frauengewalt,0.6315009593963623
vitale_stella_training_data_lower_cbow_lr0.05_epochs1_mincount10_ws6_dims300,sexmord,0.6313785910606384
vitale_stella_training_data_lower_cbow_lr0.05_epochs1_mincount10_ws6_dims300,suizides,0.6253666281700134
vitale_stella_training_data_lower_cbow_lr0.05_epochs1_mincount10_ws6_dims300,frauenhasses,0.6141759157180786
vitale_stella_training_data_lower_cbow_lr0.05_epochs1_mincount10_ws6_dims300,männergewalt,0.6137835383415222
vitale_stella_training_data_lower_cbow_lr0.05_epochs1_mincount10_ws6_dims300,suiziden,0.611556351184845
vitale_stella_training_data_lower_cbow_lr0.05_epochs1_mincount10_ws6_dims300,feminisme,0.6112532019615173
vitale_stella_training_data_lower_cbow_lr0.05_epochs1_mincount10_ws6_dims300,sexualmordes,0.6102721095085144
vitale_stella_training_data_lower_cbow_lr0.05_epochs1_mincount10_ws6_dims300,selbstmord,0.6100478768348694
vitale_stella_training_data_lower_cbow_lr0.05_epochs1_mincount10_ws6_dims300,frauenhasser,0.6081942915916443
vitale_stella_training_data_lower_cbow_lr0.05_epochs1_mincount10_ws6_dims300,frauentötungen,0.6070424318313599
vitale_stella_training_data_lower_cbow_lr0.05_epochs1_mincount10_ws6_dims300,feminism,0.6050276756286621
vitale_stella_training_data_lower_cbow_lr0.05_epochs1_mincount10_ws6_dims300,sexualgewalt,0.604824423789978
vitale_stella_training_data_lower_cbow_lr0.05_epochs1_mincount10_ws6_dims300,teenagermord,0.6045637726783752
vitale_stella_training_data_lower_cbow_lr0.05_epochs1_mincount10_ws6_dims300,suizidfall,0.6045508980751038
vitale_stella_training_data_lower_cbow_lr0.05_epochs1_mincount10_ws6_dims300,mädchenmord,0.6039859056472778
vitale_stella_training_data_lower_cbow_lr0.05_epochs1_mincount10_ws6_dims300,sexualverbrechen,0.6033207178115845
vitale_stella_training_data_lower_cbow_lr0.05_epochs1_mincount10_ws6_dims300,sexualmörder,0.601485013961792
vitale_stella_training_data_lower_cbow_lr0.05_epochs1_mincount10_ws6_dims300,suizids,0.600618302822113
vitale_stella_training_data_lower_cbow_lr0.05_epochs1_mincount10_ws6_dims300,kindermord,0.5987080931663513
vitale_stella_training_data_lower_cbow_lr0.05_epochs1_mincount10_ws6_dims300,kindesmord,0.5984125733375549
vitale_stella_training_data_lower_cbow_lr0.05_epochs1_mincount10_ws6_dims300,kindsmord,0.5971336364746094
vitale_stella_training_data_lower_cbow_lr0.05_epochs1_mincount10_ws6_dims300,mädchenmorde,0.5955501198768616
vitale_stella_training_data_lower_cbow_lr0.05_epochs1_mincount10_ws6_dims300,fetozid,0.5913274884223938
vitale_stella_training_data_lower_cbow_lr0.05_epochs1_mincount10_ws6_dims300,muttermord,0.5903261303901672
vitale_stella_training_data_lower_cbow_lr0.05_epochs1_mincount10_ws6_dims300,feminismus,0.5895101428031921
vitale_stella_training_data_lower_cbow_lr0.05_epochs1_mincount10_ws6_dims300,frauenkrimi,0.5892108082771301
vitale_stella_training_data_lower_cbow_lr0.05_epochs1_mincount10_ws6_dims300,journalistinnenmord,0.5883815884590149
vitale_stella_training_data_lower_cbow_lr0.05_epochs1_mincount10_ws6_dims300,sextat,0.5880022644996643
vitale_stella_training_data_lower_cbow_lr0.05_epochs1_mincount10_ws6_dims300,vergewaltigungsszene,0.5877255797386169
vitale_stella_training_data_lower_cbow_lr0.05_epochs1_mincount10_ws6_dims300,kindsmorde,0.5869739055633545
vitale_stella_training_data_lower_cbow_lr0.05_epochs1_mincount10_ws6_dims300,tötungsdelikt,0.5869342088699341
vitale_stella_training_data_lower_cbow_lr0.05_epochs1_mincount10_ws6_dims300,frauenfeind,0.5861717462539673
vitale_stella_training_data_lower_cbow_lr0.05_epochs1_mincount10_ws6_dims300,mordtat,0.5861478447914124
vitale_stella_training_data_lower_cbow_lr0.05_epochs1_mincount10_ws6_dims300,frauenhand,0.5858492851257324
vitale_stella_training_data_lower_cbow_lr0.05_epochs1_mincount10_ws6_dims300,terrormord,0.5850324034690857
vitale_stella_training_data_lower_cbow_lr0.05_epochs1_mincount10_ws6_dims300,gewaltverbrechen,0.5848002433776855
vitale_stella_training_data_lower_cbow_lr0.05_epochs1_mincount10_ws6_dims300,frauenrechtsaktivistin,0.5841438174247742
vitale_stella_training_data_lower_cbow_lr0.05_epochs1_mincount10_ws6_dims300,vergewaltigungsdrama,0.5839546322822571
vitale_stella_training_data_lower_cbow_lr0.05_epochs1_mincount10_ws6_dims300,frauenakt,0.5836507081985474
vitale_stella_training_data_lower_cbow_lr0.05_epochs1_mincount10_ws6_dims300,frauenhetz,0.5835709571838379
vitale_stella_training_data_lower_cbow_lr0.05_epochs1_mincount10_ws6_dims300,judenmord,0.583092451095581
vitale_stella_training_data_lower_cbow_lr0.05_epochs1_mincount10_ws6_dims300,sexualstraftat,0.5828354358673096
vitale_stella_training_data_lower_cbow_lr0.05_epochs1_mincount10_ws6_dims300,gewalttat,0.5825256109237671
vitale_stella_training_data_lower_cbow_lr0.05_epochs1_mincount10_ws6_dims300,feministiskt,0.5825051665306091
vitale_stella_training_data_lower_cbow_lr0.05_epochs1_mincount10_ws6_dims300,frauenim,0.5822598934173584
vitale_stella_training_data_lower_cbow_lr0.05_epochs1_mincount10_ws6_dims300,sexualverbrechens,0.5817957520484924
vitale_stella_training_data_lower_cbow_lr0.05_epochs1_mincount10_ws6_dims300,suizidserie,0.5815269351005554
vitale_stella_training_data_lower_cbow_lr0.05_epochs1_mincount10_ws6_dims300,doppelselbstmord,0.5808868408203125
vitale_stella_training_data_lower_cbow_lr0.05_epochs1_mincount10_ws6_dims300,feministinnen,0.5795155167579651
vitale_stella_training_data_lower_cbow_lr0.05_epochs1_mincount10_ws6_dims300,prostituiertenmord,0.5786662697792053
vitale_stella_training_data_lower_cbow_lr0.05_epochs1_mincount10_ws6_dims300,frauenund,0.5782508850097656
vitale_stella_training_data_lower_cbow_lr0.05_epochs1_mincount10_ws6_dims300,gewaltverharmlosung,0.5781540274620056
vitale_stella_training_data_lower_cbow_lr0.05_epochs1_mincount10_ws6_dims300,zid,0.5775732398033142
vitale_stella_training_data_lower_cbow_lr0.05_epochs1_mincount10_ws6_dims300,frauenphänomen,0.5770544409751892
vitale_stella_training_data_lower_cbow_lr0.05_epochs1_mincount10_ws6_dims300,männermordende,0.576948881149292
vitale_stella_training_data_lower_cbow_lr0.05_epochs1_mincount10_ws6_dims300,selbstmorde,0.5761095881462097
vitale_stella_training_data_lower_cbow_lr0.05_epochs1_mincount10_ws6_dims300,frauenaktivistin,0.5757902264595032
vitale_stella_training_data_lower_cbow_lr0.05_epochs1_mincount10_ws6_dims300,frauenhintern,0.5756212472915649
vitale_stella_training_data_lower_cbow_lr0.05_epochs1_mincount10_ws6_dims300,haltdergewalt,0.5755757689476013
vitale_stella_training_data_lower_cbow_lr0.05_epochs1_mincount10_ws6_dims300,massenselbstmord,0.5748500227928162
vitale_stella_training_data_lower_cbow_lr0.05_epochs1_mincount10_ws6_dims300,frauenrechtsaktivistinnen,0.5745078325271606
vitale_stella_training_data_lower_cbow_lr0.05_epochs1_mincount10_ws6_dims300,suizidtoten,0.574174165725708
vitale_stella_training_data_lower_cbow_lr0.05_epochs1_mincount10_ws6_dims300,suizidenten,0.5739114284515381
vitale_stella_training_data_lower_cbow_lr0.05_epochs1_mincount10_ws6_dims300,tötungsverbrechen,0.5736894607543945
vitale_stella_training_data_lower_cbow_lr0.05_epochs1_mincount10_ws6_dims300,sexverbrechen,0.5730617642402649
vitale_stella_training_data_lower_cbow_lr0.05_epochs1_mincount10_ws6_dims300,frauenklischee,0.5726528167724609
vitale_stella_training_data_lower_cbow_lr0.05_epochs1_mincount10_ws6_dims300,sexualdelikt,0.572564959526062
vitale_stella_training_data_lower_cbow_lr0.05_epochs1_mincount10_ws6_dims300,frauenname,0.5723655819892883
vitale_stella_training_data_lower_cbow_lr0.05_epochs1_mincount10_ws6_dims300,vergewaltigungsvideo,0.5722002387046814
vitale_stella_training_data_lower_cbow_lr0.05_epochs1_mincount10_ws6_dims300,giftmord,0.5721245408058167
vitale_stella_training_data_lower_cbow_lr0.05_epochs1_mincount10_ws6_dims300,frauenakte,0.5720436573028564
vitale_stella_training_data_lower_cbow_lr0.05_epochs1_mincount10_ws6_dims300,hassverbrechen,0.57181715965271
vitale_stella_training_data_lower_cbow_lr0.05_epochs1_mincount10_ws6_dims300,suizidbericht,0.5714491605758667
vitale_stella_training_data_lower_cbow_lr0.05_epochs1_mincount10_ws6_dims300,frauenhaarfarn,0.5709097385406494
vitale_stella_training_data_lower_cbow_lr0.05_epochs1_mincount10_ws6_dims300,frauenin,0.5703577995300293
cc.de.300,frauenmorde,0.48585301637649536
cc.de.300,frauenmorden,0.4733673334121704
cc.de.300,ehrenmorde,0.4705236852169037
cc.de.300,vergewaltigungskultur,0.467815637588501
cc.de.300,frauenbeschneidung,0.46445250511169434
cc.de.300,massenvergewaltigungen,0.4579104781150818
cc.de.300,vergewaltigungen,0.4573654532432556
cc.de.300,frauenmord,0.45501938462257385
cc.de.300,zwangsprostitution,0.4543461203575134
cc.de.300,frauenhandel,0.45431745052337646
cc.de.300,frauengewalt,0.45282450318336487
cc.de.300,drogenkrieg,0.45219895243644714
cc.de.300,ehrenmorden,0.4513271749019623
cc.de.300,vergewaltigung,0.45084646344184875
cc.de.300,menschenhandel,0.4480016231536865
cc.de.300,männergewalt,0.44402411580085754
cc.de.300,hassverbrechen,0.4365176260471344
cc.de.300,gruppenvergewaltigungen,0.43540695309638977
cc.de.300,sexualverbrechen,0.43522876501083374
cc.de.300,genitalverstümmelung,0.43247243762016296
cc.de.300,neonatizid,0.4311075210571289
cc.de.300,zwangsverheiratungen,0.42972856760025024
cc.de.300,vergewaltigungsopfern,0.4283342957496643
cc.de.300,vergewaltigungsmythen,0.4261239767074585
cc.de.300,genitalverstümmelungen,0.42597466707229614
cc.de.300,massenvergewaltigung,0.4248136281967163
cc.de.300,biphobie,0.4243825376033783
cc.de.300,kindesmissbrauch,0.4238331615924835
cc.de.300,demozid,0.4233837127685547
cc.de.300,gewaltverbrechen,0.4206441044807434
cc.de.300,zwangsverheiratung,0.4164073169231415
cc.de.300,frauenraub,0.4162802994251251
cc.de.300,genozid,0.4157092571258545
cc.de.300,vergewaltigungsfälle,0.4153169095516205
cc.de.300,ökozid,0.41504743695259094
cc.de.300,völkermord,0.4149380624294281
cc.de.300,sexueller,0.4148370623588562
cc.de.300,mordraten,0.41482293605804443
cc.de.300,serienmord,0.4144929051399231
cc.de.300,lesbophobie,0.4141244888305664
cc.de.300,kinderprostitution,0.41363632678985596
cc.de.300,ehrenmord,0.4133532643318176
cc.de.300,menschenrechtsverletzung,0.41316643357276917
cc.de.300,spermizid,0.41285011172294617
cc.de.300,tötungsdelikt,0.41277483105659485
cc.de.300,kindstötung,0.41272732615470886
cc.de.300,gewaltrate,0.41140273213386536
cc.de.300,sexualdelikt,0.41112765669822693
cc.de.300,zwangsehen,0.40949010848999023
cc.de.300,sexualstraftaten,0.40839868783950806
cc.de.300,gynozentrismus,0.4078156054019928
cc.de.300,sexismus,0.40734148025512695
cc.de.300,post-abortion-syndrom,0.4063064754009247
cc.de.300,polizistenmorde,0.40604665875434875
cc.de.300,mordrate,0.4060465693473816
cc.de.300,gruppenvergewaltigung,0.4057691991329193
cc.de.300,ritueller,0.40537646412849426
cc.de.300,genozide,0.4047802686691284
cc.de.300,diskriminierungsgrund,0.4037156403064728
cc.de.300,massaker,0.4034537374973297
cc.de.300,istanbul-konvention,0.4032367765903473
cc.de.300,werther-effekt,0.4031887352466583
cc.de.300,vergewaltigungsopfer,0.4031839370727539
cc.de.300,kinderschändung,0.40286925435066223
cc.de.300,transphobie,0.40146103501319885
cc.de.300,spermizide,0.40073904395103455
cc.de.300,sexhandel,0.400170236825943
cc.de.300,verschwindenlassen,0.3993853032588959
cc.de.300,vergewaltigungsversuch,0.39911746978759766
cc.de.300,trostfrauen,0.39910122752189636
cc.de.300,staatsterrorismus,0.39894211292266846
cc.de.300,abtreibungen,0.3981849253177643
cc.de.300,frauenhass,0.3977915644645691
cc.de.300,mädchenmord,0.39755427837371826
cc.de.300,parasuizid,0.3972082734107971
cc.de.300,täterinnen,0.39718642830848694
cc.de.300,ethnozid,0.3970828950405121
cc.de.300,frauenarmut,0.3970194160938263
cc.de.300,polizeigewalt,0.39668723940849304
cc.de.300,beschaffungsprostitution,0.39557141065597534
cc.de.300,kindesmißbrauch,0.3954407870769501
cc.de.300,schwangerschaftsabbruch,0.39463257789611816
cc.de.300,mädchenbeschneidung,0.39445167779922485
cc.de.300,kindesentzug,0.39403778314590454
cc.de.300,desaparecidos,0.3937910497188568
cc.de.300,frauenthema,0.3930233120918274
cc.de.300,abtreibungsverbot,0.39221280813217163
cc.de.300,selbstmorden,0.39202263951301575
cc.de.300,abtreibung,0.39166805148124695
cc.de.300,gender,0.3905189037322998
cc.de.300,machismus,0.39017269015312195
cc.de.300,verschwindenlassens,0.38987886905670166
cc.de.300,frauenorganisationen,0.38909077644348145
cc.de.300,schwerverbrechen,0.38902968168258667
cc.de.300,geschlechterdiskriminierung,0.38899052143096924
cc.de.300,straflosigkeit,0.388729453086853
cc.de.300,arbeitsausbeutung,0.38825029134750366
cc.de.300,lohnungleichheit,0.388156533241272
cc.de.300,pinkwashing,0.3877545893192291
cc.de.300,zika-epidemie,0.38747742772102356
spritzige_jara_training_data_cbow_lr0.05_epochs1_mincount50_ws12_dims300,femizide,0.9134497046470642
spritzige_jara_training_data_cbow_lr0.05_epochs1_mincount50_ws12_dims300,femiziden,0.8226677775382996
spritzige_jara_training_data_cbow_lr0.05_epochs1_mincount50_ws12_dims300,frauenmord,0.8111581802368164
spritzige_jara_training_data_cbow_lr0.05_epochs1_mincount50_ws12_dims300,frauenmorde,0.7848334908485413
spritzige_jara_training_data_cbow_lr0.05_epochs1_mincount50_ws12_dims300,frauenmorden,0.7574728727340698
spritzige_jara_training_data_cbow_lr0.05_epochs1_mincount50_ws12_dims300,frauenhass,0.6900283098220825
spritzige_jara_training_data_cbow_lr0.05_epochs1_mincount50_ws12_dims300,frauenmörder,0.6677632927894592
spritzige_jara_training_data_cbow_lr0.05_epochs1_mincount50_ws12_dims300,frauenhasser,0.6621309518814087
spritzige_jara_training_data_cbow_lr0.05_epochs1_mincount50_ws12_dims300,suizid,0.6462996006011963
spritzige_jara_training_data_cbow_lr0.05_epochs1_mincount50_ws12_dims300,frauenmörders,0.643703818321228
spritzige_jara_training_data_cbow_lr0.05_epochs1_mincount50_ws12_dims300,suizide,0.6368997693061829
spritzige_jara_training_data_cbow_lr0.05_epochs1_mincount50_ws12_dims300,gewaltverbrechen,0.6312741637229919
spritzige_jara_training_data_cbow_lr0.05_epochs1_mincount50_ws12_dims300,frauenhand,0.6244641542434692
spritzige_jara_training_data_cbow_lr0.05_epochs1_mincount50_ws12_dims300,vergewaltigungsopfer,0.6139302253723145
spritzige_jara_training_data_cbow_lr0.05_epochs1_mincount50_ws12_dims300,vergewaltigungskultur,0.611066460609436
spritzige_jara_training_data_cbow_lr0.05_epochs1_mincount50_ws12_dims300,männergewalt,0.6099205017089844
spritzige_jara_training_data_cbow_lr0.05_epochs1_mincount50_ws12_dims300,vergewaltigungsszene,0.6083948016166687
spritzige_jara_training_data_cbow_lr0.05_epochs1_mincount50_ws12_dims300,gewaltverbrechens,0.6082033514976501
spritzige_jara_training_data_cbow_lr0.05_epochs1_mincount50_ws12_dims300,sexualmord,0.6069145798683167
spritzige_jara_training_data_cbow_lr0.05_epochs1_mincount50_ws12_dims300,tötungsdelikt,0.6068515181541443
spritzige_jara_training_data_cbow_lr0.05_epochs1_mincount50_ws12_dims300,mädchenmord,0.6060813665390015
spritzige_jara_training_data_cbow_lr0.05_epochs1_mincount50_ws12_dims300,gewalttat,0.6054850816726685
spritzige_jara_training_data_cbow_lr0.05_epochs1_mincount50_ws12_dims300,frauenakt,0.6048874258995056
spritzige_jara_training_data_cbow_lr0.05_epochs1_mincount50_ws12_dims300,frauenmode,0.6046273708343506
spritzige_jara_training_data_cbow_lr0.05_epochs1_mincount50_ws12_dims300,vergewaltigungsopfern,0.6041896343231201
spritzige_jara_training_data_cbow_lr0.05_epochs1_mincount50_ws12_dims300,frauenrechtsaktivistinnen,0.6039867401123047
spritzige_jara_training_data_cbow_lr0.05_epochs1_mincount50_ws12_dims300,sexualverbrechen,0.6021923422813416
spritzige_jara_training_data_cbow_lr0.05_epochs1_mincount50_ws12_dims300,suiziden,0.6001567840576172
spritzige_jara_training_data_cbow_lr0.05_epochs1_mincount50_ws12_dims300,frauenrechtsaktivistin,0.5989477634429932
spritzige_jara_training_data_cbow_lr0.05_epochs1_mincount50_ws12_dims300,frauenhände,0.5969985127449036
spritzige_jara_training_data_cbow_lr0.05_epochs1_mincount50_ws12_dims300,gewaltverbrechern,0.5951546430587769
spritzige_jara_training_data_cbow_lr0.05_epochs1_mincount50_ws12_dims300,vergewaltigungs,0.5944342017173767
spritzige_jara_training_data_cbow_lr0.05_epochs1_mincount50_ws12_dims300,gewaltverbrecher,0.59335857629776
spritzige_jara_training_data_cbow_lr0.05_epochs1_mincount50_ws12_dims300,gewaltopfer,0.5921767354011536
spritzige_jara_training_data_cbow_lr0.05_epochs1_mincount50_ws12_dims300,vergewaltigung,0.5913233160972595
spritzige_jara_training_data_cbow_lr0.05_epochs1_mincount50_ws12_dims300,gewaltdelikt,0.5907900929450989
spritzige_jara_training_data_cbow_lr0.05_epochs1_mincount50_ws12_dims300,frauenaktivistinnen,0.5906145572662354
spritzige_jara_training_data_cbow_lr0.05_epochs1_mincount50_ws12_dims300,vergewaltigungsopfers,0.5905182957649231
spritzige_jara_training_data_cbow_lr0.05_epochs1_mincount50_ws12_dims300,kindesmord,0.5904043912887573
spritzige_jara_training_data_cbow_lr0.05_epochs1_mincount50_ws12_dims300,gewaltvideo,0.5875123739242554
spritzige_jara_training_data_cbow_lr0.05_epochs1_mincount50_ws12_dims300,vergewaltigungsversuch,0.586987316608429
spritzige_jara_training_data_cbow_lr0.05_epochs1_mincount50_ws12_dims300,frauenverachtung,0.586951494216919
spritzige_jara_training_data_cbow_lr0.05_epochs1_mincount50_ws12_dims300,frauenakte,0.5852064490318298
spritzige_jara_training_data_cbow_lr0.05_epochs1_mincount50_ws12_dims300,frauenhänden,0.5844449400901794
spritzige_jara_training_data_cbow_lr0.05_epochs1_mincount50_ws12_dims300,kindsmord,0.5841212868690491
spritzige_jara_training_data_cbow_lr0.05_epochs1_mincount50_ws12_dims300,frauenaktivistin,0.5834661722183228
spritzige_jara_training_data_cbow_lr0.05_epochs1_mincount50_ws12_dims300,frauenfeind,0.582774817943573
spritzige_jara_training_data_cbow_lr0.05_epochs1_mincount50_ws12_dims300,frauenarmut,0.5813542604446411
spritzige_jara_training_data_cbow_lr0.05_epochs1_mincount50_ws12_dims300,frauenhandel,0.5807332396507263
spritzige_jara_training_data_cbow_lr0.05_epochs1_mincount50_ws12_dims300,frauenrechtlerin,0.5801747441291809
spritzige_jara_training_data_cbow_lr0.05_epochs1_mincount50_ws12_dims300,frauenschläger,0.579775869846344
spritzige_jara_training_data_cbow_lr0.05_epochs1_mincount50_ws12_dims300,suizids,0.5796229243278503
spritzige_jara_training_data_cbow_lr0.05_epochs1_mincount50_ws12_dims300,vergewaltigungsserie,0.5795568227767944
spritzige_jara_training_data_cbow_lr0.05_epochs1_mincount50_ws12_dims300,vergewaltigungen,0.5792908072471619
spritzige_jara_training_data_cbow_lr0.05_epochs1_mincount50_ws12_dims300,kindermord,0.5786892771720886
spritzige_jara_training_data_cbow_lr0.05_epochs1_mincount50_ws12_dims300,selbstmorde,0.5783969163894653
spritzige_jara_training_data_cbow_lr0.05_epochs1_mincount50_ws12_dims300,frauenfeindliche,0.5783458352088928
spritzige_jara_training_data_cbow_lr0.05_epochs1_mincount50_ws12_dims300,tötungsdelikte,0.5759037733078003
spritzige_jara_training_data_cbow_lr0.05_epochs1_mincount50_ws12_dims300,gewaltvorfälle,0.5757895708084106
spritzige_jara_training_data_cbow_lr0.05_epochs1_mincount50_ws12_dims300,frauenrechtlerinnen,0.575755774974823
spritzige_jara_training_data_cbow_lr0.05_epochs1_mincount50_ws12_dims300,vergewaltiger,0.575711727142334
spritzige_jara_training_data_cbow_lr0.05_epochs1_mincount50_ws12_dims300,frauenmangel,0.5755922198295593
spritzige_jara_training_data_cbow_lr0.05_epochs1_mincount50_ws12_dims300,frauenrecht,0.5752270817756653
spritzige_jara_training_data_cbow_lr0.05_epochs1_mincount50_ws12_dims300,vergewaltigungsfall,0.574439525604248
spritzige_jara_training_data_cbow_lr0.05_epochs1_mincount50_ws12_dims300,sexualverbrechens,0.5734476447105408
spritzige_jara_training_data_cbow_lr0.05_epochs1_mincount50_ws12_dims300,gewaltexzess,0.5721967220306396
spritzige_jara_training_data_cbow_lr0.05_epochs1_mincount50_ws12_dims300,selbstmord,0.5710180401802063
spritzige_jara_training_data_cbow_lr0.05_epochs1_mincount50_ws12_dims300,vergewaltigungsfälle,0.570954442024231
spritzige_jara_training_data_cbow_lr0.05_epochs1_mincount50_ws12_dims300,vergewaltigen,0.570674479007721
spritzige_jara_training_data_cbow_lr0.05_epochs1_mincount50_ws12_dims300,hassverbrechen,0.5705987215042114
spritzige_jara_training_data_cbow_lr0.05_epochs1_mincount50_ws12_dims300,frauenrechtsaktivisten,0.5702348947525024
spritzige_jara_training_data_cbow_lr0.05_epochs1_mincount50_ws12_dims300,gewalttaten,0.5698788166046143
spritzige_jara_training_data_cbow_lr0.05_epochs1_mincount50_ws12_dims300,tötungsdeliktes,0.5697938799858093
spritzige_jara_training_data_cbow_lr0.05_epochs1_mincount50_ws12_dims300,fungizid,0.5692691802978516
spritzige_jara_training_data_cbow_lr0.05_epochs1_mincount50_ws12_dims300,frauenmarsch,0.5682749152183533
spritzige_jara_training_data_cbow_lr0.05_epochs1_mincount50_ws12_dims300,suizidprävention,0.5680258870124817
spritzige_jara_training_data_cbow_lr0.05_epochs1_mincount50_ws12_dims300,frauenherz,0.5672918558120728
spritzige_jara_training_data_cbow_lr0.05_epochs1_mincount50_ws12_dims300,frauenrechtler,0.5672091841697693
spritzige_jara_training_data_cbow_lr0.05_epochs1_mincount50_ws12_dims300,sexualdelikt,0.5671498775482178
spritzige_jara_training_data_cbow_lr0.05_epochs1_mincount50_ws12_dims300,muttermord,0.5669263601303101
spritzige_jara_training_data_cbow_lr0.05_epochs1_mincount50_ws12_dims300,frauendiskriminierung,0.5663855075836182
spritzige_jara_training_data_cbow_lr0.05_epochs1_mincount50_ws12_dims300,gewaltopfern,0.5663421750068665
spritzige_jara_training_data_cbow_lr0.05_epochs1_mincount50_ws12_dims300,gewaltfrei,0.5658804178237915
spritzige_jara_training_data_cbow_lr0.05_epochs1_mincount50_ws12_dims300,suizidalität,0.5651454329490662
spritzige_jara_training_data_cbow_lr0.05_epochs1_mincount50_ws12_dims300,sexualverbrecher,0.5642703771591187
spritzige_jara_training_data_cbow_lr0.05_epochs1_mincount50_ws12_dims300,vergewaltigungsfantasien,0.5639524459838867
spritzige_jara_training_data_cbow_lr0.05_epochs1_mincount50_ws12_dims300,frauenfeindlich,0.563371479511261
spritzige_jara_training_data_cbow_lr0.05_epochs1_mincount50_ws12_dims300,vergewaltigt,0.5629871487617493
spritzige_jara_training_data_cbow_lr0.05_epochs1_mincount50_ws12_dims300,gewaltakt,0.5628807544708252
spritzige_jara_training_data_cbow_lr0.05_epochs1_mincount50_ws12_dims300,vergewaltigungsdrohungen,0.5606571435928345
spritzige_jara_training_data_cbow_lr0.05_epochs1_mincount50_ws12_dims300,tötungsdelikten,0.5606281161308289
spritzige_jara_training_data_cbow_lr0.05_epochs1_mincount50_ws12_dims300,vergewaltigungsvorwurf,0.559899091720581
spritzige_jara_training_data_cbow_lr0.05_epochs1_mincount50_ws12_dims300,gewaltorgie,0.5598796606063843
spritzige_jara_training_data_cbow_lr0.05_epochs1_mincount50_ws12_dims300,frauenrechtsgruppe,0.5596663951873779
spritzige_jara_training_data_cbow_lr0.05_epochs1_mincount50_ws12_dims300,frauenrechten,0.5595413446426392
spritzige_jara_training_data_cbow_lr0.05_epochs1_mincount50_ws12_dims300,frauenrechts,0.5595093369483948
spritzige_jara_training_data_cbow_lr0.05_epochs1_mincount50_ws12_dims300,unterfrauenhaid,0.5595047473907471
spritzige_jara_training_data_cbow_lr0.05_epochs1_mincount50_ws12_dims300,frauenrechtlern,0.5593888759613037
spritzige_jara_training_data_cbow_lr0.05_epochs1_mincount50_ws12_dims300,frauenrings,0.5593523979187012
spritzige_jara_training_data_cbow_lr0.05_epochs1_mincount50_ws12_dims300,femi,0.5591238141059875
spontaner_gideon_training_data_lower_cbow_lr0.05_epochs1_mincount100_ws24_dims300,femizide,0.9321981072425842
spontaner_gideon_training_data_lower_cbow_lr0.05_epochs1_mincount100_ws24_dims300,femiziden,0.8544359803199768
spontaner_gideon_training_data_lower_cbow_lr0.05_epochs1_mincount100_ws24_dims300,frauenmord,0.7711412310600281
spontaner_gideon_training_data_lower_cbow_lr0.05_epochs1_mincount100_ws24_dims300,frauenmorde,0.746610164642334
spontaner_gideon_training_data_lower_cbow_lr0.05_epochs1_mincount100_ws24_dims300,frauenmorden,0.719939112663269
spontaner_gideon_training_data_lower_cbow_lr0.05_epochs1_mincount100_ws24_dims300,frauenhass,0.6622889041900635
spontaner_gideon_training_data_lower_cbow_lr0.05_epochs1_mincount100_ws24_dims300,frauenhasser,0.6241123080253601
spontaner_gideon_training_data_lower_cbow_lr0.05_epochs1_mincount100_ws24_dims300,frauenmörder,0.6129953861236572
spontaner_gideon_training_data_lower_cbow_lr0.05_epochs1_mincount100_ws24_dims300,gewaltverbrechen,0.5765530467033386
spontaner_gideon_training_data_lower_cbow_lr0.05_epochs1_mincount100_ws24_dims300,frauenmode,0.5745839476585388
spontaner_gideon_training_data_lower_cbow_lr0.05_epochs1_mincount100_ws24_dims300,frauenhand,0.5742027163505554
spontaner_gideon_training_data_lower_cbow_lr0.05_epochs1_mincount100_ws24_dims300,suizid,0.5726987719535828
spontaner_gideon_training_data_lower_cbow_lr0.05_epochs1_mincount100_ws24_dims300,männergewalt,0.5715553164482117
spontaner_gideon_training_data_lower_cbow_lr0.05_epochs1_mincount100_ws24_dims300,suizide,0.5688852667808533
spontaner_gideon_training_data_lower_cbow_lr0.05_epochs1_mincount100_ws24_dims300,sexualmord,0.5617910623550415
spontaner_gideon_training_data_lower_cbow_lr0.05_epochs1_mincount100_ws24_dims300,frauenrechtsaktivistin,0.5602413415908813
spontaner_gideon_training_data_lower_cbow_lr0.05_epochs1_mincount100_ws24_dims300,frauenleiche,0.5568810105323792
spontaner_gideon_training_data_lower_cbow_lr0.05_epochs1_mincount100_ws24_dims300,frauenrechtlerin,0.5555331707000732
spontaner_gideon_training_data_lower_cbow_lr0.05_epochs1_mincount100_ws24_dims300,gewaltverbrechens,0.5551676750183105
spontaner_gideon_training_data_lower_cbow_lr0.05_epochs1_mincount100_ws24_dims300,feministin,0.5549390912055969
spontaner_gideon_training_data_lower_cbow_lr0.05_epochs1_mincount100_ws24_dims300,feministinnen,0.5529218316078186
spontaner_gideon_training_data_lower_cbow_lr0.05_epochs1_mincount100_ws24_dims300,frauenleichen,0.5492410659790039
spontaner_gideon_training_data_lower_cbow_lr0.05_epochs1_mincount100_ws24_dims300,frauenrechtsaktivistinnen,0.5482090711593628
spontaner_gideon_training_data_lower_cbow_lr0.05_epochs1_mincount100_ws24_dims300,frauenrings,0.5474472641944885
spontaner_gideon_training_data_lower_cbow_lr0.05_epochs1_mincount100_ws24_dims300,frauenring,0.5467308759689331
spontaner_gideon_training_data_lower_cbow_lr0.05_epochs1_mincount100_ws24_dims300,gewalttat,0.5437256693840027
spontaner_gideon_training_data_lower_cbow_lr0.05_epochs1_mincount100_ws24_dims300,frauentyp,0.5433904528617859
spontaner_gideon_training_data_lower_cbow_lr0.05_epochs1_mincount100_ws24_dims300,frauenrechtlerinnen,0.5433237552642822
spontaner_gideon_training_data_lower_cbow_lr0.05_epochs1_mincount100_ws24_dims300,feminism,0.5410821437835693
spontaner_gideon_training_data_lower_cbow_lr0.05_epochs1_mincount100_ws24_dims300,frauenverachtung,0.5407091975212097
spontaner_gideon_training_data_lower_cbow_lr0.05_epochs1_mincount100_ws24_dims300,suiziden,0.5400872230529785
spontaner_gideon_training_data_lower_cbow_lr0.05_epochs1_mincount100_ws24_dims300,tötungsdelikt,0.5382338762283325
spontaner_gideon_training_data_lower_cbow_lr0.05_epochs1_mincount100_ws24_dims300,frauenarmut,0.5377315878868103
spontaner_gideon_training_data_lower_cbow_lr0.05_epochs1_mincount100_ws24_dims300,suizids,0.5358796119689941
spontaner_gideon_training_data_lower_cbow_lr0.05_epochs1_mincount100_ws24_dims300,frauenrechtsgruppe,0.5358228087425232
spontaner_gideon_training_data_lower_cbow_lr0.05_epochs1_mincount100_ws24_dims300,frauendiskriminierung,0.5356003046035767
spontaner_gideon_training_data_lower_cbow_lr0.05_epochs1_mincount100_ws24_dims300,unterfrauenhaid,0.5352432727813721
spontaner_gideon_training_data_lower_cbow_lr0.05_epochs1_mincount100_ws24_dims300,femina,0.532167375087738
spontaner_gideon_training_data_lower_cbow_lr0.05_epochs1_mincount100_ws24_dims300,frauenfeind,0.5288634300231934
spontaner_gideon_training_data_lower_cbow_lr0.05_epochs1_mincount100_ws24_dims300,gewaltopfer,0.5287458896636963
spontaner_gideon_training_data_lower_cbow_lr0.05_epochs1_mincount100_ws24_dims300,frauenrechten,0.5286136865615845
spontaner_gideon_training_data_lower_cbow_lr0.05_epochs1_mincount100_ws24_dims300,frauenverachtend,0.528579592704773
spontaner_gideon_training_data_lower_cbow_lr0.05_epochs1_mincount100_ws24_dims300,gewaltdelikt,0.527642011642456
spontaner_gideon_training_data_lower_cbow_lr0.05_epochs1_mincount100_ws24_dims300,frauentrio,0.5273628830909729
spontaner_gideon_training_data_lower_cbow_lr0.05_epochs1_mincount100_ws24_dims300,frauenverachtende,0.5260734558105469
spontaner_gideon_training_data_lower_cbow_lr0.05_epochs1_mincount100_ws24_dims300,mordtaten,0.5258042812347412
spontaner_gideon_training_data_lower_cbow_lr0.05_epochs1_mincount100_ws24_dims300,suizidalität,0.524104118347168
spontaner_gideon_training_data_lower_cbow_lr0.05_epochs1_mincount100_ws24_dims300,mädchenmord,0.5240519046783447
spontaner_gideon_training_data_lower_cbow_lr0.05_epochs1_mincount100_ws24_dims300,morde,0.5236931443214417
spontaner_gideon_training_data_lower_cbow_lr0.05_epochs1_mincount100_ws24_dims300,frauenrechte,0.5224377512931824
spontaner_gideon_training_data_lower_cbow_lr0.05_epochs1_mincount100_ws24_dims300,feminismus,0.5222973227500916
spontaner_gideon_training_data_lower_cbow_lr0.05_epochs1_mincount100_ws24_dims300,gewalt,0.5212571024894714
spontaner_gideon_training_data_lower_cbow_lr0.05_epochs1_mincount100_ws24_dims300,frauenrat,0.520756721496582
spontaner_gideon_training_data_lower_cbow_lr0.05_epochs1_mincount100_ws24_dims300,gewaltprävention,0.5201714038848877
spontaner_gideon_training_data_lower_cbow_lr0.05_epochs1_mincount100_ws24_dims300,frauenpolitikerin,0.5193067789077759
spontaner_gideon_training_data_lower_cbow_lr0.05_epochs1_mincount100_ws24_dims300,mordtat,0.5174766182899475
spontaner_gideon_training_data_lower_cbow_lr0.05_epochs1_mincount100_ws24_dims300,partnergewalt,0.5165621042251587
spontaner_gideon_training_data_lower_cbow_lr0.05_epochs1_mincount100_ws24_dims300,frauenfeld,0.5157809257507324
spontaner_gideon_training_data_lower_cbow_lr0.05_epochs1_mincount100_ws24_dims300,frauenproblem,0.5156832337379456
spontaner_gideon_training_data_lower_cbow_lr0.05_epochs1_mincount100_ws24_dims300,frauenorganisation,0.5149062275886536
spontaner_gideon_training_data_lower_cbow_lr0.05_epochs1_mincount100_ws24_dims300,frauenthema,0.5131290555000305
spontaner_gideon_training_data_lower_cbow_lr0.05_epochs1_mincount100_ws24_dims300,gewaltschutz,0.5124737620353699
spontaner_gideon_training_data_lower_cbow_lr0.05_epochs1_mincount100_ws24_dims300,frauenverachtenden,0.5121045708656311
spontaner_gideon_training_data_lower_cbow_lr0.05_epochs1_mincount100_ws24_dims300,frauenhandel,0.511275053024292
spontaner_gideon_training_data_lower_cbow_lr0.05_epochs1_mincount100_ws24_dims300,sexualverbrechen,0.5111209154129028
spontaner_gideon_training_data_lower_cbow_lr0.05_epochs1_mincount100_ws24_dims300,vergewaltigungsopfer,0.510511577129364
spontaner_gideon_training_data_lower_cbow_lr0.05_epochs1_mincount100_ws24_dims300,frauenpolitikerinnen,0.5101629495620728
spontaner_gideon_training_data_lower_cbow_lr0.05_epochs1_mincount100_ws24_dims300,frauenrennen,0.5100640654563904
spontaner_gideon_training_data_lower_cbow_lr0.05_epochs1_mincount100_ws24_dims300,frauenhaus,0.5095786452293396
spontaner_gideon_training_data_lower_cbow_lr0.05_epochs1_mincount100_ws24_dims300,vergewaltigung,0.5095363259315491
spontaner_gideon_training_data_lower_cbow_lr0.05_epochs1_mincount100_ws24_dims300,selbstmorde,0.5090318322181702
spontaner_gideon_training_data_lower_cbow_lr0.05_epochs1_mincount100_ws24_dims300,frauenrechtsbewegung,0.5090141892433167
spontaner_gideon_training_data_lower_cbow_lr0.05_epochs1_mincount100_ws24_dims300,feminists,0.5082477927207947
spontaner_gideon_training_data_lower_cbow_lr0.05_epochs1_mincount100_ws24_dims300,feminin,0.5081344842910767
spontaner_gideon_training_data_lower_cbow_lr0.05_epochs1_mincount100_ws24_dims300,frauenthal,0.5073911547660828
spontaner_gideon_training_data_lower_cbow_lr0.05_epochs1_mincount100_ws24_dims300,frauenfeindlichen,0.506655216217041
spontaner_gideon_training_data_lower_cbow_lr0.05_epochs1_mincount100_ws24_dims300,frauennamen,0.5065888166427612
spontaner_gideon_training_data_lower_cbow_lr0.05_epochs1_mincount100_ws24_dims300,frauenleben,0.506489098072052
spontaner_gideon_training_data_lower_cbow_lr0.05_epochs1_mincount100_ws24_dims300,frauengruppe,0.5062264800071716
spontaner_gideon_training_data_lower_cbow_lr0.05_epochs1_mincount100_ws24_dims300,frauenfeindliche,0.5061851739883423
spontaner_gideon_training_data_lower_cbow_lr0.05_epochs1_mincount100_ws24_dims300,gewaltverbrecher,0.5059586763381958
spontaner_gideon_training_data_lower_cbow_lr0.05_epochs1_mincount100_ws24_dims300,tötungsdelikte,0.5058456063270569
spontaner_gideon_training_data_lower_cbow_lr0.05_epochs1_mincount100_ws24_dims300,hassverbrechen,0.5058311820030212
spontaner_gideon_training_data_lower_cbow_lr0.05_epochs1_mincount100_ws24_dims300,frauenmantel,0.5056333541870117
spontaner_gideon_training_data_lower_cbow_lr0.05_epochs1_mincount100_ws24_dims300,frauenschläger,0.5054982900619507
spontaner_gideon_training_data_lower_cbow_lr0.05_epochs1_mincount100_ws24_dims300,judenmord,0.5051268339157104
spontaner_gideon_training_data_lower_cbow_lr0.05_epochs1_mincount100_ws24_dims300,gewaltorgie,0.5047327280044556
spontaner_gideon_training_data_lower_cbow_lr0.05_epochs1_mincount100_ws24_dims300,frauenmangel,0.5046864748001099
spontaner_gideon_training_data_lower_cbow_lr0.05_epochs1_mincount100_ws24_dims300,feministischem,0.5045932531356812
spontaner_gideon_training_data_lower_cbow_lr0.05_epochs1_mincount100_ws24_dims300,feministische,0.5045342445373535
spontaner_gideon_training_data_lower_cbow_lr0.05_epochs1_mincount100_ws24_dims300,frauenherzen,0.5044243931770325
spontaner_gideon_training_data_lower_cbow_lr0.05_epochs1_mincount100_ws24_dims300,frauenrechtler,0.5041770935058594
spontaner_gideon_training_data_lower_cbow_lr0.05_epochs1_mincount100_ws24_dims300,frauentag,0.5036485195159912
spontaner_gideon_training_data_lower_cbow_lr0.05_epochs1_mincount100_ws24_dims300,mörderinnen,0.5034849047660828
spontaner_gideon_training_data_lower_cbow_lr0.05_epochs1_mincount100_ws24_dims300,feministischen,0.5034363865852356
spontaner_gideon_training_data_lower_cbow_lr0.05_epochs1_mincount100_ws24_dims300,suizidprävention,0.5030478835105896
spontaner_gideon_training_data_lower_cbow_lr0.05_epochs1_mincount100_ws24_dims300,gewaltfrei,0.5027952790260315
spontaner_gideon_training_data_lower_cbow_lr0.05_epochs1_mincount100_ws24_dims300,frauenhäuser,0.5027157068252563
spontaner_gideon_training_data_lower_cbow_lr0.05_epochs1_mincount100_ws24_dims300,frauenemanzipation,0.5018004179000854
spontaner_gideon_training_data_lower_cbow_lr0.05_epochs1_mincount100_ws24_dims300,sexualverbrechens,0.501765251159668
geniale_doreen_training_data_lower_cbow_lr0.05_epochs1_mincount50_ws24_dims300,femizide,0.9332189559936523
geniale_doreen_training_data_lower_cbow_lr0.05_epochs1_mincount50_ws24_dims300,femiziden,0.8550498485565186
geniale_doreen_training_data_lower_cbow_lr0.05_epochs1_mincount50_ws24_dims300,frauenmord,0.770793616771698
geniale_doreen_training_data_lower_cbow_lr0.05_epochs1_mincount50_ws24_dims300,frauenmorde,0.7280136942863464
geniale_doreen_training_data_lower_cbow_lr0.05_epochs1_mincount50_ws24_dims300,frauenmorden,0.7019718885421753
geniale_doreen_training_data_lower_cbow_lr0.05_epochs1_mincount50_ws24_dims300,frauenhass,0.6594379544258118
geniale_doreen_training_data_lower_cbow_lr0.05_epochs1_mincount50_ws24_dims300,frauenhasser,0.6270966529846191
geniale_doreen_training_data_lower_cbow_lr0.05_epochs1_mincount50_ws24_dims300,frauenmörder,0.6268629431724548
geniale_doreen_training_data_lower_cbow_lr0.05_epochs1_mincount50_ws24_dims300,femi,0.6227074265480042
geniale_doreen_training_data_lower_cbow_lr0.05_epochs1_mincount50_ws24_dims300,frauenmörders,0.620653510093689
geniale_doreen_training_data_lower_cbow_lr0.05_epochs1_mincount50_ws24_dims300,suizide,0.5846318006515503
geniale_doreen_training_data_lower_cbow_lr0.05_epochs1_mincount50_ws24_dims300,suizid,0.5834499597549438
geniale_doreen_training_data_lower_cbow_lr0.05_epochs1_mincount50_ws24_dims300,frauenhand,0.5755348801612854
geniale_doreen_training_data_lower_cbow_lr0.05_epochs1_mincount50_ws24_dims300,männergewalt,0.5676169395446777
geniale_doreen_training_data_lower_cbow_lr0.05_epochs1_mincount50_ws24_dims300,frauenmode,0.5658217668533325
geniale_doreen_training_data_lower_cbow_lr0.05_epochs1_mincount50_ws24_dims300,sexualmord,0.5634102821350098
geniale_doreen_training_data_lower_cbow_lr0.05_epochs1_mincount50_ws24_dims300,frauenaktivistin,0.5451094508171082
geniale_doreen_training_data_lower_cbow_lr0.05_epochs1_mincount50_ws24_dims300,mädchenmord,0.5442887544631958
geniale_doreen_training_data_lower_cbow_lr0.05_epochs1_mincount50_ws24_dims300,frauenakt,0.5416762828826904
geniale_doreen_training_data_lower_cbow_lr0.05_epochs1_mincount50_ws24_dims300,frauenrings,0.5407015681266785
geniale_doreen_training_data_lower_cbow_lr0.05_epochs1_mincount50_ws24_dims300,frauenring,0.5402977466583252
geniale_doreen_training_data_lower_cbow_lr0.05_epochs1_mincount50_ws24_dims300,frauenakte,0.5402818322181702
geniale_doreen_training_data_lower_cbow_lr0.05_epochs1_mincount50_ws24_dims300,frauenfeind,0.5388302803039551
geniale_doreen_training_data_lower_cbow_lr0.05_epochs1_mincount50_ws24_dims300,suiziden,0.5379894375801086
geniale_doreen_training_data_lower_cbow_lr0.05_epochs1_mincount50_ws24_dims300,frauenaktivistinnen,0.5370979309082031
geniale_doreen_training_data_lower_cbow_lr0.05_epochs1_mincount50_ws24_dims300,tötungsdelikt,0.5356932878494263
geniale_doreen_training_data_lower_cbow_lr0.05_epochs1_mincount50_ws24_dims300,feministinnen,0.53532475233078
geniale_doreen_training_data_lower_cbow_lr0.05_epochs1_mincount50_ws24_dims300,frauenrechtsaktivistin,0.5308566093444824
geniale_doreen_training_data_lower_cbow_lr0.05_epochs1_mincount50_ws24_dims300,frauenhänden,0.5305201411247253
geniale_doreen_training_data_lower_cbow_lr0.05_epochs1_mincount50_ws24_dims300,frauenname,0.5295013785362244
geniale_doreen_training_data_lower_cbow_lr0.05_epochs1_mincount50_ws24_dims300,frauenrechtsaktivistinnen,0.5278435349464417
geniale_doreen_training_data_lower_cbow_lr0.05_epochs1_mincount50_ws24_dims300,feministin,0.5275480151176453
geniale_doreen_training_data_lower_cbow_lr0.05_epochs1_mincount50_ws24_dims300,muttermord,0.5269542932510376
geniale_doreen_training_data_lower_cbow_lr0.05_epochs1_mincount50_ws24_dims300,frauenthema,0.5266686081886292
geniale_doreen_training_data_lower_cbow_lr0.05_epochs1_mincount50_ws24_dims300,suizids,0.5230362415313721
geniale_doreen_training_data_lower_cbow_lr0.05_epochs1_mincount50_ws24_dims300,frauenleiche,0.5228782296180725
geniale_doreen_training_data_lower_cbow_lr0.05_epochs1_mincount50_ws24_dims300,gewaltverbrechen,0.5227667093276978
geniale_doreen_training_data_lower_cbow_lr0.05_epochs1_mincount50_ws24_dims300,mordtat,0.5221744179725647
geniale_doreen_training_data_lower_cbow_lr0.05_epochs1_mincount50_ws24_dims300,unterfrauenhaid,0.5217735171318054
geniale_doreen_training_data_lower_cbow_lr0.05_epochs1_mincount50_ws24_dims300,frauenhände,0.5210972428321838
geniale_doreen_training_data_lower_cbow_lr0.05_epochs1_mincount50_ws24_dims300,femina,0.5198752284049988
geniale_doreen_training_data_lower_cbow_lr0.05_epochs1_mincount50_ws24_dims300,mordtaten,0.5187564492225647
geniale_doreen_training_data_lower_cbow_lr0.05_epochs1_mincount50_ws24_dims300,frauenrechtlerin,0.5167851448059082
geniale_doreen_training_data_lower_cbow_lr0.05_epochs1_mincount50_ws24_dims300,frauenherz,0.5166513919830322
geniale_doreen_training_data_lower_cbow_lr0.05_epochs1_mincount50_ws24_dims300,frauenhandel,0.5156958699226379
geniale_doreen_training_data_lower_cbow_lr0.05_epochs1_mincount50_ws24_dims300,feminist_innen,0.5155408382415771
geniale_doreen_training_data_lower_cbow_lr0.05_epochs1_mincount50_ws24_dims300,frauentrio,0.5150646567344666
geniale_doreen_training_data_lower_cbow_lr0.05_epochs1_mincount50_ws24_dims300,frauentyp,0.5141194462776184
geniale_doreen_training_data_lower_cbow_lr0.05_epochs1_mincount50_ws24_dims300,feminism,0.5138614773750305
geniale_doreen_training_data_lower_cbow_lr0.05_epochs1_mincount50_ws24_dims300,morde,0.5128649473190308
geniale_doreen_training_data_lower_cbow_lr0.05_epochs1_mincount50_ws24_dims300,cybergewalt,0.5127193927764893
geniale_doreen_training_data_lower_cbow_lr0.05_epochs1_mincount50_ws24_dims300,selbstmord,0.5125027298927307
geniale_doreen_training_data_lower_cbow_lr0.05_epochs1_mincount50_ws24_dims300,frauenleichen,0.5124570727348328
geniale_doreen_training_data_lower_cbow_lr0.05_epochs1_mincount50_ws24_dims300,mordfälle,0.5120436549186707
geniale_doreen_training_data_lower_cbow_lr0.05_epochs1_mincount50_ws24_dims300,frauenriege,0.5114671587944031
geniale_doreen_training_data_lower_cbow_lr0.05_epochs1_mincount50_ws24_dims300,suizidalität,0.5110391974449158
geniale_doreen_training_data_lower_cbow_lr0.05_epochs1_mincount50_ws24_dims300,frauenverachtung,0.5101287961006165
geniale_doreen_training_data_lower_cbow_lr0.05_epochs1_mincount50_ws24_dims300,gewalttat,0.507956326007843
geniale_doreen_training_data_lower_cbow_lr0.05_epochs1_mincount50_ws24_dims300,messergewalt,0.5079371333122253
geniale_doreen_training_data_lower_cbow_lr0.05_epochs1_mincount50_ws24_dims300,frauenverachtend,0.5076971650123596
geniale_doreen_training_data_lower_cbow_lr0.05_epochs1_mincount50_ws24_dims300,frauenhelpline,0.5071859359741211
geniale_doreen_training_data_lower_cbow_lr0.05_epochs1_mincount50_ws24_dims300,partnergewalt,0.5069226622581482
geniale_doreen_training_data_lower_cbow_lr0.05_epochs1_mincount50_ws24_dims300,frauenunterdrückung,0.5069047212600708
geniale_doreen_training_data_lower_cbow_lr0.05_epochs1_mincount50_ws24_dims300,frauendiskriminierung,0.5067545175552368
geniale_doreen_training_data_lower_cbow_lr0.05_epochs1_mincount50_ws24_dims300,frauennamen,0.5062450766563416
geniale_doreen_training_data_lower_cbow_lr0.05_epochs1_mincount50_ws24_dims300,frauenmarsch,0.5051898956298828
geniale_doreen_training_data_lower_cbow_lr0.05_epochs1_mincount50_ws24_dims300,frauennotruf,0.5050230026245117
geniale_doreen_training_data_lower_cbow_lr0.05_epochs1_mincount50_ws24_dims300,frauenduo,0.503833532333374
geniale_doreen_training_data_lower_cbow_lr0.05_epochs1_mincount50_ws24_dims300,frauenhaus,0.503704309463501
geniale_doreen_training_data_lower_cbow_lr0.05_epochs1_mincount50_ws24_dims300,frauenthal,0.5025127530097961
geniale_doreen_training_data_lower_cbow_lr0.05_epochs1_mincount50_ws24_dims300,selbstmorde,0.5024504661560059
geniale_doreen_training_data_lower_cbow_lr0.05_epochs1_mincount50_ws24_dims300,tötungsdelikte,0.5023439526557922
geniale_doreen_training_data_lower_cbow_lr0.05_epochs1_mincount50_ws24_dims300,frauentag,0.5017634034156799
geniale_doreen_training_data_lower_cbow_lr0.05_epochs1_mincount50_ws24_dims300,vergewaltigungsopfer,0.5015789866447449
geniale_doreen_training_data_lower_cbow_lr0.05_epochs1_mincount50_ws24_dims300,frauenverachtende,0.5015786290168762
geniale_doreen_training_data_lower_cbow_lr0.05_epochs1_mincount50_ws24_dims300,frauennotrufs,0.5002883076667786
geniale_doreen_training_data_lower_cbow_lr0.05_epochs1_mincount50_ws24_dims300,tötungsdeliktes,0.5000575184822083
geniale_doreen_training_data_lower_cbow_lr0.05_epochs1_mincount50_ws24_dims300,mörderinnen,0.49949532747268677
geniale_doreen_training_data_lower_cbow_lr0.05_epochs1_mincount50_ws24_dims300,vergewaltigungsszene,0.49875280261039734
geniale_doreen_training_data_lower_cbow_lr0.05_epochs1_mincount50_ws24_dims300,mordopfer,0.4984268546104431
geniale_doreen_training_data_lower_cbow_lr0.05_epochs1_mincount50_ws24_dims300,frauenrechtlerinnen,0.49815529584884644
geniale_doreen_training_data_lower_cbow_lr0.05_epochs1_mincount50_ws24_dims300,frauenhofen,0.49775397777557373
geniale_doreen_training_data_lower_cbow_lr0.05_epochs1_mincount50_ws24_dims300,vergewaltigungsopfers,0.4966907203197479
geniale_doreen_training_data_lower_cbow_lr0.05_epochs1_mincount50_ws24_dims300,mord,0.4959815740585327
geniale_doreen_training_data_lower_cbow_lr0.05_epochs1_mincount50_ws24_dims300,kindsmord,0.49476349353790283
geniale_doreen_training_data_lower_cbow_lr0.05_epochs1_mincount50_ws24_dims300,doppelmord,0.49445128440856934
geniale_doreen_training_data_lower_cbow_lr0.05_epochs1_mincount50_ws24_dims300,feminin,0.49401578307151794
geniale_doreen_training_data_lower_cbow_lr0.05_epochs1_mincount50_ws24_dims300,serienmorde,0.49400702118873596
geniale_doreen_training_data_lower_cbow_lr0.05_epochs1_mincount50_ws24_dims300,frauendomäne,0.49398842453956604
geniale_doreen_training_data_lower_cbow_lr0.05_epochs1_mincount50_ws24_dims300,frauenleiden,0.4931195080280304
geniale_doreen_training_data_lower_cbow_lr0.05_epochs1_mincount50_ws24_dims300,frauenleben,0.4930882751941681
geniale_doreen_training_data_lower_cbow_lr0.05_epochs1_mincount50_ws24_dims300,feminismus,0.4928055703639984
geniale_doreen_training_data_lower_cbow_lr0.05_epochs1_mincount50_ws24_dims300,gewaltverbrechens,0.49277886748313904
geniale_doreen_training_data_lower_cbow_lr0.05_epochs1_mincount50_ws24_dims300,kindesmord,0.492527574300766
geniale_doreen_training_data_lower_cbow_lr0.05_epochs1_mincount50_ws24_dims300,sexualverbrechen,0.4912932515144348
geniale_doreen_training_data_lower_cbow_lr0.05_epochs1_mincount50_ws24_dims300,mordend,0.4906279742717743
geniale_doreen_training_data_lower_cbow_lr0.05_epochs1_mincount50_ws24_dims300,suizidprävention,0.49060434103012085
geniale_doreen_training_data_lower_cbow_lr0.05_epochs1_mincount50_ws24_dims300,frauenrat,0.48965728282928467
geniale_doreen_training_data_lower_cbow_lr0.05_epochs1_mincount50_ws24_dims300,frauenarmut,0.48962128162384033
geniale_doreen_training_data_lower_cbow_lr0.05_epochs1_mincount50_ws24_dims300,frauenfeld,0.48957279324531555
sinnlicher_andre_training_data_lower_cbow_lr0.05_epochs1_mincount5_ws5_dims300,femizide,0.9092810153961182
sinnlicher_andre_training_data_lower_cbow_lr0.05_epochs1_mincount5_ws5_dims300,femizids,0.9013592600822449
sinnlicher_andre_training_data_lower_cbow_lr0.05_epochs1_mincount5_ws5_dims300,feminizid,0.8452836275100708
sinnlicher_andre_training_data_lower_cbow_lr0.05_epochs1_mincount5_ws5_dims300,femiziden,0.7994366884231567
sinnlicher_andre_training_data_lower_cbow_lr0.05_epochs1_mincount5_ws5_dims300,frauenmord,0.7844185829162598
sinnlicher_andre_training_data_lower_cbow_lr0.05_epochs1_mincount5_ws5_dims300,feminizide,0.7614185810089111
sinnlicher_andre_training_data_lower_cbow_lr0.05_epochs1_mincount5_ws5_dims300,frauenmords,0.7529195547103882
sinnlicher_andre_training_data_lower_cbow_lr0.05_epochs1_mincount5_ws5_dims300,frauenmorde,0.743147075176239
sinnlicher_andre_training_data_lower_cbow_lr0.05_epochs1_mincount5_ws5_dims300,frauenmordes,0.714682936668396
sinnlicher_andre_training_data_lower_cbow_lr0.05_epochs1_mincount5_ws5_dims300,fememord,0.7122401595115662
sinnlicher_andre_training_data_lower_cbow_lr0.05_epochs1_mincount5_ws5_dims300,frauenmorden,0.6974906325340271
sinnlicher_andre_training_data_lower_cbow_lr0.05_epochs1_mincount5_ws5_dims300,intimizid,0.6947540044784546
sinnlicher_andre_training_data_lower_cbow_lr0.05_epochs1_mincount5_ws5_dims300,wizid,0.692002534866333
sinnlicher_andre_training_data_lower_cbow_lr0.05_epochs1_mincount5_ws5_dims300,fememorde,0.6905850172042847
sinnlicher_andre_training_data_lower_cbow_lr0.05_epochs1_mincount5_ws5_dims300,frauenmordserie,0.6818800568580627
sinnlicher_andre_training_data_lower_cbow_lr0.05_epochs1_mincount5_ws5_dims300,frauenhass,0.6740485429763794
sinnlicher_andre_training_data_lower_cbow_lr0.05_epochs1_mincount5_ws5_dims300,frauenmordrate,0.6641510128974915
sinnlicher_andre_training_data_lower_cbow_lr0.05_epochs1_mincount5_ws5_dims300,frauenraub,0.6617662310600281
sinnlicher_andre_training_data_lower_cbow_lr0.05_epochs1_mincount5_ws5_dims300,neonatizid,0.6612299680709839
sinnlicher_andre_training_data_lower_cbow_lr0.05_epochs1_mincount5_ws5_dims300,suizid,0.6567491292953491
sinnlicher_andre_training_data_lower_cbow_lr0.05_epochs1_mincount5_ws5_dims300,femibion,0.6553594470024109
sinnlicher_andre_training_data_lower_cbow_lr0.05_epochs1_mincount5_ws5_dims300,männermord,0.6466097235679626
sinnlicher_andre_training_data_lower_cbow_lr0.05_epochs1_mincount5_ws5_dims300,hassmord,0.646452009677887
sinnlicher_andre_training_data_lower_cbow_lr0.05_epochs1_mincount5_ws5_dims300,sexualmorde,0.6425083875656128
sinnlicher_andre_training_data_lower_cbow_lr0.05_epochs1_mincount5_ws5_dims300,sexualmord,0.6421794891357422
sinnlicher_andre_training_data_lower_cbow_lr0.05_epochs1_mincount5_ws5_dims300,frauenmörder,0.641146719455719
sinnlicher_andre_training_data_lower_cbow_lr0.05_epochs1_mincount5_ws5_dims300,suizide,0.6399206519126892
sinnlicher_andre_training_data_lower_cbow_lr0.05_epochs1_mincount5_ws5_dims300,doppelsuizid,0.6390294432640076
sinnlicher_andre_training_data_lower_cbow_lr0.05_epochs1_mincount5_ws5_dims300,massensuizid,0.6361590623855591
sinnlicher_andre_training_data_lower_cbow_lr0.05_epochs1_mincount5_ws5_dims300,femi,0.6353266835212708
sinnlicher_andre_training_data_lower_cbow_lr0.05_epochs1_mincount5_ws5_dims300,femicide,0.633811354637146
sinnlicher_andre_training_data_lower_cbow_lr0.05_epochs1_mincount5_ws5_dims300,frauenmassaker,0.6329095959663391
sinnlicher_andre_training_data_lower_cbow_lr0.05_epochs1_mincount5_ws5_dims300,frauenmörders,0.6306188702583313
sinnlicher_andre_training_data_lower_cbow_lr0.05_epochs1_mincount5_ws5_dims300,suzid,0.6287646293640137
sinnlicher_andre_training_data_lower_cbow_lr0.05_epochs1_mincount5_ws5_dims300,fetozid,0.6278173923492432
sinnlicher_andre_training_data_lower_cbow_lr0.05_epochs1_mincount5_ws5_dims300,femis,0.6241859197616577
sinnlicher_andre_training_data_lower_cbow_lr0.05_epochs1_mincount5_ws5_dims300,frauengewalt,0.6237028241157532
sinnlicher_andre_training_data_lower_cbow_lr0.05_epochs1_mincount5_ws5_dims300,femin,0.6232039332389832
sinnlicher_andre_training_data_lower_cbow_lr0.05_epochs1_mincount5_ws5_dims300,frauenhasser,0.6190765500068665
sinnlicher_andre_training_data_lower_cbow_lr0.05_epochs1_mincount5_ws5_dims300,alterssuizid,0.6185675859451294
sinnlicher_andre_training_data_lower_cbow_lr0.05_epochs1_mincount5_ws5_dims300,frauenporno,0.6161929965019226
sinnlicher_andre_training_data_lower_cbow_lr0.05_epochs1_mincount5_ws5_dims300,sexmord,0.6146647930145264
sinnlicher_andre_training_data_lower_cbow_lr0.05_epochs1_mincount5_ws5_dims300,kindermord,0.6146474480628967
sinnlicher_andre_training_data_lower_cbow_lr0.05_epochs1_mincount5_ws5_dims300,rassenmord,0.6139645576477051
sinnlicher_andre_training_data_lower_cbow_lr0.05_epochs1_mincount5_ws5_dims300,kindesmord,0.6130589246749878
sinnlicher_andre_training_data_lower_cbow_lr0.05_epochs1_mincount5_ws5_dims300,frauenleid,0.6123436689376831
sinnlicher_andre_training_data_lower_cbow_lr0.05_epochs1_mincount5_ws5_dims300,suizides,0.6123192310333252
sinnlicher_andre_training_data_lower_cbow_lr0.05_epochs1_mincount5_ws5_dims300,frauenkrimi,0.6111205816268921
sinnlicher_andre_training_data_lower_cbow_lr0.05_epochs1_mincount5_ws5_dims300,intimizide,0.6106470227241516
sinnlicher_andre_training_data_lower_cbow_lr0.05_epochs1_mincount5_ws5_dims300,schwangerenmord,0.6104581952095032
sinnlicher_andre_training_data_lower_cbow_lr0.05_epochs1_mincount5_ws5_dims300,mädchenmorde,0.6097175478935242
sinnlicher_andre_training_data_lower_cbow_lr0.05_epochs1_mincount5_ws5_dims300,teenagermord,0.6093214154243469
sinnlicher_andre_training_data_lower_cbow_lr0.05_epochs1_mincount5_ws5_dims300,kindsmorde,0.6083351373672485
sinnlicher_andre_training_data_lower_cbow_lr0.05_epochs1_mincount5_ws5_dims300,tötungsdelikt,0.6068345904350281
sinnlicher_andre_training_data_lower_cbow_lr0.05_epochs1_mincount5_ws5_dims300,mädchenmord,0.6064547896385193
sinnlicher_andre_training_data_lower_cbow_lr0.05_epochs1_mincount5_ws5_dims300,vergewaltigungsdelikt,0.6055538058280945
sinnlicher_andre_training_data_lower_cbow_lr0.05_epochs1_mincount5_ws5_dims300,kindsmord,0.6046309471130371
sinnlicher_andre_training_data_lower_cbow_lr0.05_epochs1_mincount5_ws5_dims300,suizidfall,0.6045287847518921
sinnlicher_andre_training_data_lower_cbow_lr0.05_epochs1_mincount5_ws5_dims300,feminisme,0.6042479872703552
sinnlicher_andre_training_data_lower_cbow_lr0.05_epochs1_mincount5_ws5_dims300,selbstmord,0.604135274887085
sinnlicher_andre_training_data_lower_cbow_lr0.05_epochs1_mincount5_ws5_dims300,kindesmorde,0.604121208190918
sinnlicher_andre_training_data_lower_cbow_lr0.05_epochs1_mincount5_ws5_dims300,muttermord,0.6037898063659668
sinnlicher_andre_training_data_lower_cbow_lr0.05_epochs1_mincount5_ws5_dims300,frauenhasses,0.6036880016326904
sinnlicher_andre_training_data_lower_cbow_lr0.05_epochs1_mincount5_ws5_dims300,sexualmords,0.6036620736122131
sinnlicher_andre_training_data_lower_cbow_lr0.05_epochs1_mincount5_ws5_dims300,frauenfeind,0.6030452251434326
sinnlicher_andre_training_data_lower_cbow_lr0.05_epochs1_mincount5_ws5_dims300,suizidszene,0.602883517742157
sinnlicher_andre_training_data_lower_cbow_lr0.05_epochs1_mincount5_ws5_dims300,frauenkiller,0.6022343635559082
sinnlicher_andre_training_data_lower_cbow_lr0.05_epochs1_mincount5_ws5_dims300,genozid,0.6009626388549805
sinnlicher_andre_training_data_lower_cbow_lr0.05_epochs1_mincount5_ws5_dims300,frauenhetz,0.6009569764137268
sinnlicher_andre_training_data_lower_cbow_lr0.05_epochs1_mincount5_ws5_dims300,feministiskt,0.600884199142456
sinnlicher_andre_training_data_lower_cbow_lr0.05_epochs1_mincount5_ws5_dims300,vergewaltigungsbegriff,0.60051429271698
sinnlicher_andre_training_data_lower_cbow_lr0.05_epochs1_mincount5_ws5_dims300,feminism,0.599983811378479
sinnlicher_andre_training_data_lower_cbow_lr0.05_epochs1_mincount5_ws5_dims300,judenmord,0.5999799370765686
sinnlicher_andre_training_data_lower_cbow_lr0.05_epochs1_mincount5_ws5_dims300,männergewalt,0.5997471809387207
sinnlicher_andre_training_data_lower_cbow_lr0.05_epochs1_mincount5_ws5_dims300,sexualmorden,0.5996428728103638
sinnlicher_andre_training_data_lower_cbow_lr0.05_epochs1_mincount5_ws5_dims300,spermizid,0.5992870926856995
sinnlicher_andre_training_data_lower_cbow_lr0.05_epochs1_mincount5_ws5_dims300,drogenmord,0.5982878804206848
sinnlicher_andre_training_data_lower_cbow_lr0.05_epochs1_mincount5_ws5_dims300,suizids,0.5980404019355774
sinnlicher_andre_training_data_lower_cbow_lr0.05_epochs1_mincount5_ws5_dims300,sexualgewalt,0.5977643728256226
sinnlicher_andre_training_data_lower_cbow_lr0.05_epochs1_mincount5_ws5_dims300,frauentypus,0.5977469086647034
sinnlicher_andre_training_data_lower_cbow_lr0.05_epochs1_mincount5_ws5_dims300,frauenmoschee,0.5970342755317688
sinnlicher_andre_training_data_lower_cbow_lr0.05_epochs1_mincount5_ws5_dims300,filizid,0.5968565940856934
sinnlicher_andre_training_data_lower_cbow_lr0.05_epochs1_mincount5_ws5_dims300,frauenakt,0.5965677499771118
sinnlicher_andre_training_data_lower_cbow_lr0.05_epochs1_mincount5_ws5_dims300,sexualdelikt,0.5952169299125671
sinnlicher_andre_training_data_lower_cbow_lr0.05_epochs1_mincount5_ws5_dims300,zid,0.5941052436828613
sinnlicher_andre_training_data_lower_cbow_lr0.05_epochs1_mincount5_ws5_dims300,feminisms,0.5936377644538879
sinnlicher_andre_training_data_lower_cbow_lr0.05_epochs1_mincount5_ws5_dims300,suizidopfer,0.5934658646583557
sinnlicher_andre_training_data_lower_cbow_lr0.05_epochs1_mincount5_ws5_dims300,suizidtote,0.5931822657585144
sinnlicher_andre_training_data_lower_cbow_lr0.05_epochs1_mincount5_ws5_dims300,suizidserie,0.592369019985199
sinnlicher_andre_training_data_lower_cbow_lr0.05_epochs1_mincount5_ws5_dims300,gewaltverbrechen,0.5914217233657837
sinnlicher_andre_training_data_lower_cbow_lr0.05_epochs1_mincount5_ws5_dims300,prostituiertenmord,0.5910260081291199
sinnlicher_andre_training_data_lower_cbow_lr0.05_epochs1_mincount5_ws5_dims300,selbstmorde,0.5906718373298645
sinnlicher_andre_training_data_lower_cbow_lr0.05_epochs1_mincount5_ws5_dims300,frauenim,0.5905252695083618
sinnlicher_andre_training_data_lower_cbow_lr0.05_epochs1_mincount5_ws5_dims300,frauenmit,0.5903139710426331
sinnlicher_andre_training_data_lower_cbow_lr0.05_epochs1_mincount5_ws5_dims300,gewaltbegriff,0.5899741053581238
sinnlicher_andre_training_data_lower_cbow_lr0.05_epochs1_mincount5_ws5_dims300,kindermorde,0.5893082618713379
sinnlicher_andre_training_data_lower_cbow_lr0.05_epochs1_mincount5_ws5_dims300,gruppensuizid,0.5885184407234192
sinnlicher_andre_training_data_lower_cbow_lr0.05_epochs1_mincount5_ws5_dims300,gewalttat,0.588447093963623
sinnlicher_andre_training_data_lower_cbow_lr0.05_epochs1_mincount5_ws5_dims300,sexualmordes,0.5883484482765198
sinnlicher_andre_training_data_lower_cbow_lr0.05_epochs1_mincount5_ws5_dims300,frauentitel,0.5878608822822571
topfiter_theodor_training_data_cbow_lr0.05_epochs1_mincount50_ws6_dims300,femizide,0.9067463278770447
topfiter_theodor_training_data_cbow_lr0.05_epochs1_mincount50_ws6_dims300,femiziden,0.8171268701553345
topfiter_theodor_training_data_cbow_lr0.05_epochs1_mincount50_ws6_dims300,frauenmord,0.788246214389801
topfiter_theodor_training_data_cbow_lr0.05_epochs1_mincount50_ws6_dims300,frauenmorde,0.7480162978172302
topfiter_theodor_training_data_cbow_lr0.05_epochs1_mincount50_ws6_dims300,frauenmorden,0.7192755341529846
topfiter_theodor_training_data_cbow_lr0.05_epochs1_mincount50_ws6_dims300,suizid,0.6681419610977173
topfiter_theodor_training_data_cbow_lr0.05_epochs1_mincount50_ws6_dims300,suizide,0.663862407207489
topfiter_theodor_training_data_cbow_lr0.05_epochs1_mincount50_ws6_dims300,frauenhass,0.6604523062705994
topfiter_theodor_training_data_cbow_lr0.05_epochs1_mincount50_ws6_dims300,frauenmörder,0.6595767140388489
topfiter_theodor_training_data_cbow_lr0.05_epochs1_mincount50_ws6_dims300,sexualmord,0.6531136631965637
topfiter_theodor_training_data_cbow_lr0.05_epochs1_mincount50_ws6_dims300,gewaltverbrechen,0.6385497450828552
topfiter_theodor_training_data_cbow_lr0.05_epochs1_mincount50_ws6_dims300,gewalttat,0.6383336782455444
topfiter_theodor_training_data_cbow_lr0.05_epochs1_mincount50_ws6_dims300,selbstmord,0.6313901543617249
topfiter_theodor_training_data_cbow_lr0.05_epochs1_mincount50_ws6_dims300,tötungsdelikt,0.6305068731307983
topfiter_theodor_training_data_cbow_lr0.05_epochs1_mincount50_ws6_dims300,männergewalt,0.6270955801010132
topfiter_theodor_training_data_cbow_lr0.05_epochs1_mincount50_ws6_dims300,frauenhasser,0.6257104277610779
topfiter_theodor_training_data_cbow_lr0.05_epochs1_mincount50_ws6_dims300,vergewaltigungsszene,0.6233248114585876
topfiter_theodor_training_data_cbow_lr0.05_epochs1_mincount50_ws6_dims300,selbstmorde,0.6210021376609802
topfiter_theodor_training_data_cbow_lr0.05_epochs1_mincount50_ws6_dims300,sexualverbrechen,0.6198530197143555
topfiter_theodor_training_data_cbow_lr0.05_epochs1_mincount50_ws6_dims300,suiziden,0.6166284680366516
topfiter_theodor_training_data_cbow_lr0.05_epochs1_mincount50_ws6_dims300,gewaltdelikt,0.6155565977096558
topfiter_theodor_training_data_cbow_lr0.05_epochs1_mincount50_ws6_dims300,gewaltvorfälle,0.6135764122009277
topfiter_theodor_training_data_cbow_lr0.05_epochs1_mincount50_ws6_dims300,vergewaltigungskultur,0.6128394603729248
topfiter_theodor_training_data_cbow_lr0.05_epochs1_mincount50_ws6_dims300,frauenmörders,0.6086731553077698
topfiter_theodor_training_data_cbow_lr0.05_epochs1_mincount50_ws6_dims300,vergewaltigungsversuch,0.6076955795288086
topfiter_theodor_training_data_cbow_lr0.05_epochs1_mincount50_ws6_dims300,vergewaltigungsopfer,0.6073882579803467
topfiter_theodor_training_data_cbow_lr0.05_epochs1_mincount50_ws6_dims300,gewaltverbrechens,0.6073683500289917
topfiter_theodor_training_data_cbow_lr0.05_epochs1_mincount50_ws6_dims300,gewaltverbrecher,0.6069324612617493
topfiter_theodor_training_data_cbow_lr0.05_epochs1_mincount50_ws6_dims300,gewaltakt,0.6064494848251343
topfiter_theodor_training_data_cbow_lr0.05_epochs1_mincount50_ws6_dims300,mädchenmord,0.6044102907180786
topfiter_theodor_training_data_cbow_lr0.05_epochs1_mincount50_ws6_dims300,vergewaltigungsserie,0.6042636632919312
topfiter_theodor_training_data_cbow_lr0.05_epochs1_mincount50_ws6_dims300,vergewaltigung,0.6040936708450317
topfiter_theodor_training_data_cbow_lr0.05_epochs1_mincount50_ws6_dims300,gewaltexzess,0.6037253737449646
topfiter_theodor_training_data_cbow_lr0.05_epochs1_mincount50_ws6_dims300,gewaltorgie,0.5996121764183044
topfiter_theodor_training_data_cbow_lr0.05_epochs1_mincount50_ws6_dims300,morde,0.599391758441925
topfiter_theodor_training_data_cbow_lr0.05_epochs1_mincount50_ws6_dims300,gewaltvideo,0.5993309617042542
topfiter_theodor_training_data_cbow_lr0.05_epochs1_mincount50_ws6_dims300,gewaltverbrechern,0.5979695320129395
topfiter_theodor_training_data_cbow_lr0.05_epochs1_mincount50_ws6_dims300,selbstmordes,0.5971978902816772
topfiter_theodor_training_data_cbow_lr0.05_epochs1_mincount50_ws6_dims300,vergewaltigungs,0.5962086915969849
topfiter_theodor_training_data_cbow_lr0.05_epochs1_mincount50_ws6_dims300,frauenfeind,0.5955644845962524
topfiter_theodor_training_data_cbow_lr0.05_epochs1_mincount50_ws6_dims300,vergewaltiger,0.5955429673194885
topfiter_theodor_training_data_cbow_lr0.05_epochs1_mincount50_ws6_dims300,kindesmord,0.5929259657859802
topfiter_theodor_training_data_cbow_lr0.05_epochs1_mincount50_ws6_dims300,sexualdelikt,0.591434121131897
topfiter_theodor_training_data_cbow_lr0.05_epochs1_mincount50_ws6_dims300,vergewaltigungsfälle,0.5899782180786133
topfiter_theodor_training_data_cbow_lr0.05_epochs1_mincount50_ws6_dims300,gewalttäter,0.5898158550262451
topfiter_theodor_training_data_cbow_lr0.05_epochs1_mincount50_ws6_dims300,eifersuchtsmord,0.5894606113433838
topfiter_theodor_training_data_cbow_lr0.05_epochs1_mincount50_ws6_dims300,meuchelmord,0.5892043113708496
topfiter_theodor_training_data_cbow_lr0.05_epochs1_mincount50_ws6_dims300,gewaltopfer,0.5890409350395203
topfiter_theodor_training_data_cbow_lr0.05_epochs1_mincount50_ws6_dims300,gewalttaten,0.588409960269928
topfiter_theodor_training_data_cbow_lr0.05_epochs1_mincount50_ws6_dims300,muttermord,0.5878621935844421
topfiter_theodor_training_data_cbow_lr0.05_epochs1_mincount50_ws6_dims300,fungizid,0.5872671008110046
topfiter_theodor_training_data_cbow_lr0.05_epochs1_mincount50_ws6_dims300,vergewaltigungsopfers,0.587181031703949
topfiter_theodor_training_data_cbow_lr0.05_epochs1_mincount50_ws6_dims300,massenvergewaltigung,0.5864992737770081
topfiter_theodor_training_data_cbow_lr0.05_epochs1_mincount50_ws6_dims300,kindsmord,0.586402416229248
topfiter_theodor_training_data_cbow_lr0.05_epochs1_mincount50_ws6_dims300,tötungsdeliktes,0.586014986038208
topfiter_theodor_training_data_cbow_lr0.05_epochs1_mincount50_ws6_dims300,vergewaltigungsopfern,0.585302472114563
topfiter_theodor_training_data_cbow_lr0.05_epochs1_mincount50_ws6_dims300,vergewaltigungsfall,0.5850849747657776
topfiter_theodor_training_data_cbow_lr0.05_epochs1_mincount50_ws6_dims300,vergewaltigungen,0.5839391350746155
topfiter_theodor_training_data_cbow_lr0.05_epochs1_mincount50_ws6_dims300,tötungsdelikte,0.583751380443573
topfiter_theodor_training_data_cbow_lr0.05_epochs1_mincount50_ws6_dims300,frauenhand,0.5835822224617004
topfiter_theodor_training_data_cbow_lr0.05_epochs1_mincount50_ws6_dims300,sexualverbrechens,0.5828365087509155
topfiter_theodor_training_data_cbow_lr0.05_epochs1_mincount50_ws6_dims300,frauenfeindlich,0.5823171138763428
topfiter_theodor_training_data_cbow_lr0.05_epochs1_mincount50_ws6_dims300,sexualverbrecher,0.5822988152503967
topfiter_theodor_training_data_cbow_lr0.05_epochs1_mincount50_ws6_dims300,sexualstraftat,0.5819563269615173
topfiter_theodor_training_data_cbow_lr0.05_epochs1_mincount50_ws6_dims300,morden,0.5817277431488037
topfiter_theodor_training_data_cbow_lr0.05_epochs1_mincount50_ws6_dims300,frauenakt,0.5813736319541931
topfiter_theodor_training_data_cbow_lr0.05_epochs1_mincount50_ws6_dims300,mordtat,0.5810454487800598
topfiter_theodor_training_data_cbow_lr0.05_epochs1_mincount50_ws6_dims300,selbstmordversuch,0.5805925130844116
topfiter_theodor_training_data_cbow_lr0.05_epochs1_mincount50_ws6_dims300,frauenfeindliche,0.5804864168167114
topfiter_theodor_training_data_cbow_lr0.05_epochs1_mincount50_ws6_dims300,gewaltproblem,0.5796698331832886
topfiter_theodor_training_data_cbow_lr0.05_epochs1_mincount50_ws6_dims300,selbstmorden,0.5788601040840149
topfiter_theodor_training_data_cbow_lr0.05_epochs1_mincount50_ws6_dims300,suizidversuch,0.5787063241004944
topfiter_theodor_training_data_cbow_lr0.05_epochs1_mincount50_ws6_dims300,suizids,0.5784533619880676
topfiter_theodor_training_data_cbow_lr0.05_epochs1_mincount50_ws6_dims300,frauenmarsch,0.5782849192619324
topfiter_theodor_training_data_cbow_lr0.05_epochs1_mincount50_ws6_dims300,suizidrate,0.5777994990348816
topfiter_theodor_training_data_cbow_lr0.05_epochs1_mincount50_ws6_dims300,vergewaltigungsfantasien,0.5772073864936829
topfiter_theodor_training_data_cbow_lr0.05_epochs1_mincount50_ws6_dims300,suizidraten,0.5770838260650635
topfiter_theodor_training_data_cbow_lr0.05_epochs1_mincount50_ws6_dims300,vergewaltigen,0.5768153071403503
topfiter_theodor_training_data_cbow_lr0.05_epochs1_mincount50_ws6_dims300,kindermord,0.5767796039581299
topfiter_theodor_training_data_cbow_lr0.05_epochs1_mincount50_ws6_dims300,gewaltausbruch,0.5764672756195068
topfiter_theodor_training_data_cbow_lr0.05_epochs1_mincount50_ws6_dims300,frauenschläger,0.5764222145080566
topfiter_theodor_training_data_cbow_lr0.05_epochs1_mincount50_ws6_dims300,vergewaltigt,0.5756374597549438
topfiter_theodor_training_data_cbow_lr0.05_epochs1_mincount50_ws6_dims300,selbstmords,0.5752617120742798
topfiter_theodor_training_data_cbow_lr0.05_epochs1_mincount50_ws6_dims300,cybergewalt,0.5744602680206299
topfiter_theodor_training_data_cbow_lr0.05_epochs1_mincount50_ws6_dims300,mordfälle,0.5735399723052979
topfiter_theodor_training_data_cbow_lr0.05_epochs1_mincount50_ws6_dims300,gewaltvideos,0.5733831524848938
topfiter_theodor_training_data_cbow_lr0.05_epochs1_mincount50_ws6_dims300,sexualtäter,0.5733453035354614
topfiter_theodor_training_data_cbow_lr0.05_epochs1_mincount50_ws6_dims300,gewaltverherrlichung,0.572927713394165
topfiter_theodor_training_data_cbow_lr0.05_epochs1_mincount50_ws6_dims300,massenmord,0.5726096034049988
topfiter_theodor_training_data_cbow_lr0.05_epochs1_mincount50_ws6_dims300,judenmord,0.5717401504516602
topfiter_theodor_training_data_cbow_lr0.05_epochs1_mincount50_ws6_dims300,mordtaten,0.5714508295059204
topfiter_theodor_training_data_cbow_lr0.05_epochs1_mincount50_ws6_dims300,tötungsdelikts,0.5710684657096863
topfiter_theodor_training_data_cbow_lr0.05_epochs1_mincount50_ws6_dims300,vergewaltigern,0.571013331413269
topfiter_theodor_training_data_cbow_lr0.05_epochs1_mincount50_ws6_dims300,gewaltattacke,0.5705092549324036
topfiter_theodor_training_data_cbow_lr0.05_epochs1_mincount50_ws6_dims300,gewalttätiges,0.569951593875885
topfiter_theodor_training_data_cbow_lr0.05_epochs1_mincount50_ws6_dims300,suizidalität,0.5697596073150635
topfiter_theodor_training_data_cbow_lr0.05_epochs1_mincount50_ws6_dims300,doppelmord,0.5696665048599243
topfiter_theodor_training_data_cbow_lr0.05_epochs1_mincount50_ws6_dims300,vergewaltigungsfällen,0.568496823310852
topfiter_theodor_training_data_cbow_lr0.05_epochs1_mincount50_ws6_dims300,hassverbrechen,0.5677223801612854
topfiter_theodor_training_data_cbow_lr0.05_epochs1_mincount50_ws6_dims300,feminism,0.5676692128181458
grandioser_teoman_training_data_lower_cbow_lr0.05_epochs1_mincount100_ws6_dims300,femizide,0.8990048170089722
grandioser_teoman_training_data_lower_cbow_lr0.05_epochs1_mincount100_ws6_dims300,femiziden,0.7984737753868103
grandioser_teoman_training_data_lower_cbow_lr0.05_epochs1_mincount100_ws6_dims300,frauenmord,0.7698757648468018
grandioser_teoman_training_data_lower_cbow_lr0.05_epochs1_mincount100_ws6_dims300,frauenmorde,0.728182315826416
grandioser_teoman_training_data_lower_cbow_lr0.05_epochs1_mincount100_ws6_dims300,frauenmorden,0.6912114024162292
grandioser_teoman_training_data_lower_cbow_lr0.05_epochs1_mincount100_ws6_dims300,frauenhass,0.6691915392875671
grandioser_teoman_training_data_lower_cbow_lr0.05_epochs1_mincount100_ws6_dims300,frauenmörder,0.660841166973114
grandioser_teoman_training_data_lower_cbow_lr0.05_epochs1_mincount100_ws6_dims300,suizid,0.6465669870376587
grandioser_teoman_training_data_lower_cbow_lr0.05_epochs1_mincount100_ws6_dims300,frauenhasser,0.643431544303894
grandioser_teoman_training_data_lower_cbow_lr0.05_epochs1_mincount100_ws6_dims300,sexualmord,0.6300165057182312
grandioser_teoman_training_data_lower_cbow_lr0.05_epochs1_mincount100_ws6_dims300,suizide,0.6204800605773926
grandioser_teoman_training_data_lower_cbow_lr0.05_epochs1_mincount100_ws6_dims300,männergewalt,0.607154130935669
grandioser_teoman_training_data_lower_cbow_lr0.05_epochs1_mincount100_ws6_dims300,suizids,0.601409912109375
grandioser_teoman_training_data_lower_cbow_lr0.05_epochs1_mincount100_ws6_dims300,selbstmord,0.5963362455368042
grandioser_teoman_training_data_lower_cbow_lr0.05_epochs1_mincount100_ws6_dims300,mädchenmord,0.5904586315155029
grandioser_teoman_training_data_lower_cbow_lr0.05_epochs1_mincount100_ws6_dims300,selbstmorde,0.5890573859214783
grandioser_teoman_training_data_lower_cbow_lr0.05_epochs1_mincount100_ws6_dims300,frauenhand,0.5869799256324768
grandioser_teoman_training_data_lower_cbow_lr0.05_epochs1_mincount100_ws6_dims300,gewaltverbrechen,0.5868155360221863
grandioser_teoman_training_data_lower_cbow_lr0.05_epochs1_mincount100_ws6_dims300,gewalttat,0.5787531733512878
grandioser_teoman_training_data_lower_cbow_lr0.05_epochs1_mincount100_ws6_dims300,feminism,0.5787072777748108
grandioser_teoman_training_data_lower_cbow_lr0.05_epochs1_mincount100_ws6_dims300,kindermord,0.5731176733970642
grandioser_teoman_training_data_lower_cbow_lr0.05_epochs1_mincount100_ws6_dims300,suiziden,0.5726184844970703
grandioser_teoman_training_data_lower_cbow_lr0.05_epochs1_mincount100_ws6_dims300,vergewaltigung,0.5725269317626953
grandioser_teoman_training_data_lower_cbow_lr0.05_epochs1_mincount100_ws6_dims300,vergewaltigungsopfer,0.5710659623146057
grandioser_teoman_training_data_lower_cbow_lr0.05_epochs1_mincount100_ws6_dims300,frauenrechtsaktivistin,0.5685564875602722
grandioser_teoman_training_data_lower_cbow_lr0.05_epochs1_mincount100_ws6_dims300,judenmord,0.5682318806648254
grandioser_teoman_training_data_lower_cbow_lr0.05_epochs1_mincount100_ws6_dims300,mordtat,0.5675428509712219
grandioser_teoman_training_data_lower_cbow_lr0.05_epochs1_mincount100_ws6_dims300,frauenrechtsaktivistinnen,0.5672621726989746
grandioser_teoman_training_data_lower_cbow_lr0.05_epochs1_mincount100_ws6_dims300,zid,0.5670042037963867
grandioser_teoman_training_data_lower_cbow_lr0.05_epochs1_mincount100_ws6_dims300,sexualverbrechen,0.5669144988059998
grandioser_teoman_training_data_lower_cbow_lr0.05_epochs1_mincount100_ws6_dims300,kindsmord,0.5654856562614441
grandioser_teoman_training_data_lower_cbow_lr0.05_epochs1_mincount100_ws6_dims300,tötungsdelikt,0.563927412033081
grandioser_teoman_training_data_lower_cbow_lr0.05_epochs1_mincount100_ws6_dims300,sexualtäter,0.5632771253585815
grandioser_teoman_training_data_lower_cbow_lr0.05_epochs1_mincount100_ws6_dims300,mordtaten,0.56268310546875
grandioser_teoman_training_data_lower_cbow_lr0.05_epochs1_mincount100_ws6_dims300,feministinnen,0.5604098439216614
grandioser_teoman_training_data_lower_cbow_lr0.05_epochs1_mincount100_ws6_dims300,selbstmords,0.5600772500038147
grandioser_teoman_training_data_lower_cbow_lr0.05_epochs1_mincount100_ws6_dims300,gewaltverbrechens,0.559926450252533
grandioser_teoman_training_data_lower_cbow_lr0.05_epochs1_mincount100_ws6_dims300,frauenfeind,0.5596392750740051
grandioser_teoman_training_data_lower_cbow_lr0.05_epochs1_mincount100_ws6_dims300,frauenmode,0.5578086376190186
grandioser_teoman_training_data_lower_cbow_lr0.05_epochs1_mincount100_ws6_dims300,vergewaltigungsopfers,0.5571610331535339
grandioser_teoman_training_data_lower_cbow_lr0.05_epochs1_mincount100_ws6_dims300,suizidalität,0.5560142397880554
grandioser_teoman_training_data_lower_cbow_lr0.05_epochs1_mincount100_ws6_dims300,vergewaltigungs,0.5555022954940796
grandioser_teoman_training_data_lower_cbow_lr0.05_epochs1_mincount100_ws6_dims300,sexualstraftat,0.5544474720954895
grandioser_teoman_training_data_lower_cbow_lr0.05_epochs1_mincount100_ws6_dims300,frauenrechtlerin,0.5543903708457947
grandioser_teoman_training_data_lower_cbow_lr0.05_epochs1_mincount100_ws6_dims300,unterfrauenhaid,0.5534353852272034
grandioser_teoman_training_data_lower_cbow_lr0.05_epochs1_mincount100_ws6_dims300,gewaltdelikt,0.5518373250961304
grandioser_teoman_training_data_lower_cbow_lr0.05_epochs1_mincount100_ws6_dims300,sexualdelikt,0.5513194799423218
grandioser_teoman_training_data_lower_cbow_lr0.05_epochs1_mincount100_ws6_dims300,gewaltvideo,0.5507322549819946
grandioser_teoman_training_data_lower_cbow_lr0.05_epochs1_mincount100_ws6_dims300,selbstmordes,0.5494058728218079
grandioser_teoman_training_data_lower_cbow_lr0.05_epochs1_mincount100_ws6_dims300,gewaltopfer,0.5489456653594971
grandioser_teoman_training_data_lower_cbow_lr0.05_epochs1_mincount100_ws6_dims300,genozid,0.5485714673995972
grandioser_teoman_training_data_lower_cbow_lr0.05_epochs1_mincount100_ws6_dims300,vergewaltigungsopfern,0.5473195910453796
grandioser_teoman_training_data_lower_cbow_lr0.05_epochs1_mincount100_ws6_dims300,feminismus,0.546123743057251
grandioser_teoman_training_data_lower_cbow_lr0.05_epochs1_mincount100_ws6_dims300,frauendiskriminierung,0.5457836985588074
grandioser_teoman_training_data_lower_cbow_lr0.05_epochs1_mincount100_ws6_dims300,frauenschläger,0.545780599117279
grandioser_teoman_training_data_lower_cbow_lr0.05_epochs1_mincount100_ws6_dims300,selbstmordversuch,0.5455968976020813
grandioser_teoman_training_data_lower_cbow_lr0.05_epochs1_mincount100_ws6_dims300,vergewaltigungsversuch,0.5435965657234192
grandioser_teoman_training_data_lower_cbow_lr0.05_epochs1_mincount100_ws6_dims300,suizidversuch,0.5430043935775757
grandioser_teoman_training_data_lower_cbow_lr0.05_epochs1_mincount100_ws6_dims300,morde,0.5427623391151428
grandioser_teoman_training_data_lower_cbow_lr0.05_epochs1_mincount100_ws6_dims300,rechtsterroristin,0.5421044230461121
grandioser_teoman_training_data_lower_cbow_lr0.05_epochs1_mincount100_ws6_dims300,feministin,0.5411182641983032
grandioser_teoman_training_data_lower_cbow_lr0.05_epochs1_mincount100_ws6_dims300,vergewaltigungsfall,0.5405468940734863
grandioser_teoman_training_data_lower_cbow_lr0.05_epochs1_mincount100_ws6_dims300,hassverbrechen,0.5396765470504761
grandioser_teoman_training_data_lower_cbow_lr0.05_epochs1_mincount100_ws6_dims300,suizidabsicht,0.5393149852752686
grandioser_teoman_training_data_lower_cbow_lr0.05_epochs1_mincount100_ws6_dims300,sexualverbrechens,0.538978099822998
grandioser_teoman_training_data_lower_cbow_lr0.05_epochs1_mincount100_ws6_dims300,mord,0.5388756394386292
grandioser_teoman_training_data_lower_cbow_lr0.05_epochs1_mincount100_ws6_dims300,gewaltverherrlichung,0.5376011729240417
grandioser_teoman_training_data_lower_cbow_lr0.05_epochs1_mincount100_ws6_dims300,suizidprävention,0.5373221039772034
grandioser_teoman_training_data_lower_cbow_lr0.05_epochs1_mincount100_ws6_dims300,frauenrechtlerinnen,0.5360943078994751
grandioser_teoman_training_data_lower_cbow_lr0.05_epochs1_mincount100_ws6_dims300,tötungsdeliktes,0.5358010530471802
grandioser_teoman_training_data_lower_cbow_lr0.05_epochs1_mincount100_ws6_dims300,frauenverachtung,0.5355140566825867
grandioser_teoman_training_data_lower_cbow_lr0.05_epochs1_mincount100_ws6_dims300,tötungsdelikte,0.5353469252586365
grandioser_teoman_training_data_lower_cbow_lr0.05_epochs1_mincount100_ws6_dims300,frauenschicksale,0.533805251121521
grandioser_teoman_training_data_lower_cbow_lr0.05_epochs1_mincount100_ws6_dims300,frauenemanzipation,0.5333821773529053
grandioser_teoman_training_data_lower_cbow_lr0.05_epochs1_mincount100_ws6_dims300,frauenrechtsgruppe,0.533381462097168
grandioser_teoman_training_data_lower_cbow_lr0.05_epochs1_mincount100_ws6_dims300,suizidrate,0.5327072739601135
grandioser_teoman_training_data_lower_cbow_lr0.05_epochs1_mincount100_ws6_dims300,frauenfeindlichkeit,0.5321763157844543
grandioser_teoman_training_data_lower_cbow_lr0.05_epochs1_mincount100_ws6_dims300,gewalttaten,0.5321741700172424
grandioser_teoman_training_data_lower_cbow_lr0.05_epochs1_mincount100_ws6_dims300,mordurteil,0.5317504405975342
grandioser_teoman_training_data_lower_cbow_lr0.05_epochs1_mincount100_ws6_dims300,ökozid,0.5316631197929382
grandioser_teoman_training_data_lower_cbow_lr0.05_epochs1_mincount100_ws6_dims300,gewaltexzess,0.5312110781669617
grandioser_teoman_training_data_lower_cbow_lr0.05_epochs1_mincount100_ws6_dims300,frauenhandel,0.5310781598091125
grandioser_teoman_training_data_lower_cbow_lr0.05_epochs1_mincount100_ws6_dims300,massenvergewaltigung,0.5309745669364929
grandioser_teoman_training_data_lower_cbow_lr0.05_epochs1_mincount100_ws6_dims300,sextäter,0.530826210975647
grandioser_teoman_training_data_lower_cbow_lr0.05_epochs1_mincount100_ws6_dims300,vergewaltigungen,0.5307852625846863
grandioser_teoman_training_data_lower_cbow_lr0.05_epochs1_mincount100_ws6_dims300,gewaltvoll,0.5302911996841431
grandioser_teoman_training_data_lower_cbow_lr0.05_epochs1_mincount100_ws6_dims300,gewaltvideos,0.5302767753601074
grandioser_teoman_training_data_lower_cbow_lr0.05_epochs1_mincount100_ws6_dims300,frauenverachtende,0.5302113890647888
grandioser_teoman_training_data_lower_cbow_lr0.05_epochs1_mincount100_ws6_dims300,frauenverachtend,0.530163586139679
grandioser_teoman_training_data_lower_cbow_lr0.05_epochs1_mincount100_ws6_dims300,frauenfeindliche,0.529687225818634
grandioser_teoman_training_data_lower_cbow_lr0.05_epochs1_mincount100_ws6_dims300,sexualstraftaten,0.5294299125671387
grandioser_teoman_training_data_lower_cbow_lr0.05_epochs1_mincount100_ws6_dims300,urgewalt,0.5293102264404297
grandioser_teoman_training_data_lower_cbow_lr0.05_epochs1_mincount100_ws6_dims300,frauenfeindliches,0.5287607908248901
grandioser_teoman_training_data_lower_cbow_lr0.05_epochs1_mincount100_ws6_dims300,gruppenvergewaltigung,0.5282130837440491
grandioser_teoman_training_data_lower_cbow_lr0.05_epochs1_mincount100_ws6_dims300,frauennamen,0.5281797647476196
grandioser_teoman_training_data_lower_cbow_lr0.05_epochs1_mincount100_ws6_dims300,vergewaltigungsvorwurf,0.527347207069397
grandioser_teoman_training_data_lower_cbow_lr0.05_epochs1_mincount100_ws6_dims300,mordopfer,0.526685357093811
grandioser_teoman_training_data_lower_cbow_lr0.05_epochs1_mincount100_ws6_dims300,partnergewalt,0.5262329578399658
grandioser_teoman_training_data_lower_cbow_lr0.05_epochs1_mincount100_ws6_dims300,suizidale,0.525704562664032
grandioser_teoman_training_data_lower_cbow_lr0.05_epochs1_mincount100_ws6_dims300,genitalverstümmelung,0.5257014036178589
angeregter_armin_training_data_cbow_lr0.05_epochs1_mincount10_ws5_dims300,femizide,0.9011932611465454
angeregter_armin_training_data_cbow_lr0.05_epochs1_mincount10_ws5_dims300,femizids,0.8933467864990234
angeregter_armin_training_data_cbow_lr0.05_epochs1_mincount10_ws5_dims300,femiziden,0.8142433762550354
angeregter_armin_training_data_cbow_lr0.05_epochs1_mincount10_ws5_dims300,frauenmord,0.7645164728164673
angeregter_armin_training_data_cbow_lr0.05_epochs1_mincount10_ws5_dims300,feminizide,0.7482038736343384
angeregter_armin_training_data_cbow_lr0.05_epochs1_mincount10_ws5_dims300,frauenmorde,0.7329109311103821
angeregter_armin_training_data_cbow_lr0.05_epochs1_mincount10_ws5_dims300,frauenmords,0.7274417877197266
angeregter_armin_training_data_cbow_lr0.05_epochs1_mincount10_ws5_dims300,frauenmordes,0.7170783877372742
angeregter_armin_training_data_cbow_lr0.05_epochs1_mincount10_ws5_dims300,frauenmorden,0.7025601863861084
angeregter_armin_training_data_cbow_lr0.05_epochs1_mincount10_ws5_dims300,doppelsuizid,0.6961203813552856
angeregter_armin_training_data_cbow_lr0.05_epochs1_mincount10_ws5_dims300,massensuizid,0.678368091583252
angeregter_armin_training_data_cbow_lr0.05_epochs1_mincount10_ws5_dims300,suizide,0.6750231981277466
angeregter_armin_training_data_cbow_lr0.05_epochs1_mincount10_ws5_dims300,fememorde,0.6741629242897034
angeregter_armin_training_data_cbow_lr0.05_epochs1_mincount10_ws5_dims300,suizid,0.67348712682724
angeregter_armin_training_data_cbow_lr0.05_epochs1_mincount10_ws5_dims300,frauenmordserie,0.6727592349052429
angeregter_armin_training_data_cbow_lr0.05_epochs1_mincount10_ws5_dims300,frauenmörder,0.6710944771766663
angeregter_armin_training_data_cbow_lr0.05_epochs1_mincount10_ws5_dims300,frauenhass,0.6596438884735107
angeregter_armin_training_data_cbow_lr0.05_epochs1_mincount10_ws5_dims300,sexualmord,0.6528986692428589
angeregter_armin_training_data_cbow_lr0.05_epochs1_mincount10_ws5_dims300,sexualmorde,0.6488268375396729
angeregter_armin_training_data_cbow_lr0.05_epochs1_mincount10_ws5_dims300,suizid,0.6468425989151001
angeregter_armin_training_data_cbow_lr0.05_epochs1_mincount10_ws5_dims300,fetozid,0.6454234719276428
angeregter_armin_training_data_cbow_lr0.05_epochs1_mincount10_ws5_dims300,frauenraub,0.6418939232826233
angeregter_armin_training_data_cbow_lr0.05_epochs1_mincount10_ws5_dims300,gewaltverbrechen,0.6370820999145508
angeregter_armin_training_data_cbow_lr0.05_epochs1_mincount10_ws5_dims300,frauenmörders,0.6365265846252441
angeregter_armin_training_data_cbow_lr0.05_epochs1_mincount10_ws5_dims300,gewalttat,0.636062502861023
angeregter_armin_training_data_cbow_lr0.05_epochs1_mincount10_ws5_dims300,suiziden,0.6347085237503052
angeregter_armin_training_data_cbow_lr0.05_epochs1_mincount10_ws5_dims300,frauengewalt,0.6327372193336487
angeregter_armin_training_data_cbow_lr0.05_epochs1_mincount10_ws5_dims300,suizides,0.631942629814148
angeregter_armin_training_data_cbow_lr0.05_epochs1_mincount10_ws5_dims300,gewaltverharmlosung,0.6318456530570984
angeregter_armin_training_data_cbow_lr0.05_epochs1_mincount10_ws5_dims300,pezid,0.631820797920227
angeregter_armin_training_data_cbow_lr0.05_epochs1_mincount10_ws5_dims300,vergewaltigungsdroge,0.6298839449882507
angeregter_armin_training_data_cbow_lr0.05_epochs1_mincount10_ws5_dims300,vergewaltigungsurteil,0.6291790008544922
angeregter_armin_training_data_cbow_lr0.05_epochs1_mincount10_ws5_dims300,tötungsdelikt,0.628377377986908
angeregter_armin_training_data_cbow_lr0.05_epochs1_mincount10_ws5_dims300,frauenhasser,0.6278398036956787
angeregter_armin_training_data_cbow_lr0.05_epochs1_mincount10_ws5_dims300,sexualverbrechen,0.6274484395980835
angeregter_armin_training_data_cbow_lr0.05_epochs1_mincount10_ws5_dims300,suizidfall,0.6223615407943726
angeregter_armin_training_data_cbow_lr0.05_epochs1_mincount10_ws5_dims300,gewalttäterinnen,0.6221206188201904
angeregter_armin_training_data_cbow_lr0.05_epochs1_mincount10_ws5_dims300,vergewaltigungsopfer,0.6210591197013855
angeregter_armin_training_data_cbow_lr0.05_epochs1_mincount10_ws5_dims300,frauenkrimi,0.6197686791419983
angeregter_armin_training_data_cbow_lr0.05_epochs1_mincount10_ws5_dims300,sexualmordes,0.6196398138999939
angeregter_armin_training_data_cbow_lr0.05_epochs1_mincount10_ws5_dims300,sexualmörder,0.6187577247619629
angeregter_armin_training_data_cbow_lr0.05_epochs1_mincount10_ws5_dims300,selbstmord,0.6165406703948975
angeregter_armin_training_data_cbow_lr0.05_epochs1_mincount10_ws5_dims300,femibion,0.6163370609283447
angeregter_armin_training_data_cbow_lr0.05_epochs1_mincount10_ws5_dims300,gewaltbegriff,0.6161248087882996
angeregter_armin_training_data_cbow_lr0.05_epochs1_mincount10_ws5_dims300,fungizid,0.6160685420036316
angeregter_armin_training_data_cbow_lr0.05_epochs1_mincount10_ws5_dims300,gewaltverbrecher,0.6160206198692322
angeregter_armin_training_data_cbow_lr0.05_epochs1_mincount10_ws5_dims300,vergewaltigung,0.6159133911132812
angeregter_armin_training_data_cbow_lr0.05_epochs1_mincount10_ws5_dims300,gewaltverbrechern,0.6153904795646667
angeregter_armin_training_data_cbow_lr0.05_epochs1_mincount10_ws5_dims300,gewaltverbrechens,0.6147553324699402
angeregter_armin_training_data_cbow_lr0.05_epochs1_mincount10_ws5_dims300,sexualdelikt,0.6142701506614685
angeregter_armin_training_data_cbow_lr0.05_epochs1_mincount10_ws5_dims300,vergewaltigungskultur,0.6120554804801941
angeregter_armin_training_data_cbow_lr0.05_epochs1_mincount10_ws5_dims300,gewaltvorfälle,0.612037181854248
angeregter_armin_training_data_cbow_lr0.05_epochs1_mincount10_ws5_dims300,männergewalt,0.6111065149307251
angeregter_armin_training_data_cbow_lr0.05_epochs1_mincount10_ws5_dims300,vergewaltigungsmythen,0.6109411120414734
angeregter_armin_training_data_cbow_lr0.05_epochs1_mincount10_ws5_dims300,vergewaltigungsszene,0.6108081936836243
angeregter_armin_training_data_cbow_lr0.05_epochs1_mincount10_ws5_dims300,gewaltdelikt,0.6106294989585876
angeregter_armin_training_data_cbow_lr0.05_epochs1_mincount10_ws5_dims300,gewaltvideo,0.6103643178939819
angeregter_armin_training_data_cbow_lr0.05_epochs1_mincount10_ws5_dims300,sexualgewalt,0.6098928451538086
angeregter_armin_training_data_cbow_lr0.05_epochs1_mincount10_ws5_dims300,vergewaltigungsdrama,0.609756350517273
angeregter_armin_training_data_cbow_lr0.05_epochs1_mincount10_ws5_dims300,gewaltvorfall,0.6093990802764893
angeregter_armin_training_data_cbow_lr0.05_epochs1_mincount10_ws5_dims300,selbstmorde,0.6091755032539368
angeregter_armin_training_data_cbow_lr0.05_epochs1_mincount10_ws5_dims300,suizidopfer,0.6074353456497192
angeregter_armin_training_data_cbow_lr0.05_epochs1_mincount10_ws5_dims300,gewalttäterin,0.6063416600227356
angeregter_armin_training_data_cbow_lr0.05_epochs1_mincount10_ws5_dims300,suizidserie,0.6060835123062134
angeregter_armin_training_data_cbow_lr0.05_epochs1_mincount10_ws5_dims300,sexualverbrechern,0.6050883531570435
angeregter_armin_training_data_cbow_lr0.05_epochs1_mincount10_ws5_dims300,sexualstraftat,0.604915201663971
angeregter_armin_training_data_cbow_lr0.05_epochs1_mincount10_ws5_dims300,vergewaltigungsversuch,0.6041842103004456
angeregter_armin_training_data_cbow_lr0.05_epochs1_mincount10_ws5_dims300,vergewaltigungs,0.6024297475814819
angeregter_armin_training_data_cbow_lr0.05_epochs1_mincount10_ws5_dims300,vergewaltigungsvideo,0.6022510528564453
angeregter_armin_training_data_cbow_lr0.05_epochs1_mincount10_ws5_dims300,suizids,0.6021757125854492
angeregter_armin_training_data_cbow_lr0.05_epochs1_mincount10_ws5_dims300,sexualverbrecher,0.6020481586456299
angeregter_armin_training_data_cbow_lr0.05_epochs1_mincount10_ws5_dims300,gewaltopfer,0.6020373702049255
angeregter_armin_training_data_cbow_lr0.05_epochs1_mincount10_ws5_dims300,vergewaltigungsfälle,0.6017298102378845
angeregter_armin_training_data_cbow_lr0.05_epochs1_mincount10_ws5_dims300,cybergewalt,0.6011428236961365
angeregter_armin_training_data_cbow_lr0.05_epochs1_mincount10_ws5_dims300,gewaltvorwurf,0.601034939289093
angeregter_armin_training_data_cbow_lr0.05_epochs1_mincount10_ws5_dims300,gewaltschocker,0.6007454991340637
angeregter_armin_training_data_cbow_lr0.05_epochs1_mincount10_ws5_dims300,vergewaltigungsopfern,0.6005595326423645
angeregter_armin_training_data_cbow_lr0.05_epochs1_mincount10_ws5_dims300,vergewaltigungsfall,0.600445032119751
angeregter_armin_training_data_cbow_lr0.05_epochs1_mincount10_ws5_dims300,vergewaltigungsskandal,0.6003583669662476
angeregter_armin_training_data_cbow_lr0.05_epochs1_mincount10_ws5_dims300,vergewaltiger,0.6003208160400391
angeregter_armin_training_data_cbow_lr0.05_epochs1_mincount10_ws5_dims300,suizidbericht,0.5999451875686646
angeregter_armin_training_data_cbow_lr0.05_epochs1_mincount10_ws5_dims300,frauenhetz,0.5997039675712585
angeregter_armin_training_data_cbow_lr0.05_epochs1_mincount10_ws5_dims300,morde,0.5995603799819946
angeregter_armin_training_data_cbow_lr0.05_epochs1_mincount10_ws5_dims300,suizidfälle,0.5993627309799194
angeregter_armin_training_data_cbow_lr0.05_epochs1_mincount10_ws5_dims300,mordtat,0.5992863178253174
angeregter_armin_training_data_cbow_lr0.05_epochs1_mincount10_ws5_dims300,prostituiertenmord,0.5990814566612244
angeregter_armin_training_data_cbow_lr0.05_epochs1_mincount10_ws5_dims300,gewaltmissbrauch,0.5988799929618835
angeregter_armin_training_data_cbow_lr0.05_epochs1_mincount10_ws5_dims300,tötungsverbrechen,0.5984624624252319
angeregter_armin_training_data_cbow_lr0.05_epochs1_mincount10_ws5_dims300,gewalttäter,0.5978396534919739
angeregter_armin_training_data_cbow_lr0.05_epochs1_mincount10_ws5_dims300,sexmord,0.5972162485122681
angeregter_armin_training_data_cbow_lr0.05_epochs1_mincount10_ws5_dims300,vergewaltigungsserie,0.5969158411026001
angeregter_armin_training_data_cbow_lr0.05_epochs1_mincount10_ws5_dims300,frauenmoschee,0.5968371629714966
angeregter_armin_training_data_cbow_lr0.05_epochs1_mincount10_ws5_dims300,gewaltfrei,0.5967464447021484
angeregter_armin_training_data_cbow_lr0.05_epochs1_mincount10_ws5_dims300,frauenphänomen,0.5966734290122986
angeregter_armin_training_data_cbow_lr0.05_epochs1_mincount10_ws5_dims300,kindesmord,0.5964034795761108
angeregter_armin_training_data_cbow_lr0.05_epochs1_mincount10_ws5_dims300,mordurteil,0.5961424708366394
angeregter_armin_training_data_cbow_lr0.05_epochs1_mincount10_ws5_dims300,mordtaten,0.5961345434188843
angeregter_armin_training_data_cbow_lr0.05_epochs1_mincount10_ws5_dims300,sexualverbrechens,0.5958897471427917
angeregter_armin_training_data_cbow_lr0.05_epochs1_mincount10_ws5_dims300,gewalttaten,0.59547358751297
angeregter_armin_training_data_cbow_lr0.05_epochs1_mincount10_ws5_dims300,frauenmode,0.5944597125053406
genialer_noar_training_data_lower_cbow_lr0.05_epochs1_mincount100_ws12_dims300,femizide,0.9128154516220093
genialer_noar_training_data_lower_cbow_lr0.05_epochs1_mincount100_ws12_dims300,femiziden,0.8093055486679077
genialer_noar_training_data_lower_cbow_lr0.05_epochs1_mincount100_ws12_dims300,frauenmord,0.8025866150856018
genialer_noar_training_data_lower_cbow_lr0.05_epochs1_mincount100_ws12_dims300,frauenmorde,0.7641425132751465
genialer_noar_training_data_lower_cbow_lr0.05_epochs1_mincount100_ws12_dims300,frauenmorden,0.7237046957015991
genialer_noar_training_data_lower_cbow_lr0.05_epochs1_mincount100_ws12_dims300,frauenhass,0.7109809517860413
genialer_noar_training_data_lower_cbow_lr0.05_epochs1_mincount100_ws12_dims300,frauenmörder,0.6921656131744385
genialer_noar_training_data_lower_cbow_lr0.05_epochs1_mincount100_ws12_dims300,frauenhasser,0.6693885326385498
genialer_noar_training_data_lower_cbow_lr0.05_epochs1_mincount100_ws12_dims300,suizid,0.6355722546577454
genialer_noar_training_data_lower_cbow_lr0.05_epochs1_mincount100_ws12_dims300,frauenhand,0.6352832317352295
genialer_noar_training_data_lower_cbow_lr0.05_epochs1_mincount100_ws12_dims300,frauenmode,0.6247409582138062
genialer_noar_training_data_lower_cbow_lr0.05_epochs1_mincount100_ws12_dims300,sexualmord,0.6202115416526794
genialer_noar_training_data_lower_cbow_lr0.05_epochs1_mincount100_ws12_dims300,männergewalt,0.6184601187705994
genialer_noar_training_data_lower_cbow_lr0.05_epochs1_mincount100_ws12_dims300,suizide,0.6087303161621094
genialer_noar_training_data_lower_cbow_lr0.05_epochs1_mincount100_ws12_dims300,frauenrat,0.5949514508247375
genialer_noar_training_data_lower_cbow_lr0.05_epochs1_mincount100_ws12_dims300,frauenrechtsaktivistin,0.5896087884902954
genialer_noar_training_data_lower_cbow_lr0.05_epochs1_mincount100_ws12_dims300,frauenfeind,0.589164674282074
genialer_noar_training_data_lower_cbow_lr0.05_epochs1_mincount100_ws12_dims300,frauentyp,0.5868133902549744
genialer_noar_training_data_lower_cbow_lr0.05_epochs1_mincount100_ws12_dims300,frauenrechtsaktivistinnen,0.5860110521316528
genialer_noar_training_data_lower_cbow_lr0.05_epochs1_mincount100_ws12_dims300,suizids,0.5858063697814941
genialer_noar_training_data_lower_cbow_lr0.05_epochs1_mincount100_ws12_dims300,frauenleiche,0.5854791402816772
genialer_noar_training_data_lower_cbow_lr0.05_epochs1_mincount100_ws12_dims300,frauenrechtlerin,0.5839529037475586
genialer_noar_training_data_lower_cbow_lr0.05_epochs1_mincount100_ws12_dims300,frauentrio,0.5828667283058167
genialer_noar_training_data_lower_cbow_lr0.05_epochs1_mincount100_ws12_dims300,feministinnen,0.5810052752494812
genialer_noar_training_data_lower_cbow_lr0.05_epochs1_mincount100_ws12_dims300,frauenarmut,0.5809809565544128
genialer_noar_training_data_lower_cbow_lr0.05_epochs1_mincount100_ws12_dims300,frauenthema,0.5809093117713928
genialer_noar_training_data_lower_cbow_lr0.05_epochs1_mincount100_ws12_dims300,frauenring,0.5762127041816711
genialer_noar_training_data_lower_cbow_lr0.05_epochs1_mincount100_ws12_dims300,unterfrauenhaid,0.5737330317497253
genialer_noar_training_data_lower_cbow_lr0.05_epochs1_mincount100_ws12_dims300,frauenverachtung,0.5736374855041504
genialer_noar_training_data_lower_cbow_lr0.05_epochs1_mincount100_ws12_dims300,gewaltverbrechen,0.5724884271621704
genialer_noar_training_data_lower_cbow_lr0.05_epochs1_mincount100_ws12_dims300,sexualverbrechen,0.5724219083786011
genialer_noar_training_data_lower_cbow_lr0.05_epochs1_mincount100_ws12_dims300,frauenemanzipation,0.5705873966217041
genialer_noar_training_data_lower_cbow_lr0.05_epochs1_mincount100_ws12_dims300,frauenschläger,0.570335865020752
genialer_noar_training_data_lower_cbow_lr0.05_epochs1_mincount100_ws12_dims300,frauenverachtende,0.5701504349708557
genialer_noar_training_data_lower_cbow_lr0.05_epochs1_mincount100_ws12_dims300,frauenleichen,0.5696648359298706
genialer_noar_training_data_lower_cbow_lr0.05_epochs1_mincount100_ws12_dims300,frauendiskriminierung,0.5690418481826782
genialer_noar_training_data_lower_cbow_lr0.05_epochs1_mincount100_ws12_dims300,frauenverachtend,0.5689300298690796
genialer_noar_training_data_lower_cbow_lr0.05_epochs1_mincount100_ws12_dims300,feminismus,0.5685741305351257
genialer_noar_training_data_lower_cbow_lr0.05_epochs1_mincount100_ws12_dims300,selbstmord,0.5674824714660645
genialer_noar_training_data_lower_cbow_lr0.05_epochs1_mincount100_ws12_dims300,frauenrings,0.5668448805809021
genialer_noar_training_data_lower_cbow_lr0.05_epochs1_mincount100_ws12_dims300,feministin,0.5664187669754028
genialer_noar_training_data_lower_cbow_lr0.05_epochs1_mincount100_ws12_dims300,frauenrechtlerinnen,0.5655100345611572
genialer_noar_training_data_lower_cbow_lr0.05_epochs1_mincount100_ws12_dims300,frauenhandel,0.5628246068954468
genialer_noar_training_data_lower_cbow_lr0.05_epochs1_mincount100_ws12_dims300,vergewaltigungsopfer,0.5615425109863281
genialer_noar_training_data_lower_cbow_lr0.05_epochs1_mincount100_ws12_dims300,feminism,0.5614405274391174
genialer_noar_training_data_lower_cbow_lr0.05_epochs1_mincount100_ws12_dims300,selbstmorde,0.5606008768081665
genialer_noar_training_data_lower_cbow_lr0.05_epochs1_mincount100_ws12_dims300,frauenfeindlichkeit,0.5605823993682861
genialer_noar_training_data_lower_cbow_lr0.05_epochs1_mincount100_ws12_dims300,mädchenmord,0.5602170825004578
genialer_noar_training_data_lower_cbow_lr0.05_epochs1_mincount100_ws12_dims300,mordtat,0.5595194697380066
genialer_noar_training_data_lower_cbow_lr0.05_epochs1_mincount100_ws12_dims300,frauenfeld,0.5592222213745117
genialer_noar_training_data_lower_cbow_lr0.05_epochs1_mincount100_ws12_dims300,frauenheld,0.55814129114151
genialer_noar_training_data_lower_cbow_lr0.05_epochs1_mincount100_ws12_dims300,sexualtäter,0.5577874183654785
genialer_noar_training_data_lower_cbow_lr0.05_epochs1_mincount100_ws12_dims300,frauenfeindlicher,0.5577215552330017
genialer_noar_training_data_lower_cbow_lr0.05_epochs1_mincount100_ws12_dims300,suizidalität,0.5576262474060059
genialer_noar_training_data_lower_cbow_lr0.05_epochs1_mincount100_ws12_dims300,tötungsdelikt,0.5573543906211853
genialer_noar_training_data_lower_cbow_lr0.05_epochs1_mincount100_ws12_dims300,frauenleben,0.5567312836647034
genialer_noar_training_data_lower_cbow_lr0.05_epochs1_mincount100_ws12_dims300,vergewaltigungsopfers,0.5562728047370911
genialer_noar_training_data_lower_cbow_lr0.05_epochs1_mincount100_ws12_dims300,frauenmangel,0.5560771822929382
genialer_noar_training_data_lower_cbow_lr0.05_epochs1_mincount100_ws12_dims300,frauenmantel,0.5557427406311035
genialer_noar_training_data_lower_cbow_lr0.05_epochs1_mincount100_ws12_dims300,vergewaltigung,0.5544413924217224
genialer_noar_training_data_lower_cbow_lr0.05_epochs1_mincount100_ws12_dims300,frauennamen,0.5537805557250977
genialer_noar_training_data_lower_cbow_lr0.05_epochs1_mincount100_ws12_dims300,frauenfeindliche,0.5535772442817688
genialer_noar_training_data_lower_cbow_lr0.05_epochs1_mincount100_ws12_dims300,frauenbild,0.5523670315742493
genialer_noar_training_data_lower_cbow_lr0.05_epochs1_mincount100_ws12_dims300,mordtaten,0.5504856705665588
genialer_noar_training_data_lower_cbow_lr0.05_epochs1_mincount100_ws12_dims300,gewalttat,0.5498656630516052
genialer_noar_training_data_lower_cbow_lr0.05_epochs1_mincount100_ws12_dims300,sexualstraftat,0.5495671033859253
genialer_noar_training_data_lower_cbow_lr0.05_epochs1_mincount100_ws12_dims300,suiziden,0.5471990704536438
genialer_noar_training_data_lower_cbow_lr0.05_epochs1_mincount100_ws12_dims300,frauenpolitikerin,0.5459745526313782
genialer_noar_training_data_lower_cbow_lr0.05_epochs1_mincount100_ws12_dims300,frauenfeindlich,0.5456796884536743
genialer_noar_training_data_lower_cbow_lr0.05_epochs1_mincount100_ws12_dims300,frauenfeindlichen,0.5454552173614502
genialer_noar_training_data_lower_cbow_lr0.05_epochs1_mincount100_ws12_dims300,frauenkörper,0.5453400611877441
genialer_noar_training_data_lower_cbow_lr0.05_epochs1_mincount100_ws12_dims300,frauenrechte,0.5452575087547302
genialer_noar_training_data_lower_cbow_lr0.05_epochs1_mincount100_ws12_dims300,frauenrechtsgruppe,0.5447575449943542
genialer_noar_training_data_lower_cbow_lr0.05_epochs1_mincount100_ws12_dims300,vergewaltigungsopfern,0.5447468161582947
genialer_noar_training_data_lower_cbow_lr0.05_epochs1_mincount100_ws12_dims300,sexualdelikt,0.5442609190940857
genialer_noar_training_data_lower_cbow_lr0.05_epochs1_mincount100_ws12_dims300,frauenporträt,0.5438124537467957
genialer_noar_training_data_lower_cbow_lr0.05_epochs1_mincount100_ws12_dims300,frauenfeindliches,0.5435231328010559
genialer_noar_training_data_lower_cbow_lr0.05_epochs1_mincount100_ws12_dims300,partnergewalt,0.5432365536689758
genialer_noar_training_data_lower_cbow_lr0.05_epochs1_mincount100_ws12_dims300,frauenkopf,0.5430124402046204
genialer_noar_training_data_lower_cbow_lr0.05_epochs1_mincount100_ws12_dims300,frauenrechten,0.5405876636505127
genialer_noar_training_data_lower_cbow_lr0.05_epochs1_mincount100_ws12_dims300,vergewaltigungsversuch,0.5401312112808228
genialer_noar_training_data_lower_cbow_lr0.05_epochs1_mincount100_ws12_dims300,frauennetzwerk,0.5394784212112427
genialer_noar_training_data_lower_cbow_lr0.05_epochs1_mincount100_ws12_dims300,kindsmord,0.5392850637435913
genialer_noar_training_data_lower_cbow_lr0.05_epochs1_mincount100_ws12_dims300,frauenrechtler,0.5379664897918701
genialer_noar_training_data_lower_cbow_lr0.05_epochs1_mincount100_ws12_dims300,vergewaltigungs,0.5370274782180786
genialer_noar_training_data_lower_cbow_lr0.05_epochs1_mincount100_ws12_dims300,frauenverachtenden,0.536850094795227
genialer_noar_training_data_lower_cbow_lr0.05_epochs1_mincount100_ws12_dims300,frauen,0.5364977121353149
genialer_noar_training_data_lower_cbow_lr0.05_epochs1_mincount100_ws12_dims300,frauenhelden,0.5362754464149475
genialer_noar_training_data_lower_cbow_lr0.05_epochs1_mincount100_ws12_dims300,gewaltopfer,0.5362350344657898
genialer_noar_training_data_lower_cbow_lr0.05_epochs1_mincount100_ws12_dims300,gewaltdelikt,0.5361093878746033
genialer_noar_training_data_lower_cbow_lr0.05_epochs1_mincount100_ws12_dims300,zid,0.5354369282722473
genialer_noar_training_data_lower_cbow_lr0.05_epochs1_mincount100_ws12_dims300,frauenhaus,0.5350164175033569
genialer_noar_training_data_lower_cbow_lr0.05_epochs1_mincount100_ws12_dims300,frauenpower,0.5349056124687195
genialer_noar_training_data_lower_cbow_lr0.05_epochs1_mincount100_ws12_dims300,frauenschicksale,0.534796953201294
genialer_noar_training_data_lower_cbow_lr0.05_epochs1_mincount100_ws12_dims300,frauenbilder,0.5342174768447876
genialer_noar_training_data_lower_cbow_lr0.05_epochs1_mincount100_ws12_dims300,urgewalt,0.5337733030319214
genialer_noar_training_data_lower_cbow_lr0.05_epochs1_mincount100_ws12_dims300,sexualverbrechens,0.5334051251411438
genialer_noar_training_data_lower_cbow_lr0.05_epochs1_mincount100_ws12_dims300,feministisch,0.533206582069397
genialer_noar_training_data_lower_cbow_lr0.05_epochs1_mincount100_ws12_dims300,feministischer,0.5329896807670593
genialer_noar_training_data_lower_cbow_lr0.05_epochs1_mincount100_ws12_dims300,tötungsdelikte,0.5329362750053406
bezaubernde_jennifer_training_data_cbow_lr0.05_epochs1_mincount10_ws6_dims300,femizide,0.9039933085441589
bezaubernde_jennifer_training_data_cbow_lr0.05_epochs1_mincount10_ws6_dims300,femizids,0.894290566444397
bezaubernde_jennifer_training_data_cbow_lr0.05_epochs1_mincount10_ws6_dims300,femiziden,0.8178752660751343
bezaubernde_jennifer_training_data_cbow_lr0.05_epochs1_mincount10_ws6_dims300,frauenmord,0.7947050929069519
bezaubernde_jennifer_training_data_cbow_lr0.05_epochs1_mincount10_ws6_dims300,feminizide,0.7611872553825378
bezaubernde_jennifer_training_data_cbow_lr0.05_epochs1_mincount10_ws6_dims300,frauenmorde,0.7550576329231262
bezaubernde_jennifer_training_data_cbow_lr0.05_epochs1_mincount10_ws6_dims300,frauenmords,0.7538992762565613
bezaubernde_jennifer_training_data_cbow_lr0.05_epochs1_mincount10_ws6_dims300,frauenmordes,0.7318000197410583
bezaubernde_jennifer_training_data_cbow_lr0.05_epochs1_mincount10_ws6_dims300,frauenmorden,0.7288553714752197
bezaubernde_jennifer_training_data_cbow_lr0.05_epochs1_mincount10_ws6_dims300,suizide,0.6945112347602844
bezaubernde_jennifer_training_data_cbow_lr0.05_epochs1_mincount10_ws6_dims300,suizid,0.6930279731750488
bezaubernde_jennifer_training_data_cbow_lr0.05_epochs1_mincount10_ws6_dims300,doppelsuizid,0.6871359348297119
bezaubernde_jennifer_training_data_cbow_lr0.05_epochs1_mincount10_ws6_dims300,massensuizid,0.686529278755188
bezaubernde_jennifer_training_data_cbow_lr0.05_epochs1_mincount10_ws6_dims300,frauenmordserie,0.6809651255607605
bezaubernde_jennifer_training_data_cbow_lr0.05_epochs1_mincount10_ws6_dims300,frauenhass,0.677474856376648
bezaubernde_jennifer_training_data_cbow_lr0.05_epochs1_mincount10_ws6_dims300,suizid,0.6750362515449524
bezaubernde_jennifer_training_data_cbow_lr0.05_epochs1_mincount10_ws6_dims300,frauenmörder,0.6662581562995911
bezaubernde_jennifer_training_data_cbow_lr0.05_epochs1_mincount10_ws6_dims300,fetozid,0.6619123816490173
bezaubernde_jennifer_training_data_cbow_lr0.05_epochs1_mincount10_ws6_dims300,suiziden,0.6616401672363281
bezaubernde_jennifer_training_data_cbow_lr0.05_epochs1_mincount10_ws6_dims300,suizides,0.6526862382888794
bezaubernde_jennifer_training_data_cbow_lr0.05_epochs1_mincount10_ws6_dims300,fememorde,0.652228593826294
bezaubernde_jennifer_training_data_cbow_lr0.05_epochs1_mincount10_ws6_dims300,gewaltverbrechen,0.6503579020500183
bezaubernde_jennifer_training_data_cbow_lr0.05_epochs1_mincount10_ws6_dims300,gewaltverharmlosung,0.6478701233863831
bezaubernde_jennifer_training_data_cbow_lr0.05_epochs1_mincount10_ws6_dims300,frauenhasser,0.6458841562271118
bezaubernde_jennifer_training_data_cbow_lr0.05_epochs1_mincount10_ws6_dims300,vergewaltigungsdroge,0.6425679326057434
bezaubernde_jennifer_training_data_cbow_lr0.05_epochs1_mincount10_ws6_dims300,suizidfall,0.642403244972229
bezaubernde_jennifer_training_data_cbow_lr0.05_epochs1_mincount10_ws6_dims300,sexualmord,0.6369028687477112
bezaubernde_jennifer_training_data_cbow_lr0.05_epochs1_mincount10_ws6_dims300,frauenraub,0.6360536813735962
bezaubernde_jennifer_training_data_cbow_lr0.05_epochs1_mincount10_ws6_dims300,frauengewalt,0.6358724236488342
bezaubernde_jennifer_training_data_cbow_lr0.05_epochs1_mincount10_ws6_dims300,selbstmord,0.6323851346969604
bezaubernde_jennifer_training_data_cbow_lr0.05_epochs1_mincount10_ws6_dims300,sexualverbrechen,0.6322222352027893
bezaubernde_jennifer_training_data_cbow_lr0.05_epochs1_mincount10_ws6_dims300,tötungsdelikt,0.6297622919082642
bezaubernde_jennifer_training_data_cbow_lr0.05_epochs1_mincount10_ws6_dims300,frauenmörders,0.628303050994873
bezaubernde_jennifer_training_data_cbow_lr0.05_epochs1_mincount10_ws6_dims300,suizidtoten,0.6274282932281494
bezaubernde_jennifer_training_data_cbow_lr0.05_epochs1_mincount10_ws6_dims300,sexualmorde,0.6259474158287048
bezaubernde_jennifer_training_data_cbow_lr0.05_epochs1_mincount10_ws6_dims300,vergewaltigungsszene,0.6239020228385925
bezaubernde_jennifer_training_data_cbow_lr0.05_epochs1_mincount10_ws6_dims300,pezid,0.6221978664398193
bezaubernde_jennifer_training_data_cbow_lr0.05_epochs1_mincount10_ws6_dims300,gewaltverbrechens,0.6206324100494385
bezaubernde_jennifer_training_data_cbow_lr0.05_epochs1_mincount10_ws6_dims300,vergewaltigungsurteil,0.6200466156005859
bezaubernde_jennifer_training_data_cbow_lr0.05_epochs1_mincount10_ws6_dims300,judenmord,0.6199827790260315
bezaubernde_jennifer_training_data_cbow_lr0.05_epochs1_mincount10_ws6_dims300,prostituiertenmord,0.6199247241020203
bezaubernde_jennifer_training_data_cbow_lr0.05_epochs1_mincount10_ws6_dims300,vergewaltigungsopfer,0.6195729374885559
bezaubernde_jennifer_training_data_cbow_lr0.05_epochs1_mincount10_ws6_dims300,suizids,0.6194564700126648
bezaubernde_jennifer_training_data_cbow_lr0.05_epochs1_mincount10_ws6_dims300,vergewaltigungskultur,0.6188002824783325
bezaubernde_jennifer_training_data_cbow_lr0.05_epochs1_mincount10_ws6_dims300,vergewaltigungsdrama,0.6168450713157654
bezaubernde_jennifer_training_data_cbow_lr0.05_epochs1_mincount10_ws6_dims300,suizidopfer,0.616736114025116
bezaubernde_jennifer_training_data_cbow_lr0.05_epochs1_mincount10_ws6_dims300,femibion,0.6166761517524719
bezaubernde_jennifer_training_data_cbow_lr0.05_epochs1_mincount10_ws6_dims300,frauenhetz,0.6166678071022034
bezaubernde_jennifer_training_data_cbow_lr0.05_epochs1_mincount10_ws6_dims300,frauenphänomen,0.6163827776908875
bezaubernde_jennifer_training_data_cbow_lr0.05_epochs1_mincount10_ws6_dims300,suizidenten,0.6156851053237915
bezaubernde_jennifer_training_data_cbow_lr0.05_epochs1_mincount10_ws6_dims300,gewaltverbrechern,0.615241527557373
bezaubernde_jennifer_training_data_cbow_lr0.05_epochs1_mincount10_ws6_dims300,gewalttat,0.6149859428405762
bezaubernde_jennifer_training_data_cbow_lr0.05_epochs1_mincount10_ws6_dims300,gewaltbegriff,0.614441990852356
bezaubernde_jennifer_training_data_cbow_lr0.05_epochs1_mincount10_ws6_dims300,fungizid,0.6127477288246155
bezaubernde_jennifer_training_data_cbow_lr0.05_epochs1_mincount10_ws6_dims300,vergewaltigung,0.6125531196594238
bezaubernde_jennifer_training_data_cbow_lr0.05_epochs1_mincount10_ws6_dims300,suizidserie,0.612521767616272
bezaubernde_jennifer_training_data_cbow_lr0.05_epochs1_mincount10_ws6_dims300,gewaltdelikt,0.6124585866928101
bezaubernde_jennifer_training_data_cbow_lr0.05_epochs1_mincount10_ws6_dims300,mädchenmord,0.6122730374336243
bezaubernde_jennifer_training_data_cbow_lr0.05_epochs1_mincount10_ws6_dims300,vergewaltigungsmythen,0.6119690537452698
bezaubernde_jennifer_training_data_cbow_lr0.05_epochs1_mincount10_ws6_dims300,suizidbericht,0.6118643283843994
bezaubernde_jennifer_training_data_cbow_lr0.05_epochs1_mincount10_ws6_dims300,hassverbrechen,0.6116895079612732
bezaubernde_jennifer_training_data_cbow_lr0.05_epochs1_mincount10_ws6_dims300,suizidale,0.610936164855957
bezaubernde_jennifer_training_data_cbow_lr0.05_epochs1_mincount10_ws6_dims300,frauenfeind,0.6100330352783203
bezaubernde_jennifer_training_data_cbow_lr0.05_epochs1_mincount10_ws6_dims300,gewaltverbrecher,0.6086057424545288
bezaubernde_jennifer_training_data_cbow_lr0.05_epochs1_mincount10_ws6_dims300,gewaltvorfall,0.6071863770484924
bezaubernde_jennifer_training_data_cbow_lr0.05_epochs1_mincount10_ws6_dims300,vergewaltigungsfall,0.6064364314079285
bezaubernde_jennifer_training_data_cbow_lr0.05_epochs1_mincount10_ws6_dims300,tötungsverbrechen,0.6058059334754944
bezaubernde_jennifer_training_data_cbow_lr0.05_epochs1_mincount10_ws6_dims300,frauenfeinde,0.605442464351654
bezaubernde_jennifer_training_data_cbow_lr0.05_epochs1_mincount10_ws6_dims300,suizidalität,0.6053528785705566
bezaubernde_jennifer_training_data_cbow_lr0.05_epochs1_mincount10_ws6_dims300,suizidrate,0.605010449886322
bezaubernde_jennifer_training_data_cbow_lr0.05_epochs1_mincount10_ws6_dims300,frauenmoschee,0.6043678522109985
bezaubernde_jennifer_training_data_cbow_lr0.05_epochs1_mincount10_ws6_dims300,teenagermord,0.6042674779891968
bezaubernde_jennifer_training_data_cbow_lr0.05_epochs1_mincount10_ws6_dims300,prostituiertenmorde,0.6035870909690857
bezaubernde_jennifer_training_data_cbow_lr0.05_epochs1_mincount10_ws6_dims300,mädchenmorde,0.6034122109413147
bezaubernde_jennifer_training_data_cbow_lr0.05_epochs1_mincount10_ws6_dims300,gewaltverherrlichung,0.6032620072364807
bezaubernde_jennifer_training_data_cbow_lr0.05_epochs1_mincount10_ws6_dims300,vergewaltigungsskandal,0.6022627353668213
bezaubernde_jennifer_training_data_cbow_lr0.05_epochs1_mincount10_ws6_dims300,suizidfälle,0.6020956635475159
bezaubernde_jennifer_training_data_cbow_lr0.05_epochs1_mincount10_ws6_dims300,selbstmorde,0.6016278266906738
bezaubernde_jennifer_training_data_cbow_lr0.05_epochs1_mincount10_ws6_dims300,vergewaltigungsvideo,0.6015123128890991
bezaubernde_jennifer_training_data_cbow_lr0.05_epochs1_mincount10_ws6_dims300,frauenfeindlich,0.6015099883079529
bezaubernde_jennifer_training_data_cbow_lr0.05_epochs1_mincount10_ws6_dims300,sexmord,0.6010101437568665
bezaubernde_jennifer_training_data_cbow_lr0.05_epochs1_mincount10_ws6_dims300,sexualmörder,0.6005625128746033
bezaubernde_jennifer_training_data_cbow_lr0.05_epochs1_mincount10_ws6_dims300,sexualdelikt,0.6002386808395386
bezaubernde_jennifer_training_data_cbow_lr0.05_epochs1_mincount10_ws6_dims300,suizidanten,0.5997578501701355
bezaubernde_jennifer_training_data_cbow_lr0.05_epochs1_mincount10_ws6_dims300,vergewaltigungsopfern,0.5994485020637512
bezaubernde_jennifer_training_data_cbow_lr0.05_epochs1_mincount10_ws6_dims300,gewalttäterinnen,0.599433958530426
bezaubernde_jennifer_training_data_cbow_lr0.05_epochs1_mincount10_ws6_dims300,männergewalt,0.5993071794509888
bezaubernde_jennifer_training_data_cbow_lr0.05_epochs1_mincount10_ws6_dims300,frauentötungen,0.5988187789916992
bezaubernde_jennifer_training_data_cbow_lr0.05_epochs1_mincount10_ws6_dims300,suizidraten,0.5987115502357483
bezaubernde_jennifer_training_data_cbow_lr0.05_epochs1_mincount10_ws6_dims300,frauenhintern,0.5986167192459106
bezaubernde_jennifer_training_data_cbow_lr0.05_epochs1_mincount10_ws6_dims300,massenmord,0.5982977151870728
bezaubernde_jennifer_training_data_cbow_lr0.05_epochs1_mincount10_ws6_dims300,suizidversuch,0.5982525944709778
bezaubernde_jennifer_training_data_cbow_lr0.05_epochs1_mincount10_ws6_dims300,sexualstraftat,0.597985029220581
bezaubernde_jennifer_training_data_cbow_lr0.05_epochs1_mincount10_ws6_dims300,frauenverachtung,0.5979400873184204
bezaubernde_jennifer_training_data_cbow_lr0.05_epochs1_mincount10_ws6_dims300,frauenmund,0.5979027152061462
bezaubernde_jennifer_training_data_cbow_lr0.05_epochs1_mincount10_ws6_dims300,frauenfeindliche,0.5977727174758911
bezaubernde_jennifer_training_data_cbow_lr0.05_epochs1_mincount10_ws6_dims300,kindsmord,0.5977299213409424
bezaubernde_jennifer_training_data_cbow_lr0.05_epochs1_mincount10_ws6_dims300,vergewaltigungsversuch,0.5971899032592773
bezaubernde_jennifer_training_data_cbow_lr0.05_epochs1_mincount10_ws6_dims300,infantizid,0.5970050096511841
bezaubernde_jennifer_training_data_cbow_lr0.05_epochs1_mincount10_ws6_dims300,sexverbrechen,0.5969029664993286
wachsamer_nikolaj_training_data_cbow_lr0.05_epochs1_mincount100_ws5_dims300,femizide,0.8947954773902893
wachsamer_nikolaj_training_data_cbow_lr0.05_epochs1_mincount100_ws5_dims300,frauenmord,0.7883036136627197
wachsamer_nikolaj_training_data_cbow_lr0.05_epochs1_mincount100_ws5_dims300,femiziden,0.7810608148574829
wachsamer_nikolaj_training_data_cbow_lr0.05_epochs1_mincount100_ws5_dims300,frauenmorde,0.7321667671203613
wachsamer_nikolaj_training_data_cbow_lr0.05_epochs1_mincount100_ws5_dims300,frauenmorden,0.7094799280166626
wachsamer_nikolaj_training_data_cbow_lr0.05_epochs1_mincount100_ws5_dims300,sexualmord,0.6702881455421448
wachsamer_nikolaj_training_data_cbow_lr0.05_epochs1_mincount100_ws5_dims300,frauenhass,0.65751713514328
wachsamer_nikolaj_training_data_cbow_lr0.05_epochs1_mincount100_ws5_dims300,gewalttat,0.6535148024559021
wachsamer_nikolaj_training_data_cbow_lr0.05_epochs1_mincount100_ws5_dims300,suizid,0.6476677060127258
wachsamer_nikolaj_training_data_cbow_lr0.05_epochs1_mincount100_ws5_dims300,frauenmörder,0.6460101008415222
wachsamer_nikolaj_training_data_cbow_lr0.05_epochs1_mincount100_ws5_dims300,tötungsdelikt,0.6440054178237915
wachsamer_nikolaj_training_data_cbow_lr0.05_epochs1_mincount100_ws5_dims300,gewaltverbrechen,0.6338790655136108
wachsamer_nikolaj_training_data_cbow_lr0.05_epochs1_mincount100_ws5_dims300,vergewaltigung,0.6303706765174866
wachsamer_nikolaj_training_data_cbow_lr0.05_epochs1_mincount100_ws5_dims300,gewaltdelikt,0.6301794648170471
wachsamer_nikolaj_training_data_cbow_lr0.05_epochs1_mincount100_ws5_dims300,sexualdelikt,0.6283606886863708
wachsamer_nikolaj_training_data_cbow_lr0.05_epochs1_mincount100_ws5_dims300,mordurteil,0.6251291036605835
wachsamer_nikolaj_training_data_cbow_lr0.05_epochs1_mincount100_ws5_dims300,gewaltvideo,0.6242247819900513
wachsamer_nikolaj_training_data_cbow_lr0.05_epochs1_mincount100_ws5_dims300,vergewaltigungsopfer,0.6230419278144836
wachsamer_nikolaj_training_data_cbow_lr0.05_epochs1_mincount100_ws5_dims300,männergewalt,0.6221887469291687
wachsamer_nikolaj_training_data_cbow_lr0.05_epochs1_mincount100_ws5_dims300,sexualverbrechen,0.6163320541381836
wachsamer_nikolaj_training_data_cbow_lr0.05_epochs1_mincount100_ws5_dims300,mädchenmord,0.6163225769996643
wachsamer_nikolaj_training_data_cbow_lr0.05_epochs1_mincount100_ws5_dims300,kindsmord,0.614710807800293
wachsamer_nikolaj_training_data_cbow_lr0.05_epochs1_mincount100_ws5_dims300,selbstmord,0.6134371757507324
wachsamer_nikolaj_training_data_cbow_lr0.05_epochs1_mincount100_ws5_dims300,sexualstraftat,0.6117217540740967
wachsamer_nikolaj_training_data_cbow_lr0.05_epochs1_mincount100_ws5_dims300,mordtat,0.6115736365318298
wachsamer_nikolaj_training_data_cbow_lr0.05_epochs1_mincount100_ws5_dims300,vergewaltigungsversuch,0.6103923320770264
wachsamer_nikolaj_training_data_cbow_lr0.05_epochs1_mincount100_ws5_dims300,suizide,0.6085121631622314
wachsamer_nikolaj_training_data_cbow_lr0.05_epochs1_mincount100_ws5_dims300,frauenhasser,0.6074268817901611
wachsamer_nikolaj_training_data_cbow_lr0.05_epochs1_mincount100_ws5_dims300,gewalttäter,0.6055002212524414
wachsamer_nikolaj_training_data_cbow_lr0.05_epochs1_mincount100_ws5_dims300,vergewaltigungs,0.6039058566093445
wachsamer_nikolaj_training_data_cbow_lr0.05_epochs1_mincount100_ws5_dims300,vergewaltigungsfall,0.6030949950218201
wachsamer_nikolaj_training_data_cbow_lr0.05_epochs1_mincount100_ws5_dims300,gewaltorgie,0.6023364067077637
wachsamer_nikolaj_training_data_cbow_lr0.05_epochs1_mincount100_ws5_dims300,gewaltverbrecher,0.6017202138900757
wachsamer_nikolaj_training_data_cbow_lr0.05_epochs1_mincount100_ws5_dims300,gewaltverbrechens,0.6010454893112183
wachsamer_nikolaj_training_data_cbow_lr0.05_epochs1_mincount100_ws5_dims300,kindermord,0.6005576252937317
wachsamer_nikolaj_training_data_cbow_lr0.05_epochs1_mincount100_ws5_dims300,gewaltakt,0.5972513556480408
wachsamer_nikolaj_training_data_cbow_lr0.05_epochs1_mincount100_ws5_dims300,mordmotiv,0.5965055227279663
wachsamer_nikolaj_training_data_cbow_lr0.05_epochs1_mincount100_ws5_dims300,gewaltexzess,0.5964769124984741
wachsamer_nikolaj_training_data_cbow_lr0.05_epochs1_mincount100_ws5_dims300,judenmord,0.5954325795173645
wachsamer_nikolaj_training_data_cbow_lr0.05_epochs1_mincount100_ws5_dims300,vergewaltigungsopfers,0.5939376354217529
wachsamer_nikolaj_training_data_cbow_lr0.05_epochs1_mincount100_ws5_dims300,sexualtäter,0.5939204096794128
wachsamer_nikolaj_training_data_cbow_lr0.05_epochs1_mincount100_ws5_dims300,selbstmordversuch,0.5934380292892456
wachsamer_nikolaj_training_data_cbow_lr0.05_epochs1_mincount100_ws5_dims300,mordversuch,0.5921491384506226
wachsamer_nikolaj_training_data_cbow_lr0.05_epochs1_mincount100_ws5_dims300,selbstmorde,0.591511070728302
wachsamer_nikolaj_training_data_cbow_lr0.05_epochs1_mincount100_ws5_dims300,vergewaltiger,0.5898333191871643
wachsamer_nikolaj_training_data_cbow_lr0.05_epochs1_mincount100_ws5_dims300,giftmord,0.5891339182853699
wachsamer_nikolaj_training_data_cbow_lr0.05_epochs1_mincount100_ws5_dims300,sexualverbrecher,0.5883216857910156
wachsamer_nikolaj_training_data_cbow_lr0.05_epochs1_mincount100_ws5_dims300,vergewaltigungsopfern,0.588100254535675
wachsamer_nikolaj_training_data_cbow_lr0.05_epochs1_mincount100_ws5_dims300,vergewaltigt,0.5880017280578613
wachsamer_nikolaj_training_data_cbow_lr0.05_epochs1_mincount100_ws5_dims300,frauenhand,0.587270975112915
wachsamer_nikolaj_training_data_cbow_lr0.05_epochs1_mincount100_ws5_dims300,morde,0.5870368480682373
wachsamer_nikolaj_training_data_cbow_lr0.05_epochs1_mincount100_ws5_dims300,gewaltbeziehung,0.5866240859031677
wachsamer_nikolaj_training_data_cbow_lr0.05_epochs1_mincount100_ws5_dims300,massenvergewaltigung,0.5845808982849121
wachsamer_nikolaj_training_data_cbow_lr0.05_epochs1_mincount100_ws5_dims300,gewaltverherrlichung,0.5840389728546143
wachsamer_nikolaj_training_data_cbow_lr0.05_epochs1_mincount100_ws5_dims300,sexualverbrechens,0.5837999582290649
wachsamer_nikolaj_training_data_cbow_lr0.05_epochs1_mincount100_ws5_dims300,gewaltopfer,0.5837224721908569
wachsamer_nikolaj_training_data_cbow_lr0.05_epochs1_mincount100_ws5_dims300,vergewaltigungsvorwurf,0.5822128653526306
wachsamer_nikolaj_training_data_cbow_lr0.05_epochs1_mincount100_ws5_dims300,mordlust,0.5811017751693726
wachsamer_nikolaj_training_data_cbow_lr0.05_epochs1_mincount100_ws5_dims300,massenmord,0.5805607438087463
wachsamer_nikolaj_training_data_cbow_lr0.05_epochs1_mincount100_ws5_dims300,vergewaltigungsprozess,0.5799943208694458
wachsamer_nikolaj_training_data_cbow_lr0.05_epochs1_mincount100_ws5_dims300,doppelmord,0.5797802209854126
wachsamer_nikolaj_training_data_cbow_lr0.05_epochs1_mincount100_ws5_dims300,tötungsdelikte,0.5795137286186218
wachsamer_nikolaj_training_data_cbow_lr0.05_epochs1_mincount100_ws5_dims300,messermord,0.5786861777305603
wachsamer_nikolaj_training_data_cbow_lr0.05_epochs1_mincount100_ws5_dims300,mord,0.5781233906745911
wachsamer_nikolaj_training_data_cbow_lr0.05_epochs1_mincount100_ws5_dims300,selbstmordes,0.5778782963752747
wachsamer_nikolaj_training_data_cbow_lr0.05_epochs1_mincount100_ws5_dims300,vergewaltigungsfälle,0.5774022936820984
wachsamer_nikolaj_training_data_cbow_lr0.05_epochs1_mincount100_ws5_dims300,gewalttätige,0.5769636034965515
wachsamer_nikolaj_training_data_cbow_lr0.05_epochs1_mincount100_ws5_dims300,tötungsdeliktes,0.5749899744987488
wachsamer_nikolaj_training_data_cbow_lr0.05_epochs1_mincount100_ws5_dims300,hassverbrechen,0.5740110874176025
wachsamer_nikolaj_training_data_cbow_lr0.05_epochs1_mincount100_ws5_dims300,suizidversuch,0.5736899375915527
wachsamer_nikolaj_training_data_cbow_lr0.05_epochs1_mincount100_ws5_dims300,gruppenvergewaltigung,0.5728558897972107
wachsamer_nikolaj_training_data_cbow_lr0.05_epochs1_mincount100_ws5_dims300,vergewaltigungen,0.5728462338447571
wachsamer_nikolaj_training_data_cbow_lr0.05_epochs1_mincount100_ws5_dims300,gewalttaten,0.5724442005157471
wachsamer_nikolaj_training_data_cbow_lr0.05_epochs1_mincount100_ws5_dims300,frauenfeind,0.571221113204956
wachsamer_nikolaj_training_data_cbow_lr0.05_epochs1_mincount100_ws5_dims300,tötungsdelikts,0.5709944367408752
wachsamer_nikolaj_training_data_cbow_lr0.05_epochs1_mincount100_ws5_dims300,vergewaltigern,0.5704154968261719
wachsamer_nikolaj_training_data_cbow_lr0.05_epochs1_mincount100_ws5_dims300,mordopfer,0.5697835683822632
wachsamer_nikolaj_training_data_cbow_lr0.05_epochs1_mincount100_ws5_dims300,mordtaten,0.5690077543258667
wachsamer_nikolaj_training_data_cbow_lr0.05_epochs1_mincount100_ws5_dims300,frauenmode,0.5684298276901245
wachsamer_nikolaj_training_data_cbow_lr0.05_epochs1_mincount100_ws5_dims300,mordversuches,0.5677874684333801
wachsamer_nikolaj_training_data_cbow_lr0.05_epochs1_mincount100_ws5_dims300,gewaltvideos,0.5651007294654846
wachsamer_nikolaj_training_data_cbow_lr0.05_epochs1_mincount100_ws5_dims300,gewaltproblem,0.5646257996559143
wachsamer_nikolaj_training_data_cbow_lr0.05_epochs1_mincount100_ws5_dims300,morden,0.5644351840019226
wachsamer_nikolaj_training_data_cbow_lr0.05_epochs1_mincount100_ws5_dims300,gewalttätern,0.5636921525001526
wachsamer_nikolaj_training_data_cbow_lr0.05_epochs1_mincount100_ws5_dims300,drogenmissbrauch,0.563660204410553
wachsamer_nikolaj_training_data_cbow_lr0.05_epochs1_mincount100_ws5_dims300,tötungsdelikten,0.5626795887947083
wachsamer_nikolaj_training_data_cbow_lr0.05_epochs1_mincount100_ws5_dims300,mordnacht,0.5624952912330627
wachsamer_nikolaj_training_data_cbow_lr0.05_epochs1_mincount100_ws5_dims300,amoktat,0.5623171329498291
wachsamer_nikolaj_training_data_cbow_lr0.05_epochs1_mincount100_ws5_dims300,mordfälle,0.562280535697937
wachsamer_nikolaj_training_data_cbow_lr0.05_epochs1_mincount100_ws5_dims300,drogentod,0.561739444732666
wachsamer_nikolaj_training_data_cbow_lr0.05_epochs1_mincount100_ws5_dims300,suizids,0.5611515641212463
wachsamer_nikolaj_training_data_cbow_lr0.05_epochs1_mincount100_ws5_dims300,gewaltkriminalität,0.5588993430137634
wachsamer_nikolaj_training_data_cbow_lr0.05_epochs1_mincount100_ws5_dims300,sexualstraftaten,0.5584812164306641
wachsamer_nikolaj_training_data_cbow_lr0.05_epochs1_mincount100_ws5_dims300,genitalverstümmelung,0.5572593212127686
wachsamer_nikolaj_training_data_cbow_lr0.05_epochs1_mincount100_ws5_dims300,sextäter,0.5565553307533264
wachsamer_nikolaj_training_data_cbow_lr0.05_epochs1_mincount100_ws5_dims300,jugendgewalt,0.5553839206695557
wachsamer_nikolaj_training_data_cbow_lr0.05_epochs1_mincount100_ws5_dims300,gewaltausbruch,0.5551691055297852
wachsamer_nikolaj_training_data_cbow_lr0.05_epochs1_mincount100_ws5_dims300,gewaltverbot,0.5547642707824707
wachsamer_nikolaj_training_data_cbow_lr0.05_epochs1_mincount100_ws5_dims300,mordversuche,0.5539959669113159
wachsamer_nikolaj_training_data_cbow_lr0.05_epochs1_mincount100_ws5_dims300,frauenverachtung,0.5536288022994995
entzückende_veronica_training_data_cbow_lr0.05_epochs1_mincount10_ws24_dims300,femizide,0.9340440034866333
entzückende_veronica_training_data_cbow_lr0.05_epochs1_mincount10_ws24_dims300,femizids,0.9222726225852966
entzückende_veronica_training_data_cbow_lr0.05_epochs1_mincount10_ws24_dims300,femiziden,0.8518326282501221
entzückende_veronica_training_data_cbow_lr0.05_epochs1_mincount10_ws24_dims300,frauenmord,0.7756463289260864
entzückende_veronica_training_data_cbow_lr0.05_epochs1_mincount10_ws24_dims300,frauenmorde,0.7513756155967712
entzückende_veronica_training_data_cbow_lr0.05_epochs1_mincount10_ws24_dims300,feminizide,0.7497555017471313
entzückende_veronica_training_data_cbow_lr0.05_epochs1_mincount10_ws24_dims300,frauenmordes,0.7362022399902344
entzückende_veronica_training_data_cbow_lr0.05_epochs1_mincount10_ws24_dims300,frauenmords,0.7297190427780151
entzückende_veronica_training_data_cbow_lr0.05_epochs1_mincount10_ws24_dims300,frauenmorden,0.7187400460243225
entzückende_veronica_training_data_cbow_lr0.05_epochs1_mincount10_ws24_dims300,frauenmordserie,0.6740738153457642
entzückende_veronica_training_data_cbow_lr0.05_epochs1_mincount10_ws24_dims300,frauenhass,0.6661935448646545
entzückende_veronica_training_data_cbow_lr0.05_epochs1_mincount10_ws24_dims300,suizid,0.6551442742347717
entzückende_veronica_training_data_cbow_lr0.05_epochs1_mincount10_ws24_dims300,frauenhasser,0.6513720154762268
entzückende_veronica_training_data_cbow_lr0.05_epochs1_mincount10_ws24_dims300,suizide,0.6453725099563599
entzückende_veronica_training_data_cbow_lr0.05_epochs1_mincount10_ws24_dims300,frauenmörder,0.6433005332946777
entzückende_veronica_training_data_cbow_lr0.05_epochs1_mincount10_ws24_dims300,frauengewalt,0.6399309039115906
entzückende_veronica_training_data_cbow_lr0.05_epochs1_mincount10_ws24_dims300,fememorde,0.6349251866340637
entzückende_veronica_training_data_cbow_lr0.05_epochs1_mincount10_ws24_dims300,suizid,0.6320022344589233
entzückende_veronica_training_data_cbow_lr0.05_epochs1_mincount10_ws24_dims300,suiziden,0.6217840909957886
entzückende_veronica_training_data_cbow_lr0.05_epochs1_mincount10_ws24_dims300,doppelsuizid,0.6211632490158081
entzückende_veronica_training_data_cbow_lr0.05_epochs1_mincount10_ws24_dims300,massensuizid,0.6162553429603577
entzückende_veronica_training_data_cbow_lr0.05_epochs1_mincount10_ws24_dims300,frauenmörders,0.6151528358459473
entzückende_veronica_training_data_cbow_lr0.05_epochs1_mincount10_ws24_dims300,suizidopfer,0.6151079535484314
entzückende_veronica_training_data_cbow_lr0.05_epochs1_mincount10_ws24_dims300,suizides,0.6104835867881775
entzückende_veronica_training_data_cbow_lr0.05_epochs1_mincount10_ws24_dims300,suizids,0.6069455146789551
entzückende_veronica_training_data_cbow_lr0.05_epochs1_mincount10_ws24_dims300,gewaltverbrechen,0.6054978370666504
entzückende_veronica_training_data_cbow_lr0.05_epochs1_mincount10_ws24_dims300,gewalttäterinnen,0.6023384928703308
entzückende_veronica_training_data_cbow_lr0.05_epochs1_mincount10_ws24_dims300,suizidfall,0.6019743084907532
entzückende_veronica_training_data_cbow_lr0.05_epochs1_mincount10_ws24_dims300,frauenhasses,0.6005761027336121
entzückende_veronica_training_data_cbow_lr0.05_epochs1_mincount10_ws24_dims300,gewaltszene,0.5991225838661194
entzückende_veronica_training_data_cbow_lr0.05_epochs1_mincount10_ws24_dims300,gewalttäterin,0.5986921787261963
entzückende_veronica_training_data_cbow_lr0.05_epochs1_mincount10_ws24_dims300,suizidtoten,0.5944767594337463
entzückende_veronica_training_data_cbow_lr0.05_epochs1_mincount10_ws24_dims300,gewaltopfer,0.5937884449958801
entzückende_veronica_training_data_cbow_lr0.05_epochs1_mincount10_ws24_dims300,männergewalt,0.5934363603591919
entzückende_veronica_training_data_cbow_lr0.05_epochs1_mincount10_ws24_dims300,frauenraub,0.5930339694023132
entzückende_veronica_training_data_cbow_lr0.05_epochs1_mincount10_ws24_dims300,suizidopfern,0.5921563506126404
entzückende_veronica_training_data_cbow_lr0.05_epochs1_mincount10_ws24_dims300,frauenhetz,0.5890197157859802
entzückende_veronica_training_data_cbow_lr0.05_epochs1_mincount10_ws24_dims300,gewalttat,0.5885493755340576
entzückende_veronica_training_data_cbow_lr0.05_epochs1_mincount10_ws24_dims300,suizidserie,0.5882956385612488
entzückende_veronica_training_data_cbow_lr0.05_epochs1_mincount10_ws24_dims300,suizidenten,0.5843669176101685
entzückende_veronica_training_data_cbow_lr0.05_epochs1_mincount10_ws24_dims300,frauenarmut,0.584147036075592
entzückende_veronica_training_data_cbow_lr0.05_epochs1_mincount10_ws24_dims300,gewaltverbrechens,0.5836237668991089
entzückende_veronica_training_data_cbow_lr0.05_epochs1_mincount10_ws24_dims300,mädchenmorde,0.5825939178466797
entzückende_veronica_training_data_cbow_lr0.05_epochs1_mincount10_ws24_dims300,frauentötungen,0.5822251439094543
entzückende_veronica_training_data_cbow_lr0.05_epochs1_mincount10_ws24_dims300,suizidale,0.5817608833312988
entzückende_veronica_training_data_cbow_lr0.05_epochs1_mincount10_ws24_dims300,gewaltfrei,0.5809675455093384
entzückende_veronica_training_data_cbow_lr0.05_epochs1_mincount10_ws24_dims300,sexualmorde,0.5795786380767822
entzückende_veronica_training_data_cbow_lr0.05_epochs1_mincount10_ws24_dims300,suizidalität,0.5787175297737122
entzückende_veronica_training_data_cbow_lr0.05_epochs1_mincount10_ws24_dims300,vergewaltigungsdroge,0.5770339965820312
entzückende_veronica_training_data_cbow_lr0.05_epochs1_mincount10_ws24_dims300,suizidanten,0.5768680572509766
entzückende_veronica_training_data_cbow_lr0.05_epochs1_mincount10_ws24_dims300,gewaltbegriff,0.5765281319618225
entzückende_veronica_training_data_cbow_lr0.05_epochs1_mincount10_ws24_dims300,frauenhand,0.5761648416519165
entzückende_veronica_training_data_cbow_lr0.05_epochs1_mincount10_ws24_dims300,suizidfälle,0.5750026106834412
entzückende_veronica_training_data_cbow_lr0.05_epochs1_mincount10_ws24_dims300,mädchenmord,0.5743550658226013
entzückende_veronica_training_data_cbow_lr0.05_epochs1_mincount10_ws24_dims300,frauenphänomen,0.5729804039001465
entzückende_veronica_training_data_cbow_lr0.05_epochs1_mincount10_ws24_dims300,gewaltbeziehung,0.5720005035400391
entzückende_veronica_training_data_cbow_lr0.05_epochs1_mincount10_ws24_dims300,sexualmord,0.57103431224823
entzückende_veronica_training_data_cbow_lr0.05_epochs1_mincount10_ws24_dims300,selbstmorde,0.5703779458999634
entzückende_veronica_training_data_cbow_lr0.05_epochs1_mincount10_ws24_dims300,frauenhaarfarn,0.569527804851532
entzückende_veronica_training_data_cbow_lr0.05_epochs1_mincount10_ws24_dims300,femibion,0.5687488317489624
entzückende_veronica_training_data_cbow_lr0.05_epochs1_mincount10_ws24_dims300,femi,0.5685195326805115
entzückende_veronica_training_data_cbow_lr0.05_epochs1_mincount10_ws24_dims300,frauenrechtsaktivistin,0.5669646859169006
entzückende_veronica_training_data_cbow_lr0.05_epochs1_mincount10_ws24_dims300,gewaltopfern,0.566886842250824
entzückende_veronica_training_data_cbow_lr0.05_epochs1_mincount10_ws24_dims300,gewaltverharmlosung,0.5667057037353516
entzückende_veronica_training_data_cbow_lr0.05_epochs1_mincount10_ws24_dims300,zid,0.5662953853607178
entzückende_veronica_training_data_cbow_lr0.05_epochs1_mincount10_ws24_dims300,frauenhintern,0.5661908984184265
entzückende_veronica_training_data_cbow_lr0.05_epochs1_mincount10_ws24_dims300,frauenmode,0.566023051738739
entzückende_veronica_training_data_cbow_lr0.05_epochs1_mincount10_ws24_dims300,fetozid,0.5657358765602112
entzückende_veronica_training_data_cbow_lr0.05_epochs1_mincount10_ws24_dims300,pezid,0.5653396248817444
entzückende_veronica_training_data_cbow_lr0.05_epochs1_mincount10_ws24_dims300,frauenhände,0.5652763843536377
entzückende_veronica_training_data_cbow_lr0.05_epochs1_mincount10_ws24_dims300,gewalt,0.5640856623649597
entzückende_veronica_training_data_cbow_lr0.05_epochs1_mincount10_ws24_dims300,frauenfeind,0.5637485980987549
entzückende_veronica_training_data_cbow_lr0.05_epochs1_mincount10_ws24_dims300,gewaltform,0.5637436509132385
entzückende_veronica_training_data_cbow_lr0.05_epochs1_mincount10_ws24_dims300,geschlechtergewalt,0.5629755258560181
entzückende_veronica_training_data_cbow_lr0.05_epochs1_mincount10_ws24_dims300,frauenrechtsaktivistinnen,0.5628111362457275
entzückende_veronica_training_data_cbow_lr0.05_epochs1_mincount10_ws24_dims300,gewaltverbrechern,0.5620576739311218
entzückende_veronica_training_data_cbow_lr0.05_epochs1_mincount10_ws24_dims300,gewaltproblematik,0.561889111995697
entzückende_veronica_training_data_cbow_lr0.05_epochs1_mincount10_ws24_dims300,frauenfeinde,0.561228334903717
entzückende_veronica_training_data_cbow_lr0.05_epochs1_mincount10_ws24_dims300,gewaltorgie,0.5609525442123413
entzückende_veronica_training_data_cbow_lr0.05_epochs1_mincount10_ws24_dims300,gewaltproblem,0.5609251260757446
entzückende_veronica_training_data_cbow_lr0.05_epochs1_mincount10_ws24_dims300,gewaltopfers,0.5602439641952515
entzückende_veronica_training_data_cbow_lr0.05_epochs1_mincount10_ws24_dims300,gewaltschocker,0.5598382353782654
entzückende_veronica_training_data_cbow_lr0.05_epochs1_mincount10_ws24_dims300,gewaltserie,0.5598142147064209
entzückende_veronica_training_data_cbow_lr0.05_epochs1_mincount10_ws24_dims300,frauenkrimi,0.5594815015792847
entzückende_veronica_training_data_cbow_lr0.05_epochs1_mincount10_ws24_dims300,frauenherz,0.5593312382698059
entzückende_veronica_training_data_cbow_lr0.05_epochs1_mincount10_ws24_dims300,suizidabsicht,0.5586956739425659
entzückende_veronica_training_data_cbow_lr0.05_epochs1_mincount10_ws24_dims300,frauenhaar,0.5584315657615662
entzückende_veronica_training_data_cbow_lr0.05_epochs1_mincount10_ws24_dims300,selbstmordprävention,0.5581158995628357
entzückende_veronica_training_data_cbow_lr0.05_epochs1_mincount10_ws24_dims300,feministinnen,0.557812511920929
entzückende_veronica_training_data_cbow_lr0.05_epochs1_mincount10_ws24_dims300,suizidraten,0.557623565196991
entzückende_veronica_training_data_cbow_lr0.05_epochs1_mincount10_ws24_dims300,frauenfeindliche,0.5575646162033081
entzückende_veronica_training_data_cbow_lr0.05_epochs1_mincount10_ws24_dims300,mädchenmorden,0.5574022531509399
entzückende_veronica_training_data_cbow_lr0.05_epochs1_mincount10_ws24_dims300,muttermord,0.5573936700820923
entzückende_veronica_training_data_cbow_lr0.05_epochs1_mincount10_ws24_dims300,frauenrechtsaktivist_innen,0.5567106008529663
entzückende_veronica_training_data_cbow_lr0.05_epochs1_mincount10_ws24_dims300,frauenmärsche,0.5562780499458313
entzückende_veronica_training_data_cbow_lr0.05_epochs1_mincount10_ws24_dims300,gewaltschutzexpertin,0.5555981397628784
entzückende_veronica_training_data_cbow_lr0.05_epochs1_mincount10_ws24_dims300,hassverbrechen,0.5550322532653809
entzückende_veronica_training_data_cbow_lr0.05_epochs1_mincount10_ws24_dims300,sexualverbrechen,0.5550288558006287
entzückende_veronica_training_data_cbow_lr0.05_epochs1_mincount10_ws24_dims300,gewaltverbrecher,0.5547431111335754
entzückende_veronica_training_data_cbow_lr0.05_epochs1_mincount10_ws24_dims300,gewaltnacht,0.5543811321258545
angeregter_lucca_training_data_lower_cbow_lr0.05_epochs1_mincount100_ws5_dims300,femizide,0.8978052735328674
angeregter_lucca_training_data_lower_cbow_lr0.05_epochs1_mincount100_ws5_dims300,frauenmord,0.7825719714164734
angeregter_lucca_training_data_lower_cbow_lr0.05_epochs1_mincount100_ws5_dims300,femiziden,0.7823870778083801
angeregter_lucca_training_data_lower_cbow_lr0.05_epochs1_mincount100_ws5_dims300,frauenmorde,0.7421665787696838
angeregter_lucca_training_data_lower_cbow_lr0.05_epochs1_mincount100_ws5_dims300,frauenmorden,0.711222231388092
angeregter_lucca_training_data_lower_cbow_lr0.05_epochs1_mincount100_ws5_dims300,suizid,0.6667875647544861
angeregter_lucca_training_data_lower_cbow_lr0.05_epochs1_mincount100_ws5_dims300,frauenhass,0.6598532199859619
angeregter_lucca_training_data_lower_cbow_lr0.05_epochs1_mincount100_ws5_dims300,frauenmörder,0.6444203853607178
angeregter_lucca_training_data_lower_cbow_lr0.05_epochs1_mincount100_ws5_dims300,sexualmord,0.6380662322044373
angeregter_lucca_training_data_lower_cbow_lr0.05_epochs1_mincount100_ws5_dims300,suizide,0.6368849873542786
angeregter_lucca_training_data_lower_cbow_lr0.05_epochs1_mincount100_ws5_dims300,frauenhasser,0.6357470750808716
angeregter_lucca_training_data_lower_cbow_lr0.05_epochs1_mincount100_ws5_dims300,kindermord,0.6066622734069824
angeregter_lucca_training_data_lower_cbow_lr0.05_epochs1_mincount100_ws5_dims300,suizids,0.6066535115242004
angeregter_lucca_training_data_lower_cbow_lr0.05_epochs1_mincount100_ws5_dims300,männergewalt,0.6057524085044861
angeregter_lucca_training_data_lower_cbow_lr0.05_epochs1_mincount100_ws5_dims300,vergewaltigungsopfer,0.6001811623573303
angeregter_lucca_training_data_lower_cbow_lr0.05_epochs1_mincount100_ws5_dims300,gewalttat,0.5987907648086548
angeregter_lucca_training_data_lower_cbow_lr0.05_epochs1_mincount100_ws5_dims300,tötungsdelikt,0.597710907459259
angeregter_lucca_training_data_lower_cbow_lr0.05_epochs1_mincount100_ws5_dims300,mädchenmord,0.5972040891647339
angeregter_lucca_training_data_lower_cbow_lr0.05_epochs1_mincount100_ws5_dims300,frauenrechtsaktivistin,0.595199704170227
angeregter_lucca_training_data_lower_cbow_lr0.05_epochs1_mincount100_ws5_dims300,gewaltverbrechen,0.594427227973938
angeregter_lucca_training_data_lower_cbow_lr0.05_epochs1_mincount100_ws5_dims300,kindsmord,0.5942264795303345
angeregter_lucca_training_data_lower_cbow_lr0.05_epochs1_mincount100_ws5_dims300,feminism,0.593992292881012
angeregter_lucca_training_data_lower_cbow_lr0.05_epochs1_mincount100_ws5_dims300,vergewaltigungsopfers,0.5925998687744141
angeregter_lucca_training_data_lower_cbow_lr0.05_epochs1_mincount100_ws5_dims300,mordtat,0.5885385274887085
angeregter_lucca_training_data_lower_cbow_lr0.05_epochs1_mincount100_ws5_dims300,frauenrechtsaktivistinnen,0.5864260196685791
angeregter_lucca_training_data_lower_cbow_lr0.05_epochs1_mincount100_ws5_dims300,vergewaltigung,0.5858044624328613
angeregter_lucca_training_data_lower_cbow_lr0.05_epochs1_mincount100_ws5_dims300,feminismus,0.585696816444397
angeregter_lucca_training_data_lower_cbow_lr0.05_epochs1_mincount100_ws5_dims300,selbstmord,0.582194983959198
angeregter_lucca_training_data_lower_cbow_lr0.05_epochs1_mincount100_ws5_dims300,frauenhand,0.5818089842796326
angeregter_lucca_training_data_lower_cbow_lr0.05_epochs1_mincount100_ws5_dims300,frauenrechtlerin,0.581699550151825
angeregter_lucca_training_data_lower_cbow_lr0.05_epochs1_mincount100_ws5_dims300,gewaltdelikt,0.5790360569953918
angeregter_lucca_training_data_lower_cbow_lr0.05_epochs1_mincount100_ws5_dims300,sexualverbrechen,0.578555703163147
angeregter_lucca_training_data_lower_cbow_lr0.05_epochs1_mincount100_ws5_dims300,judenmord,0.5777507424354553
angeregter_lucca_training_data_lower_cbow_lr0.05_epochs1_mincount100_ws5_dims300,vergewaltigungs,0.5774841904640198
angeregter_lucca_training_data_lower_cbow_lr0.05_epochs1_mincount100_ws5_dims300,vergewaltigungsopfern,0.5769374966621399
angeregter_lucca_training_data_lower_cbow_lr0.05_epochs1_mincount100_ws5_dims300,morde,0.5734055638313293
angeregter_lucca_training_data_lower_cbow_lr0.05_epochs1_mincount100_ws5_dims300,mordtaten,0.5718594193458557
angeregter_lucca_training_data_lower_cbow_lr0.05_epochs1_mincount100_ws5_dims300,sexualdelikt,0.571709394454956
angeregter_lucca_training_data_lower_cbow_lr0.05_epochs1_mincount100_ws5_dims300,gewaltverbrechens,0.5701754689216614
angeregter_lucca_training_data_lower_cbow_lr0.05_epochs1_mincount100_ws5_dims300,feministinnen,0.5701420903205872
angeregter_lucca_training_data_lower_cbow_lr0.05_epochs1_mincount100_ws5_dims300,frauendiskriminierung,0.5700917840003967
angeregter_lucca_training_data_lower_cbow_lr0.05_epochs1_mincount100_ws5_dims300,selbstmorde,0.5691294074058533
angeregter_lucca_training_data_lower_cbow_lr0.05_epochs1_mincount100_ws5_dims300,partnergewalt,0.5682563185691833
angeregter_lucca_training_data_lower_cbow_lr0.05_epochs1_mincount100_ws5_dims300,vergewaltigungsfall,0.5681111812591553
angeregter_lucca_training_data_lower_cbow_lr0.05_epochs1_mincount100_ws5_dims300,frauenrechtsgruppe,0.5680884718894958
angeregter_lucca_training_data_lower_cbow_lr0.05_epochs1_mincount100_ws5_dims300,frauenfeind,0.5666742920875549
angeregter_lucca_training_data_lower_cbow_lr0.05_epochs1_mincount100_ws5_dims300,zid,0.566309928894043
angeregter_lucca_training_data_lower_cbow_lr0.05_epochs1_mincount100_ws5_dims300,sexualstraftat,0.5652036666870117
angeregter_lucca_training_data_lower_cbow_lr0.05_epochs1_mincount100_ws5_dims300,massenvergewaltigung,0.5619372129440308
angeregter_lucca_training_data_lower_cbow_lr0.05_epochs1_mincount100_ws5_dims300,frauenmode,0.5614731907844543
angeregter_lucca_training_data_lower_cbow_lr0.05_epochs1_mincount100_ws5_dims300,hassverbrechen,0.5598776340484619
angeregter_lucca_training_data_lower_cbow_lr0.05_epochs1_mincount100_ws5_dims300,vergewaltigungsversuch,0.5594713687896729
angeregter_lucca_training_data_lower_cbow_lr0.05_epochs1_mincount100_ws5_dims300,vergewaltigungsvorwurf,0.5593141913414001
angeregter_lucca_training_data_lower_cbow_lr0.05_epochs1_mincount100_ws5_dims300,suizidversuch,0.5587459802627563
angeregter_lucca_training_data_lower_cbow_lr0.05_epochs1_mincount100_ws5_dims300,sexualverbrechens,0.5579140186309814
angeregter_lucca_training_data_lower_cbow_lr0.05_epochs1_mincount100_ws5_dims300,frauenhandel,0.5568839907646179
angeregter_lucca_training_data_lower_cbow_lr0.05_epochs1_mincount100_ws5_dims300,feministin,0.5560964941978455
angeregter_lucca_training_data_lower_cbow_lr0.05_epochs1_mincount100_ws5_dims300,vergewaltigungen,0.555970311164856
angeregter_lucca_training_data_lower_cbow_lr0.05_epochs1_mincount100_ws5_dims300,suiziden,0.5555305480957031
angeregter_lucca_training_data_lower_cbow_lr0.05_epochs1_mincount100_ws5_dims300,suizidrate,0.5553569197654724
angeregter_lucca_training_data_lower_cbow_lr0.05_epochs1_mincount100_ws5_dims300,sexualtäter,0.5546689033508301
angeregter_lucca_training_data_lower_cbow_lr0.05_epochs1_mincount100_ws5_dims300,antifeminismus,0.554320752620697
angeregter_lucca_training_data_lower_cbow_lr0.05_epochs1_mincount100_ws5_dims300,tötungsdelikte,0.5541048049926758
angeregter_lucca_training_data_lower_cbow_lr0.05_epochs1_mincount100_ws5_dims300,mord,0.5539277791976929
angeregter_lucca_training_data_lower_cbow_lr0.05_epochs1_mincount100_ws5_dims300,selbstmords,0.5537855625152588
angeregter_lucca_training_data_lower_cbow_lr0.05_epochs1_mincount100_ws5_dims300,gruppenvergewaltigung,0.5527116060256958
angeregter_lucca_training_data_lower_cbow_lr0.05_epochs1_mincount100_ws5_dims300,massenmord,0.5517379641532898
angeregter_lucca_training_data_lower_cbow_lr0.05_epochs1_mincount100_ws5_dims300,gewaltvideo,0.5517117977142334
angeregter_lucca_training_data_lower_cbow_lr0.05_epochs1_mincount100_ws5_dims300,mordurteil,0.5514376759529114
angeregter_lucca_training_data_lower_cbow_lr0.05_epochs1_mincount100_ws5_dims300,tötungsdeliktes,0.5510746240615845
angeregter_lucca_training_data_lower_cbow_lr0.05_epochs1_mincount100_ws5_dims300,kinderrechtsaktivistin,0.5507447123527527
angeregter_lucca_training_data_lower_cbow_lr0.05_epochs1_mincount100_ws5_dims300,urgewalt,0.5507211089134216
angeregter_lucca_training_data_lower_cbow_lr0.05_epochs1_mincount100_ws5_dims300,gewaltverbrecher,0.5492850542068481
angeregter_lucca_training_data_lower_cbow_lr0.05_epochs1_mincount100_ws5_dims300,frauenrechtlerinnen,0.5487546324729919
angeregter_lucca_training_data_lower_cbow_lr0.05_epochs1_mincount100_ws5_dims300,unterfrauenhaid,0.5481062531471252
angeregter_lucca_training_data_lower_cbow_lr0.05_epochs1_mincount100_ws5_dims300,frauenschläger,0.5474230647087097
angeregter_lucca_training_data_lower_cbow_lr0.05_epochs1_mincount100_ws5_dims300,frauenverachtung,0.547376275062561
angeregter_lucca_training_data_lower_cbow_lr0.05_epochs1_mincount100_ws5_dims300,suizidalität,0.5467445850372314
angeregter_lucca_training_data_lower_cbow_lr0.05_epochs1_mincount100_ws5_dims300,frauenrat,0.5465788245201111
angeregter_lucca_training_data_lower_cbow_lr0.05_epochs1_mincount100_ws5_dims300,vergewaltigungsfälle,0.5460260510444641
angeregter_lucca_training_data_lower_cbow_lr0.05_epochs1_mincount100_ws5_dims300,mordend,0.5459438562393188
angeregter_lucca_training_data_lower_cbow_lr0.05_epochs1_mincount100_ws5_dims300,mords,0.5447947978973389
angeregter_lucca_training_data_lower_cbow_lr0.05_epochs1_mincount100_ws5_dims300,morden,0.5447412133216858
angeregter_lucca_training_data_lower_cbow_lr0.05_epochs1_mincount100_ws5_dims300,doppelmord,0.5447341203689575
angeregter_lucca_training_data_lower_cbow_lr0.05_epochs1_mincount100_ws5_dims300,doppelmords,0.5445653796195984
angeregter_lucca_training_data_lower_cbow_lr0.05_epochs1_mincount100_ws5_dims300,frauenrechtsorganisation,0.5433472394943237
angeregter_lucca_training_data_lower_cbow_lr0.05_epochs1_mincount100_ws5_dims300,tötungsdelikts,0.5432946085929871
angeregter_lucca_training_data_lower_cbow_lr0.05_epochs1_mincount100_ws5_dims300,vatermord,0.5429456233978271
angeregter_lucca_training_data_lower_cbow_lr0.05_epochs1_mincount100_ws5_dims300,mordopfer,0.5420612096786499
angeregter_lucca_training_data_lower_cbow_lr0.05_epochs1_mincount100_ws5_dims300,mordfälle,0.5417397022247314
angeregter_lucca_training_data_lower_cbow_lr0.05_epochs1_mincount100_ws5_dims300,frauenarmut,0.5397221446037292
angeregter_lucca_training_data_lower_cbow_lr0.05_epochs1_mincount100_ws5_dims300,ehrenmord,0.5395973324775696
angeregter_lucca_training_data_lower_cbow_lr0.05_epochs1_mincount100_ws5_dims300,sexualstraftaten,0.539415717124939
angeregter_lucca_training_data_lower_cbow_lr0.05_epochs1_mincount100_ws5_dims300,tötungsdelikten,0.5389891862869263
angeregter_lucca_training_data_lower_cbow_lr0.05_epochs1_mincount100_ws5_dims300,sexualverbrecher,0.5388398766517639
angeregter_lucca_training_data_lower_cbow_lr0.05_epochs1_mincount100_ws5_dims300,gewalttaten,0.5385159254074097
angeregter_lucca_training_data_lower_cbow_lr0.05_epochs1_mincount100_ws5_dims300,ehrenmorde,0.5382360219955444
angeregter_lucca_training_data_lower_cbow_lr0.05_epochs1_mincount100_ws5_dims300,gewaltverherrlichung,0.5364581942558289
angeregter_lucca_training_data_lower_cbow_lr0.05_epochs1_mincount100_ws5_dims300,giftmord,0.5363125801086426
angeregter_lucca_training_data_lower_cbow_lr0.05_epochs1_mincount100_ws5_dims300,frauenrechtsbewegung,0.5362160801887512
mutige_julia_training_data_lower_cbow_lr0.05_epochs1_mincount50_ws6_dims300,femizide,0.9061553478240967
mutige_julia_training_data_lower_cbow_lr0.05_epochs1_mincount50_ws6_dims300,femiziden,0.7911494970321655
mutige_julia_training_data_lower_cbow_lr0.05_epochs1_mincount50_ws6_dims300,frauenmord,0.7725570797920227
mutige_julia_training_data_lower_cbow_lr0.05_epochs1_mincount50_ws6_dims300,frauenmorde,0.7346372008323669
mutige_julia_training_data_lower_cbow_lr0.05_epochs1_mincount50_ws6_dims300,frauenmorden,0.6947115063667297
mutige_julia_training_data_lower_cbow_lr0.05_epochs1_mincount50_ws6_dims300,frauenhass,0.6700970530509949
mutige_julia_training_data_lower_cbow_lr0.05_epochs1_mincount50_ws6_dims300,frauenmörder,0.6560024619102478
mutige_julia_training_data_lower_cbow_lr0.05_epochs1_mincount50_ws6_dims300,männergewalt,0.6391121745109558
mutige_julia_training_data_lower_cbow_lr0.05_epochs1_mincount50_ws6_dims300,suizid,0.6369565725326538
mutige_julia_training_data_lower_cbow_lr0.05_epochs1_mincount50_ws6_dims300,frauenhasser,0.6311293840408325
mutige_julia_training_data_lower_cbow_lr0.05_epochs1_mincount50_ws6_dims300,femi,0.6303191184997559
mutige_julia_training_data_lower_cbow_lr0.05_epochs1_mincount50_ws6_dims300,frauenmörders,0.6283037066459656
mutige_julia_training_data_lower_cbow_lr0.05_epochs1_mincount50_ws6_dims300,sexualmord,0.6275200247764587
mutige_julia_training_data_lower_cbow_lr0.05_epochs1_mincount50_ws6_dims300,suizide,0.6140566468238831
mutige_julia_training_data_lower_cbow_lr0.05_epochs1_mincount50_ws6_dims300,frauenrechtsaktivistin,0.6083608865737915
mutige_julia_training_data_lower_cbow_lr0.05_epochs1_mincount50_ws6_dims300,tötungsdelikt,0.608220636844635
mutige_julia_training_data_lower_cbow_lr0.05_epochs1_mincount50_ws6_dims300,frauenhand,0.5992357730865479
mutige_julia_training_data_lower_cbow_lr0.05_epochs1_mincount50_ws6_dims300,vergewaltigungsszene,0.5992053151130676
mutige_julia_training_data_lower_cbow_lr0.05_epochs1_mincount50_ws6_dims300,kindsmord,0.5948784947395325
mutige_julia_training_data_lower_cbow_lr0.05_epochs1_mincount50_ws6_dims300,feminism,0.5941091775894165
mutige_julia_training_data_lower_cbow_lr0.05_epochs1_mincount50_ws6_dims300,kindesmord,0.5920528173446655
mutige_julia_training_data_lower_cbow_lr0.05_epochs1_mincount50_ws6_dims300,gewaltverbrechen,0.591676652431488
mutige_julia_training_data_lower_cbow_lr0.05_epochs1_mincount50_ws6_dims300,cybergewalt,0.5913397073745728
mutige_julia_training_data_lower_cbow_lr0.05_epochs1_mincount50_ws6_dims300,frauenrechtsaktivistinnen,0.5902234315872192
mutige_julia_training_data_lower_cbow_lr0.05_epochs1_mincount50_ws6_dims300,sexualverbrechen,0.5884032249450684
mutige_julia_training_data_lower_cbow_lr0.05_epochs1_mincount50_ws6_dims300,selbstmord,0.5881677269935608
mutige_julia_training_data_lower_cbow_lr0.05_epochs1_mincount50_ws6_dims300,vergewaltigungsopfer,0.5881405472755432
mutige_julia_training_data_lower_cbow_lr0.05_epochs1_mincount50_ws6_dims300,gewalttat,0.5868545174598694
mutige_julia_training_data_lower_cbow_lr0.05_epochs1_mincount50_ws6_dims300,mädchenmord,0.586259126663208
mutige_julia_training_data_lower_cbow_lr0.05_epochs1_mincount50_ws6_dims300,partnergewalt,0.5846211314201355
mutige_julia_training_data_lower_cbow_lr0.05_epochs1_mincount50_ws6_dims300,frauenaktivistin,0.5839722156524658
mutige_julia_training_data_lower_cbow_lr0.05_epochs1_mincount50_ws6_dims300,selbstmorde,0.5838046669960022
mutige_julia_training_data_lower_cbow_lr0.05_epochs1_mincount50_ws6_dims300,vergewaltigungskultur,0.5830528736114502
mutige_julia_training_data_lower_cbow_lr0.05_epochs1_mincount50_ws6_dims300,vergewaltigung,0.5825401544570923
mutige_julia_training_data_lower_cbow_lr0.05_epochs1_mincount50_ws6_dims300,feministinnen,0.5816100835800171
mutige_julia_training_data_lower_cbow_lr0.05_epochs1_mincount50_ws6_dims300,hassverbrechen,0.581566333770752
mutige_julia_training_data_lower_cbow_lr0.05_epochs1_mincount50_ws6_dims300,kindermord,0.5807663798332214
mutige_julia_training_data_lower_cbow_lr0.05_epochs1_mincount50_ws6_dims300,suizids,0.5797845721244812
mutige_julia_training_data_lower_cbow_lr0.05_epochs1_mincount50_ws6_dims300,frauenrechtlerin,0.5784950852394104
mutige_julia_training_data_lower_cbow_lr0.05_epochs1_mincount50_ws6_dims300,vergewaltigungsserie,0.5780943632125854
mutige_julia_training_data_lower_cbow_lr0.05_epochs1_mincount50_ws6_dims300,morde,0.5775995850563049
mutige_julia_training_data_lower_cbow_lr0.05_epochs1_mincount50_ws6_dims300,urgewalt,0.5758104920387268
mutige_julia_training_data_lower_cbow_lr0.05_epochs1_mincount50_ws6_dims300,vergewaltigungsopfers,0.5752845406532288
mutige_julia_training_data_lower_cbow_lr0.05_epochs1_mincount50_ws6_dims300,frauendiskriminierung,0.574380099773407
mutige_julia_training_data_lower_cbow_lr0.05_epochs1_mincount50_ws6_dims300,gewaltverbrechens,0.5741403698921204
mutige_julia_training_data_lower_cbow_lr0.05_epochs1_mincount50_ws6_dims300,vergewaltigungs,0.5737748742103577
mutige_julia_training_data_lower_cbow_lr0.05_epochs1_mincount50_ws6_dims300,tötungsdelikte,0.5728515386581421
mutige_julia_training_data_lower_cbow_lr0.05_epochs1_mincount50_ws6_dims300,frauenfeind,0.5722084045410156
mutige_julia_training_data_lower_cbow_lr0.05_epochs1_mincount50_ws6_dims300,frauenakt,0.5719071626663208
mutige_julia_training_data_lower_cbow_lr0.05_epochs1_mincount50_ws6_dims300,feministin,0.5710353255271912
mutige_julia_training_data_lower_cbow_lr0.05_epochs1_mincount50_ws6_dims300,frauenaktivistinnen,0.5709506273269653
mutige_julia_training_data_lower_cbow_lr0.05_epochs1_mincount50_ws6_dims300,frauenname,0.5704044103622437
mutige_julia_training_data_lower_cbow_lr0.05_epochs1_mincount50_ws6_dims300,sexualverbrechens,0.570134699344635
mutige_julia_training_data_lower_cbow_lr0.05_epochs1_mincount50_ws6_dims300,muttermord,0.5693782567977905
mutige_julia_training_data_lower_cbow_lr0.05_epochs1_mincount50_ws6_dims300,frauenduo,0.5687822103500366
mutige_julia_training_data_lower_cbow_lr0.05_epochs1_mincount50_ws6_dims300,mordtat,0.5685961842536926
mutige_julia_training_data_lower_cbow_lr0.05_epochs1_mincount50_ws6_dims300,gewaltvideo,0.5676270127296448
mutige_julia_training_data_lower_cbow_lr0.05_epochs1_mincount50_ws6_dims300,tötungsdeliktes,0.5668909549713135
mutige_julia_training_data_lower_cbow_lr0.05_epochs1_mincount50_ws6_dims300,judenmord,0.5630080699920654
mutige_julia_training_data_lower_cbow_lr0.05_epochs1_mincount50_ws6_dims300,vergewaltigungsfall,0.5619487166404724
mutige_julia_training_data_lower_cbow_lr0.05_epochs1_mincount50_ws6_dims300,doppelselbstmord,0.5615910291671753
mutige_julia_training_data_lower_cbow_lr0.05_epochs1_mincount50_ws6_dims300,frauenschläger,0.5611298680305481
mutige_julia_training_data_lower_cbow_lr0.05_epochs1_mincount50_ws6_dims300,selbstmords,0.5601422786712646
mutige_julia_training_data_lower_cbow_lr0.05_epochs1_mincount50_ws6_dims300,frauenmode,0.5589969158172607
mutige_julia_training_data_lower_cbow_lr0.05_epochs1_mincount50_ws6_dims300,frauenleiche,0.5587112903594971
mutige_julia_training_data_lower_cbow_lr0.05_epochs1_mincount50_ws6_dims300,hassverbrechens,0.5582361817359924
mutige_julia_training_data_lower_cbow_lr0.05_epochs1_mincount50_ws6_dims300,gewaltverbrechern,0.5573549866676331
mutige_julia_training_data_lower_cbow_lr0.05_epochs1_mincount50_ws6_dims300,vergewaltigungsopfern,0.5568445920944214
mutige_julia_training_data_lower_cbow_lr0.05_epochs1_mincount50_ws6_dims300,sexualdelikt,0.5565416812896729
mutige_julia_training_data_lower_cbow_lr0.05_epochs1_mincount50_ws6_dims300,frauenakte,0.5564335584640503
mutige_julia_training_data_lower_cbow_lr0.05_epochs1_mincount50_ws6_dims300,frauenhände,0.5560466647148132
mutige_julia_training_data_lower_cbow_lr0.05_epochs1_mincount50_ws6_dims300,mordopfer,0.5551917552947998
mutige_julia_training_data_lower_cbow_lr0.05_epochs1_mincount50_ws6_dims300,unterfrauenhaid,0.5549565553665161
mutige_julia_training_data_lower_cbow_lr0.05_epochs1_mincount50_ws6_dims300,gewaltdelikt,0.5549485683441162
mutige_julia_training_data_lower_cbow_lr0.05_epochs1_mincount50_ws6_dims300,feminismus,0.554898202419281
mutige_julia_training_data_lower_cbow_lr0.05_epochs1_mincount50_ws6_dims300,massenvergewaltigung,0.5546435117721558
mutige_julia_training_data_lower_cbow_lr0.05_epochs1_mincount50_ws6_dims300,messergewalt,0.5546125173568726
mutige_julia_training_data_lower_cbow_lr0.05_epochs1_mincount50_ws6_dims300,frauenrecht,0.5537877678871155
mutige_julia_training_data_lower_cbow_lr0.05_epochs1_mincount50_ws6_dims300,sexualstraftat,0.5536196827888489
mutige_julia_training_data_lower_cbow_lr0.05_epochs1_mincount50_ws6_dims300,gruppenvergewaltigung,0.5525651574134827
mutige_julia_training_data_lower_cbow_lr0.05_epochs1_mincount50_ws6_dims300,tötungsdelikts,0.5522993803024292
mutige_julia_training_data_lower_cbow_lr0.05_epochs1_mincount50_ws6_dims300,serienmorde,0.5520557165145874
mutige_julia_training_data_lower_cbow_lr0.05_epochs1_mincount50_ws6_dims300,vergewaltigungsversuch,0.5517798662185669
mutige_julia_training_data_lower_cbow_lr0.05_epochs1_mincount50_ws6_dims300,frauentrio,0.5513303875923157
mutige_julia_training_data_lower_cbow_lr0.05_epochs1_mincount50_ws6_dims300,gewaltverbrecher,0.5513229966163635
mutige_julia_training_data_lower_cbow_lr0.05_epochs1_mincount50_ws6_dims300,feminist_innen,0.5505635738372803
mutige_julia_training_data_lower_cbow_lr0.05_epochs1_mincount50_ws6_dims300,frauentyp,0.5503916144371033
mutige_julia_training_data_lower_cbow_lr0.05_epochs1_mincount50_ws6_dims300,sexualverbrecher,0.5499586462974548
mutige_julia_training_data_lower_cbow_lr0.05_epochs1_mincount50_ws6_dims300,sexualtäter,0.5495284199714661
mutige_julia_training_data_lower_cbow_lr0.05_epochs1_mincount50_ws6_dims300,selbstmordes,0.5495104789733887
mutige_julia_training_data_lower_cbow_lr0.05_epochs1_mincount50_ws6_dims300,frauenrechtlerinnen,0.5494765639305115
mutige_julia_training_data_lower_cbow_lr0.05_epochs1_mincount50_ws6_dims300,frauenschrift,0.5494602918624878
mutige_julia_training_data_lower_cbow_lr0.05_epochs1_mincount50_ws6_dims300,genitalverstümmelung,0.5487942695617676
mutige_julia_training_data_lower_cbow_lr0.05_epochs1_mincount50_ws6_dims300,sextäter,0.5484609007835388
mutige_julia_training_data_lower_cbow_lr0.05_epochs1_mincount50_ws6_dims300,frauennamen,0.5483843684196472
mutige_julia_training_data_lower_cbow_lr0.05_epochs1_mincount50_ws6_dims300,frauenhandel,0.548234760761261
mutige_julia_training_data_lower_cbow_lr0.05_epochs1_mincount50_ws6_dims300,frauenrechtsaktivisten,0.5481935143470764
mutige_julia_training_data_lower_cbow_lr0.05_epochs1_mincount50_ws6_dims300,frauenhänden,0.5476715564727783
mutige_julia_training_data_lower_cbow_lr0.05_epochs1_mincount50_ws6_dims300,mordtaten,0.5472896099090576
mutige_julia_training_data_lower_cbow_lr0.05_epochs1_mincount50_ws6_dims300,frauenrechtsgruppe,0.547115683555603
vitaler_nelio_training_data_lower_cbow_lr0.05_epochs1_mincount50_ws12_dims300,femizide,0.9149988889694214
vitaler_nelio_training_data_lower_cbow_lr0.05_epochs1_mincount50_ws12_dims300,femiziden,0.8147921562194824
vitaler_nelio_training_data_lower_cbow_lr0.05_epochs1_mincount50_ws12_dims300,frauenmord,0.7904103398323059
vitaler_nelio_training_data_lower_cbow_lr0.05_epochs1_mincount50_ws12_dims300,frauenmorde,0.7378084063529968
vitaler_nelio_training_data_lower_cbow_lr0.05_epochs1_mincount50_ws12_dims300,frauenmorden,0.6995389461517334
vitaler_nelio_training_data_lower_cbow_lr0.05_epochs1_mincount50_ws12_dims300,frauenhass,0.6776593923568726
vitaler_nelio_training_data_lower_cbow_lr0.05_epochs1_mincount50_ws12_dims300,frauenmörder,0.6546890735626221
vitaler_nelio_training_data_lower_cbow_lr0.05_epochs1_mincount50_ws12_dims300,frauenmörders,0.6397532820701599
vitaler_nelio_training_data_lower_cbow_lr0.05_epochs1_mincount50_ws12_dims300,frauenhasser,0.6346877813339233
vitaler_nelio_training_data_lower_cbow_lr0.05_epochs1_mincount50_ws12_dims300,sexualmord,0.6305332779884338
vitaler_nelio_training_data_lower_cbow_lr0.05_epochs1_mincount50_ws12_dims300,femi,0.6200321316719055
vitaler_nelio_training_data_lower_cbow_lr0.05_epochs1_mincount50_ws12_dims300,suizid,0.6126139760017395
vitaler_nelio_training_data_lower_cbow_lr0.05_epochs1_mincount50_ws12_dims300,frauenhand,0.5986342430114746
vitaler_nelio_training_data_lower_cbow_lr0.05_epochs1_mincount50_ws12_dims300,männergewalt,0.5983819365501404
vitaler_nelio_training_data_lower_cbow_lr0.05_epochs1_mincount50_ws12_dims300,suizide,0.5965677499771118
vitaler_nelio_training_data_lower_cbow_lr0.05_epochs1_mincount50_ws12_dims300,frauenmode,0.5881749391555786
vitaler_nelio_training_data_lower_cbow_lr0.05_epochs1_mincount50_ws12_dims300,frauenrechtsaktivistin,0.5805544853210449
vitaler_nelio_training_data_lower_cbow_lr0.05_epochs1_mincount50_ws12_dims300,frauenakt,0.5722882747650146
vitaler_nelio_training_data_lower_cbow_lr0.05_epochs1_mincount50_ws12_dims300,frauenname,0.571113646030426
vitaler_nelio_training_data_lower_cbow_lr0.05_epochs1_mincount50_ws12_dims300,frauenrechtsaktivistinnen,0.5689867734909058
vitaler_nelio_training_data_lower_cbow_lr0.05_epochs1_mincount50_ws12_dims300,frauenaktivistin,0.5680361390113831
vitaler_nelio_training_data_lower_cbow_lr0.05_epochs1_mincount50_ws12_dims300,feministinnen,0.5678640604019165
vitaler_nelio_training_data_lower_cbow_lr0.05_epochs1_mincount50_ws12_dims300,mädchenmord,0.5676416754722595
vitaler_nelio_training_data_lower_cbow_lr0.05_epochs1_mincount50_ws12_dims300,sexualverbrechen,0.5669410824775696
vitaler_nelio_training_data_lower_cbow_lr0.05_epochs1_mincount50_ws12_dims300,kindesmord,0.5668362975120544
vitaler_nelio_training_data_lower_cbow_lr0.05_epochs1_mincount50_ws12_dims300,frauendiskriminierung,0.5661464929580688
vitaler_nelio_training_data_lower_cbow_lr0.05_epochs1_mincount50_ws12_dims300,kindsmord,0.5640664100646973
vitaler_nelio_training_data_lower_cbow_lr0.05_epochs1_mincount50_ws12_dims300,kindermord,0.5632361173629761
vitaler_nelio_training_data_lower_cbow_lr0.05_epochs1_mincount50_ws12_dims300,gewalttat,0.5632334351539612
vitaler_nelio_training_data_lower_cbow_lr0.05_epochs1_mincount50_ws12_dims300,frauenfeind,0.5619767308235168
vitaler_nelio_training_data_lower_cbow_lr0.05_epochs1_mincount50_ws12_dims300,frauenrechtlerin,0.561781644821167
vitaler_nelio_training_data_lower_cbow_lr0.05_epochs1_mincount50_ws12_dims300,feministin,0.561514675617218
vitaler_nelio_training_data_lower_cbow_lr0.05_epochs1_mincount50_ws12_dims300,gewaltverbrechen,0.5609663724899292
vitaler_nelio_training_data_lower_cbow_lr0.05_epochs1_mincount50_ws12_dims300,feminism,0.5609047412872314
vitaler_nelio_training_data_lower_cbow_lr0.05_epochs1_mincount50_ws12_dims300,vergewaltigungsszene,0.56081622838974
vitaler_nelio_training_data_lower_cbow_lr0.05_epochs1_mincount50_ws12_dims300,muttermord,0.5592167377471924
vitaler_nelio_training_data_lower_cbow_lr0.05_epochs1_mincount50_ws12_dims300,frauenaktivistinnen,0.55788254737854
vitaler_nelio_training_data_lower_cbow_lr0.05_epochs1_mincount50_ws12_dims300,mordtaten,0.55715012550354
vitaler_nelio_training_data_lower_cbow_lr0.05_epochs1_mincount50_ws12_dims300,vergewaltigungskultur,0.5569945573806763
vitaler_nelio_training_data_lower_cbow_lr0.05_epochs1_mincount50_ws12_dims300,frauenverachtung,0.5541367530822754
vitaler_nelio_training_data_lower_cbow_lr0.05_epochs1_mincount50_ws12_dims300,cybergewalt,0.5538058280944824
vitaler_nelio_training_data_lower_cbow_lr0.05_epochs1_mincount50_ws12_dims300,suizids,0.5537145137786865
vitaler_nelio_training_data_lower_cbow_lr0.05_epochs1_mincount50_ws12_dims300,mordtat,0.5533387064933777
vitaler_nelio_training_data_lower_cbow_lr0.05_epochs1_mincount50_ws12_dims300,frauenakte,0.5529114603996277
vitaler_nelio_training_data_lower_cbow_lr0.05_epochs1_mincount50_ws12_dims300,frauenverachtend,0.5516786575317383
vitaler_nelio_training_data_lower_cbow_lr0.05_epochs1_mincount50_ws12_dims300,frauenrecht,0.5511422157287598
vitaler_nelio_training_data_lower_cbow_lr0.05_epochs1_mincount50_ws12_dims300,frauenverachtende,0.5492866039276123
vitaler_nelio_training_data_lower_cbow_lr0.05_epochs1_mincount50_ws12_dims300,gewaltopfer,0.5479153990745544
vitaler_nelio_training_data_lower_cbow_lr0.05_epochs1_mincount50_ws12_dims300,vergewaltigung,0.5476905107498169
vitaler_nelio_training_data_lower_cbow_lr0.05_epochs1_mincount50_ws12_dims300,suiziden,0.5467438697814941
vitaler_nelio_training_data_lower_cbow_lr0.05_epochs1_mincount50_ws12_dims300,frauenleiche,0.5467285513877869
vitaler_nelio_training_data_lower_cbow_lr0.05_epochs1_mincount50_ws12_dims300,frauennamen,0.5445863008499146
vitaler_nelio_training_data_lower_cbow_lr0.05_epochs1_mincount50_ws12_dims300,feminismus,0.543865978717804
vitaler_nelio_training_data_lower_cbow_lr0.05_epochs1_mincount50_ws12_dims300,frauenhänden,0.5427306890487671
vitaler_nelio_training_data_lower_cbow_lr0.05_epochs1_mincount50_ws12_dims300,frauenring,0.5422476530075073
vitaler_nelio_training_data_lower_cbow_lr0.05_epochs1_mincount50_ws12_dims300,vergewaltigungsopfer,0.5399152040481567
vitaler_nelio_training_data_lower_cbow_lr0.05_epochs1_mincount50_ws12_dims300,frauenleichen,0.5386534929275513
vitaler_nelio_training_data_lower_cbow_lr0.05_epochs1_mincount50_ws12_dims300,frauenfeindliche,0.53804612159729
vitaler_nelio_training_data_lower_cbow_lr0.05_epochs1_mincount50_ws12_dims300,frauenschrift,0.5376579761505127
vitaler_nelio_training_data_lower_cbow_lr0.05_epochs1_mincount50_ws12_dims300,feminist_innen,0.5375142693519592
vitaler_nelio_training_data_lower_cbow_lr0.05_epochs1_mincount50_ws12_dims300,urgewalt,0.5374303460121155
vitaler_nelio_training_data_lower_cbow_lr0.05_epochs1_mincount50_ws12_dims300,frauenrechts,0.5373040437698364
vitaler_nelio_training_data_lower_cbow_lr0.05_epochs1_mincount50_ws12_dims300,frauenunterdrückung,0.5372804999351501
vitaler_nelio_training_data_lower_cbow_lr0.05_epochs1_mincount50_ws12_dims300,frauenrings,0.5370200872421265
vitaler_nelio_training_data_lower_cbow_lr0.05_epochs1_mincount50_ws12_dims300,frauenrechtsgruppe,0.5367152690887451
vitaler_nelio_training_data_lower_cbow_lr0.05_epochs1_mincount50_ws12_dims300,frauenfeindliches,0.5360784530639648
vitaler_nelio_training_data_lower_cbow_lr0.05_epochs1_mincount50_ws12_dims300,frauenfeindlicher,0.5360503792762756
vitaler_nelio_training_data_lower_cbow_lr0.05_epochs1_mincount50_ws12_dims300,sexualdelikt,0.5354392528533936
vitaler_nelio_training_data_lower_cbow_lr0.05_epochs1_mincount50_ws12_dims300,sexualtäter,0.5348447561264038
vitaler_nelio_training_data_lower_cbow_lr0.05_epochs1_mincount50_ws12_dims300,frauenrechtlerinnen,0.5345435738563538
vitaler_nelio_training_data_lower_cbow_lr0.05_epochs1_mincount50_ws12_dims300,frauenfeindlichkeit,0.5337643027305603
vitaler_nelio_training_data_lower_cbow_lr0.05_epochs1_mincount50_ws12_dims300,frauenhände,0.5331519246101379
vitaler_nelio_training_data_lower_cbow_lr0.05_epochs1_mincount50_ws12_dims300,selbstmord,0.5321366786956787
vitaler_nelio_training_data_lower_cbow_lr0.05_epochs1_mincount50_ws12_dims300,frauenfeindlichen,0.5317344665527344
vitaler_nelio_training_data_lower_cbow_lr0.05_epochs1_mincount50_ws12_dims300,sexualstraftat,0.5309681296348572
vitaler_nelio_training_data_lower_cbow_lr0.05_epochs1_mincount50_ws12_dims300,tötungsdelikt,0.5308197736740112
vitaler_nelio_training_data_lower_cbow_lr0.05_epochs1_mincount50_ws12_dims300,vergewaltigungs,0.5307158827781677
vitaler_nelio_training_data_lower_cbow_lr0.05_epochs1_mincount50_ws12_dims300,vergewaltigungsserie,0.5303899049758911
vitaler_nelio_training_data_lower_cbow_lr0.05_epochs1_mincount50_ws12_dims300,vergewaltigungsopfers,0.5299819111824036
vitaler_nelio_training_data_lower_cbow_lr0.05_epochs1_mincount50_ws12_dims300,sexualverbrechens,0.5299623608589172
vitaler_nelio_training_data_lower_cbow_lr0.05_epochs1_mincount50_ws12_dims300,frauenarmut,0.5296915173530579
vitaler_nelio_training_data_lower_cbow_lr0.05_epochs1_mincount50_ws12_dims300,mord,0.5296430587768555
vitaler_nelio_training_data_lower_cbow_lr0.05_epochs1_mincount50_ws12_dims300,frauenherz,0.5290578007698059
vitaler_nelio_training_data_lower_cbow_lr0.05_epochs1_mincount50_ws12_dims300,frauenthal,0.5283671021461487
vitaler_nelio_training_data_lower_cbow_lr0.05_epochs1_mincount50_ws12_dims300,partnergewalt,0.5282950401306152
vitaler_nelio_training_data_lower_cbow_lr0.05_epochs1_mincount50_ws12_dims300,femina,0.528274416923523
vitaler_nelio_training_data_lower_cbow_lr0.05_epochs1_mincount50_ws12_dims300,frauenriege,0.527829110622406
vitaler_nelio_training_data_lower_cbow_lr0.05_epochs1_mincount50_ws12_dims300,genderfluid,0.5262883305549622
vitaler_nelio_training_data_lower_cbow_lr0.05_epochs1_mincount50_ws12_dims300,morde,0.5261204242706299
vitaler_nelio_training_data_lower_cbow_lr0.05_epochs1_mincount50_ws12_dims300,messergewalt,0.5258738398551941
vitaler_nelio_training_data_lower_cbow_lr0.05_epochs1_mincount50_ws12_dims300,gewaltprävention,0.525641143321991
vitaler_nelio_training_data_lower_cbow_lr0.05_epochs1_mincount50_ws12_dims300,unterfrauenhaid,0.5250978469848633
vitaler_nelio_training_data_lower_cbow_lr0.05_epochs1_mincount50_ws12_dims300,gewaltverbrechens,0.5247083306312561
vitaler_nelio_training_data_lower_cbow_lr0.05_epochs1_mincount50_ws12_dims300,frauenmangel,0.5243397355079651
vitaler_nelio_training_data_lower_cbow_lr0.05_epochs1_mincount50_ws12_dims300,doppelmord,0.524281919002533
vitaler_nelio_training_data_lower_cbow_lr0.05_epochs1_mincount50_ws12_dims300,frauenrat,0.5237491130828857
vitaler_nelio_training_data_lower_cbow_lr0.05_epochs1_mincount50_ws12_dims300,frauenfeindlich,0.5236489772796631
vitaler_nelio_training_data_lower_cbow_lr0.05_epochs1_mincount50_ws12_dims300,frauenhandel,0.5235565304756165
vitaler_nelio_training_data_lower_cbow_lr0.05_epochs1_mincount50_ws12_dims300,gewaltdelikt,0.5231034755706787
vitaler_nelio_training_data_lower_cbow_lr0.05_epochs1_mincount50_ws12_dims300,hassverbrechen,0.5229257941246033
geniale_josefine_training_data_cbow_lr0.05_epochs1_mincount100_ws12_dims300,femizide,0.9139763116836548
geniale_josefine_training_data_cbow_lr0.05_epochs1_mincount100_ws12_dims300,femiziden,0.8234964609146118
geniale_josefine_training_data_cbow_lr0.05_epochs1_mincount100_ws12_dims300,frauenmord,0.8024192452430725
geniale_josefine_training_data_cbow_lr0.05_epochs1_mincount100_ws12_dims300,frauenmorde,0.7522134184837341
geniale_josefine_training_data_cbow_lr0.05_epochs1_mincount100_ws12_dims300,frauenmorden,0.7199022173881531
geniale_josefine_training_data_cbow_lr0.05_epochs1_mincount100_ws12_dims300,frauenhass,0.6854892373085022
geniale_josefine_training_data_cbow_lr0.05_epochs1_mincount100_ws12_dims300,frauenmörder,0.6340722441673279
geniale_josefine_training_data_cbow_lr0.05_epochs1_mincount100_ws12_dims300,gewalttat,0.6266269683837891
geniale_josefine_training_data_cbow_lr0.05_epochs1_mincount100_ws12_dims300,frauenhasser,0.6251031160354614
geniale_josefine_training_data_cbow_lr0.05_epochs1_mincount100_ws12_dims300,suizid,0.6148022413253784
geniale_josefine_training_data_cbow_lr0.05_epochs1_mincount100_ws12_dims300,tötungsdelikt,0.6107202768325806
geniale_josefine_training_data_cbow_lr0.05_epochs1_mincount100_ws12_dims300,gewaltverbrechen,0.6031646132469177
geniale_josefine_training_data_cbow_lr0.05_epochs1_mincount100_ws12_dims300,suizide,0.6031202673912048
geniale_josefine_training_data_cbow_lr0.05_epochs1_mincount100_ws12_dims300,sexualmord,0.5967884063720703
geniale_josefine_training_data_cbow_lr0.05_epochs1_mincount100_ws12_dims300,frauenhand,0.5912185311317444
geniale_josefine_training_data_cbow_lr0.05_epochs1_mincount100_ws12_dims300,gewaltdelikt,0.5881577134132385
geniale_josefine_training_data_cbow_lr0.05_epochs1_mincount100_ws12_dims300,männergewalt,0.5874931216239929
geniale_josefine_training_data_cbow_lr0.05_epochs1_mincount100_ws12_dims300,frauenmode,0.5842600464820862
geniale_josefine_training_data_cbow_lr0.05_epochs1_mincount100_ws12_dims300,gewaltverbrechens,0.5820470452308655
geniale_josefine_training_data_cbow_lr0.05_epochs1_mincount100_ws12_dims300,mordtat,0.5818788409233093
geniale_josefine_training_data_cbow_lr0.05_epochs1_mincount100_ws12_dims300,vergewaltigung,0.5764360427856445
geniale_josefine_training_data_cbow_lr0.05_epochs1_mincount100_ws12_dims300,frauenrechtsaktivistin,0.5759583711624146
geniale_josefine_training_data_cbow_lr0.05_epochs1_mincount100_ws12_dims300,vergewaltigungsopfer,0.5723028182983398
geniale_josefine_training_data_cbow_lr0.05_epochs1_mincount100_ws12_dims300,vergewaltigungs,0.5710046291351318
geniale_josefine_training_data_cbow_lr0.05_epochs1_mincount100_ws12_dims300,morde,0.5697594285011292
geniale_josefine_training_data_cbow_lr0.05_epochs1_mincount100_ws12_dims300,frauenmangel,0.5695192813873291
geniale_josefine_training_data_cbow_lr0.05_epochs1_mincount100_ws12_dims300,frauenlob,0.5677046775817871
geniale_josefine_training_data_cbow_lr0.05_epochs1_mincount100_ws12_dims300,frauenrechtlerin,0.5669686198234558
geniale_josefine_training_data_cbow_lr0.05_epochs1_mincount100_ws12_dims300,selbstmord,0.5628127455711365
geniale_josefine_training_data_cbow_lr0.05_epochs1_mincount100_ws12_dims300,gewaltproblem,0.562717616558075
geniale_josefine_training_data_cbow_lr0.05_epochs1_mincount100_ws12_dims300,frauenrechtsaktivistinnen,0.5620657205581665
geniale_josefine_training_data_cbow_lr0.05_epochs1_mincount100_ws12_dims300,gewaltverbrecher,0.5618647336959839
geniale_josefine_training_data_cbow_lr0.05_epochs1_mincount100_ws12_dims300,gewaltorgie,0.5611205697059631
geniale_josefine_training_data_cbow_lr0.05_epochs1_mincount100_ws12_dims300,tötungsdelikte,0.5605717897415161
geniale_josefine_training_data_cbow_lr0.05_epochs1_mincount100_ws12_dims300,suiziden,0.5592580437660217
geniale_josefine_training_data_cbow_lr0.05_epochs1_mincount100_ws12_dims300,vergewaltigungsopfers,0.5588757395744324
geniale_josefine_training_data_cbow_lr0.05_epochs1_mincount100_ws12_dims300,morden,0.5585582852363586
geniale_josefine_training_data_cbow_lr0.05_epochs1_mincount100_ws12_dims300,vergewaltigungsversuch,0.558384358882904
geniale_josefine_training_data_cbow_lr0.05_epochs1_mincount100_ws12_dims300,mädchenmord,0.5582175254821777
geniale_josefine_training_data_cbow_lr0.05_epochs1_mincount100_ws12_dims300,tötungsdeliktes,0.5568719506263733
geniale_josefine_training_data_cbow_lr0.05_epochs1_mincount100_ws12_dims300,vergewaltigungsfall,0.5567415356636047
geniale_josefine_training_data_cbow_lr0.05_epochs1_mincount100_ws12_dims300,gewaltvideo,0.5565586090087891
geniale_josefine_training_data_cbow_lr0.05_epochs1_mincount100_ws12_dims300,vergewaltiger,0.5561428666114807
geniale_josefine_training_data_cbow_lr0.05_epochs1_mincount100_ws12_dims300,sexualdelikt,0.5561403036117554
geniale_josefine_training_data_cbow_lr0.05_epochs1_mincount100_ws12_dims300,mord,0.5555260181427002
geniale_josefine_training_data_cbow_lr0.05_epochs1_mincount100_ws12_dims300,frauenarmut,0.5550287365913391
geniale_josefine_training_data_cbow_lr0.05_epochs1_mincount100_ws12_dims300,frauenleiche,0.554322361946106
geniale_josefine_training_data_cbow_lr0.05_epochs1_mincount100_ws12_dims300,suizids,0.5541400909423828
geniale_josefine_training_data_cbow_lr0.05_epochs1_mincount100_ws12_dims300,gewaltexzess,0.5536450743675232
geniale_josefine_training_data_cbow_lr0.05_epochs1_mincount100_ws12_dims300,gewaltopfer,0.5531887412071228
geniale_josefine_training_data_cbow_lr0.05_epochs1_mincount100_ws12_dims300,mordurteil,0.5526611804962158
geniale_josefine_training_data_cbow_lr0.05_epochs1_mincount100_ws12_dims300,frauenfeind,0.5523195862770081
geniale_josefine_training_data_cbow_lr0.05_epochs1_mincount100_ws12_dims300,gewaltakt,0.5522044897079468
geniale_josefine_training_data_cbow_lr0.05_epochs1_mincount100_ws12_dims300,vergewaltigungsopfern,0.5493756532669067
geniale_josefine_training_data_cbow_lr0.05_epochs1_mincount100_ws12_dims300,sexualstraftat,0.5490201115608215
geniale_josefine_training_data_cbow_lr0.05_epochs1_mincount100_ws12_dims300,frauenverachtung,0.5482050180435181
geniale_josefine_training_data_cbow_lr0.05_epochs1_mincount100_ws12_dims300,selbstmorde,0.5475491285324097
geniale_josefine_training_data_cbow_lr0.05_epochs1_mincount100_ws12_dims300,frauenrat,0.5472316741943359
geniale_josefine_training_data_cbow_lr0.05_epochs1_mincount100_ws12_dims300,gewalttaten,0.5470573902130127
geniale_josefine_training_data_cbow_lr0.05_epochs1_mincount100_ws12_dims300,frauenrings,0.5449963808059692
geniale_josefine_training_data_cbow_lr0.05_epochs1_mincount100_ws12_dims300,mordtaten,0.5443716645240784
geniale_josefine_training_data_cbow_lr0.05_epochs1_mincount100_ws12_dims300,gewalt,0.5443252325057983
geniale_josefine_training_data_cbow_lr0.05_epochs1_mincount100_ws12_dims300,suizidalität,0.5437008738517761
geniale_josefine_training_data_cbow_lr0.05_epochs1_mincount100_ws12_dims300,tötungsdelikten,0.5436761975288391
geniale_josefine_training_data_cbow_lr0.05_epochs1_mincount100_ws12_dims300,frauenorden,0.5431472659111023
geniale_josefine_training_data_cbow_lr0.05_epochs1_mincount100_ws12_dims300,frauenhaus,0.5430572628974915
geniale_josefine_training_data_cbow_lr0.05_epochs1_mincount100_ws12_dims300,sexualverbrechen,0.5419626832008362
geniale_josefine_training_data_cbow_lr0.05_epochs1_mincount100_ws12_dims300,vergewaltigungsvorwurf,0.5413064956665039
geniale_josefine_training_data_cbow_lr0.05_epochs1_mincount100_ws12_dims300,gruppenvergewaltigung,0.5406925678253174
geniale_josefine_training_data_cbow_lr0.05_epochs1_mincount100_ws12_dims300,tötungsdelikts,0.5406167507171631
geniale_josefine_training_data_cbow_lr0.05_epochs1_mincount100_ws12_dims300,frauenrechtlerinnen,0.5405672192573547
geniale_josefine_training_data_cbow_lr0.05_epochs1_mincount100_ws12_dims300,gewaltserie,0.5394776463508606
geniale_josefine_training_data_cbow_lr0.05_epochs1_mincount100_ws12_dims300,frauenhandel,0.5385881066322327
geniale_josefine_training_data_cbow_lr0.05_epochs1_mincount100_ws12_dims300,frauenbande,0.5382890105247498
geniale_josefine_training_data_cbow_lr0.05_epochs1_mincount100_ws12_dims300,vergewaltigungen,0.5367315411567688
geniale_josefine_training_data_cbow_lr0.05_epochs1_mincount100_ws12_dims300,feministin,0.5366173386573792
geniale_josefine_training_data_cbow_lr0.05_epochs1_mincount100_ws12_dims300,frauenleichen,0.5362921953201294
geniale_josefine_training_data_cbow_lr0.05_epochs1_mincount100_ws12_dims300,mordfälle,0.5362802743911743
geniale_josefine_training_data_cbow_lr0.05_epochs1_mincount100_ws12_dims300,frauenschläger,0.5362301468849182
geniale_josefine_training_data_cbow_lr0.05_epochs1_mincount100_ws12_dims300,kindsmord,0.5357962250709534
geniale_josefine_training_data_cbow_lr0.05_epochs1_mincount100_ws12_dims300,mordmotiv,0.5357512831687927
geniale_josefine_training_data_cbow_lr0.05_epochs1_mincount100_ws12_dims300,gewaltbeziehung,0.5355561375617981
geniale_josefine_training_data_cbow_lr0.05_epochs1_mincount100_ws12_dims300,frauenring,0.5342735052108765
geniale_josefine_training_data_cbow_lr0.05_epochs1_mincount100_ws12_dims300,gewalttätige,0.5342494249343872
geniale_josefine_training_data_cbow_lr0.05_epochs1_mincount100_ws12_dims300,massenvergewaltigung,0.5338945984840393
geniale_josefine_training_data_cbow_lr0.05_epochs1_mincount100_ws12_dims300,frauenrechtsgruppe,0.5329164862632751
geniale_josefine_training_data_cbow_lr0.05_epochs1_mincount100_ws12_dims300,frauenmantel,0.532740592956543
geniale_josefine_training_data_cbow_lr0.05_epochs1_mincount100_ws12_dims300,frauenrechtler,0.5326592326164246
geniale_josefine_training_data_cbow_lr0.05_epochs1_mincount100_ws12_dims300,frauentyp,0.5323240160942078
geniale_josefine_training_data_cbow_lr0.05_epochs1_mincount100_ws12_dims300,feministinnen,0.5321517586708069
geniale_josefine_training_data_cbow_lr0.05_epochs1_mincount100_ws12_dims300,hassverbrechen,0.532106339931488
geniale_josefine_training_data_cbow_lr0.05_epochs1_mincount100_ws12_dims300,frauenfeld,0.531174898147583
geniale_josefine_training_data_cbow_lr0.05_epochs1_mincount100_ws12_dims300,giftmord,0.531050443649292
geniale_josefine_training_data_cbow_lr0.05_epochs1_mincount100_ws12_dims300,gewaltverherrlichung,0.5309523344039917
geniale_josefine_training_data_cbow_lr0.05_epochs1_mincount100_ws12_dims300,vergewaltigungsfälle,0.5306611061096191
geniale_josefine_training_data_cbow_lr0.05_epochs1_mincount100_ws12_dims300,frauenrechtsbewegung,0.5306133031845093
geniale_josefine_training_data_cbow_lr0.05_epochs1_mincount100_ws12_dims300,suizidabsicht,0.5302785038948059
geniale_josefine_training_data_cbow_lr0.05_epochs1_mincount100_ws12_dims300,gewalttäter,0.5302038192749023
geniale_josefine_training_data_cbow_lr0.05_epochs1_mincount100_ws12_dims300,gewaltfrei,0.5288414359092712
geniale_josefine_training_data_cbow_lr0.05_epochs1_mincount100_ws12_dims300,massenmord,0.5286533236503601
bezaubernde_roxana_training_data_cbow_lr0.05_epochs1_mincount100_ws24_dims300,femizide,0.9223400354385376
bezaubernde_roxana_training_data_cbow_lr0.05_epochs1_mincount100_ws24_dims300,femiziden,0.8437637090682983
bezaubernde_roxana_training_data_cbow_lr0.05_epochs1_mincount100_ws24_dims300,frauenmord,0.7911871075630188
bezaubernde_roxana_training_data_cbow_lr0.05_epochs1_mincount100_ws24_dims300,frauenmorde,0.7747690677642822
bezaubernde_roxana_training_data_cbow_lr0.05_epochs1_mincount100_ws24_dims300,frauenmorden,0.733450174331665
bezaubernde_roxana_training_data_cbow_lr0.05_epochs1_mincount100_ws24_dims300,frauenhass,0.6968683004379272
bezaubernde_roxana_training_data_cbow_lr0.05_epochs1_mincount100_ws24_dims300,frauenhasser,0.6458336114883423
bezaubernde_roxana_training_data_cbow_lr0.05_epochs1_mincount100_ws24_dims300,frauenmörder,0.6331247091293335
bezaubernde_roxana_training_data_cbow_lr0.05_epochs1_mincount100_ws24_dims300,frauenhand,0.6053152084350586
bezaubernde_roxana_training_data_cbow_lr0.05_epochs1_mincount100_ws24_dims300,suizid,0.6012647151947021
bezaubernde_roxana_training_data_cbow_lr0.05_epochs1_mincount100_ws24_dims300,gewalttat,0.5910967588424683
bezaubernde_roxana_training_data_cbow_lr0.05_epochs1_mincount100_ws24_dims300,suizide,0.5900917053222656
bezaubernde_roxana_training_data_cbow_lr0.05_epochs1_mincount100_ws24_dims300,frauenarmut,0.5784489512443542
bezaubernde_roxana_training_data_cbow_lr0.05_epochs1_mincount100_ws24_dims300,männergewalt,0.5778959393501282
bezaubernde_roxana_training_data_cbow_lr0.05_epochs1_mincount100_ws24_dims300,gewaltopfer,0.5721193552017212
bezaubernde_roxana_training_data_cbow_lr0.05_epochs1_mincount100_ws24_dims300,gewaltverbrechen,0.5707127451896667
bezaubernde_roxana_training_data_cbow_lr0.05_epochs1_mincount100_ws24_dims300,frauenmode,0.570065438747406
bezaubernde_roxana_training_data_cbow_lr0.05_epochs1_mincount100_ws24_dims300,sexualmord,0.5675731301307678
bezaubernde_roxana_training_data_cbow_lr0.05_epochs1_mincount100_ws24_dims300,suiziden,0.5632588267326355
bezaubernde_roxana_training_data_cbow_lr0.05_epochs1_mincount100_ws24_dims300,frauenrings,0.558051586151123
bezaubernde_roxana_training_data_cbow_lr0.05_epochs1_mincount100_ws24_dims300,frauenring,0.55558842420578
bezaubernde_roxana_training_data_cbow_lr0.05_epochs1_mincount100_ws24_dims300,frauenorden,0.5532563924789429
bezaubernde_roxana_training_data_cbow_lr0.05_epochs1_mincount100_ws24_dims300,frauenverachtung,0.5510363578796387
bezaubernde_roxana_training_data_cbow_lr0.05_epochs1_mincount100_ws24_dims300,frauenrechtsaktivistinnen,0.550697922706604
bezaubernde_roxana_training_data_cbow_lr0.05_epochs1_mincount100_ws24_dims300,frauenrechtsaktivistin,0.5466494560241699
bezaubernde_roxana_training_data_cbow_lr0.05_epochs1_mincount100_ws24_dims300,frauenhandel,0.5458277463912964
bezaubernde_roxana_training_data_cbow_lr0.05_epochs1_mincount100_ws24_dims300,gewaltschuss,0.5455315709114075
bezaubernde_roxana_training_data_cbow_lr0.05_epochs1_mincount100_ws24_dims300,gewalt,0.5453622937202454
bezaubernde_roxana_training_data_cbow_lr0.05_epochs1_mincount100_ws24_dims300,frauenrat,0.5448243618011475
bezaubernde_roxana_training_data_cbow_lr0.05_epochs1_mincount100_ws24_dims300,frauenleiche,0.5442833304405212
bezaubernde_roxana_training_data_cbow_lr0.05_epochs1_mincount100_ws24_dims300,frauenrechtlerin,0.5431602001190186
bezaubernde_roxana_training_data_cbow_lr0.05_epochs1_mincount100_ws24_dims300,gewaltschutzgipfel,0.5427051186561584
bezaubernde_roxana_training_data_cbow_lr0.05_epochs1_mincount100_ws24_dims300,frauenlob,0.5425637364387512
bezaubernde_roxana_training_data_cbow_lr0.05_epochs1_mincount100_ws24_dims300,feministinnen,0.5422186851501465
bezaubernde_roxana_training_data_cbow_lr0.05_epochs1_mincount100_ws24_dims300,unterfrauenhaid,0.5413526892662048
bezaubernde_roxana_training_data_cbow_lr0.05_epochs1_mincount100_ws24_dims300,gewaltschutz,0.541252076625824
bezaubernde_roxana_training_data_cbow_lr0.05_epochs1_mincount100_ws24_dims300,gewaltverbrechens,0.539412260055542
bezaubernde_roxana_training_data_cbow_lr0.05_epochs1_mincount100_ws24_dims300,suizids,0.5392253398895264
bezaubernde_roxana_training_data_cbow_lr0.05_epochs1_mincount100_ws24_dims300,frauenfeld,0.5390771627426147
bezaubernde_roxana_training_data_cbow_lr0.05_epochs1_mincount100_ws24_dims300,frauenmangel,0.53801429271698
bezaubernde_roxana_training_data_cbow_lr0.05_epochs1_mincount100_ws24_dims300,morde,0.538012683391571
bezaubernde_roxana_training_data_cbow_lr0.05_epochs1_mincount100_ws24_dims300,frauenthema,0.5378733277320862
bezaubernde_roxana_training_data_cbow_lr0.05_epochs1_mincount100_ws24_dims300,frauenrechtlerinnen,0.5372429490089417
bezaubernde_roxana_training_data_cbow_lr0.05_epochs1_mincount100_ws24_dims300,mädchenmord,0.5367390513420105
bezaubernde_roxana_training_data_cbow_lr0.05_epochs1_mincount100_ws24_dims300,frauenfeind,0.5361952781677246
bezaubernde_roxana_training_data_cbow_lr0.05_epochs1_mincount100_ws24_dims300,frauenhofen,0.5358089804649353
bezaubernde_roxana_training_data_cbow_lr0.05_epochs1_mincount100_ws24_dims300,gewaltopfern,0.5331441164016724
bezaubernde_roxana_training_data_cbow_lr0.05_epochs1_mincount100_ws24_dims300,frauenschläger,0.5328677296638489
bezaubernde_roxana_training_data_cbow_lr0.05_epochs1_mincount100_ws24_dims300,frauenrechte,0.5328439474105835
bezaubernde_roxana_training_data_cbow_lr0.05_epochs1_mincount100_ws24_dims300,frauenhäuser,0.5308524966239929
bezaubernde_roxana_training_data_cbow_lr0.05_epochs1_mincount100_ws24_dims300,gewaltdelikt,0.5308398604393005
bezaubernde_roxana_training_data_cbow_lr0.05_epochs1_mincount100_ws24_dims300,selbstmorde,0.5303486585617065
bezaubernde_roxana_training_data_cbow_lr0.05_epochs1_mincount100_ws24_dims300,feministin,0.5302987694740295
bezaubernde_roxana_training_data_cbow_lr0.05_epochs1_mincount100_ws24_dims300,tötungsdelikt,0.5275543332099915
bezaubernde_roxana_training_data_cbow_lr0.05_epochs1_mincount100_ws24_dims300,frauenhaus,0.5269768238067627
bezaubernde_roxana_training_data_cbow_lr0.05_epochs1_mincount100_ws24_dims300,gewaltorgie,0.5262306332588196
bezaubernde_roxana_training_data_cbow_lr0.05_epochs1_mincount100_ws24_dims300,frauenheld,0.5255424976348877
bezaubernde_roxana_training_data_cbow_lr0.05_epochs1_mincount100_ws24_dims300,frauenrechtsgruppe,0.5252863764762878
bezaubernde_roxana_training_data_cbow_lr0.05_epochs1_mincount100_ws24_dims300,frauenrechten,0.5243691802024841
bezaubernde_roxana_training_data_cbow_lr0.05_epochs1_mincount100_ws24_dims300,frauendiskriminierung,0.5233727097511292
bezaubernde_roxana_training_data_cbow_lr0.05_epochs1_mincount100_ws24_dims300,gewaltspirale,0.5225937962532043
bezaubernde_roxana_training_data_cbow_lr0.05_epochs1_mincount100_ws24_dims300,frauenleichen,0.5225473642349243
bezaubernde_roxana_training_data_cbow_lr0.05_epochs1_mincount100_ws24_dims300,gewaltverbrecher,0.5218328237533569
bezaubernde_roxana_training_data_cbow_lr0.05_epochs1_mincount100_ws24_dims300,gewaltakt,0.5213874578475952
bezaubernde_roxana_training_data_cbow_lr0.05_epochs1_mincount100_ws24_dims300,frauenleben,0.5208969712257385
bezaubernde_roxana_training_data_cbow_lr0.05_epochs1_mincount100_ws24_dims300,frauenherzen,0.5206143856048584
bezaubernde_roxana_training_data_cbow_lr0.05_epochs1_mincount100_ws24_dims300,frauennotruf,0.5205363035202026
bezaubernde_roxana_training_data_cbow_lr0.05_epochs1_mincount100_ws24_dims300,gewaltbeziehung,0.520383358001709
bezaubernde_roxana_training_data_cbow_lr0.05_epochs1_mincount100_ws24_dims300,frauenhuber,0.5201597809791565
bezaubernde_roxana_training_data_cbow_lr0.05_epochs1_mincount100_ws24_dims300,mordtat,0.5187141299247742
bezaubernde_roxana_training_data_cbow_lr0.05_epochs1_mincount100_ws24_dims300,suizidalität,0.5182841420173645
bezaubernde_roxana_training_data_cbow_lr0.05_epochs1_mincount100_ws24_dims300,gewaltfrei,0.5176560878753662
bezaubernde_roxana_training_data_cbow_lr0.05_epochs1_mincount100_ws24_dims300,sexualverbrechen,0.5173562169075012
bezaubernde_roxana_training_data_cbow_lr0.05_epochs1_mincount100_ws24_dims300,selbstmord,0.5165428519248962
bezaubernde_roxana_training_data_cbow_lr0.05_epochs1_mincount100_ws24_dims300,frauenpolitikerin,0.5161198973655701
bezaubernde_roxana_training_data_cbow_lr0.05_epochs1_mincount100_ws24_dims300,frauennamen,0.514668345451355
bezaubernde_roxana_training_data_cbow_lr0.05_epochs1_mincount100_ws24_dims300,gewaltserie,0.5135117173194885
bezaubernde_roxana_training_data_cbow_lr0.05_epochs1_mincount100_ws24_dims300,frauenhäusern,0.5125612616539001
bezaubernde_roxana_training_data_cbow_lr0.05_epochs1_mincount100_ws24_dims300,frauentyp,0.5120111703872681
bezaubernde_roxana_training_data_cbow_lr0.05_epochs1_mincount100_ws24_dims300,frauenrechtler,0.5118494629859924
bezaubernde_roxana_training_data_cbow_lr0.05_epochs1_mincount100_ws24_dims300,frauentag,0.5117892026901245
bezaubernde_roxana_training_data_cbow_lr0.05_epochs1_mincount100_ws24_dims300,vergewaltigungsopfer,0.5106437802314758
bezaubernde_roxana_training_data_cbow_lr0.05_epochs1_mincount100_ws24_dims300,gewalttätige,0.510409414768219
bezaubernde_roxana_training_data_cbow_lr0.05_epochs1_mincount100_ws24_dims300,frauenorganisation,0.510240375995636
bezaubernde_roxana_training_data_cbow_lr0.05_epochs1_mincount100_ws24_dims300,morden,0.5086559653282166
bezaubernde_roxana_training_data_cbow_lr0.05_epochs1_mincount100_ws24_dims300,gewalttaten,0.5080983638763428
bezaubernde_roxana_training_data_cbow_lr0.05_epochs1_mincount100_ws24_dims300,frauenthal,0.5079752802848816
bezaubernde_roxana_training_data_cbow_lr0.05_epochs1_mincount100_ws24_dims300,gewaltszenen,0.5078941583633423
bezaubernde_roxana_training_data_cbow_lr0.05_epochs1_mincount100_ws24_dims300,frauen,0.5078835487365723
bezaubernde_roxana_training_data_cbow_lr0.05_epochs1_mincount100_ws24_dims300,frauenrennen,0.5076937079429626
bezaubernde_roxana_training_data_cbow_lr0.05_epochs1_mincount100_ws24_dims300,frauenpolitikerinnen,0.5070958137512207
bezaubernde_roxana_training_data_cbow_lr0.05_epochs1_mincount100_ws24_dims300,gewaltsame,0.5060939788818359
bezaubernde_roxana_training_data_cbow_lr0.05_epochs1_mincount100_ws24_dims300,gewaltprävention,0.5055621266365051
bezaubernde_roxana_training_data_cbow_lr0.05_epochs1_mincount100_ws24_dims300,gewaltvideo,0.505063533782959
bezaubernde_roxana_training_data_cbow_lr0.05_epochs1_mincount100_ws24_dims300,opferschutz,0.5049320459365845
bezaubernde_roxana_training_data_cbow_lr0.05_epochs1_mincount100_ws24_dims300,frauenrechtsbewegung,0.5045790672302246
bezaubernde_roxana_training_data_cbow_lr0.05_epochs1_mincount100_ws24_dims300,frauenbande,0.5043762922286987
bezaubernde_roxana_training_data_cbow_lr0.05_epochs1_mincount100_ws24_dims300,gewaltproblem,0.5038599371910095
bezaubernde_roxana_training_data_cbow_lr0.05_epochs1_mincount100_ws24_dims300,frauenproblem,0.5035473108291626
bezaubernde_roxana_training_data_cbow_lr0.05_epochs1_mincount100_ws24_dims300,mörderinnen,0.5032503604888916
