Model,Neighbor,Similarity
spritzige_jara_training_data_cbow_lr0.05_epochs1_mincount50_ws12_dims300,v-mann,0.7169055342674255
spritzige_jara_training_data_cbow_lr0.05_epochs1_mincount50_ws12_dims300,mannesmann,0.7166191339492798
spritzige_jara_training_data_cbow_lr0.05_epochs1_mincount50_ws12_dims300,frau,0.712989866733551
spritzige_jara_training_data_cbow_lr0.05_epochs1_mincount50_ws12_dims300,manne,0.7052204012870789
spritzige_jara_training_data_cbow_lr0.05_epochs1_mincount50_ws12_dims300,manneh,0.7010138034820557
spritzige_jara_training_data_cbow_lr0.05_epochs1_mincount50_ws12_dims300,stiefvater,0.6747978329658508
spritzige_jara_training_data_cbow_lr0.05_epochs1_mincount50_ws12_dims300,polizist,0.6650897860527039
spritzige_jara_training_data_cbow_lr0.05_epochs1_mincount50_ws12_dims300,m-mann,0.6612863540649414
spritzige_jara_training_data_cbow_lr0.05_epochs1_mincount50_ws12_dims300,jähriger,0.6596510410308838
spritzige_jara_training_data_cbow_lr0.05_epochs1_mincount50_ws12_dims300,bursch,0.6535254716873169
spritzige_jara_training_data_cbow_lr0.05_epochs1_mincount50_ws12_dims300,lebensgefährte,0.6455843448638916
spritzige_jara_training_data_cbow_lr0.05_epochs1_mincount50_ws12_dims300,freund,0.6421361565589905
spritzige_jara_training_data_cbow_lr0.05_epochs1_mincount50_ws12_dims300,ehemann,0.6405088305473328
spritzige_jara_training_data_cbow_lr0.05_epochs1_mincount50_ws12_dims300,vater,0.6280978918075562
spritzige_jara_training_data_cbow_lr0.05_epochs1_mincount50_ws12_dims300,mannes,0.6197441220283508
spritzige_jara_training_data_cbow_lr0.05_epochs1_mincount50_ws12_dims300,stiefbruder,0.6175059080123901
spritzige_jara_training_data_cbow_lr0.05_epochs1_mincount50_ws12_dims300,jährig,0.6160427331924438
spritzige_jara_training_data_cbow_lr0.05_epochs1_mincount50_ws12_dims300,lebensgefährtin,0.6140590906143188
spritzige_jara_training_data_cbow_lr0.05_epochs1_mincount50_ws12_dims300,triebtäter,0.6053701043128967
spritzige_jara_training_data_cbow_lr0.05_epochs1_mincount50_ws12_dims300,schwiegervater,0.6051124930381775
spritzige_jara_training_data_cbow_lr0.05_epochs1_mincount50_ws12_dims300,bursche,0.6004829406738281
spritzige_jara_training_data_cbow_lr0.05_epochs1_mincount50_ws12_dims300,jährige,0.6002171635627747
spritzige_jara_training_data_cbow_lr0.05_epochs1_mincount50_ws12_dims300,jähriges,0.5995905995368958
spritzige_jara_training_data_cbow_lr0.05_epochs1_mincount50_ws12_dims300,stiefsohn,0.5984363555908203
spritzige_jara_training_data_cbow_lr0.05_epochs1_mincount50_ws12_dims300,gatte,0.5941246747970581
spritzige_jara_training_data_cbow_lr0.05_epochs1_mincount50_ws12_dims300,bruder,0.5940209031105042
spritzige_jara_training_data_cbow_lr0.05_epochs1_mincount50_ws12_dims300,polizeibeamter,0.5939810276031494
spritzige_jara_training_data_cbow_lr0.05_epochs1_mincount50_ws12_dims300,jähn,0.5936210751533508
spritzige_jara_training_data_cbow_lr0.05_epochs1_mincount50_ws12_dims300,weltpolizist,0.5936185717582703
spritzige_jara_training_data_cbow_lr0.05_epochs1_mincount50_ws12_dims300,familienvater,0.5927642583847046
spritzige_jara_training_data_cbow_lr0.05_epochs1_mincount50_ws12_dims300,mannequin,0.5924266576766968
spritzige_jara_training_data_cbow_lr0.05_epochs1_mincount50_ws12_dims300,polizistenpaar,0.5909190773963928
spritzige_jara_training_data_cbow_lr0.05_epochs1_mincount50_ws12_dims300,dorfpolizist,0.5901549458503723
spritzige_jara_training_data_cbow_lr0.05_epochs1_mincount50_ws12_dims300,komplize,0.5888893604278564
spritzige_jara_training_data_cbow_lr0.05_epochs1_mincount50_ws12_dims300,freundin,0.5882147550582886
spritzige_jara_training_data_cbow_lr0.05_epochs1_mincount50_ws12_dims300,täter,0.5880663990974426
spritzige_jara_training_data_cbow_lr0.05_epochs1_mincount50_ws12_dims300,polizistensohn,0.5879536271095276
spritzige_jara_training_data_cbow_lr0.05_epochs1_mincount50_ws12_dims300,kindsvater,0.5871676206588745
spritzige_jara_training_data_cbow_lr0.05_epochs1_mincount50_ws12_dims300,ihn,0.5839120745658875
spritzige_jara_training_data_cbow_lr0.05_epochs1_mincount50_ws12_dims300,angeklagte,0.5822961926460266
spritzige_jara_training_data_cbow_lr0.05_epochs1_mincount50_ws12_dims300,manneskraft,0.5822107791900635
spritzige_jara_training_data_cbow_lr0.05_epochs1_mincount50_ws12_dims300,schwager,0.5818268656730652
spritzige_jara_training_data_cbow_lr0.05_epochs1_mincount50_ws12_dims300,tatverdächtig,0.5791884064674377
spritzige_jara_training_data_cbow_lr0.05_epochs1_mincount50_ws12_dims300,angeklagter,0.5791195034980774
spritzige_jara_training_data_cbow_lr0.05_epochs1_mincount50_ws12_dims300,taxilenker,0.5789301991462708
spritzige_jara_training_data_cbow_lr0.05_epochs1_mincount50_ws12_dims300,tatler,0.5789092779159546
spritzige_jara_training_data_cbow_lr0.05_epochs1_mincount50_ws12_dims300,streifenpolizist,0.5788190364837646
spritzige_jara_training_data_cbow_lr0.05_epochs1_mincount50_ws12_dims300,polizistin,0.5782450437545776
spritzige_jara_training_data_cbow_lr0.05_epochs1_mincount50_ws12_dims300,fremdenpolizist,0.5774067044258118
spritzige_jara_training_data_cbow_lr0.05_epochs1_mincount50_ws12_dims300,rabenvater,0.5769640803337097
spritzige_jara_training_data_cbow_lr0.05_epochs1_mincount50_ws12_dims300,elfjähriger,0.5754722356796265
spritzige_jara_training_data_cbow_lr0.05_epochs1_mincount50_ws12_dims300,blutsbruder,0.5729799866676331
spritzige_jara_training_data_cbow_lr0.05_epochs1_mincount50_ws12_dims300,sohn,0.5718268752098083
spritzige_jara_training_data_cbow_lr0.05_epochs1_mincount50_ws12_dims300,tatzeugin,0.5711686611175537
spritzige_jara_training_data_cbow_lr0.05_epochs1_mincount50_ws12_dims300,mädchenmörder,0.5708181858062744
spritzige_jara_training_data_cbow_lr0.05_epochs1_mincount50_ws12_dims300,sextäter,0.5705588459968567
spritzige_jara_training_data_cbow_lr0.05_epochs1_mincount50_ws12_dims300,männerkörper,0.5700736045837402
spritzige_jara_training_data_cbow_lr0.05_epochs1_mincount50_ws12_dims300,halbbruder,0.5698910355567932
spritzige_jara_training_data_cbow_lr0.05_epochs1_mincount50_ws12_dims300,manna,0.5698514580726624
spritzige_jara_training_data_cbow_lr0.05_epochs1_mincount50_ws12_dims300,mannix,0.5688778758049011
spritzige_jara_training_data_cbow_lr0.05_epochs1_mincount50_ws12_dims300,motorradpolizist,0.5677107572555542
spritzige_jara_training_data_cbow_lr0.05_epochs1_mincount50_ws12_dims300,manndecker,0.5675185918807983
spritzige_jara_training_data_cbow_lr0.05_epochs1_mincount50_ws12_dims300,polizeibeamtin,0.5669382214546204
spritzige_jara_training_data_cbow_lr0.05_epochs1_mincount50_ws12_dims300,er,0.566580593585968
spritzige_jara_training_data_cbow_lr0.05_epochs1_mincount50_ws12_dims300,taxilenkerin,0.5647856593132019
spritzige_jara_training_data_cbow_lr0.05_epochs1_mincount50_ws12_dims300,zeugenhaus,0.564245879650116
spritzige_jara_training_data_cbow_lr0.05_epochs1_mincount50_ws12_dims300,stiefschwester,0.5638653635978699
spritzige_jara_training_data_cbow_lr0.05_epochs1_mincount50_ws12_dims300,bruderpaar,0.563447117805481
spritzige_jara_training_data_cbow_lr0.05_epochs1_mincount50_ws12_dims300,hausfreund,0.5626471042633057
spritzige_jara_training_data_cbow_lr0.05_epochs1_mincount50_ws12_dims300,verdächtig,0.5624764561653137
spritzige_jara_training_data_cbow_lr0.05_epochs1_mincount50_ws12_dims300,tatverdächtige,0.5623881816864014
spritzige_jara_training_data_cbow_lr0.05_epochs1_mincount50_ws12_dims300,turnvater,0.5622979998588562
spritzige_jara_training_data_cbow_lr0.05_epochs1_mincount50_ws12_dims300,mannsein,0.562269389629364
spritzige_jara_training_data_cbow_lr0.05_epochs1_mincount50_ws12_dims300,manni,0.5615962743759155
spritzige_jara_training_data_cbow_lr0.05_epochs1_mincount50_ws12_dims300,lebensgefährten,0.5607596635818481
spritzige_jara_training_data_cbow_lr0.05_epochs1_mincount50_ws12_dims300,jährigem,0.5606637597084045
spritzige_jara_training_data_cbow_lr0.05_epochs1_mincount50_ws12_dims300,zwölfjähriger,0.5604308843612671
spritzige_jara_training_data_cbow_lr0.05_epochs1_mincount50_ws12_dims300,nachbarin,0.5595369338989258
spritzige_jara_training_data_cbow_lr0.05_epochs1_mincount50_ws12_dims300,spitzenpolizist,0.5592345595359802
spritzige_jara_training_data_cbow_lr0.05_epochs1_mincount50_ws12_dims300,exfreund,0.558988094329834
spritzige_jara_training_data_cbow_lr0.05_epochs1_mincount50_ws12_dims300,haupttäter,0.5585693717002869
spritzige_jara_training_data_cbow_lr0.05_epochs1_mincount50_ws12_dims300,passant,0.5583543181419373
spritzige_jara_training_data_cbow_lr0.05_epochs1_mincount50_ws12_dims300,elfjährige,0.5579501986503601
spritzige_jara_training_data_cbow_lr0.05_epochs1_mincount50_ws12_dims300,jährigen,0.557883620262146
spritzige_jara_training_data_cbow_lr0.05_epochs1_mincount50_ws12_dims300,polier,0.5578285455703735
spritzige_jara_training_data_cbow_lr0.05_epochs1_mincount50_ws12_dims300,tatverdächtiger,0.5577965378761292
spritzige_jara_training_data_cbow_lr0.05_epochs1_mincount50_ws12_dims300,bekannter,0.5571972131729126
spritzige_jara_training_data_cbow_lr0.05_epochs1_mincount50_ws12_dims300,männer,0.557061493396759
spritzige_jara_training_data_cbow_lr0.05_epochs1_mincount50_ws12_dims300,tatze,0.5566681027412415
spritzige_jara_training_data_cbow_lr0.05_epochs1_mincount50_ws12_dims300,polizeiarzt,0.555548906326294
spritzige_jara_training_data_cbow_lr0.05_epochs1_mincount50_ws12_dims300,zivilpolizist,0.5551780462265015
spritzige_jara_training_data_cbow_lr0.05_epochs1_mincount50_ws12_dims300,polizistenmörder,0.5548535585403442
spritzige_jara_training_data_cbow_lr0.05_epochs1_mincount50_ws12_dims300,chauffeur,0.55460125207901
spritzige_jara_training_data_cbow_lr0.05_epochs1_mincount50_ws12_dims300,achtjähriger,0.5545338988304138
spritzige_jara_training_data_cbow_lr0.05_epochs1_mincount50_ws12_dims300,zwölfjährige,0.5544241666793823
spritzige_jara_training_data_cbow_lr0.05_epochs1_mincount50_ws12_dims300,wachebeamter,0.5542790293693542
spritzige_jara_training_data_cbow_lr0.05_epochs1_mincount50_ws12_dims300,tatmesser,0.553828775882721
spritzige_jara_training_data_cbow_lr0.05_epochs1_mincount50_ws12_dims300,polizeiopfer,0.5537488460540771
spritzige_jara_training_data_cbow_lr0.05_epochs1_mincount50_ws12_dims300,vatermörder,0.5532554388046265
spritzige_jara_training_data_cbow_lr0.05_epochs1_mincount50_ws12_dims300,ehebrecher,0.5514602065086365
grantiger_baris_training_data_lower_cbow_lr0.05_epochs1_mincount10_ws24_dims300,mannn,0.7809281945228577
grantiger_baris_training_data_lower_cbow_lr0.05_epochs1_mincount10_ws24_dims300,mannesmann,0.7269457578659058
grantiger_baris_training_data_lower_cbow_lr0.05_epochs1_mincount10_ws24_dims300,frau,0.715033233165741
grantiger_baris_training_data_lower_cbow_lr0.05_epochs1_mincount10_ws24_dims300,manne,0.6778815984725952
grantiger_baris_training_data_lower_cbow_lr0.05_epochs1_mincount10_ws24_dims300,mannesmut,0.6775988936424255
grantiger_baris_training_data_lower_cbow_lr0.05_epochs1_mincount10_ws24_dims300,manneh,0.6686338186264038
grantiger_baris_training_data_lower_cbow_lr0.05_epochs1_mincount10_ws24_dims300,mannomann,0.6661791801452637
grantiger_baris_training_data_lower_cbow_lr0.05_epochs1_mincount10_ws24_dims300,mannmit,0.6492330431938171
grantiger_baris_training_data_lower_cbow_lr0.05_epochs1_mincount10_ws24_dims300,ehemann,0.6343156099319458
grantiger_baris_training_data_lower_cbow_lr0.05_epochs1_mincount10_ws24_dims300,mannes,0.6332243084907532
grantiger_baris_training_data_lower_cbow_lr0.05_epochs1_mincount10_ws24_dims300,mannose,0.6268321871757507
grantiger_baris_training_data_lower_cbow_lr0.05_epochs1_mincount10_ws24_dims300,mannott,0.6265221238136292
grantiger_baris_training_data_lower_cbow_lr0.05_epochs1_mincount10_ws24_dims300,jährigein,0.6224889755249023
grantiger_baris_training_data_lower_cbow_lr0.05_epochs1_mincount10_ws24_dims300,er,0.620802104473114
grantiger_baris_training_data_lower_cbow_lr0.05_epochs1_mincount10_ws24_dims300,lebensgefährte,0.6163339614868164
grantiger_baris_training_data_lower_cbow_lr0.05_epochs1_mincount10_ws24_dims300,ihn,0.6128823161125183
grantiger_baris_training_data_lower_cbow_lr0.05_epochs1_mincount10_ws24_dims300,jungehemann,0.6116819977760315
grantiger_baris_training_data_lower_cbow_lr0.05_epochs1_mincount10_ws24_dims300,mannlgrat,0.6100538969039917
grantiger_baris_training_data_lower_cbow_lr0.05_epochs1_mincount10_ws24_dims300,fremdtäter,0.609747052192688
grantiger_baris_training_data_lower_cbow_lr0.05_epochs1_mincount10_ws24_dims300,stiefvater,0.6048619151115417
grantiger_baris_training_data_lower_cbow_lr0.05_epochs1_mincount10_ws24_dims300,ahnvater,0.6046550869941711
grantiger_baris_training_data_lower_cbow_lr0.05_epochs1_mincount10_ws24_dims300,mannesstamm,0.6041329503059387
grantiger_baris_training_data_lower_cbow_lr0.05_epochs1_mincount10_ws24_dims300,mannweiber,0.6032134294509888
grantiger_baris_training_data_lower_cbow_lr0.05_epochs1_mincount10_ws24_dims300,jähriger,0.6011723279953003
grantiger_baris_training_data_lower_cbow_lr0.05_epochs1_mincount10_ws24_dims300,männerfreund,0.5997675061225891
grantiger_baris_training_data_lower_cbow_lr0.05_epochs1_mincount10_ws24_dims300,freund,0.5988723635673523
grantiger_baris_training_data_lower_cbow_lr0.05_epochs1_mincount10_ws24_dims300,mannesalter,0.5965620875358582
grantiger_baris_training_data_lower_cbow_lr0.05_epochs1_mincount10_ws24_dims300,jährigenin,0.5935830473899841
grantiger_baris_training_data_lower_cbow_lr0.05_epochs1_mincount10_ws24_dims300,mannel,0.5928476452827454
grantiger_baris_training_data_lower_cbow_lr0.05_epochs1_mincount10_ws24_dims300,manneskraft,0.5914591550827026
grantiger_baris_training_data_lower_cbow_lr0.05_epochs1_mincount10_ws24_dims300,lebensgefährtin,0.5899242758750916
grantiger_baris_training_data_lower_cbow_lr0.05_epochs1_mincount10_ws24_dims300,polizist,0.5896536707878113
grantiger_baris_training_data_lower_cbow_lr0.05_epochs1_mincount10_ws24_dims300,manney,0.5860755443572998
grantiger_baris_training_data_lower_cbow_lr0.05_epochs1_mincount10_ws24_dims300,polizistentochter,0.585973858833313
grantiger_baris_training_data_lower_cbow_lr0.05_epochs1_mincount10_ws24_dims300,jungpolizist,0.5849394202232361
grantiger_baris_training_data_lower_cbow_lr0.05_epochs1_mincount10_ws24_dims300,hehemann,0.5834346413612366
grantiger_baris_training_data_lower_cbow_lr0.05_epochs1_mincount10_ws24_dims300,tatzeugin,0.582966148853302
grantiger_baris_training_data_lower_cbow_lr0.05_epochs1_mincount10_ws24_dims300,jährigehatte,0.5799621343612671
grantiger_baris_training_data_lower_cbow_lr0.05_epochs1_mincount10_ws24_dims300,schwiegervater,0.579822838306427
grantiger_baris_training_data_lower_cbow_lr0.05_epochs1_mincount10_ws24_dims300,hausvater,0.5795733332633972
grantiger_baris_training_data_lower_cbow_lr0.05_epochs1_mincount10_ws24_dims300,mannewitz,0.5779997706413269
grantiger_baris_training_data_lower_cbow_lr0.05_epochs1_mincount10_ws24_dims300,vater,0.5776029229164124
grantiger_baris_training_data_lower_cbow_lr0.05_epochs1_mincount10_ws24_dims300,halsmann,0.5775613784790039
grantiger_baris_training_data_lower_cbow_lr0.05_epochs1_mincount10_ws24_dims300,geismann,0.5774468779563904
grantiger_baris_training_data_lower_cbow_lr0.05_epochs1_mincount10_ws24_dims300,exmann,0.5758125185966492
grantiger_baris_training_data_lower_cbow_lr0.05_epochs1_mincount10_ws24_dims300,scheinvater,0.5754170417785645
grantiger_baris_training_data_lower_cbow_lr0.05_epochs1_mincount10_ws24_dims300,jährigeam,0.5753013491630554
grantiger_baris_training_data_lower_cbow_lr0.05_epochs1_mincount10_ws24_dims300,eifersuchtstat,0.5748097896575928
grantiger_baris_training_data_lower_cbow_lr0.05_epochs1_mincount10_ws24_dims300,schlagfrau,0.57393878698349
grantiger_baris_training_data_lower_cbow_lr0.05_epochs1_mincount10_ws24_dims300,tatze,0.5732712149620056
grantiger_baris_training_data_lower_cbow_lr0.05_epochs1_mincount10_ws24_dims300,jährige,0.5727797150611877
grantiger_baris_training_data_lower_cbow_lr0.05_epochs1_mincount10_ws24_dims300,mannus,0.5726826786994934
grantiger_baris_training_data_lower_cbow_lr0.05_epochs1_mincount10_ws24_dims300,rabenvater,0.5718898773193359
grantiger_baris_training_data_lower_cbow_lr0.05_epochs1_mincount10_ws24_dims300,polizeibeamter,0.571267306804657
grantiger_baris_training_data_lower_cbow_lr0.05_epochs1_mincount10_ws24_dims300,bursch,0.5679329633712769
grantiger_baris_training_data_lower_cbow_lr0.05_epochs1_mincount10_ws24_dims300,tatverdächtig,0.5665737986564636
grantiger_baris_training_data_lower_cbow_lr0.05_epochs1_mincount10_ws24_dims300,thäter,0.5665683150291443
grantiger_baris_training_data_lower_cbow_lr0.05_epochs1_mincount10_ws24_dims300,schariapolizist,0.5659825801849365
grantiger_baris_training_data_lower_cbow_lr0.05_epochs1_mincount10_ws24_dims300,pistolenmann,0.5659037828445435
grantiger_baris_training_data_lower_cbow_lr0.05_epochs1_mincount10_ws24_dims300,mannit,0.5655840039253235
grantiger_baris_training_data_lower_cbow_lr0.05_epochs1_mincount10_ws24_dims300,jährigeaus,0.5654398798942566
grantiger_baris_training_data_lower_cbow_lr0.05_epochs1_mincount10_ws24_dims300,mannhaft,0.5651146769523621
grantiger_baris_training_data_lower_cbow_lr0.05_epochs1_mincount10_ws24_dims300,lebemann,0.564148485660553
grantiger_baris_training_data_lower_cbow_lr0.05_epochs1_mincount10_ws24_dims300,mannys,0.5639960765838623
grantiger_baris_training_data_lower_cbow_lr0.05_epochs1_mincount10_ws24_dims300,freundin,0.5639724135398865
grantiger_baris_training_data_lower_cbow_lr0.05_epochs1_mincount10_ws24_dims300,triebtäter,0.5634822845458984
grantiger_baris_training_data_lower_cbow_lr0.05_epochs1_mincount10_ws24_dims300,altvater,0.563420295715332
grantiger_baris_training_data_lower_cbow_lr0.05_epochs1_mincount10_ws24_dims300,jungvater,0.5626830458641052
grantiger_baris_training_data_lower_cbow_lr0.05_epochs1_mincount10_ws24_dims300,näter,0.5614412426948547
grantiger_baris_training_data_lower_cbow_lr0.05_epochs1_mincount10_ws24_dims300,duzfreund,0.5612372159957886
grantiger_baris_training_data_lower_cbow_lr0.05_epochs1_mincount10_ws24_dims300,stiefbruder,0.5585604310035706
grantiger_baris_training_data_lower_cbow_lr0.05_epochs1_mincount10_ws24_dims300,graufreund,0.5581691861152649
grantiger_baris_training_data_lower_cbow_lr0.05_epochs1_mincount10_ws24_dims300,mannweib,0.5579507350921631
grantiger_baris_training_data_lower_cbow_lr0.05_epochs1_mincount10_ws24_dims300,tatverdächtiger,0.5579449534416199
grantiger_baris_training_data_lower_cbow_lr0.05_epochs1_mincount10_ws24_dims300,exfreund,0.5573000311851501
grantiger_baris_training_data_lower_cbow_lr0.05_epochs1_mincount10_ws24_dims300,männerpaar,0.5564801692962646
grantiger_baris_training_data_lower_cbow_lr0.05_epochs1_mincount10_ws24_dims300,schwager,0.5561763644218445
grantiger_baris_training_data_lower_cbow_lr0.05_epochs1_mincount10_ws24_dims300,tatverdächtige,0.5545573830604553
grantiger_baris_training_data_lower_cbow_lr0.05_epochs1_mincount10_ws24_dims300,täterpaar,0.5541476011276245
grantiger_baris_training_data_lower_cbow_lr0.05_epochs1_mincount10_ws24_dims300,halbfreund,0.5534284710884094
grantiger_baris_training_data_lower_cbow_lr0.05_epochs1_mincount10_ws24_dims300,polizeibeamtin,0.5531785488128662
grantiger_baris_training_data_lower_cbow_lr0.05_epochs1_mincount10_ws24_dims300,streifer,0.5525011420249939
grantiger_baris_training_data_lower_cbow_lr0.05_epochs1_mincount10_ws24_dims300,jährigern,0.5523238778114319
grantiger_baris_training_data_lower_cbow_lr0.05_epochs1_mincount10_ws24_dims300,erzvater,0.5517980456352234
grantiger_baris_training_data_lower_cbow_lr0.05_epochs1_mincount10_ws24_dims300,gatte,0.5512505173683167
grantiger_baris_training_data_lower_cbow_lr0.05_epochs1_mincount10_ws24_dims300,ehefrau,0.5511831641197205
grantiger_baris_training_data_lower_cbow_lr0.05_epochs1_mincount10_ws24_dims300,jährigen,0.5511341691017151
grantiger_baris_training_data_lower_cbow_lr0.05_epochs1_mincount10_ws24_dims300,männerkörper,0.5501195192337036
grantiger_baris_training_data_lower_cbow_lr0.05_epochs1_mincount10_ws24_dims300,streifenpolizist,0.5489885210990906
grantiger_baris_training_data_lower_cbow_lr0.05_epochs1_mincount10_ws24_dims300,männner,0.5487686395645142
grantiger_baris_training_data_lower_cbow_lr0.05_epochs1_mincount10_ws24_dims300,mannhalter,0.5482544302940369
grantiger_baris_training_data_lower_cbow_lr0.05_epochs1_mincount10_ws24_dims300,wachebeamter,0.5481656789779663
grantiger_baris_training_data_lower_cbow_lr0.05_epochs1_mincount10_ws24_dims300,blutsbruder,0.5479797124862671
grantiger_baris_training_data_lower_cbow_lr0.05_epochs1_mincount10_ws24_dims300,polizistensohn,0.5476365089416504
grantiger_baris_training_data_lower_cbow_lr0.05_epochs1_mincount10_ws24_dims300,angelfreund,0.5475449562072754
grantiger_baris_training_data_lower_cbow_lr0.05_epochs1_mincount10_ws24_dims300,manny,0.5467559695243835
grantiger_baris_training_data_lower_cbow_lr0.05_epochs1_mincount10_ws24_dims300,hausfreund,0.545852541923523
grantiger_baris_training_data_lower_cbow_lr0.05_epochs1_mincount10_ws24_dims300,polizeibekannter,0.5457115173339844
grantiger_baris_training_data_lower_cbow_lr0.05_epochs1_mincount10_ws24_dims300,männerarzt,0.5456011295318604
grantiger_baris_training_data_lower_cbow_lr0.05_epochs1_mincount10_ws24_dims300,tatverdächtigte,0.5451836585998535
sinnlicher_andre_training_data_lower_cbow_lr0.05_epochs1_mincount5_ws5_dims300,mannn,0.8216310143470764
sinnlicher_andre_training_data_lower_cbow_lr0.05_epochs1_mincount5_ws5_dims300,mannesmann,0.7582992315292358
sinnlicher_andre_training_data_lower_cbow_lr0.05_epochs1_mincount5_ws5_dims300,mannfrau,0.7563682198524475
sinnlicher_andre_training_data_lower_cbow_lr0.05_epochs1_mincount5_ws5_dims300,mannund,0.7548025250434875
sinnlicher_andre_training_data_lower_cbow_lr0.05_epochs1_mincount5_ws5_dims300,bursch,0.7535566091537476
sinnlicher_andre_training_data_lower_cbow_lr0.05_epochs1_mincount5_ws5_dims300,mannke,0.7352405190467834
sinnlicher_andre_training_data_lower_cbow_lr0.05_epochs1_mincount5_ws5_dims300,jungpolizist,0.7195205688476562
sinnlicher_andre_training_data_lower_cbow_lr0.05_epochs1_mincount5_ws5_dims300,mannomann,0.7182533740997314
sinnlicher_andre_training_data_lower_cbow_lr0.05_epochs1_mincount5_ws5_dims300,mannkind,0.7174140214920044
sinnlicher_andre_training_data_lower_cbow_lr0.05_epochs1_mincount5_ws5_dims300,stiefvater,0.7163156270980835
sinnlicher_andre_training_data_lower_cbow_lr0.05_epochs1_mincount5_ws5_dims300,bursche,0.7148281335830688
sinnlicher_andre_training_data_lower_cbow_lr0.05_epochs1_mincount5_ws5_dims300,frau,0.7132840752601624
sinnlicher_andre_training_data_lower_cbow_lr0.05_epochs1_mincount5_ws5_dims300,mannmit,0.7077416777610779
sinnlicher_andre_training_data_lower_cbow_lr0.05_epochs1_mincount5_ws5_dims300,mannemann,0.704736053943634
sinnlicher_andre_training_data_lower_cbow_lr0.05_epochs1_mincount5_ws5_dims300,manne,0.7046486139297485
sinnlicher_andre_training_data_lower_cbow_lr0.05_epochs1_mincount5_ws5_dims300,mannagettaweg,0.7046005129814148
sinnlicher_andre_training_data_lower_cbow_lr0.05_epochs1_mincount5_ws5_dims300,burschel,0.7019942402839661
sinnlicher_andre_training_data_lower_cbow_lr0.05_epochs1_mincount5_ws5_dims300,ehemann,0.7015950083732605
sinnlicher_andre_training_data_lower_cbow_lr0.05_epochs1_mincount5_ws5_dims300,manneh,0.7015910148620605
sinnlicher_andre_training_data_lower_cbow_lr0.05_epochs1_mincount5_ws5_dims300,schwanenvater,0.700322687625885
sinnlicher_andre_training_data_lower_cbow_lr0.05_epochs1_mincount5_ws5_dims300,mannott,0.7001334428787231
sinnlicher_andre_training_data_lower_cbow_lr0.05_epochs1_mincount5_ws5_dims300,mannkopf,0.6958315968513489
sinnlicher_andre_training_data_lower_cbow_lr0.05_epochs1_mincount5_ws5_dims300,polizist,0.6949751377105713
sinnlicher_andre_training_data_lower_cbow_lr0.05_epochs1_mincount5_ws5_dims300,burschn,0.6940542459487915
sinnlicher_andre_training_data_lower_cbow_lr0.05_epochs1_mincount5_ws5_dims300,mannesmut,0.6927880644798279
sinnlicher_andre_training_data_lower_cbow_lr0.05_epochs1_mincount5_ws5_dims300,mannlgrat,0.6923492550849915
sinnlicher_andre_training_data_lower_cbow_lr0.05_epochs1_mincount5_ws5_dims300,lebensgefährte,0.6918750405311584
sinnlicher_andre_training_data_lower_cbow_lr0.05_epochs1_mincount5_ws5_dims300,männerfreund,0.6904330253601074
sinnlicher_andre_training_data_lower_cbow_lr0.05_epochs1_mincount5_ws5_dims300,mannoch,0.6894004940986633
sinnlicher_andre_training_data_lower_cbow_lr0.05_epochs1_mincount5_ws5_dims300,burscher,0.6881207227706909
sinnlicher_andre_training_data_lower_cbow_lr0.05_epochs1_mincount5_ws5_dims300,mannaus,0.6874180436134338
sinnlicher_andre_training_data_lower_cbow_lr0.05_epochs1_mincount5_ws5_dims300,schwager,0.6873793601989746
sinnlicher_andre_training_data_lower_cbow_lr0.05_epochs1_mincount5_ws5_dims300,exehemann,0.6857761740684509
sinnlicher_andre_training_data_lower_cbow_lr0.05_epochs1_mincount5_ws5_dims300,ehemannn,0.6839154958724976
sinnlicher_andre_training_data_lower_cbow_lr0.05_epochs1_mincount5_ws5_dims300,polizistenmutter,0.683445155620575
sinnlicher_andre_training_data_lower_cbow_lr0.05_epochs1_mincount5_ws5_dims300,hasenvater,0.6814485192298889
sinnlicher_andre_training_data_lower_cbow_lr0.05_epochs1_mincount5_ws5_dims300,jährigeund,0.6813777089118958
sinnlicher_andre_training_data_lower_cbow_lr0.05_epochs1_mincount5_ws5_dims300,polizistensohn,0.6794978380203247
sinnlicher_andre_training_data_lower_cbow_lr0.05_epochs1_mincount5_ws5_dims300,puffvater,0.6775566339492798
sinnlicher_andre_training_data_lower_cbow_lr0.05_epochs1_mincount5_ws5_dims300,mannweiber,0.677219569683075
sinnlicher_andre_training_data_lower_cbow_lr0.05_epochs1_mincount5_ws5_dims300,familienvater,0.6770168542861938
sinnlicher_andre_training_data_lower_cbow_lr0.05_epochs1_mincount5_ws5_dims300,mannauf,0.6758781671524048
sinnlicher_andre_training_data_lower_cbow_lr0.05_epochs1_mincount5_ws5_dims300,mannder,0.6748607158660889
sinnlicher_andre_training_data_lower_cbow_lr0.05_epochs1_mincount5_ws5_dims300,schwiegervater,0.6741780638694763
sinnlicher_andre_training_data_lower_cbow_lr0.05_epochs1_mincount5_ws5_dims300,jungehemann,0.6738815307617188
sinnlicher_andre_training_data_lower_cbow_lr0.05_epochs1_mincount5_ws5_dims300,mannesstamm,0.6738153696060181
sinnlicher_andre_training_data_lower_cbow_lr0.05_epochs1_mincount5_ws5_dims300,mitttäter,0.672694981098175
sinnlicher_andre_training_data_lower_cbow_lr0.05_epochs1_mincount5_ws5_dims300,jungvater,0.6719458103179932
sinnlicher_andre_training_data_lower_cbow_lr0.05_epochs1_mincount5_ws5_dims300,geismann,0.6717433929443359
sinnlicher_andre_training_data_lower_cbow_lr0.05_epochs1_mincount5_ws5_dims300,rabenvater,0.6702030301094055
sinnlicher_andre_training_data_lower_cbow_lr0.05_epochs1_mincount5_ws5_dims300,mannweib,0.6699498295783997
sinnlicher_andre_training_data_lower_cbow_lr0.05_epochs1_mincount5_ws5_dims300,polizistenehepaar,0.6690220236778259
sinnlicher_andre_training_data_lower_cbow_lr0.05_epochs1_mincount5_ws5_dims300,nachbarsbursch,0.6678833365440369
sinnlicher_andre_training_data_lower_cbow_lr0.05_epochs1_mincount5_ws5_dims300,polizistengattin,0.6678038239479065
sinnlicher_andre_training_data_lower_cbow_lr0.05_epochs1_mincount5_ws5_dims300,vater,0.6673706769943237
sinnlicher_andre_training_data_lower_cbow_lr0.05_epochs1_mincount5_ws5_dims300,scheinvater,0.6672857403755188
sinnlicher_andre_training_data_lower_cbow_lr0.05_epochs1_mincount5_ws5_dims300,mannewitz,0.6670799851417542
sinnlicher_andre_training_data_lower_cbow_lr0.05_epochs1_mincount5_ws5_dims300,ahnvater,0.66655433177948
sinnlicher_andre_training_data_lower_cbow_lr0.05_epochs1_mincount5_ws5_dims300,streifer,0.6652848720550537
sinnlicher_andre_training_data_lower_cbow_lr0.05_epochs1_mincount5_ws5_dims300,männerdiebin,0.6630043983459473
sinnlicher_andre_training_data_lower_cbow_lr0.05_epochs1_mincount5_ws5_dims300,exschwiegervater,0.6629490852355957
sinnlicher_andre_training_data_lower_cbow_lr0.05_epochs1_mincount5_ws5_dims300,polizistentochter,0.6618785858154297
sinnlicher_andre_training_data_lower_cbow_lr0.05_epochs1_mincount5_ws5_dims300,mannit,0.6612697839736938
sinnlicher_andre_training_data_lower_cbow_lr0.05_epochs1_mincount5_ws5_dims300,mannose,0.6612251400947571
sinnlicher_andre_training_data_lower_cbow_lr0.05_epochs1_mincount5_ws5_dims300,polizistenpärchen,0.6599772572517395
sinnlicher_andre_training_data_lower_cbow_lr0.05_epochs1_mincount5_ws5_dims300,orfvater,0.6595868468284607
sinnlicher_andre_training_data_lower_cbow_lr0.05_epochs1_mincount5_ws5_dims300,familenvater,0.6592940092086792
sinnlicher_andre_training_data_lower_cbow_lr0.05_epochs1_mincount5_ws5_dims300,mannel,0.6589875221252441
sinnlicher_andre_training_data_lower_cbow_lr0.05_epochs1_mincount5_ws5_dims300,freund,0.6578992009162903
sinnlicher_andre_training_data_lower_cbow_lr0.05_epochs1_mincount5_ws5_dims300,tuschetschläger,0.6565515995025635
sinnlicher_andre_training_data_lower_cbow_lr0.05_epochs1_mincount5_ws5_dims300,schankbursch,0.6564942598342896
sinnlicher_andre_training_data_lower_cbow_lr0.05_epochs1_mincount5_ws5_dims300,schariapolizist,0.6543756723403931
sinnlicher_andre_training_data_lower_cbow_lr0.05_epochs1_mincount5_ws5_dims300,mannes,0.6537119746208191
sinnlicher_andre_training_data_lower_cbow_lr0.05_epochs1_mincount5_ws5_dims300,triebtäter,0.6535404324531555
sinnlicher_andre_training_data_lower_cbow_lr0.05_epochs1_mincount5_ws5_dims300,tandalier,0.6533633470535278
sinnlicher_andre_training_data_lower_cbow_lr0.05_epochs1_mincount5_ws5_dims300,hehemann,0.652374267578125
sinnlicher_andre_training_data_lower_cbow_lr0.05_epochs1_mincount5_ws5_dims300,blutsbruder,0.6522650718688965
sinnlicher_andre_training_data_lower_cbow_lr0.05_epochs1_mincount5_ws5_dims300,hausvater,0.6521059274673462
sinnlicher_andre_training_data_lower_cbow_lr0.05_epochs1_mincount5_ws5_dims300,wachmann,0.6519759893417358
sinnlicher_andre_training_data_lower_cbow_lr0.05_epochs1_mincount5_ws5_dims300,stiefbruder,0.6516680717468262
sinnlicher_andre_training_data_lower_cbow_lr0.05_epochs1_mincount5_ws5_dims300,pensionist,0.6514756679534912
sinnlicher_andre_training_data_lower_cbow_lr0.05_epochs1_mincount5_ws5_dims300,alkoholikervater,0.6514358520507812
sinnlicher_andre_training_data_lower_cbow_lr0.05_epochs1_mincount5_ws5_dims300,streifenpolizist,0.6509436368942261
sinnlicher_andre_training_data_lower_cbow_lr0.05_epochs1_mincount5_ws5_dims300,wutlenker,0.6508915424346924
sinnlicher_andre_training_data_lower_cbow_lr0.05_epochs1_mincount5_ws5_dims300,burschiball,0.6508614420890808
sinnlicher_andre_training_data_lower_cbow_lr0.05_epochs1_mincount5_ws5_dims300,laufbursch,0.6508514881134033
sinnlicher_andre_training_data_lower_cbow_lr0.05_epochs1_mincount5_ws5_dims300,mannus,0.6507772207260132
sinnlicher_andre_training_data_lower_cbow_lr0.05_epochs1_mincount5_ws5_dims300,haupttäter,0.6506474614143372
sinnlicher_andre_training_data_lower_cbow_lr0.05_epochs1_mincount5_ws5_dims300,falier,0.6505060791969299
sinnlicher_andre_training_data_lower_cbow_lr0.05_epochs1_mincount5_ws5_dims300,mannar,0.6504974961280823
sinnlicher_andre_training_data_lower_cbow_lr0.05_epochs1_mincount5_ws5_dims300,brudermörder,0.6502797603607178
sinnlicher_andre_training_data_lower_cbow_lr0.05_epochs1_mincount5_ws5_dims300,jungsoldat,0.649911642074585
sinnlicher_andre_training_data_lower_cbow_lr0.05_epochs1_mincount5_ws5_dims300,spitzenpolizist,0.648766279220581
sinnlicher_andre_training_data_lower_cbow_lr0.05_epochs1_mincount5_ws5_dims300,polizistenmörderin,0.6486096978187561
sinnlicher_andre_training_data_lower_cbow_lr0.05_epochs1_mincount5_ws5_dims300,lebensgefährtin,0.6481090188026428
sinnlicher_andre_training_data_lower_cbow_lr0.05_epochs1_mincount5_ws5_dims300,hausbursche,0.6480910778045654
sinnlicher_andre_training_data_lower_cbow_lr0.05_epochs1_mincount5_ws5_dims300,burschtyn,0.6477251052856445
sinnlicher_andre_training_data_lower_cbow_lr0.05_epochs1_mincount5_ws5_dims300,prügelvater,0.6467636823654175
sinnlicher_andre_training_data_lower_cbow_lr0.05_epochs1_mincount5_ws5_dims300,schwippschwager,0.646572470664978
sinnlicher_andre_training_data_lower_cbow_lr0.05_epochs1_mincount5_ws5_dims300,halsmann,0.6465310454368591
angeregte_friederike_training_data_cbow_lr0.05_epochs1_mincount5_ws24_dims300,o-mann,0.8262026906013489
angeregte_friederike_training_data_cbow_lr0.05_epochs1_mincount5_ws24_dims300,mannn,0.8235617876052856
angeregte_friederike_training_data_cbow_lr0.05_epochs1_mincount5_ws24_dims300,b-mann,0.769646406173706
angeregte_friederike_training_data_cbow_lr0.05_epochs1_mincount5_ws24_dims300,a-mann,0.7371195554733276
angeregte_friederike_training_data_cbow_lr0.05_epochs1_mincount5_ws24_dims300,mannesmann,0.721021831035614
angeregte_friederike_training_data_cbow_lr0.05_epochs1_mincount5_ws24_dims300,mannke,0.7193722128868103
angeregte_friederike_training_data_cbow_lr0.05_epochs1_mincount5_ws24_dims300,manne,0.7073734998703003
angeregte_friederike_training_data_cbow_lr0.05_epochs1_mincount5_ws24_dims300,frau,0.6974706053733826
angeregte_friederike_training_data_cbow_lr0.05_epochs1_mincount5_ws24_dims300,mannund,0.6938781142234802
angeregte_friederike_training_data_cbow_lr0.05_epochs1_mincount5_ws24_dims300,manneh,0.691197395324707
angeregte_friederike_training_data_cbow_lr0.05_epochs1_mincount5_ws24_dims300,v-mann,0.690003514289856
angeregte_friederike_training_data_cbow_lr0.05_epochs1_mincount5_ws24_dims300,jährigeund,0.6861955523490906
angeregte_friederike_training_data_cbow_lr0.05_epochs1_mincount5_ws24_dims300,mannar,0.685078501701355
angeregte_friederike_training_data_cbow_lr0.05_epochs1_mincount5_ws24_dims300,epicmann,0.6794392466545105
angeregte_friederike_training_data_cbow_lr0.05_epochs1_mincount5_ws24_dims300,mannmit,0.6757070422172546
angeregte_friederike_training_data_cbow_lr0.05_epochs1_mincount5_ws24_dims300,mannweib,0.6718931198120117
angeregte_friederike_training_data_cbow_lr0.05_epochs1_mincount5_ws24_dims300,mannauf,0.6718619465827942
angeregte_friederike_training_data_cbow_lr0.05_epochs1_mincount5_ws24_dims300,mannott,0.666556715965271
angeregte_friederike_training_data_cbow_lr0.05_epochs1_mincount5_ws24_dims300,mannkind,0.6647990942001343
angeregte_friederike_training_data_cbow_lr0.05_epochs1_mincount5_ws24_dims300,m-mann,0.6545277237892151
angeregte_friederike_training_data_cbow_lr0.05_epochs1_mincount5_ws24_dims300,mannagettaweg,0.653235137462616
angeregte_friederike_training_data_cbow_lr0.05_epochs1_mincount5_ws24_dims300,jähriger,0.651190996170044
angeregte_friederike_training_data_cbow_lr0.05_epochs1_mincount5_ws24_dims300,mannesmut,0.6501242518424988
angeregte_friederike_training_data_cbow_lr0.05_epochs1_mincount5_ws24_dims300,mannkopf,0.649200975894928
angeregte_friederike_training_data_cbow_lr0.05_epochs1_mincount5_ws24_dims300,mannweiber,0.6458585858345032
angeregte_friederike_training_data_cbow_lr0.05_epochs1_mincount5_ws24_dims300,jährigeraus,0.6413463950157166
angeregte_friederike_training_data_cbow_lr0.05_epochs1_mincount5_ws24_dims300,mannes,0.6405701637268066
angeregte_friederike_training_data_cbow_lr0.05_epochs1_mincount5_ws24_dims300,mannel,0.6393395662307739
angeregte_friederike_training_data_cbow_lr0.05_epochs1_mincount5_ws24_dims300,mannesstamm,0.6386081576347351
angeregte_friederike_training_data_cbow_lr0.05_epochs1_mincount5_ws24_dims300,mannakee,0.6367270946502686
angeregte_friederike_training_data_cbow_lr0.05_epochs1_mincount5_ws24_dims300,jährigein,0.6363797783851624
angeregte_friederike_training_data_cbow_lr0.05_epochs1_mincount5_ws24_dims300,mannwurde,0.6323259472846985
angeregte_friederike_training_data_cbow_lr0.05_epochs1_mincount5_ws24_dims300,mannas,0.6300390958786011
angeregte_friederike_training_data_cbow_lr0.05_epochs1_mincount5_ws24_dims300,mannlgrat,0.6288707256317139
angeregte_friederike_training_data_cbow_lr0.05_epochs1_mincount5_ws24_dims300,jährigehatte,0.6274051666259766
angeregte_friederike_training_data_cbow_lr0.05_epochs1_mincount5_ws24_dims300,ihn,0.6262091994285583
angeregte_friederike_training_data_cbow_lr0.05_epochs1_mincount5_ws24_dims300,jährigeam,0.6260788440704346
angeregte_friederike_training_data_cbow_lr0.05_epochs1_mincount5_ws24_dims300,manndie,0.6256654262542725
angeregte_friederike_training_data_cbow_lr0.05_epochs1_mincount5_ws24_dims300,mannose,0.6254117488861084
angeregte_friederike_training_data_cbow_lr0.05_epochs1_mincount5_ws24_dims300,mannomann,0.6253421902656555
angeregte_friederike_training_data_cbow_lr0.05_epochs1_mincount5_ws24_dims300,mannus,0.624528169631958
angeregte_friederike_training_data_cbow_lr0.05_epochs1_mincount5_ws24_dims300,mannai,0.623699426651001
angeregte_friederike_training_data_cbow_lr0.05_epochs1_mincount5_ws24_dims300,mannemann,0.6236065626144409
angeregte_friederike_training_data_cbow_lr0.05_epochs1_mincount5_ws24_dims300,orfmann,0.6224783658981323
angeregte_friederike_training_data_cbow_lr0.05_epochs1_mincount5_ws24_dims300,mannaus,0.6221933960914612
angeregte_friederike_training_data_cbow_lr0.05_epochs1_mincount5_ws24_dims300,manney,0.6198123097419739
angeregte_friederike_training_data_cbow_lr0.05_epochs1_mincount5_ws24_dims300,mannteuffel,0.6189417243003845
angeregte_friederike_training_data_cbow_lr0.05_epochs1_mincount5_ws24_dims300,manneskraft,0.618742048740387
angeregte_friederike_training_data_cbow_lr0.05_epochs1_mincount5_ws24_dims300,jährigeaus,0.6178197860717773
angeregte_friederike_training_data_cbow_lr0.05_epochs1_mincount5_ws24_dims300,ehemann,0.6177476644515991
angeregte_friederike_training_data_cbow_lr0.05_epochs1_mincount5_ws24_dims300,ehemannn,0.6176789999008179
angeregte_friederike_training_data_cbow_lr0.05_epochs1_mincount5_ws24_dims300,jährigenin,0.616095781326294
angeregte_friederike_training_data_cbow_lr0.05_epochs1_mincount5_ws24_dims300,jjährige,0.6153273582458496
angeregte_friederike_training_data_cbow_lr0.05_epochs1_mincount5_ws24_dims300,freund,0.6139710545539856
angeregte_friederike_training_data_cbow_lr0.05_epochs1_mincount5_ws24_dims300,jährigedie,0.6132702231407166
angeregte_friederike_training_data_cbow_lr0.05_epochs1_mincount5_ws24_dims300,stiefvater,0.6090207099914551
angeregte_friederike_training_data_cbow_lr0.05_epochs1_mincount5_ws24_dims300,jährigeim,0.6071808934211731
angeregte_friederike_training_data_cbow_lr0.05_epochs1_mincount5_ws24_dims300,manned,0.6065121293067932
angeregte_friederike_training_data_cbow_lr0.05_epochs1_mincount5_ws24_dims300,polizist,0.6059795618057251
angeregte_friederike_training_data_cbow_lr0.05_epochs1_mincount5_ws24_dims300,mannan,0.6057888269424438
angeregte_friederike_training_data_cbow_lr0.05_epochs1_mincount5_ws24_dims300,lebensgefährte,0.603503406047821
angeregte_friederike_training_data_cbow_lr0.05_epochs1_mincount5_ws24_dims300,jährigewurde,0.60302734375
angeregte_friederike_training_data_cbow_lr0.05_epochs1_mincount5_ws24_dims300,jährigenam,0.6029173135757446
angeregte_friederike_training_data_cbow_lr0.05_epochs1_mincount5_ws24_dims300,mannim,0.602823793888092
angeregte_friederike_training_data_cbow_lr0.05_epochs1_mincount5_ws24_dims300,jährig,0.6015157699584961
angeregte_friederike_training_data_cbow_lr0.05_epochs1_mincount5_ws24_dims300,jährigerin,0.601503312587738
angeregte_friederike_training_data_cbow_lr0.05_epochs1_mincount5_ws24_dims300,mannesalter,0.5987792611122131
angeregte_friederike_training_data_cbow_lr0.05_epochs1_mincount5_ws24_dims300,jährigern,0.5986095666885376
angeregte_friederike_training_data_cbow_lr0.05_epochs1_mincount5_ws24_dims300,jähriges,0.5975765585899353
angeregte_friederike_training_data_cbow_lr0.05_epochs1_mincount5_ws24_dims300,vater,0.5935139060020447
angeregte_friederike_training_data_cbow_lr0.05_epochs1_mincount5_ws24_dims300,mannitz,0.5932279825210571
angeregte_friederike_training_data_cbow_lr0.05_epochs1_mincount5_ws24_dims300,jährige,0.5925455689430237
angeregte_friederike_training_data_cbow_lr0.05_epochs1_mincount5_ws24_dims300,mannoia,0.5919919610023499
angeregte_friederike_training_data_cbow_lr0.05_epochs1_mincount5_ws24_dims300,er,0.5914386510848999
angeregte_friederike_training_data_cbow_lr0.05_epochs1_mincount5_ws24_dims300,mannys,0.5907625555992126
angeregte_friederike_training_data_cbow_lr0.05_epochs1_mincount5_ws24_dims300,stiefväter,0.5899614691734314
angeregte_friederike_training_data_cbow_lr0.05_epochs1_mincount5_ws24_dims300,jährie,0.5894349813461304
angeregte_friederike_training_data_cbow_lr0.05_epochs1_mincount5_ws24_dims300,vaterkörper,0.5881311297416687
angeregte_friederike_training_data_cbow_lr0.05_epochs1_mincount5_ws24_dims300,bursch,0.5876181125640869
angeregte_friederike_training_data_cbow_lr0.05_epochs1_mincount5_ws24_dims300,mannder,0.5868569016456604
angeregte_friederike_training_data_cbow_lr0.05_epochs1_mincount5_ws24_dims300,jährigevon,0.5867473483085632
angeregte_friederike_training_data_cbow_lr0.05_epochs1_mincount5_ws24_dims300,jährigewar,0.5838878154754639
angeregte_friederike_training_data_cbow_lr0.05_epochs1_mincount5_ws24_dims300,mannit,0.5831607580184937
angeregte_friederike_training_data_cbow_lr0.05_epochs1_mincount5_ws24_dims300,männerfreund,0.5817586779594421
angeregte_friederike_training_data_cbow_lr0.05_epochs1_mincount5_ws24_dims300,jährigens,0.5808200836181641
angeregte_friederike_training_data_cbow_lr0.05_epochs1_mincount5_ws24_dims300,mannequin,0.5800083875656128
angeregte_friederike_training_data_cbow_lr0.05_epochs1_mincount5_ws24_dims300,mannix,0.5788694024085999
angeregte_friederike_training_data_cbow_lr0.05_epochs1_mincount5_ws24_dims300,fremdtäter,0.5775159001350403
angeregte_friederike_training_data_cbow_lr0.05_epochs1_mincount5_ws24_dims300,puffvater,0.5765290856361389
angeregte_friederike_training_data_cbow_lr0.05_epochs1_mincount5_ws24_dims300,jährigesoll,0.5764452815055847
angeregte_friederike_training_data_cbow_lr0.05_epochs1_mincount5_ws24_dims300,jährigte,0.5759971141815186
angeregte_friederike_training_data_cbow_lr0.05_epochs1_mincount5_ws24_dims300,polizistentochter,0.5759015083312988
angeregte_friederike_training_data_cbow_lr0.05_epochs1_mincount5_ws24_dims300,männerdiebin,0.5748270750045776
angeregte_friederike_training_data_cbow_lr0.05_epochs1_mincount5_ws24_dims300,schwanenvater,0.5736963748931885
angeregte_friederike_training_data_cbow_lr0.05_epochs1_mincount5_ws24_dims300,ährige,0.5732702016830444
angeregte_friederike_training_data_cbow_lr0.05_epochs1_mincount5_ws24_dims300,schlüchter,0.5727822184562683
angeregte_friederike_training_data_cbow_lr0.05_epochs1_mincount5_ws24_dims300,freundin,0.5726233720779419
angeregte_friederike_training_data_cbow_lr0.05_epochs1_mincount5_ws24_dims300,lebensgefährtin,0.5723341703414917
angeregte_friederike_training_data_cbow_lr0.05_epochs1_mincount5_ws24_dims300,hasenvater,0.5721491575241089
angeregte_friederike_training_data_cbow_lr0.05_epochs1_mincount5_ws24_dims300,mannewitz,0.5721333026885986
angeregter_lucca_training_data_lower_cbow_lr0.05_epochs1_mincount100_ws5_dims300,mannesmann,0.7195003032684326
angeregter_lucca_training_data_lower_cbow_lr0.05_epochs1_mincount100_ws5_dims300,bursch,0.7095016837120056
angeregter_lucca_training_data_lower_cbow_lr0.05_epochs1_mincount100_ws5_dims300,frau,0.7016662359237671
angeregter_lucca_training_data_lower_cbow_lr0.05_epochs1_mincount100_ws5_dims300,ehemann,0.6890450119972229
angeregter_lucca_training_data_lower_cbow_lr0.05_epochs1_mincount100_ws5_dims300,stiefvater,0.6849786043167114
angeregter_lucca_training_data_lower_cbow_lr0.05_epochs1_mincount100_ws5_dims300,manne,0.6711075901985168
angeregter_lucca_training_data_lower_cbow_lr0.05_epochs1_mincount100_ws5_dims300,bursche,0.6683983206748962
angeregter_lucca_training_data_lower_cbow_lr0.05_epochs1_mincount100_ws5_dims300,lebensgefährte,0.6669212579727173
angeregter_lucca_training_data_lower_cbow_lr0.05_epochs1_mincount100_ws5_dims300,polizist,0.6631016731262207
angeregter_lucca_training_data_lower_cbow_lr0.05_epochs1_mincount100_ws5_dims300,freund,0.6477359533309937
angeregter_lucca_training_data_lower_cbow_lr0.05_epochs1_mincount100_ws5_dims300,schwiegervater,0.6457313299179077
angeregter_lucca_training_data_lower_cbow_lr0.05_epochs1_mincount100_ws5_dims300,bruderpaar,0.6424481272697449
angeregter_lucca_training_data_lower_cbow_lr0.05_epochs1_mincount100_ws5_dims300,vater,0.6409878730773926
angeregter_lucca_training_data_lower_cbow_lr0.05_epochs1_mincount100_ws5_dims300,schwager,0.6348430514335632
angeregter_lucca_training_data_lower_cbow_lr0.05_epochs1_mincount100_ws5_dims300,stiefbruder,0.6301569938659668
angeregter_lucca_training_data_lower_cbow_lr0.05_epochs1_mincount100_ws5_dims300,bruder,0.627130389213562
angeregter_lucca_training_data_lower_cbow_lr0.05_epochs1_mincount100_ws5_dims300,familienvater,0.6262557506561279
angeregter_lucca_training_data_lower_cbow_lr0.05_epochs1_mincount100_ws5_dims300,pensionist,0.6259809136390686
angeregter_lucca_training_data_lower_cbow_lr0.05_epochs1_mincount100_ws5_dims300,kindsvater,0.6253653764724731
angeregter_lucca_training_data_lower_cbow_lr0.05_epochs1_mincount100_ws5_dims300,hehemann,0.6211568117141724
angeregter_lucca_training_data_lower_cbow_lr0.05_epochs1_mincount100_ws5_dims300,jungvater,0.6210447549819946
angeregter_lucca_training_data_lower_cbow_lr0.05_epochs1_mincount100_ws5_dims300,geismann,0.6180599331855774
angeregter_lucca_training_data_lower_cbow_lr0.05_epochs1_mincount100_ws5_dims300,gatte,0.6174839735031128
angeregter_lucca_training_data_lower_cbow_lr0.05_epochs1_mincount100_ws5_dims300,nebenbuhler,0.6160376667976379
angeregter_lucca_training_data_lower_cbow_lr0.05_epochs1_mincount100_ws5_dims300,schmähbruder,0.6122900247573853
angeregter_lucca_training_data_lower_cbow_lr0.05_epochs1_mincount100_ws5_dims300,schünemann,0.610852062702179
angeregter_lucca_training_data_lower_cbow_lr0.05_epochs1_mincount100_ws5_dims300,lebensgefährtin,0.6105830669403076
angeregter_lucca_training_data_lower_cbow_lr0.05_epochs1_mincount100_ws5_dims300,exfreund,0.6082428097724915
angeregter_lucca_training_data_lower_cbow_lr0.05_epochs1_mincount100_ws5_dims300,weltpolizist,0.6077406406402588
angeregter_lucca_training_data_lower_cbow_lr0.05_epochs1_mincount100_ws5_dims300,mofalenker,0.607607901096344
angeregter_lucca_training_data_lower_cbow_lr0.05_epochs1_mincount100_ws5_dims300,wachmann,0.6073129177093506
angeregter_lucca_training_data_lower_cbow_lr0.05_epochs1_mincount100_ws5_dims300,triebtäter,0.6056396961212158
angeregter_lucca_training_data_lower_cbow_lr0.05_epochs1_mincount100_ws5_dims300,dorfpolizist,0.6055423021316528
angeregter_lucca_training_data_lower_cbow_lr0.05_epochs1_mincount100_ws5_dims300,taxilenker,0.6048924326896667
angeregter_lucca_training_data_lower_cbow_lr0.05_epochs1_mincount100_ws5_dims300,mannes,0.603949248790741
angeregter_lucca_training_data_lower_cbow_lr0.05_epochs1_mincount100_ws5_dims300,streifenpolizist,0.6019135117530823
angeregter_lucca_training_data_lower_cbow_lr0.05_epochs1_mincount100_ws5_dims300,hausfreund,0.600078821182251
angeregter_lucca_training_data_lower_cbow_lr0.05_epochs1_mincount100_ws5_dims300,malier,0.5998633503913879
angeregter_lucca_training_data_lower_cbow_lr0.05_epochs1_mincount100_ws5_dims300,hausmann,0.5973057746887207
angeregter_lucca_training_data_lower_cbow_lr0.05_epochs1_mincount100_ws5_dims300,taxilenkerin,0.5967893004417419
angeregter_lucca_training_data_lower_cbow_lr0.05_epochs1_mincount100_ws5_dims300,mithäftling,0.5960854291915894
angeregter_lucca_training_data_lower_cbow_lr0.05_epochs1_mincount100_ws5_dims300,stiefsohn,0.5953496098518372
angeregter_lucca_training_data_lower_cbow_lr0.05_epochs1_mincount100_ws5_dims300,altvater,0.5940781235694885
angeregter_lucca_training_data_lower_cbow_lr0.05_epochs1_mincount100_ws5_dims300,lebensgefährten,0.593825101852417
angeregter_lucca_training_data_lower_cbow_lr0.05_epochs1_mincount100_ws5_dims300,lebemann,0.5932639241218567
angeregter_lucca_training_data_lower_cbow_lr0.05_epochs1_mincount100_ws5_dims300,polizistin,0.593106210231781
angeregter_lucca_training_data_lower_cbow_lr0.05_epochs1_mincount100_ws5_dims300,brudermann,0.5927859544754028
angeregter_lucca_training_data_lower_cbow_lr0.05_epochs1_mincount100_ws5_dims300,motorradpolizist,0.591712474822998
angeregter_lucca_training_data_lower_cbow_lr0.05_epochs1_mincount100_ws5_dims300,teenager,0.5899924039840698
angeregter_lucca_training_data_lower_cbow_lr0.05_epochs1_mincount100_ws5_dims300,mitbruder,0.589478075504303
angeregter_lucca_training_data_lower_cbow_lr0.05_epochs1_mincount100_ws5_dims300,halbbruder,0.5881599187850952
angeregter_lucca_training_data_lower_cbow_lr0.05_epochs1_mincount100_ws5_dims300,mofalenkerin,0.5877976417541504
angeregter_lucca_training_data_lower_cbow_lr0.05_epochs1_mincount100_ws5_dims300,unfalllenker,0.5866047739982605
angeregter_lucca_training_data_lower_cbow_lr0.05_epochs1_mincount100_ws5_dims300,storchenvater,0.5857371091842651
angeregter_lucca_training_data_lower_cbow_lr0.05_epochs1_mincount100_ws5_dims300,polizeibeamter,0.5850197076797485
angeregter_lucca_training_data_lower_cbow_lr0.05_epochs1_mincount100_ws5_dims300,chauffeur,0.5848594903945923
angeregter_lucca_training_data_lower_cbow_lr0.05_epochs1_mincount100_ws5_dims300,schlenker,0.5846267938613892
angeregter_lucca_training_data_lower_cbow_lr0.05_epochs1_mincount100_ws5_dims300,unfalllenkerin,0.58448725938797
angeregter_lucca_training_data_lower_cbow_lr0.05_epochs1_mincount100_ws5_dims300,mannequin,0.5836730599403381
angeregter_lucca_training_data_lower_cbow_lr0.05_epochs1_mincount100_ws5_dims300,schliemann,0.5836622714996338
angeregter_lucca_training_data_lower_cbow_lr0.05_epochs1_mincount100_ws5_dims300,freundin,0.583433210849762
angeregter_lucca_training_data_lower_cbow_lr0.05_epochs1_mincount100_ws5_dims300,großcousin,0.5830171704292297
angeregter_lucca_training_data_lower_cbow_lr0.05_epochs1_mincount100_ws5_dims300,v-mann,0.5828307271003723
angeregter_lucca_training_data_lower_cbow_lr0.05_epochs1_mincount100_ws5_dims300,sextäter,0.5809231400489807
angeregter_lucca_training_data_lower_cbow_lr0.05_epochs1_mincount100_ws5_dims300,stammvater,0.5807571411132812
angeregter_lucca_training_data_lower_cbow_lr0.05_epochs1_mincount100_ws5_dims300,rumäne,0.5807249546051025
angeregter_lucca_training_data_lower_cbow_lr0.05_epochs1_mincount100_ws5_dims300,burschis,0.5804663300514221
angeregter_lucca_training_data_lower_cbow_lr0.05_epochs1_mincount100_ws5_dims300,polizeibeamtin,0.5802499055862427
angeregter_lucca_training_data_lower_cbow_lr0.05_epochs1_mincount100_ws5_dims300,komplize,0.5790084600448608
angeregter_lucca_training_data_lower_cbow_lr0.05_epochs1_mincount100_ws5_dims300,todeslenker,0.5782698392868042
angeregter_lucca_training_data_lower_cbow_lr0.05_epochs1_mincount100_ws5_dims300,kindesvater,0.578212320804596
angeregter_lucca_training_data_lower_cbow_lr0.05_epochs1_mincount100_ws5_dims300,sohnemann,0.5776817202568054
angeregter_lucca_training_data_lower_cbow_lr0.05_epochs1_mincount100_ws5_dims300,jugendfreund,0.5776076316833496
angeregter_lucca_training_data_lower_cbow_lr0.05_epochs1_mincount100_ws5_dims300,männerkörper,0.5763633847236633
angeregter_lucca_training_data_lower_cbow_lr0.05_epochs1_mincount100_ws5_dims300,amoklenker,0.5758872628211975
angeregter_lucca_training_data_lower_cbow_lr0.05_epochs1_mincount100_ws5_dims300,kameradin,0.5739743709564209
angeregter_lucca_training_data_lower_cbow_lr0.05_epochs1_mincount100_ws5_dims300,pensionistin,0.5733768343925476
angeregter_lucca_training_data_lower_cbow_lr0.05_epochs1_mincount100_ws5_dims300,kellnerin,0.5733551383018494
angeregter_lucca_training_data_lower_cbow_lr0.05_epochs1_mincount100_ws5_dims300,buber,0.5730690360069275
angeregter_lucca_training_data_lower_cbow_lr0.05_epochs1_mincount100_ws5_dims300,passantin,0.5726932287216187
angeregter_lucca_training_data_lower_cbow_lr0.05_epochs1_mincount100_ws5_dims300,burschikose,0.5717286467552185
angeregter_lucca_training_data_lower_cbow_lr0.05_epochs1_mincount100_ws5_dims300,haupttäter,0.5701394081115723
angeregter_lucca_training_data_lower_cbow_lr0.05_epochs1_mincount100_ws5_dims300,polizistenmörder,0.567430317401886
angeregter_lucca_training_data_lower_cbow_lr0.05_epochs1_mincount100_ws5_dims300,sohn,0.5673158764839172
angeregter_lucca_training_data_lower_cbow_lr0.05_epochs1_mincount100_ws5_dims300,exmann,0.5671748518943787
angeregter_lucca_training_data_lower_cbow_lr0.05_epochs1_mincount100_ws5_dims300,nachbarin,0.566996693611145
angeregter_lucca_training_data_lower_cbow_lr0.05_epochs1_mincount100_ws5_dims300,beifahrer,0.566190242767334
angeregter_lucca_training_data_lower_cbow_lr0.05_epochs1_mincount100_ws5_dims300,großvater,0.5655668377876282
angeregter_lucca_training_data_lower_cbow_lr0.05_epochs1_mincount100_ws5_dims300,manna,0.5653126835823059
angeregter_lucca_training_data_lower_cbow_lr0.05_epochs1_mincount100_ws5_dims300,bruderzwist,0.5651208758354187
angeregter_lucca_training_data_lower_cbow_lr0.05_epochs1_mincount100_ws5_dims300,ehemannes,0.5651167035102844
angeregter_lucca_training_data_lower_cbow_lr0.05_epochs1_mincount100_ws5_dims300,nebenbuhlerin,0.5646477341651917
angeregter_lucca_training_data_lower_cbow_lr0.05_epochs1_mincount100_ws5_dims300,brautvater,0.5629568099975586
angeregter_lucca_training_data_lower_cbow_lr0.05_epochs1_mincount100_ws5_dims300,burschi,0.5627191662788391
angeregter_lucca_training_data_lower_cbow_lr0.05_epochs1_mincount100_ws5_dims300,gottvater,0.5622918009757996
angeregter_lucca_training_data_lower_cbow_lr0.05_epochs1_mincount100_ws5_dims300,lokalbesitzerin,0.5618473291397095
angeregter_lucca_training_data_lower_cbow_lr0.05_epochs1_mincount100_ws5_dims300,jüngling,0.5614310503005981
angeregter_lucca_training_data_lower_cbow_lr0.05_epochs1_mincount100_ws5_dims300,ordensbruder,0.5612768530845642
angeregter_lucca_training_data_lower_cbow_lr0.05_epochs1_mincount100_ws5_dims300,täter,0.5606832504272461
angeregter_lucca_training_data_lower_cbow_lr0.05_epochs1_mincount100_ws5_dims300,er,0.5606245994567871
lebendiger_paul_training_data_cbow_lr0.05_epochs1_mincount10_ws12_dims300,mannn,0.8406738638877869
lebendiger_paul_training_data_cbow_lr0.05_epochs1_mincount10_ws12_dims300,b-mann,0.7743901610374451
lebendiger_paul_training_data_cbow_lr0.05_epochs1_mincount10_ws12_dims300,v-mann,0.7528495192527771
lebendiger_paul_training_data_cbow_lr0.05_epochs1_mincount10_ws12_dims300,mannesmann,0.726615846157074
lebendiger_paul_training_data_cbow_lr0.05_epochs1_mincount10_ws12_dims300,frau,0.7124637961387634
lebendiger_paul_training_data_cbow_lr0.05_epochs1_mincount10_ws12_dims300,manne,0.7099983096122742
lebendiger_paul_training_data_cbow_lr0.05_epochs1_mincount10_ws12_dims300,manneh,0.7059410214424133
lebendiger_paul_training_data_cbow_lr0.05_epochs1_mincount10_ws12_dims300,mannmit,0.7041443586349487
lebendiger_paul_training_data_cbow_lr0.05_epochs1_mincount10_ws12_dims300,stiefvater,0.676948606967926
lebendiger_paul_training_data_cbow_lr0.05_epochs1_mincount10_ws12_dims300,mannott,0.6735135316848755
lebendiger_paul_training_data_cbow_lr0.05_epochs1_mincount10_ws12_dims300,jährigein,0.6695559024810791
lebendiger_paul_training_data_cbow_lr0.05_epochs1_mincount10_ws12_dims300,jähriger,0.665286660194397
lebendiger_paul_training_data_cbow_lr0.05_epochs1_mincount10_ws12_dims300,m-mann,0.6615804433822632
lebendiger_paul_training_data_cbow_lr0.05_epochs1_mincount10_ws12_dims300,mannlgrat,0.660977303981781
lebendiger_paul_training_data_cbow_lr0.05_epochs1_mincount10_ws12_dims300,bursch,0.6592035293579102
lebendiger_paul_training_data_cbow_lr0.05_epochs1_mincount10_ws12_dims300,polizist,0.6574214100837708
lebendiger_paul_training_data_cbow_lr0.05_epochs1_mincount10_ws12_dims300,mannweib,0.6553431749343872
lebendiger_paul_training_data_cbow_lr0.05_epochs1_mincount10_ws12_dims300,mannweiber,0.6528456807136536
lebendiger_paul_training_data_cbow_lr0.05_epochs1_mincount10_ws12_dims300,mannel,0.6520212888717651
lebendiger_paul_training_data_cbow_lr0.05_epochs1_mincount10_ws12_dims300,jährigeam,0.651827335357666
lebendiger_paul_training_data_cbow_lr0.05_epochs1_mincount10_ws12_dims300,jungpolizist,0.6514024138450623
lebendiger_paul_training_data_cbow_lr0.05_epochs1_mincount10_ws12_dims300,mannesmut,0.650052547454834
lebendiger_paul_training_data_cbow_lr0.05_epochs1_mincount10_ws12_dims300,männerfreund,0.6468819975852966
lebendiger_paul_training_data_cbow_lr0.05_epochs1_mincount10_ws12_dims300,mannit,0.6453598141670227
lebendiger_paul_training_data_cbow_lr0.05_epochs1_mincount10_ws12_dims300,mannesstamm,0.6428892016410828
lebendiger_paul_training_data_cbow_lr0.05_epochs1_mincount10_ws12_dims300,jährigehatte,0.6417334675788879
lebendiger_paul_training_data_cbow_lr0.05_epochs1_mincount10_ws12_dims300,freund,0.641510009765625
lebendiger_paul_training_data_cbow_lr0.05_epochs1_mincount10_ws12_dims300,mannomann,0.6411230564117432
lebendiger_paul_training_data_cbow_lr0.05_epochs1_mincount10_ws12_dims300,mannose,0.6397507190704346
lebendiger_paul_training_data_cbow_lr0.05_epochs1_mincount10_ws12_dims300,jährigenin,0.6369695663452148
lebendiger_paul_training_data_cbow_lr0.05_epochs1_mincount10_ws12_dims300,lebensgefährte,0.6363896131515503
lebendiger_paul_training_data_cbow_lr0.05_epochs1_mincount10_ws12_dims300,ehemann,0.6351646780967712
lebendiger_paul_training_data_cbow_lr0.05_epochs1_mincount10_ws12_dims300,mannus,0.6348109245300293
lebendiger_paul_training_data_cbow_lr0.05_epochs1_mincount10_ws12_dims300,jährigeaus,0.6332905292510986
lebendiger_paul_training_data_cbow_lr0.05_epochs1_mincount10_ws12_dims300,mannes,0.6312278509140015
lebendiger_paul_training_data_cbow_lr0.05_epochs1_mincount10_ws12_dims300,stiefväter,0.6307781338691711
lebendiger_paul_training_data_cbow_lr0.05_epochs1_mincount10_ws12_dims300,vater,0.6303638815879822
lebendiger_paul_training_data_cbow_lr0.05_epochs1_mincount10_ws12_dims300,stiefbruder,0.6282466053962708
lebendiger_paul_training_data_cbow_lr0.05_epochs1_mincount10_ws12_dims300,manney,0.6270809769630432
lebendiger_paul_training_data_cbow_lr0.05_epochs1_mincount10_ws12_dims300,triebtäter,0.6247794032096863
lebendiger_paul_training_data_cbow_lr0.05_epochs1_mincount10_ws12_dims300,manned,0.6246780157089233
lebendiger_paul_training_data_cbow_lr0.05_epochs1_mincount10_ws12_dims300,jährie,0.624093770980835
lebendiger_paul_training_data_cbow_lr0.05_epochs1_mincount10_ws12_dims300,bursche,0.6214188933372498
lebendiger_paul_training_data_cbow_lr0.05_epochs1_mincount10_ws12_dims300,männerpaar,0.6171845197677612
lebendiger_paul_training_data_cbow_lr0.05_epochs1_mincount10_ws12_dims300,stiefsohn,0.616018533706665
lebendiger_paul_training_data_cbow_lr0.05_epochs1_mincount10_ws12_dims300,mannys,0.6153152585029602
lebendiger_paul_training_data_cbow_lr0.05_epochs1_mincount10_ws12_dims300,polizistentochter,0.613731861114502
lebendiger_paul_training_data_cbow_lr0.05_epochs1_mincount10_ws12_dims300,lebensgefährtin,0.6132172346115112
lebendiger_paul_training_data_cbow_lr0.05_epochs1_mincount10_ws12_dims300,polizeibeamter,0.6127477288246155
lebendiger_paul_training_data_cbow_lr0.05_epochs1_mincount10_ws12_dims300,jährigewurde,0.6123355031013489
lebendiger_paul_training_data_cbow_lr0.05_epochs1_mincount10_ws12_dims300,jährig,0.612253725528717
lebendiger_paul_training_data_cbow_lr0.05_epochs1_mincount10_ws12_dims300,bruder,0.6107161641120911
lebendiger_paul_training_data_cbow_lr0.05_epochs1_mincount10_ws12_dims300,mannan,0.6094483137130737
lebendiger_paul_training_data_cbow_lr0.05_epochs1_mincount10_ws12_dims300,tatverdächtig,0.6088041663169861
lebendiger_paul_training_data_cbow_lr0.05_epochs1_mincount10_ws12_dims300,manneskraft,0.6085983514785767
lebendiger_paul_training_data_cbow_lr0.05_epochs1_mincount10_ws12_dims300,bruderpaar,0.6073017120361328
lebendiger_paul_training_data_cbow_lr0.05_epochs1_mincount10_ws12_dims300,blutsbruder,0.6066926121711731
lebendiger_paul_training_data_cbow_lr0.05_epochs1_mincount10_ws12_dims300,männner,0.6057498455047607
lebendiger_paul_training_data_cbow_lr0.05_epochs1_mincount10_ws12_dims300,fremdtäter,0.6054338216781616
lebendiger_paul_training_data_cbow_lr0.05_epochs1_mincount10_ws12_dims300,tater,0.605079710483551
lebendiger_paul_training_data_cbow_lr0.05_epochs1_mincount10_ws12_dims300,mannesalter,0.6040083169937134
lebendiger_paul_training_data_cbow_lr0.05_epochs1_mincount10_ws12_dims300,mannewitz,0.6037729382514954
lebendiger_paul_training_data_cbow_lr0.05_epochs1_mincount10_ws12_dims300,polizistenpaar,0.6034324169158936
lebendiger_paul_training_data_cbow_lr0.05_epochs1_mincount10_ws12_dims300,näter,0.6028677821159363
lebendiger_paul_training_data_cbow_lr0.05_epochs1_mincount10_ws12_dims300,lebensgefährt,0.6021225452423096
lebendiger_paul_training_data_cbow_lr0.05_epochs1_mincount10_ws12_dims300,schwager,0.6020340919494629
lebendiger_paul_training_data_cbow_lr0.05_epochs1_mincount10_ws12_dims300,jähn,0.6008967161178589
lebendiger_paul_training_data_cbow_lr0.05_epochs1_mincount10_ws12_dims300,männerkörper,0.6007599234580994
lebendiger_paul_training_data_cbow_lr0.05_epochs1_mincount10_ws12_dims300,kindsvater,0.6002084612846375
lebendiger_paul_training_data_cbow_lr0.05_epochs1_mincount10_ws12_dims300,mannequin,0.5998539328575134
lebendiger_paul_training_data_cbow_lr0.05_epochs1_mincount10_ws12_dims300,jährigewar,0.5995041131973267
lebendiger_paul_training_data_cbow_lr0.05_epochs1_mincount10_ws12_dims300,nachbarmädchen,0.5987878441810608
lebendiger_paul_training_data_cbow_lr0.05_epochs1_mincount10_ws12_dims300,streifer,0.5982845425605774
lebendiger_paul_training_data_cbow_lr0.05_epochs1_mincount10_ws12_dims300,gatte,0.5979134440422058
lebendiger_paul_training_data_cbow_lr0.05_epochs1_mincount10_ws12_dims300,polizeibeamtin,0.5977638959884644
lebendiger_paul_training_data_cbow_lr0.05_epochs1_mincount10_ws12_dims300,manno,0.5977119207382202
lebendiger_paul_training_data_cbow_lr0.05_epochs1_mincount10_ws12_dims300,stieftocher,0.5975462794303894
lebendiger_paul_training_data_cbow_lr0.05_epochs1_mincount10_ws12_dims300,freundin,0.5973129272460938
lebendiger_paul_training_data_cbow_lr0.05_epochs1_mincount10_ws12_dims300,expolizist,0.5972151160240173
lebendiger_paul_training_data_cbow_lr0.05_epochs1_mincount10_ws12_dims300,tatverdächtige,0.5966542363166809
lebendiger_paul_training_data_cbow_lr0.05_epochs1_mincount10_ws12_dims300,streifenpolizist,0.5962995290756226
lebendiger_paul_training_data_cbow_lr0.05_epochs1_mincount10_ws12_dims300,jährige,0.5962355136871338
lebendiger_paul_training_data_cbow_lr0.05_epochs1_mincount10_ws12_dims300,jährigemit,0.5958144068717957
lebendiger_paul_training_data_cbow_lr0.05_epochs1_mincount10_ws12_dims300,scheinvater,0.5953873991966248
lebendiger_paul_training_data_cbow_lr0.05_epochs1_mincount10_ws12_dims300,polizistensohn,0.5948063135147095
lebendiger_paul_training_data_cbow_lr0.05_epochs1_mincount10_ws12_dims300,tatverdächtiger,0.5941354632377625
lebendiger_paul_training_data_cbow_lr0.05_epochs1_mincount10_ws12_dims300,tatler,0.5934666395187378
lebendiger_paul_training_data_cbow_lr0.05_epochs1_mincount10_ws12_dims300,täterpaar,0.5932426452636719
lebendiger_paul_training_data_cbow_lr0.05_epochs1_mincount10_ws12_dims300,männeroberkörper,0.5922528505325317
lebendiger_paul_training_data_cbow_lr0.05_epochs1_mincount10_ws12_dims300,wachebeamter,0.5916182398796082
lebendiger_paul_training_data_cbow_lr0.05_epochs1_mincount10_ws12_dims300,thäter,0.5915710926055908
lebendiger_paul_training_data_cbow_lr0.05_epochs1_mincount10_ws12_dims300,schopftintling,0.5910763740539551
lebendiger_paul_training_data_cbow_lr0.05_epochs1_mincount10_ws12_dims300,weltpolizist,0.5906587243080139
lebendiger_paul_training_data_cbow_lr0.05_epochs1_mincount10_ws12_dims300,mädchenmörder,0.590386688709259
lebendiger_paul_training_data_cbow_lr0.05_epochs1_mincount10_ws12_dims300,manngold,0.5903530716896057
lebendiger_paul_training_data_cbow_lr0.05_epochs1_mincount10_ws12_dims300,mannichl,0.5897300839424133
lebendiger_paul_training_data_cbow_lr0.05_epochs1_mincount10_ws12_dims300,häfnbruder,0.5894888043403625
lebendiger_paul_training_data_cbow_lr0.05_epochs1_mincount10_ws12_dims300,raufer,0.5893691182136536
lebendiger_paul_training_data_cbow_lr0.05_epochs1_mincount10_ws12_dims300,blechpolizist,0.5883797407150269
lebendiger_paul_training_data_cbow_lr0.05_epochs1_mincount10_ws12_dims300,falier,0.5881108045578003
vitale_stella_training_data_lower_cbow_lr0.05_epochs1_mincount10_ws6_dims300,mannn,0.8291491270065308
vitale_stella_training_data_lower_cbow_lr0.05_epochs1_mincount10_ws6_dims300,mannesmann,0.7609556913375854
vitale_stella_training_data_lower_cbow_lr0.05_epochs1_mincount10_ws6_dims300,bursch,0.7353401184082031
vitale_stella_training_data_lower_cbow_lr0.05_epochs1_mincount10_ws6_dims300,mannomann,0.7130222916603088
vitale_stella_training_data_lower_cbow_lr0.05_epochs1_mincount10_ws6_dims300,frau,0.7060468792915344
vitale_stella_training_data_lower_cbow_lr0.05_epochs1_mincount10_ws6_dims300,ehemann,0.702993631362915
vitale_stella_training_data_lower_cbow_lr0.05_epochs1_mincount10_ws6_dims300,stiefvater,0.6981760859489441
vitale_stella_training_data_lower_cbow_lr0.05_epochs1_mincount10_ws6_dims300,bursche,0.695195198059082
vitale_stella_training_data_lower_cbow_lr0.05_epochs1_mincount10_ws6_dims300,jungpolizist,0.6944111585617065
vitale_stella_training_data_lower_cbow_lr0.05_epochs1_mincount10_ws6_dims300,manne,0.6866726875305176
vitale_stella_training_data_lower_cbow_lr0.05_epochs1_mincount10_ws6_dims300,jungehemann,0.6862088441848755
vitale_stella_training_data_lower_cbow_lr0.05_epochs1_mincount10_ws6_dims300,männerfreund,0.6860082745552063
vitale_stella_training_data_lower_cbow_lr0.05_epochs1_mincount10_ws6_dims300,ahnvater,0.6825633645057678
vitale_stella_training_data_lower_cbow_lr0.05_epochs1_mincount10_ws6_dims300,mannmit,0.6797968745231628
vitale_stella_training_data_lower_cbow_lr0.05_epochs1_mincount10_ws6_dims300,mannlgrat,0.6796557307243347
vitale_stella_training_data_lower_cbow_lr0.05_epochs1_mincount10_ws6_dims300,manneh,0.6791178584098816
vitale_stella_training_data_lower_cbow_lr0.05_epochs1_mincount10_ws6_dims300,lebensgefährte,0.6784492135047913
vitale_stella_training_data_lower_cbow_lr0.05_epochs1_mincount10_ws6_dims300,mannesmut,0.6766922473907471
vitale_stella_training_data_lower_cbow_lr0.05_epochs1_mincount10_ws6_dims300,mannott,0.6766471266746521
vitale_stella_training_data_lower_cbow_lr0.05_epochs1_mincount10_ws6_dims300,schwiegervater,0.6753314137458801
vitale_stella_training_data_lower_cbow_lr0.05_epochs1_mincount10_ws6_dims300,polizist,0.6743701100349426
vitale_stella_training_data_lower_cbow_lr0.05_epochs1_mincount10_ws6_dims300,schwager,0.671613872051239
vitale_stella_training_data_lower_cbow_lr0.05_epochs1_mincount10_ws6_dims300,hausvater,0.6682365536689758
vitale_stella_training_data_lower_cbow_lr0.05_epochs1_mincount10_ws6_dims300,mannweiber,0.667188286781311
vitale_stella_training_data_lower_cbow_lr0.05_epochs1_mincount10_ws6_dims300,jungvater,0.6645515561103821
vitale_stella_training_data_lower_cbow_lr0.05_epochs1_mincount10_ws6_dims300,geismann,0.6620465517044067
vitale_stella_training_data_lower_cbow_lr0.05_epochs1_mincount10_ws6_dims300,rabenvater,0.6614974141120911
vitale_stella_training_data_lower_cbow_lr0.05_epochs1_mincount10_ws6_dims300,halbruder,0.6613996624946594
vitale_stella_training_data_lower_cbow_lr0.05_epochs1_mincount10_ws6_dims300,vater,0.6596572399139404
vitale_stella_training_data_lower_cbow_lr0.05_epochs1_mincount10_ws6_dims300,polizistensohn,0.6580009460449219
vitale_stella_training_data_lower_cbow_lr0.05_epochs1_mincount10_ws6_dims300,familienvater,0.6559391617774963
vitale_stella_training_data_lower_cbow_lr0.05_epochs1_mincount10_ws6_dims300,mannweib,0.6558679938316345
vitale_stella_training_data_lower_cbow_lr0.05_epochs1_mincount10_ws6_dims300,mannesstamm,0.6555768251419067
vitale_stella_training_data_lower_cbow_lr0.05_epochs1_mincount10_ws6_dims300,streifer,0.6552698612213135
vitale_stella_training_data_lower_cbow_lr0.05_epochs1_mincount10_ws6_dims300,gatte,0.6541972756385803
vitale_stella_training_data_lower_cbow_lr0.05_epochs1_mincount10_ws6_dims300,hehemann,0.6534937620162964
vitale_stella_training_data_lower_cbow_lr0.05_epochs1_mincount10_ws6_dims300,stiefbruder,0.6527957320213318
vitale_stella_training_data_lower_cbow_lr0.05_epochs1_mincount10_ws6_dims300,freund,0.6503632068634033
vitale_stella_training_data_lower_cbow_lr0.05_epochs1_mincount10_ws6_dims300,polizistentochter,0.6497981548309326
vitale_stella_training_data_lower_cbow_lr0.05_epochs1_mincount10_ws6_dims300,falier,0.6495523452758789
vitale_stella_training_data_lower_cbow_lr0.05_epochs1_mincount10_ws6_dims300,scheinvater,0.6493808627128601
vitale_stella_training_data_lower_cbow_lr0.05_epochs1_mincount10_ws6_dims300,mannewitz,0.6491941809654236
vitale_stella_training_data_lower_cbow_lr0.05_epochs1_mincount10_ws6_dims300,geistesbruder,0.6484797596931458
vitale_stella_training_data_lower_cbow_lr0.05_epochs1_mincount10_ws6_dims300,mannose,0.6473763585090637
vitale_stella_training_data_lower_cbow_lr0.05_epochs1_mincount10_ws6_dims300,bruderpaar,0.6455581784248352
vitale_stella_training_data_lower_cbow_lr0.05_epochs1_mincount10_ws6_dims300,nebenbuhler,0.6447603106498718
vitale_stella_training_data_lower_cbow_lr0.05_epochs1_mincount10_ws6_dims300,mannit,0.644415557384491
vitale_stella_training_data_lower_cbow_lr0.05_epochs1_mincount10_ws6_dims300,mannel,0.6432238221168518
vitale_stella_training_data_lower_cbow_lr0.05_epochs1_mincount10_ws6_dims300,kindsvater,0.6432183980941772
vitale_stella_training_data_lower_cbow_lr0.05_epochs1_mincount10_ws6_dims300,bruder,0.6421571969985962
vitale_stella_training_data_lower_cbow_lr0.05_epochs1_mincount10_ws6_dims300,pensionist,0.6419873833656311
vitale_stella_training_data_lower_cbow_lr0.05_epochs1_mincount10_ws6_dims300,schlagfrau,0.6419384479522705
vitale_stella_training_data_lower_cbow_lr0.05_epochs1_mincount10_ws6_dims300,fremdtäter,0.641636848449707
vitale_stella_training_data_lower_cbow_lr0.05_epochs1_mincount10_ws6_dims300,häfnbruder,0.6412248611450195
vitale_stella_training_data_lower_cbow_lr0.05_epochs1_mincount10_ws6_dims300,halsmann,0.6405999660491943
vitale_stella_training_data_lower_cbow_lr0.05_epochs1_mincount10_ws6_dims300,jungpensionist,0.6404979228973389
vitale_stella_training_data_lower_cbow_lr0.05_epochs1_mincount10_ws6_dims300,bruderer,0.6399428248405457
vitale_stella_training_data_lower_cbow_lr0.05_epochs1_mincount10_ws6_dims300,mannes,0.6397138833999634
vitale_stella_training_data_lower_cbow_lr0.05_epochs1_mincount10_ws6_dims300,graufreund,0.6396636962890625
vitale_stella_training_data_lower_cbow_lr0.05_epochs1_mincount10_ws6_dims300,brudermörder,0.6382353901863098
vitale_stella_training_data_lower_cbow_lr0.05_epochs1_mincount10_ws6_dims300,halbbruder,0.6381327509880066
vitale_stella_training_data_lower_cbow_lr0.05_epochs1_mincount10_ws6_dims300,schwippschwager,0.638095498085022
vitale_stella_training_data_lower_cbow_lr0.05_epochs1_mincount10_ws6_dims300,weltpolizist,0.6379903554916382
vitale_stella_training_data_lower_cbow_lr0.05_epochs1_mincount10_ws6_dims300,schariapolizist,0.6378968954086304
vitale_stella_training_data_lower_cbow_lr0.05_epochs1_mincount10_ws6_dims300,blutsbruder,0.6375365257263184
vitale_stella_training_data_lower_cbow_lr0.05_epochs1_mincount10_ws6_dims300,jährigein,0.6370775103569031
vitale_stella_training_data_lower_cbow_lr0.05_epochs1_mincount10_ws6_dims300,hausbursche,0.636839747428894
vitale_stella_training_data_lower_cbow_lr0.05_epochs1_mincount10_ws6_dims300,nbruder,0.6368364095687866
vitale_stella_training_data_lower_cbow_lr0.05_epochs1_mincount10_ws6_dims300,pistolenmann,0.6360828280448914
vitale_stella_training_data_lower_cbow_lr0.05_epochs1_mincount10_ws6_dims300,wachmann,0.6359753608703613
vitale_stella_training_data_lower_cbow_lr0.05_epochs1_mincount10_ws6_dims300,triebtäter,0.6356843709945679
vitale_stella_training_data_lower_cbow_lr0.05_epochs1_mincount10_ws6_dims300,seelenbruder,0.6349504590034485
vitale_stella_training_data_lower_cbow_lr0.05_epochs1_mincount10_ws6_dims300,wasmann,0.6339696645736694
vitale_stella_training_data_lower_cbow_lr0.05_epochs1_mincount10_ws6_dims300,mannus,0.6332578063011169
vitale_stella_training_data_lower_cbow_lr0.05_epochs1_mincount10_ws6_dims300,mofalenker,0.6319053173065186
vitale_stella_training_data_lower_cbow_lr0.05_epochs1_mincount10_ws6_dims300,malier,0.6314830183982849
vitale_stella_training_data_lower_cbow_lr0.05_epochs1_mincount10_ws6_dims300,taxilenker,0.6314252018928528
vitale_stella_training_data_lower_cbow_lr0.05_epochs1_mincount10_ws6_dims300,männner,0.6297450661659241
vitale_stella_training_data_lower_cbow_lr0.05_epochs1_mincount10_ws6_dims300,erzvater,0.6295323967933655
vitale_stella_training_data_lower_cbow_lr0.05_epochs1_mincount10_ws6_dims300,salier,0.629237949848175
vitale_stella_training_data_lower_cbow_lr0.05_epochs1_mincount10_ws6_dims300,enker,0.6289287209510803
vitale_stella_training_data_lower_cbow_lr0.05_epochs1_mincount10_ws6_dims300,stieftocher,0.6288970708847046
vitale_stella_training_data_lower_cbow_lr0.05_epochs1_mincount10_ws6_dims300,alkohollenker,0.6288759708404541
vitale_stella_training_data_lower_cbow_lr0.05_epochs1_mincount10_ws6_dims300,gestänker,0.6285368800163269
vitale_stella_training_data_lower_cbow_lr0.05_epochs1_mincount10_ws6_dims300,nochehemann,0.6284093856811523
vitale_stella_training_data_lower_cbow_lr0.05_epochs1_mincount10_ws6_dims300,manney,0.628276526927948
vitale_stella_training_data_lower_cbow_lr0.05_epochs1_mincount10_ws6_dims300,spitzenpolizist,0.6281325221061707
vitale_stella_training_data_lower_cbow_lr0.05_epochs1_mincount10_ws6_dims300,knastbruder,0.6279734373092651
vitale_stella_training_data_lower_cbow_lr0.05_epochs1_mincount10_ws6_dims300,buber,0.6279378533363342
vitale_stella_training_data_lower_cbow_lr0.05_epochs1_mincount10_ws6_dims300,mädchenmörder,0.627929151058197
vitale_stella_training_data_lower_cbow_lr0.05_epochs1_mincount10_ws6_dims300,vatertier,0.6277638077735901
vitale_stella_training_data_lower_cbow_lr0.05_epochs1_mincount10_ws6_dims300,streifenpolizist,0.6275030970573425
vitale_stella_training_data_lower_cbow_lr0.05_epochs1_mincount10_ws6_dims300,schopftintling,0.6266429424285889
vitale_stella_training_data_lower_cbow_lr0.05_epochs1_mincount10_ws6_dims300,jungkater,0.6262847185134888
vitale_stella_training_data_lower_cbow_lr0.05_epochs1_mincount10_ws6_dims300,jungpolizistin,0.625952959060669
vitale_stella_training_data_lower_cbow_lr0.05_epochs1_mincount10_ws6_dims300,hausmann,0.6259356141090393
vitale_stella_training_data_lower_cbow_lr0.05_epochs1_mincount10_ws6_dims300,näter,0.625720739364624
vitale_stella_training_data_lower_cbow_lr0.05_epochs1_mincount10_ws6_dims300,alklenker,0.6256009936332703
vitale_stella_training_data_lower_cbow_lr0.05_epochs1_mincount10_ws6_dims300,vollbruder,0.6255958080291748
vitale_stella_training_data_lower_cbow_lr0.05_epochs1_mincount10_ws6_dims300,stiefgroßvater,0.6255764961242676
mutige_julia_training_data_lower_cbow_lr0.05_epochs1_mincount50_ws6_dims300,mannesmann,0.7354413866996765
mutige_julia_training_data_lower_cbow_lr0.05_epochs1_mincount50_ws6_dims300,frau,0.7261021137237549
mutige_julia_training_data_lower_cbow_lr0.05_epochs1_mincount50_ws6_dims300,bursch,0.725496232509613
mutige_julia_training_data_lower_cbow_lr0.05_epochs1_mincount50_ws6_dims300,stiefvater,0.6874178647994995
mutige_julia_training_data_lower_cbow_lr0.05_epochs1_mincount50_ws6_dims300,ehemann,0.6854562163352966
mutige_julia_training_data_lower_cbow_lr0.05_epochs1_mincount50_ws6_dims300,lebensgefährte,0.6806800365447998
mutige_julia_training_data_lower_cbow_lr0.05_epochs1_mincount50_ws6_dims300,bursche,0.6775087118148804
mutige_julia_training_data_lower_cbow_lr0.05_epochs1_mincount50_ws6_dims300,manne,0.6762165427207947
mutige_julia_training_data_lower_cbow_lr0.05_epochs1_mincount50_ws6_dims300,polizist,0.6704810857772827
mutige_julia_training_data_lower_cbow_lr0.05_epochs1_mincount50_ws6_dims300,freund,0.648802638053894
mutige_julia_training_data_lower_cbow_lr0.05_epochs1_mincount50_ws6_dims300,schwiegervater,0.6422368884086609
mutige_julia_training_data_lower_cbow_lr0.05_epochs1_mincount50_ws6_dims300,vater,0.6421170234680176
mutige_julia_training_data_lower_cbow_lr0.05_epochs1_mincount50_ws6_dims300,schwager,0.6420238018035889
mutige_julia_training_data_lower_cbow_lr0.05_epochs1_mincount50_ws6_dims300,jungvater,0.6387887001037598
mutige_julia_training_data_lower_cbow_lr0.05_epochs1_mincount50_ws6_dims300,manneh,0.6380977630615234
mutige_julia_training_data_lower_cbow_lr0.05_epochs1_mincount50_ws6_dims300,gatte,0.6366201639175415
mutige_julia_training_data_lower_cbow_lr0.05_epochs1_mincount50_ws6_dims300,polizistensohn,0.6333469748497009
mutige_julia_training_data_lower_cbow_lr0.05_epochs1_mincount50_ws6_dims300,bruderpaar,0.6324314475059509
mutige_julia_training_data_lower_cbow_lr0.05_epochs1_mincount50_ws6_dims300,rabenvater,0.6287174224853516
mutige_julia_training_data_lower_cbow_lr0.05_epochs1_mincount50_ws6_dims300,dorfpolizist,0.6270813941955566
mutige_julia_training_data_lower_cbow_lr0.05_epochs1_mincount50_ws6_dims300,nebenbuhler,0.6259586215019226
mutige_julia_training_data_lower_cbow_lr0.05_epochs1_mincount50_ws6_dims300,hehemann,0.6236810684204102
mutige_julia_training_data_lower_cbow_lr0.05_epochs1_mincount50_ws6_dims300,stiefbruder,0.622983992099762
mutige_julia_training_data_lower_cbow_lr0.05_epochs1_mincount50_ws6_dims300,triebtäter,0.621957004070282
mutige_julia_training_data_lower_cbow_lr0.05_epochs1_mincount50_ws6_dims300,lebensgefährtin,0.6199495792388916
mutige_julia_training_data_lower_cbow_lr0.05_epochs1_mincount50_ws6_dims300,familienvater,0.6188937425613403
mutige_julia_training_data_lower_cbow_lr0.05_epochs1_mincount50_ws6_dims300,weltpolizist,0.6172806620597839
mutige_julia_training_data_lower_cbow_lr0.05_epochs1_mincount50_ws6_dims300,geismann,0.6171316504478455
mutige_julia_training_data_lower_cbow_lr0.05_epochs1_mincount50_ws6_dims300,kindsvater,0.6170163750648499
mutige_julia_training_data_lower_cbow_lr0.05_epochs1_mincount50_ws6_dims300,exfreund,0.615328311920166
mutige_julia_training_data_lower_cbow_lr0.05_epochs1_mincount50_ws6_dims300,kapuzenmann,0.6151480078697205
mutige_julia_training_data_lower_cbow_lr0.05_epochs1_mincount50_ws6_dims300,mannes,0.6134771704673767
mutige_julia_training_data_lower_cbow_lr0.05_epochs1_mincount50_ws6_dims300,streifenpolizist,0.6113876700401306
mutige_julia_training_data_lower_cbow_lr0.05_epochs1_mincount50_ws6_dims300,polizistin,0.6110691428184509
mutige_julia_training_data_lower_cbow_lr0.05_epochs1_mincount50_ws6_dims300,schünemann,0.6097737550735474
mutige_julia_training_data_lower_cbow_lr0.05_epochs1_mincount50_ws6_dims300,malier,0.60957270860672
mutige_julia_training_data_lower_cbow_lr0.05_epochs1_mincount50_ws6_dims300,bruder,0.6091415882110596
mutige_julia_training_data_lower_cbow_lr0.05_epochs1_mincount50_ws6_dims300,blutsbruder,0.6073096990585327
mutige_julia_training_data_lower_cbow_lr0.05_epochs1_mincount50_ws6_dims300,lebensgefährten,0.6055005788803101
mutige_julia_training_data_lower_cbow_lr0.05_epochs1_mincount50_ws6_dims300,pensionist,0.605079174041748
mutige_julia_training_data_lower_cbow_lr0.05_epochs1_mincount50_ws6_dims300,mädchenmörder,0.6050091981887817
mutige_julia_training_data_lower_cbow_lr0.05_epochs1_mincount50_ws6_dims300,hausfreund,0.6041119694709778
mutige_julia_training_data_lower_cbow_lr0.05_epochs1_mincount50_ws6_dims300,amoklenker,0.6037728190422058
mutige_julia_training_data_lower_cbow_lr0.05_epochs1_mincount50_ws6_dims300,schwiegersohn,0.6036907434463501
mutige_julia_training_data_lower_cbow_lr0.05_epochs1_mincount50_ws6_dims300,wachmann,0.60297691822052
mutige_julia_training_data_lower_cbow_lr0.05_epochs1_mincount50_ws6_dims300,altvater,0.602206289768219
mutige_julia_training_data_lower_cbow_lr0.05_epochs1_mincount50_ws6_dims300,unfalllenker,0.6015275120735168
mutige_julia_training_data_lower_cbow_lr0.05_epochs1_mincount50_ws6_dims300,motorradpolizist,0.6011354923248291
mutige_julia_training_data_lower_cbow_lr0.05_epochs1_mincount50_ws6_dims300,polizeibeamter,0.6006947755813599
mutige_julia_training_data_lower_cbow_lr0.05_epochs1_mincount50_ws6_dims300,fremdenpolizist,0.6003926396369934
mutige_julia_training_data_lower_cbow_lr0.05_epochs1_mincount50_ws6_dims300,arztsohn,0.5999248027801514
mutige_julia_training_data_lower_cbow_lr0.05_epochs1_mincount50_ws6_dims300,taxilenker,0.5990658402442932
mutige_julia_training_data_lower_cbow_lr0.05_epochs1_mincount50_ws6_dims300,spitzenpolizist,0.5985340476036072
mutige_julia_training_data_lower_cbow_lr0.05_epochs1_mincount50_ws6_dims300,polizistenpaar,0.5978788137435913
mutige_julia_training_data_lower_cbow_lr0.05_epochs1_mincount50_ws6_dims300,unfalllenkerin,0.597296953201294
mutige_julia_training_data_lower_cbow_lr0.05_epochs1_mincount50_ws6_dims300,vatermörder,0.596936047077179
mutige_julia_training_data_lower_cbow_lr0.05_epochs1_mincount50_ws6_dims300,lebemann,0.5949732065200806
mutige_julia_training_data_lower_cbow_lr0.05_epochs1_mincount50_ws6_dims300,buber,0.5938030481338501
mutige_julia_training_data_lower_cbow_lr0.05_epochs1_mincount50_ws6_dims300,brudermann,0.5934001207351685
mutige_julia_training_data_lower_cbow_lr0.05_epochs1_mincount50_ws6_dims300,kameradenmörder,0.5929728150367737
mutige_julia_training_data_lower_cbow_lr0.05_epochs1_mincount50_ws6_dims300,exmann,0.5922502279281616
mutige_julia_training_data_lower_cbow_lr0.05_epochs1_mincount50_ws6_dims300,taxilenkerin,0.5921601057052612
mutige_julia_training_data_lower_cbow_lr0.05_epochs1_mincount50_ws6_dims300,hausmann,0.5908079743385315
mutige_julia_training_data_lower_cbow_lr0.05_epochs1_mincount50_ws6_dims300,sextäter,0.5907763242721558
mutige_julia_training_data_lower_cbow_lr0.05_epochs1_mincount50_ws6_dims300,männerkörper,0.5898162126541138
mutige_julia_training_data_lower_cbow_lr0.05_epochs1_mincount50_ws6_dims300,stiefsohn,0.5896817445755005
mutige_julia_training_data_lower_cbow_lr0.05_epochs1_mincount50_ws6_dims300,turnvater,0.5883206725120544
mutige_julia_training_data_lower_cbow_lr0.05_epochs1_mincount50_ws6_dims300,polizeibeamtin,0.5879164934158325
mutige_julia_training_data_lower_cbow_lr0.05_epochs1_mincount50_ws6_dims300,teenager,0.5865059494972229
mutige_julia_training_data_lower_cbow_lr0.05_epochs1_mincount50_ws6_dims300,heimwehrführer,0.5863831639289856
mutige_julia_training_data_lower_cbow_lr0.05_epochs1_mincount50_ws6_dims300,polizistenmörder,0.5863272547721863
mutige_julia_training_data_lower_cbow_lr0.05_epochs1_mincount50_ws6_dims300,duzfreund,0.5862115621566772
mutige_julia_training_data_lower_cbow_lr0.05_epochs1_mincount50_ws6_dims300,stammvater,0.5842409729957581
mutige_julia_training_data_lower_cbow_lr0.05_epochs1_mincount50_ws6_dims300,nachbarin,0.5837830305099487
mutige_julia_training_data_lower_cbow_lr0.05_epochs1_mincount50_ws6_dims300,beifahrer,0.5827198624610901
mutige_julia_training_data_lower_cbow_lr0.05_epochs1_mincount50_ws6_dims300,mitbruder,0.5823217034339905
mutige_julia_training_data_lower_cbow_lr0.05_epochs1_mincount50_ws6_dims300,jugendfreund,0.5822935104370117
mutige_julia_training_data_lower_cbow_lr0.05_epochs1_mincount50_ws6_dims300,er,0.5812596082687378
mutige_julia_training_data_lower_cbow_lr0.05_epochs1_mincount50_ws6_dims300,mithäftling,0.5807876586914062
mutige_julia_training_data_lower_cbow_lr0.05_epochs1_mincount50_ws6_dims300,todeslenker,0.5805407762527466
mutige_julia_training_data_lower_cbow_lr0.05_epochs1_mincount50_ws6_dims300,kindesvater,0.5802751183509827
mutige_julia_training_data_lower_cbow_lr0.05_epochs1_mincount50_ws6_dims300,freundin,0.5795247554779053
mutige_julia_training_data_lower_cbow_lr0.05_epochs1_mincount50_ws6_dims300,zivilpolizist,0.5795069336891174
mutige_julia_training_data_lower_cbow_lr0.05_epochs1_mincount50_ws6_dims300,tatverdächtig,0.5794251561164856
mutige_julia_training_data_lower_cbow_lr0.05_epochs1_mincount50_ws6_dims300,schmähbruder,0.579203724861145
mutige_julia_training_data_lower_cbow_lr0.05_epochs1_mincount50_ws6_dims300,schlenker,0.5785176753997803
mutige_julia_training_data_lower_cbow_lr0.05_epochs1_mincount50_ws6_dims300,burschis,0.5784202814102173
mutige_julia_training_data_lower_cbow_lr0.05_epochs1_mincount50_ws6_dims300,chauffeur,0.5779876708984375
mutige_julia_training_data_lower_cbow_lr0.05_epochs1_mincount50_ws6_dims300,burschikose,0.5773829817771912
mutige_julia_training_data_lower_cbow_lr0.05_epochs1_mincount50_ws6_dims300,wachebeamter,0.5771352052688599
mutige_julia_training_data_lower_cbow_lr0.05_epochs1_mincount50_ws6_dims300,mofafahrer,0.5769927501678467
mutige_julia_training_data_lower_cbow_lr0.05_epochs1_mincount50_ws6_dims300,kameradin,0.5765791535377502
mutige_julia_training_data_lower_cbow_lr0.05_epochs1_mincount50_ws6_dims300,buschauffeur,0.5764838457107544
mutige_julia_training_data_lower_cbow_lr0.05_epochs1_mincount50_ws6_dims300,wager,0.5761964321136475
mutige_julia_training_data_lower_cbow_lr0.05_epochs1_mincount50_ws6_dims300,halbbruder,0.5759119391441345
mutige_julia_training_data_lower_cbow_lr0.05_epochs1_mincount50_ws6_dims300,gottvater,0.5751104950904846
mutige_julia_training_data_lower_cbow_lr0.05_epochs1_mincount50_ws6_dims300,tatverdächtiger,0.5747750997543335
mutige_julia_training_data_lower_cbow_lr0.05_epochs1_mincount50_ws6_dims300,manneskraft,0.5746445059776306
mutige_julia_training_data_lower_cbow_lr0.05_epochs1_mincount50_ws6_dims300,brautvater,0.5744715332984924
mutige_julia_training_data_lower_cbow_lr0.05_epochs1_mincount50_ws6_dims300,hasmann,0.5740588307380676
kreativer_linus_training_data_lower_cbow_lr0.05_epochs1_mincount10_ws12_dims300,mannn,0.8079842925071716
kreativer_linus_training_data_lower_cbow_lr0.05_epochs1_mincount10_ws12_dims300,mannesmann,0.7334740161895752
kreativer_linus_training_data_lower_cbow_lr0.05_epochs1_mincount10_ws12_dims300,frau,0.7127754092216492
kreativer_linus_training_data_lower_cbow_lr0.05_epochs1_mincount10_ws12_dims300,mannomann,0.692911684513092
kreativer_linus_training_data_lower_cbow_lr0.05_epochs1_mincount10_ws12_dims300,manne,0.6912352442741394
kreativer_linus_training_data_lower_cbow_lr0.05_epochs1_mincount10_ws12_dims300,bursch,0.6781392097473145
kreativer_linus_training_data_lower_cbow_lr0.05_epochs1_mincount10_ws12_dims300,lebensgefährte,0.675661563873291
kreativer_linus_training_data_lower_cbow_lr0.05_epochs1_mincount10_ws12_dims300,ehemann,0.6691528558731079
kreativer_linus_training_data_lower_cbow_lr0.05_epochs1_mincount10_ws12_dims300,stiefvater,0.6618183851242065
kreativer_linus_training_data_lower_cbow_lr0.05_epochs1_mincount10_ws12_dims300,jungpolizist,0.6593944430351257
kreativer_linus_training_data_lower_cbow_lr0.05_epochs1_mincount10_ws12_dims300,manneh,0.6558443903923035
kreativer_linus_training_data_lower_cbow_lr0.05_epochs1_mincount10_ws12_dims300,mannesmut,0.655270516872406
kreativer_linus_training_data_lower_cbow_lr0.05_epochs1_mincount10_ws12_dims300,mannott,0.6528953909873962
kreativer_linus_training_data_lower_cbow_lr0.05_epochs1_mincount10_ws12_dims300,mannmit,0.6517572402954102
kreativer_linus_training_data_lower_cbow_lr0.05_epochs1_mincount10_ws12_dims300,jungehemann,0.6495056748390198
kreativer_linus_training_data_lower_cbow_lr0.05_epochs1_mincount10_ws12_dims300,polizistentochter,0.6429521441459656
kreativer_linus_training_data_lower_cbow_lr0.05_epochs1_mincount10_ws12_dims300,männerfreund,0.6407931447029114
kreativer_linus_training_data_lower_cbow_lr0.05_epochs1_mincount10_ws12_dims300,jährigein,0.6404442191123962
kreativer_linus_training_data_lower_cbow_lr0.05_epochs1_mincount10_ws12_dims300,schwiegervater,0.635867178440094
kreativer_linus_training_data_lower_cbow_lr0.05_epochs1_mincount10_ws12_dims300,mannes,0.6356515288352966
kreativer_linus_training_data_lower_cbow_lr0.05_epochs1_mincount10_ws12_dims300,mannlgrat,0.6350266933441162
kreativer_linus_training_data_lower_cbow_lr0.05_epochs1_mincount10_ws12_dims300,polizist,0.6348460912704468
kreativer_linus_training_data_lower_cbow_lr0.05_epochs1_mincount10_ws12_dims300,freund,0.6338533163070679
kreativer_linus_training_data_lower_cbow_lr0.05_epochs1_mincount10_ws12_dims300,bursche,0.6333507895469666
kreativer_linus_training_data_lower_cbow_lr0.05_epochs1_mincount10_ws12_dims300,ahnvater,0.6310645341873169
kreativer_linus_training_data_lower_cbow_lr0.05_epochs1_mincount10_ws12_dims300,rabenvater,0.6301662921905518
kreativer_linus_training_data_lower_cbow_lr0.05_epochs1_mincount10_ws12_dims300,scheinvater,0.6300506591796875
kreativer_linus_training_data_lower_cbow_lr0.05_epochs1_mincount10_ws12_dims300,stiefbruder,0.6297173500061035
kreativer_linus_training_data_lower_cbow_lr0.05_epochs1_mincount10_ws12_dims300,vater,0.6294625997543335
kreativer_linus_training_data_lower_cbow_lr0.05_epochs1_mincount10_ws12_dims300,mannel,0.628952145576477
kreativer_linus_training_data_lower_cbow_lr0.05_epochs1_mincount10_ws12_dims300,hehemann,0.6279853582382202
kreativer_linus_training_data_lower_cbow_lr0.05_epochs1_mincount10_ws12_dims300,jungvater,0.6274012923240662
kreativer_linus_training_data_lower_cbow_lr0.05_epochs1_mincount10_ws12_dims300,mannose,0.626747190952301
kreativer_linus_training_data_lower_cbow_lr0.05_epochs1_mincount10_ws12_dims300,lebensgefährtin,0.6264328360557556
kreativer_linus_training_data_lower_cbow_lr0.05_epochs1_mincount10_ws12_dims300,geismann,0.6237420439720154
kreativer_linus_training_data_lower_cbow_lr0.05_epochs1_mincount10_ws12_dims300,fremdtäter,0.6235396265983582
kreativer_linus_training_data_lower_cbow_lr0.05_epochs1_mincount10_ws12_dims300,polizistensohn,0.6215614080429077
kreativer_linus_training_data_lower_cbow_lr0.05_epochs1_mincount10_ws12_dims300,er,0.6196771860122681
kreativer_linus_training_data_lower_cbow_lr0.05_epochs1_mincount10_ws12_dims300,schwager,0.6192781925201416
kreativer_linus_training_data_lower_cbow_lr0.05_epochs1_mincount10_ws12_dims300,streifer,0.6167904734611511
kreativer_linus_training_data_lower_cbow_lr0.05_epochs1_mincount10_ws12_dims300,mannweiber,0.6160074472427368
kreativer_linus_training_data_lower_cbow_lr0.05_epochs1_mincount10_ws12_dims300,mannus,0.615512490272522
kreativer_linus_training_data_lower_cbow_lr0.05_epochs1_mincount10_ws12_dims300,hausvater,0.6154577136039734
kreativer_linus_training_data_lower_cbow_lr0.05_epochs1_mincount10_ws12_dims300,halsmann,0.6145308017730713
kreativer_linus_training_data_lower_cbow_lr0.05_epochs1_mincount10_ws12_dims300,schlagfrau,0.6127246022224426
kreativer_linus_training_data_lower_cbow_lr0.05_epochs1_mincount10_ws12_dims300,manney,0.6103342771530151
kreativer_linus_training_data_lower_cbow_lr0.05_epochs1_mincount10_ws12_dims300,mannesstamm,0.610058069229126
kreativer_linus_training_data_lower_cbow_lr0.05_epochs1_mincount10_ws12_dims300,gatte,0.6083046197891235
kreativer_linus_training_data_lower_cbow_lr0.05_epochs1_mincount10_ws12_dims300,schariapolizist,0.6072403788566589
kreativer_linus_training_data_lower_cbow_lr0.05_epochs1_mincount10_ws12_dims300,erzvater,0.6062393188476562
kreativer_linus_training_data_lower_cbow_lr0.05_epochs1_mincount10_ws12_dims300,stieftocher,0.6061252951622009
kreativer_linus_training_data_lower_cbow_lr0.05_epochs1_mincount10_ws12_dims300,vatermörder,0.6042841672897339
kreativer_linus_training_data_lower_cbow_lr0.05_epochs1_mincount10_ws12_dims300,falier,0.6033079624176025
kreativer_linus_training_data_lower_cbow_lr0.05_epochs1_mincount10_ws12_dims300,bruder,0.6028528809547424
kreativer_linus_training_data_lower_cbow_lr0.05_epochs1_mincount10_ws12_dims300,stiefsohn,0.6026539206504822
kreativer_linus_training_data_lower_cbow_lr0.05_epochs1_mincount10_ws12_dims300,wasmann,0.6022928357124329
kreativer_linus_training_data_lower_cbow_lr0.05_epochs1_mincount10_ws12_dims300,graufreund,0.6018267869949341
kreativer_linus_training_data_lower_cbow_lr0.05_epochs1_mincount10_ws12_dims300,brudermörder,0.6017132997512817
kreativer_linus_training_data_lower_cbow_lr0.05_epochs1_mincount10_ws12_dims300,lebensgefährten,0.6011379957199097
kreativer_linus_training_data_lower_cbow_lr0.05_epochs1_mincount10_ws12_dims300,mannesalter,0.6010197401046753
kreativer_linus_training_data_lower_cbow_lr0.05_epochs1_mincount10_ws12_dims300,nbruder,0.6009544730186462
kreativer_linus_training_data_lower_cbow_lr0.05_epochs1_mincount10_ws12_dims300,mannweib,0.6009474396705627
kreativer_linus_training_data_lower_cbow_lr0.05_epochs1_mincount10_ws12_dims300,familienvater,0.5999916791915894
kreativer_linus_training_data_lower_cbow_lr0.05_epochs1_mincount10_ws12_dims300,geistesbruder,0.5995391607284546
kreativer_linus_training_data_lower_cbow_lr0.05_epochs1_mincount10_ws12_dims300,lebensgefährt,0.5985366106033325
kreativer_linus_training_data_lower_cbow_lr0.05_epochs1_mincount10_ws12_dims300,lebemann,0.5972067713737488
kreativer_linus_training_data_lower_cbow_lr0.05_epochs1_mincount10_ws12_dims300,pistolenmann,0.5970050692558289
kreativer_linus_training_data_lower_cbow_lr0.05_epochs1_mincount10_ws12_dims300,polizistenpaar,0.5964276194572449
kreativer_linus_training_data_lower_cbow_lr0.05_epochs1_mincount10_ws12_dims300,hausfreund,0.5960882306098938
kreativer_linus_training_data_lower_cbow_lr0.05_epochs1_mincount10_ws12_dims300,schwippschwager,0.5949940085411072
kreativer_linus_training_data_lower_cbow_lr0.05_epochs1_mincount10_ws12_dims300,mannewitz,0.5949372053146362
kreativer_linus_training_data_lower_cbow_lr0.05_epochs1_mincount10_ws12_dims300,näter,0.5945947170257568
kreativer_linus_training_data_lower_cbow_lr0.05_epochs1_mincount10_ws12_dims300,eifersuchtstat,0.5945411324501038
kreativer_linus_training_data_lower_cbow_lr0.05_epochs1_mincount10_ws12_dims300,manneskraft,0.5945082306861877
kreativer_linus_training_data_lower_cbow_lr0.05_epochs1_mincount10_ws12_dims300,wachmann,0.5943207740783691
kreativer_linus_training_data_lower_cbow_lr0.05_epochs1_mincount10_ws12_dims300,blutsbruder,0.5936389565467834
kreativer_linus_training_data_lower_cbow_lr0.05_epochs1_mincount10_ws12_dims300,bruderpaar,0.5935909152030945
kreativer_linus_training_data_lower_cbow_lr0.05_epochs1_mincount10_ws12_dims300,häfnbruder,0.5933533906936646
kreativer_linus_training_data_lower_cbow_lr0.05_epochs1_mincount10_ws12_dims300,fluchtgefährte,0.5932848453521729
kreativer_linus_training_data_lower_cbow_lr0.05_epochs1_mincount10_ws12_dims300,schünemann,0.5928693413734436
kreativer_linus_training_data_lower_cbow_lr0.05_epochs1_mincount10_ws12_dims300,spitzenpolizist,0.5922057032585144
kreativer_linus_training_data_lower_cbow_lr0.05_epochs1_mincount10_ws12_dims300,sextäter,0.592149019241333
kreativer_linus_training_data_lower_cbow_lr0.05_epochs1_mincount10_ws12_dims300,exfreund,0.591566801071167
kreativer_linus_training_data_lower_cbow_lr0.05_epochs1_mincount10_ws12_dims300,freundin,0.5914773344993591
kreativer_linus_training_data_lower_cbow_lr0.05_epochs1_mincount10_ws12_dims300,nachbarmädchen,0.5905943512916565
kreativer_linus_training_data_lower_cbow_lr0.05_epochs1_mincount10_ws12_dims300,fremdenpolizist,0.5899885892868042
kreativer_linus_training_data_lower_cbow_lr0.05_epochs1_mincount10_ws12_dims300,altvater,0.5889683365821838
kreativer_linus_training_data_lower_cbow_lr0.05_epochs1_mincount10_ws12_dims300,polizistenfamilie,0.5887964963912964
kreativer_linus_training_data_lower_cbow_lr0.05_epochs1_mincount10_ws12_dims300,bruderer,0.5884687900543213
kreativer_linus_training_data_lower_cbow_lr0.05_epochs1_mincount10_ws12_dims300,halbruder,0.5883771777153015
kreativer_linus_training_data_lower_cbow_lr0.05_epochs1_mincount10_ws12_dims300,schmähbruder,0.5883349180221558
kreativer_linus_training_data_lower_cbow_lr0.05_epochs1_mincount10_ws12_dims300,hausmann,0.5875622630119324
kreativer_linus_training_data_lower_cbow_lr0.05_epochs1_mincount10_ws12_dims300,jungpolizistin,0.5873022079467773
kreativer_linus_training_data_lower_cbow_lr0.05_epochs1_mincount10_ws12_dims300,halbbruder,0.5872170925140381
kreativer_linus_training_data_lower_cbow_lr0.05_epochs1_mincount10_ws12_dims300,männner,0.5870662331581116
kreativer_linus_training_data_lower_cbow_lr0.05_epochs1_mincount10_ws12_dims300,thäter,0.5868574380874634
kreativer_linus_training_data_lower_cbow_lr0.05_epochs1_mincount10_ws12_dims300,seelenbruder,0.5862329602241516
kreativer_linus_training_data_lower_cbow_lr0.05_epochs1_mincount10_ws12_dims300,kindsvater,0.5861973166465759
kreativer_linus_training_data_lower_cbow_lr0.05_epochs1_mincount10_ws12_dims300,jähriger,0.5851563215255737
kreativer_linus_training_data_lower_cbow_lr0.05_epochs1_mincount10_ws12_dims300,mitbruder,0.5845134854316711
geniale_josefine_training_data_cbow_lr0.05_epochs1_mincount100_ws12_dims300,v-mann,0.7706402540206909
geniale_josefine_training_data_cbow_lr0.05_epochs1_mincount100_ws12_dims300,frau,0.7227045297622681
geniale_josefine_training_data_cbow_lr0.05_epochs1_mincount100_ws12_dims300,mannesmann,0.7212340235710144
geniale_josefine_training_data_cbow_lr0.05_epochs1_mincount100_ws12_dims300,manne,0.6978171467781067
geniale_josefine_training_data_cbow_lr0.05_epochs1_mincount100_ws12_dims300,m-mann,0.6696522831916809
geniale_josefine_training_data_cbow_lr0.05_epochs1_mincount100_ws12_dims300,polizist,0.6665564775466919
geniale_josefine_training_data_cbow_lr0.05_epochs1_mincount100_ws12_dims300,bursch,0.6589691042900085
geniale_josefine_training_data_cbow_lr0.05_epochs1_mincount100_ws12_dims300,jähriger,0.6554226279258728
geniale_josefine_training_data_cbow_lr0.05_epochs1_mincount100_ws12_dims300,stiefvater,0.6454248428344727
geniale_josefine_training_data_cbow_lr0.05_epochs1_mincount100_ws12_dims300,lebensgefährte,0.6428421139717102
geniale_josefine_training_data_cbow_lr0.05_epochs1_mincount100_ws12_dims300,ehemann,0.6425725817680359
geniale_josefine_training_data_cbow_lr0.05_epochs1_mincount100_ws12_dims300,freund,0.6364494562149048
geniale_josefine_training_data_cbow_lr0.05_epochs1_mincount100_ws12_dims300,vater,0.6299744844436646
geniale_josefine_training_data_cbow_lr0.05_epochs1_mincount100_ws12_dims300,bruderpaar,0.616480827331543
geniale_josefine_training_data_cbow_lr0.05_epochs1_mincount100_ws12_dims300,bursche,0.6143398880958557
geniale_josefine_training_data_cbow_lr0.05_epochs1_mincount100_ws12_dims300,bruder,0.6122058629989624
geniale_josefine_training_data_cbow_lr0.05_epochs1_mincount100_ws12_dims300,stiefbruder,0.6094455718994141
geniale_josefine_training_data_cbow_lr0.05_epochs1_mincount100_ws12_dims300,mannes,0.6049920320510864
geniale_josefine_training_data_cbow_lr0.05_epochs1_mincount100_ws12_dims300,lebensgefährtin,0.603610098361969
geniale_josefine_training_data_cbow_lr0.05_epochs1_mincount100_ws12_dims300,kindsvater,0.5994136929512024
geniale_josefine_training_data_cbow_lr0.05_epochs1_mincount100_ws12_dims300,triebtäter,0.59898442029953
geniale_josefine_training_data_cbow_lr0.05_epochs1_mincount100_ws12_dims300,jährig,0.5989161133766174
geniale_josefine_training_data_cbow_lr0.05_epochs1_mincount100_ws12_dims300,dorfpolizist,0.5984293818473816
geniale_josefine_training_data_cbow_lr0.05_epochs1_mincount100_ws12_dims300,schwiegervater,0.5975093841552734
geniale_josefine_training_data_cbow_lr0.05_epochs1_mincount100_ws12_dims300,weltpolizist,0.5957359075546265
geniale_josefine_training_data_cbow_lr0.05_epochs1_mincount100_ws12_dims300,jährige,0.5936434268951416
geniale_josefine_training_data_cbow_lr0.05_epochs1_mincount100_ws12_dims300,freundin,0.591154932975769
geniale_josefine_training_data_cbow_lr0.05_epochs1_mincount100_ws12_dims300,mannequin,0.5877899527549744
geniale_josefine_training_data_cbow_lr0.05_epochs1_mincount100_ws12_dims300,täter,0.5862500667572021
geniale_josefine_training_data_cbow_lr0.05_epochs1_mincount100_ws12_dims300,elfjähriger,0.5842342376708984
geniale_josefine_training_data_cbow_lr0.05_epochs1_mincount100_ws12_dims300,sohn,0.5841421484947205
geniale_josefine_training_data_cbow_lr0.05_epochs1_mincount100_ws12_dims300,komplize,0.5831429362297058
geniale_josefine_training_data_cbow_lr0.05_epochs1_mincount100_ws12_dims300,manna,0.5831313133239746
geniale_josefine_training_data_cbow_lr0.05_epochs1_mincount100_ws12_dims300,polizeibeamter,0.582439661026001
geniale_josefine_training_data_cbow_lr0.05_epochs1_mincount100_ws12_dims300,ihn,0.5821440815925598
geniale_josefine_training_data_cbow_lr0.05_epochs1_mincount100_ws12_dims300,familienvater,0.5811728835105896
geniale_josefine_training_data_cbow_lr0.05_epochs1_mincount100_ws12_dims300,streifenpolizist,0.580123782157898
geniale_josefine_training_data_cbow_lr0.05_epochs1_mincount100_ws12_dims300,gatte,0.5770121812820435
geniale_josefine_training_data_cbow_lr0.05_epochs1_mincount100_ws12_dims300,polizistin,0.5769374370574951
geniale_josefine_training_data_cbow_lr0.05_epochs1_mincount100_ws12_dims300,manneskraft,0.5754664540290833
geniale_josefine_training_data_cbow_lr0.05_epochs1_mincount100_ws12_dims300,jähriges,0.5751728415489197
geniale_josefine_training_data_cbow_lr0.05_epochs1_mincount100_ws12_dims300,stiefsohn,0.5725787281990051
geniale_josefine_training_data_cbow_lr0.05_epochs1_mincount100_ws12_dims300,tatverdächtig,0.5721765160560608
geniale_josefine_training_data_cbow_lr0.05_epochs1_mincount100_ws12_dims300,polizeibeamtin,0.5716819167137146
geniale_josefine_training_data_cbow_lr0.05_epochs1_mincount100_ws12_dims300,halbbruder,0.5716354846954346
geniale_josefine_training_data_cbow_lr0.05_epochs1_mincount100_ws12_dims300,bekannter,0.569804847240448
geniale_josefine_training_data_cbow_lr0.05_epochs1_mincount100_ws12_dims300,angeklagte,0.5691174268722534
geniale_josefine_training_data_cbow_lr0.05_epochs1_mincount100_ws12_dims300,manni,0.5684231519699097
geniale_josefine_training_data_cbow_lr0.05_epochs1_mincount100_ws12_dims300,männerkörper,0.5681869983673096
geniale_josefine_training_data_cbow_lr0.05_epochs1_mincount100_ws12_dims300,schwager,0.5657827854156494
geniale_josefine_training_data_cbow_lr0.05_epochs1_mincount100_ws12_dims300,rumäne,0.5650706887245178
geniale_josefine_training_data_cbow_lr0.05_epochs1_mincount100_ws12_dims300,haupttäter,0.5631265044212341
geniale_josefine_training_data_cbow_lr0.05_epochs1_mincount100_ws12_dims300,nachbarin,0.5611854791641235
geniale_josefine_training_data_cbow_lr0.05_epochs1_mincount100_ws12_dims300,taxilenker,0.5609238743782043
geniale_josefine_training_data_cbow_lr0.05_epochs1_mincount100_ws12_dims300,sextäter,0.5606734156608582
geniale_josefine_training_data_cbow_lr0.05_epochs1_mincount100_ws12_dims300,hausfreund,0.5600378513336182
geniale_josefine_training_data_cbow_lr0.05_epochs1_mincount100_ws12_dims300,zwölfjähriger,0.5591681599617004
geniale_josefine_training_data_cbow_lr0.05_epochs1_mincount100_ws12_dims300,zivilpolizist,0.558942973613739
geniale_josefine_training_data_cbow_lr0.05_epochs1_mincount100_ws12_dims300,tatverdächtige,0.5588882565498352
geniale_josefine_training_data_cbow_lr0.05_epochs1_mincount100_ws12_dims300,angeklagter,0.5587658882141113
geniale_josefine_training_data_cbow_lr0.05_epochs1_mincount100_ws12_dims300,polizeiarzt,0.5587366819381714
geniale_josefine_training_data_cbow_lr0.05_epochs1_mincount100_ws12_dims300,stiefmutter,0.5584425926208496
geniale_josefine_training_data_cbow_lr0.05_epochs1_mincount100_ws12_dims300,elfjährige,0.556880533695221
geniale_josefine_training_data_cbow_lr0.05_epochs1_mincount100_ws12_dims300,motorradpolizist,0.5555776953697205
geniale_josefine_training_data_cbow_lr0.05_epochs1_mincount100_ws12_dims300,jährigem,0.5554757714271545
geniale_josefine_training_data_cbow_lr0.05_epochs1_mincount100_ws12_dims300,ehepaar,0.555182933807373
geniale_josefine_training_data_cbow_lr0.05_epochs1_mincount100_ws12_dims300,exfreund,0.5551480054855347
geniale_josefine_training_data_cbow_lr0.05_epochs1_mincount100_ws12_dims300,tatverdächtiger,0.554940402507782
geniale_josefine_training_data_cbow_lr0.05_epochs1_mincount100_ws12_dims300,passantin,0.5548815131187439
geniale_josefine_training_data_cbow_lr0.05_epochs1_mincount100_ws12_dims300,verdächtig,0.5532216429710388
geniale_josefine_training_data_cbow_lr0.05_epochs1_mincount100_ws12_dims300,amoklenker,0.5523897409439087
geniale_josefine_training_data_cbow_lr0.05_epochs1_mincount100_ws12_dims300,jüngling,0.5510727167129517
geniale_josefine_training_data_cbow_lr0.05_epochs1_mincount100_ws12_dims300,passant,0.55092853307724
geniale_josefine_training_data_cbow_lr0.05_epochs1_mincount100_ws12_dims300,achtjähriger,0.5506433248519897
geniale_josefine_training_data_cbow_lr0.05_epochs1_mincount100_ws12_dims300,polizeisportler,0.5502604842185974
geniale_josefine_training_data_cbow_lr0.05_epochs1_mincount100_ws12_dims300,pensionist,0.5461066365242004
geniale_josefine_training_data_cbow_lr0.05_epochs1_mincount100_ws12_dims300,lebensgefährten,0.5455684661865234
geniale_josefine_training_data_cbow_lr0.05_epochs1_mincount100_ws12_dims300,achtjährige,0.5450417995452881
geniale_josefine_training_data_cbow_lr0.05_epochs1_mincount100_ws12_dims300,polizistenmörder,0.5442479848861694
geniale_josefine_training_data_cbow_lr0.05_epochs1_mincount100_ws12_dims300,stieftochter,0.5441539883613586
geniale_josefine_training_data_cbow_lr0.05_epochs1_mincount100_ws12_dims300,geismann,0.5440737009048462
geniale_josefine_training_data_cbow_lr0.05_epochs1_mincount100_ws12_dims300,mutter,0.5439277291297913
geniale_josefine_training_data_cbow_lr0.05_epochs1_mincount100_ws12_dims300,jährigen,0.5435703992843628
geniale_josefine_training_data_cbow_lr0.05_epochs1_mincount100_ws12_dims300,leibwächter,0.5431134104728699
geniale_josefine_training_data_cbow_lr0.05_epochs1_mincount100_ws12_dims300,tatler,0.5428616404533386
geniale_josefine_training_data_cbow_lr0.05_epochs1_mincount100_ws12_dims300,tatmesser,0.5417883396148682
geniale_josefine_training_data_cbow_lr0.05_epochs1_mincount100_ws12_dims300,zwölfjährige,0.5410293340682983
geniale_josefine_training_data_cbow_lr0.05_epochs1_mincount100_ws12_dims300,ersttäter,0.540759265422821
geniale_josefine_training_data_cbow_lr0.05_epochs1_mincount100_ws12_dims300,unbekannter,0.5407012104988098
geniale_josefine_training_data_cbow_lr0.05_epochs1_mincount100_ws12_dims300,stiefschwester,0.5402615666389465
geniale_josefine_training_data_cbow_lr0.05_epochs1_mincount100_ws12_dims300,männer,0.5395785570144653
geniale_josefine_training_data_cbow_lr0.05_epochs1_mincount100_ws12_dims300,taxilenkerin,0.5384723544120789
geniale_josefine_training_data_cbow_lr0.05_epochs1_mincount100_ws12_dims300,verdächtiger,0.5380597710609436
geniale_josefine_training_data_cbow_lr0.05_epochs1_mincount100_ws12_dims300,kriminalpolizist,0.5378720760345459
geniale_josefine_training_data_cbow_lr0.05_epochs1_mincount100_ws12_dims300,neunjähriger,0.5376636981964111
geniale_josefine_training_data_cbow_lr0.05_epochs1_mincount100_ws12_dims300,verdächtige,0.5356190800666809
geniale_josefine_training_data_cbow_lr0.05_epochs1_mincount100_ws12_dims300,manny,0.5354396104812622
geniale_josefine_training_data_cbow_lr0.05_epochs1_mincount100_ws12_dims300,mittäter,0.5348596572875977
geniale_josefine_training_data_cbow_lr0.05_epochs1_mincount100_ws12_dims300,er,0.5335868000984192
geniale_josefine_training_data_cbow_lr0.05_epochs1_mincount100_ws12_dims300,bruderzwist,0.5334898233413696
wachsamer_oliver_training_data_cbow_lr0.05_epochs1_mincount5_ws5_dims300,o-mann,0.8708416223526001
wachsamer_oliver_training_data_cbow_lr0.05_epochs1_mincount5_ws5_dims300,mannn,0.8551604151725769
wachsamer_oliver_training_data_cbow_lr0.05_epochs1_mincount5_ws5_dims300,b-mann,0.7853332161903381
wachsamer_oliver_training_data_cbow_lr0.05_epochs1_mincount5_ws5_dims300,v-mann,0.7809227108955383
wachsamer_oliver_training_data_cbow_lr0.05_epochs1_mincount5_ws5_dims300,mannesmann,0.7641324996948242
wachsamer_oliver_training_data_cbow_lr0.05_epochs1_mincount5_ws5_dims300,manneh,0.7622940540313721
wachsamer_oliver_training_data_cbow_lr0.05_epochs1_mincount5_ws5_dims300,mannund,0.7547211050987244
wachsamer_oliver_training_data_cbow_lr0.05_epochs1_mincount5_ws5_dims300,a-mann,0.7498273849487305
wachsamer_oliver_training_data_cbow_lr0.05_epochs1_mincount5_ws5_dims300,mannke,0.7440853714942932
wachsamer_oliver_training_data_cbow_lr0.05_epochs1_mincount5_ws5_dims300,bursch,0.743200421333313
wachsamer_oliver_training_data_cbow_lr0.05_epochs1_mincount5_ws5_dims300,epicmann,0.7389146089553833
wachsamer_oliver_training_data_cbow_lr0.05_epochs1_mincount5_ws5_dims300,manne,0.737117350101471
wachsamer_oliver_training_data_cbow_lr0.05_epochs1_mincount5_ws5_dims300,jährigeund,0.7359004020690918
wachsamer_oliver_training_data_cbow_lr0.05_epochs1_mincount5_ws5_dims300,mannaus,0.7355656027793884
wachsamer_oliver_training_data_cbow_lr0.05_epochs1_mincount5_ws5_dims300,stiefvater,0.7299002408981323
wachsamer_oliver_training_data_cbow_lr0.05_epochs1_mincount5_ws5_dims300,mannkind,0.7259920239448547
wachsamer_oliver_training_data_cbow_lr0.05_epochs1_mincount5_ws5_dims300,orfmann,0.7236285209655762
wachsamer_oliver_training_data_cbow_lr0.05_epochs1_mincount5_ws5_dims300,mannmit,0.7188711762428284
wachsamer_oliver_training_data_cbow_lr0.05_epochs1_mincount5_ws5_dims300,mannauf,0.7164413928985596
wachsamer_oliver_training_data_cbow_lr0.05_epochs1_mincount5_ws5_dims300,mannagettaweg,0.7164309620857239
wachsamer_oliver_training_data_cbow_lr0.05_epochs1_mincount5_ws5_dims300,mannott,0.7156645655632019
wachsamer_oliver_training_data_cbow_lr0.05_epochs1_mincount5_ws5_dims300,bursche,0.7084628939628601
wachsamer_oliver_training_data_cbow_lr0.05_epochs1_mincount5_ws5_dims300,ehemannn,0.7082065343856812
wachsamer_oliver_training_data_cbow_lr0.05_epochs1_mincount5_ws5_dims300,ehemann,0.7060226202011108
wachsamer_oliver_training_data_cbow_lr0.05_epochs1_mincount5_ws5_dims300,m-mann,0.7044717669487
wachsamer_oliver_training_data_cbow_lr0.05_epochs1_mincount5_ws5_dims300,mannkopf,0.7041081190109253
wachsamer_oliver_training_data_cbow_lr0.05_epochs1_mincount5_ws5_dims300,mannlgrat,0.7039798498153687
wachsamer_oliver_training_data_cbow_lr0.05_epochs1_mincount5_ws5_dims300,mannai,0.7030115127563477
wachsamer_oliver_training_data_cbow_lr0.05_epochs1_mincount5_ws5_dims300,mannesmut,0.7027648687362671
wachsamer_oliver_training_data_cbow_lr0.05_epochs1_mincount5_ws5_dims300,mannar,0.7010497450828552
wachsamer_oliver_training_data_cbow_lr0.05_epochs1_mincount5_ws5_dims300,männerfreund,0.7008089423179626
wachsamer_oliver_training_data_cbow_lr0.05_epochs1_mincount5_ws5_dims300,mannweib,0.6992149949073792
wachsamer_oliver_training_data_cbow_lr0.05_epochs1_mincount5_ws5_dims300,jungpolizist,0.6967094540596008
wachsamer_oliver_training_data_cbow_lr0.05_epochs1_mincount5_ws5_dims300,stiefbruder,0.6935855150222778
wachsamer_oliver_training_data_cbow_lr0.05_epochs1_mincount5_ws5_dims300,frau,0.6929119825363159
wachsamer_oliver_training_data_cbow_lr0.05_epochs1_mincount5_ws5_dims300,mannteuffel,0.6905115842819214
wachsamer_oliver_training_data_cbow_lr0.05_epochs1_mincount5_ws5_dims300,mannemann,0.6904597282409668
wachsamer_oliver_training_data_cbow_lr0.05_epochs1_mincount5_ws5_dims300,mannesstamm,0.690183699131012
wachsamer_oliver_training_data_cbow_lr0.05_epochs1_mincount5_ws5_dims300,burschel,0.689601719379425
wachsamer_oliver_training_data_cbow_lr0.05_epochs1_mincount5_ws5_dims300,mannweiber,0.6891010403633118
wachsamer_oliver_training_data_cbow_lr0.05_epochs1_mincount5_ws5_dims300,schwanenvater,0.6882713437080383
wachsamer_oliver_training_data_cbow_lr0.05_epochs1_mincount5_ws5_dims300,mannomann,0.6879572868347168
wachsamer_oliver_training_data_cbow_lr0.05_epochs1_mincount5_ws5_dims300,mannder,0.6873942613601685
wachsamer_oliver_training_data_cbow_lr0.05_epochs1_mincount5_ws5_dims300,burschn,0.6870984435081482
wachsamer_oliver_training_data_cbow_lr0.05_epochs1_mincount5_ws5_dims300,lebensgefährte,0.6853832602500916
wachsamer_oliver_training_data_cbow_lr0.05_epochs1_mincount5_ws5_dims300,polizist,0.6853575706481934
wachsamer_oliver_training_data_cbow_lr0.05_epochs1_mincount5_ws5_dims300,mannel,0.6835971474647522
wachsamer_oliver_training_data_cbow_lr0.05_epochs1_mincount5_ws5_dims300,mannitz,0.683253824710846
wachsamer_oliver_training_data_cbow_lr0.05_epochs1_mincount5_ws5_dims300,mannit,0.6821585893630981
wachsamer_oliver_training_data_cbow_lr0.05_epochs1_mincount5_ws5_dims300,mannakee,0.6808260679244995
wachsamer_oliver_training_data_cbow_lr0.05_epochs1_mincount5_ws5_dims300,stiefsohn,0.6804202198982239
wachsamer_oliver_training_data_cbow_lr0.05_epochs1_mincount5_ws5_dims300,hasenvater,0.6801455616950989
wachsamer_oliver_training_data_cbow_lr0.05_epochs1_mincount5_ws5_dims300,familienvater,0.6791154146194458
wachsamer_oliver_training_data_cbow_lr0.05_epochs1_mincount5_ws5_dims300,mithäftling,0.6789904832839966
wachsamer_oliver_training_data_cbow_lr0.05_epochs1_mincount5_ws5_dims300,manndie,0.6765501499176025
wachsamer_oliver_training_data_cbow_lr0.05_epochs1_mincount5_ws5_dims300,männerdiebin,0.6753728985786438
wachsamer_oliver_training_data_cbow_lr0.05_epochs1_mincount5_ws5_dims300,kindsvater,0.6746024489402771
wachsamer_oliver_training_data_cbow_lr0.05_epochs1_mincount5_ws5_dims300,mannose,0.6743926405906677
wachsamer_oliver_training_data_cbow_lr0.05_epochs1_mincount5_ws5_dims300,mannus,0.6733512282371521
wachsamer_oliver_training_data_cbow_lr0.05_epochs1_mincount5_ws5_dims300,mannwurde,0.6730890870094299
wachsamer_oliver_training_data_cbow_lr0.05_epochs1_mincount5_ws5_dims300,triebtäter,0.6730464696884155
wachsamer_oliver_training_data_cbow_lr0.05_epochs1_mincount5_ws5_dims300,jähriger,0.6727005839347839
wachsamer_oliver_training_data_cbow_lr0.05_epochs1_mincount5_ws5_dims300,schwager,0.6723248362541199
wachsamer_oliver_training_data_cbow_lr0.05_epochs1_mincount5_ws5_dims300,freund,0.6721799373626709
wachsamer_oliver_training_data_cbow_lr0.05_epochs1_mincount5_ws5_dims300,stiefväter,0.6702577471733093
wachsamer_oliver_training_data_cbow_lr0.05_epochs1_mincount5_ws5_dims300,mitttäter,0.6691359877586365
wachsamer_oliver_training_data_cbow_lr0.05_epochs1_mincount5_ws5_dims300,vater,0.6683303713798523
wachsamer_oliver_training_data_cbow_lr0.05_epochs1_mincount5_ws5_dims300,jüngling,0.667579174041748
wachsamer_oliver_training_data_cbow_lr0.05_epochs1_mincount5_ws5_dims300,manney,0.6659500002861023
wachsamer_oliver_training_data_cbow_lr0.05_epochs1_mincount5_ws5_dims300,teenagersohn,0.6649345755577087
wachsamer_oliver_training_data_cbow_lr0.05_epochs1_mincount5_ws5_dims300,jährigeam,0.6644260883331299
wachsamer_oliver_training_data_cbow_lr0.05_epochs1_mincount5_ws5_dims300,mannewitz,0.6639665365219116
wachsamer_oliver_training_data_cbow_lr0.05_epochs1_mincount5_ws5_dims300,pensionist,0.6638827323913574
wachsamer_oliver_training_data_cbow_lr0.05_epochs1_mincount5_ws5_dims300,jährigein,0.663742184638977
wachsamer_oliver_training_data_cbow_lr0.05_epochs1_mincount5_ws5_dims300,burscher,0.6624619364738464
wachsamer_oliver_training_data_cbow_lr0.05_epochs1_mincount5_ws5_dims300,mannes,0.6623042225837708
wachsamer_oliver_training_data_cbow_lr0.05_epochs1_mincount5_ws5_dims300,bruder,0.6621993780136108
wachsamer_oliver_training_data_cbow_lr0.05_epochs1_mincount5_ws5_dims300,brummilenker,0.6598775386810303
wachsamer_oliver_training_data_cbow_lr0.05_epochs1_mincount5_ws5_dims300,lebensgefährt,0.6586548686027527
wachsamer_oliver_training_data_cbow_lr0.05_epochs1_mincount5_ws5_dims300,familenvater,0.6578455567359924
wachsamer_oliver_training_data_cbow_lr0.05_epochs1_mincount5_ws5_dims300,männerund,0.6573293805122375
wachsamer_oliver_training_data_cbow_lr0.05_epochs1_mincount5_ws5_dims300,häfnbruder,0.6571197509765625
wachsamer_oliver_training_data_cbow_lr0.05_epochs1_mincount5_ws5_dims300,vaterkörper,0.6568859815597534
wachsamer_oliver_training_data_cbow_lr0.05_epochs1_mincount5_ws5_dims300,mofalenker,0.6561960577964783
wachsamer_oliver_training_data_cbow_lr0.05_epochs1_mincount5_ws5_dims300,jährigehatte,0.6560419201850891
wachsamer_oliver_training_data_cbow_lr0.05_epochs1_mincount5_ws5_dims300,jungsoldat,0.6559946537017822
wachsamer_oliver_training_data_cbow_lr0.05_epochs1_mincount5_ws5_dims300,polizistensohn,0.6556159257888794
wachsamer_oliver_training_data_cbow_lr0.05_epochs1_mincount5_ws5_dims300,puffvater,0.6546791791915894
wachsamer_oliver_training_data_cbow_lr0.05_epochs1_mincount5_ws5_dims300,männner,0.6545326113700867
wachsamer_oliver_training_data_cbow_lr0.05_epochs1_mincount5_ws5_dims300,männerinfoist,0.6544779539108276
wachsamer_oliver_training_data_cbow_lr0.05_epochs1_mincount5_ws5_dims300,schwiegervater,0.6540663242340088
wachsamer_oliver_training_data_cbow_lr0.05_epochs1_mincount5_ws5_dims300,sextäter,0.6538237929344177
wachsamer_oliver_training_data_cbow_lr0.05_epochs1_mincount5_ws5_dims300,betrunker,0.6535885334014893
wachsamer_oliver_training_data_cbow_lr0.05_epochs1_mincount5_ws5_dims300,nbruder,0.6526432037353516
wachsamer_oliver_training_data_cbow_lr0.05_epochs1_mincount5_ws5_dims300,brudermörder,0.6522074937820435
wachsamer_oliver_training_data_cbow_lr0.05_epochs1_mincount5_ws5_dims300,frauund,0.652117133140564
wachsamer_oliver_training_data_cbow_lr0.05_epochs1_mincount5_ws5_dims300,jährigeraus,0.6518073081970215
wachsamer_oliver_training_data_cbow_lr0.05_epochs1_mincount5_ws5_dims300,bührer,0.6513991951942444
wachsamer_oliver_training_data_cbow_lr0.05_epochs1_mincount5_ws5_dims300,teenager,0.6509527564048767
wachsamer_oliver_training_data_cbow_lr0.05_epochs1_mincount5_ws5_dims300,bruderer,0.6500665545463562
genialer_noar_training_data_lower_cbow_lr0.05_epochs1_mincount100_ws12_dims300,frau,0.7388142943382263
genialer_noar_training_data_lower_cbow_lr0.05_epochs1_mincount100_ws12_dims300,mannesmann,0.7153871655464172
genialer_noar_training_data_lower_cbow_lr0.05_epochs1_mincount100_ws12_dims300,manne,0.6664212942123413
genialer_noar_training_data_lower_cbow_lr0.05_epochs1_mincount100_ws12_dims300,polizist,0.6616086959838867
genialer_noar_training_data_lower_cbow_lr0.05_epochs1_mincount100_ws12_dims300,ehemann,0.661166250705719
genialer_noar_training_data_lower_cbow_lr0.05_epochs1_mincount100_ws12_dims300,lebensgefährte,0.6591745615005493
genialer_noar_training_data_lower_cbow_lr0.05_epochs1_mincount100_ws12_dims300,stiefvater,0.6492910981178284
genialer_noar_training_data_lower_cbow_lr0.05_epochs1_mincount100_ws12_dims300,bursch,0.6384614706039429
genialer_noar_training_data_lower_cbow_lr0.05_epochs1_mincount100_ws12_dims300,freund,0.632558286190033
genialer_noar_training_data_lower_cbow_lr0.05_epochs1_mincount100_ws12_dims300,lebensgefährtin,0.630490779876709
genialer_noar_training_data_lower_cbow_lr0.05_epochs1_mincount100_ws12_dims300,vater,0.6219568252563477
genialer_noar_training_data_lower_cbow_lr0.05_epochs1_mincount100_ws12_dims300,geismann,0.613487184047699
genialer_noar_training_data_lower_cbow_lr0.05_epochs1_mincount100_ws12_dims300,mannes,0.6115602850914001
genialer_noar_training_data_lower_cbow_lr0.05_epochs1_mincount100_ws12_dims300,freundin,0.6077877879142761
genialer_noar_training_data_lower_cbow_lr0.05_epochs1_mincount100_ws12_dims300,polizistin,0.6045514345169067
genialer_noar_training_data_lower_cbow_lr0.05_epochs1_mincount100_ws12_dims300,er,0.6032217741012573
genialer_noar_training_data_lower_cbow_lr0.05_epochs1_mincount100_ws12_dims300,jungvater,0.602140486240387
genialer_noar_training_data_lower_cbow_lr0.05_epochs1_mincount100_ws12_dims300,nebenbuhler,0.5996307134628296
genialer_noar_training_data_lower_cbow_lr0.05_epochs1_mincount100_ws12_dims300,dorfpolizist,0.597084641456604
genialer_noar_training_data_lower_cbow_lr0.05_epochs1_mincount100_ws12_dims300,weltpolizist,0.5966301560401917
genialer_noar_training_data_lower_cbow_lr0.05_epochs1_mincount100_ws12_dims300,hausmann,0.595546543598175
genialer_noar_training_data_lower_cbow_lr0.05_epochs1_mincount100_ws12_dims300,schwiegervater,0.5938507914543152
genialer_noar_training_data_lower_cbow_lr0.05_epochs1_mincount100_ws12_dims300,ihn,0.5926911234855652
genialer_noar_training_data_lower_cbow_lr0.05_epochs1_mincount100_ws12_dims300,hehemann,0.5923182964324951
genialer_noar_training_data_lower_cbow_lr0.05_epochs1_mincount100_ws12_dims300,familienvater,0.5897992849349976
genialer_noar_training_data_lower_cbow_lr0.05_epochs1_mincount100_ws12_dims300,jähriger,0.5873347520828247
genialer_noar_training_data_lower_cbow_lr0.05_epochs1_mincount100_ws12_dims300,hausfreund,0.5869408845901489
genialer_noar_training_data_lower_cbow_lr0.05_epochs1_mincount100_ws12_dims300,bruderpaar,0.5859018564224243
genialer_noar_training_data_lower_cbow_lr0.05_epochs1_mincount100_ws12_dims300,exfreund,0.5858941078186035
genialer_noar_training_data_lower_cbow_lr0.05_epochs1_mincount100_ws12_dims300,bruder,0.5856693387031555
genialer_noar_training_data_lower_cbow_lr0.05_epochs1_mincount100_ws12_dims300,polizeibeamtin,0.5853784680366516
genialer_noar_training_data_lower_cbow_lr0.05_epochs1_mincount100_ws12_dims300,gatte,0.5832971334457397
genialer_noar_training_data_lower_cbow_lr0.05_epochs1_mincount100_ws12_dims300,polizeibeamter,0.5807102918624878
genialer_noar_training_data_lower_cbow_lr0.05_epochs1_mincount100_ws12_dims300,streifenpolizist,0.5801123976707458
genialer_noar_training_data_lower_cbow_lr0.05_epochs1_mincount100_ws12_dims300,passantin,0.5763711333274841
genialer_noar_training_data_lower_cbow_lr0.05_epochs1_mincount100_ws12_dims300,lebemann,0.5759327411651611
genialer_noar_training_data_lower_cbow_lr0.05_epochs1_mincount100_ws12_dims300,jährige,0.574409008026123
genialer_noar_training_data_lower_cbow_lr0.05_epochs1_mincount100_ws12_dims300,exfreundin,0.5738934874534607
genialer_noar_training_data_lower_cbow_lr0.05_epochs1_mincount100_ws12_dims300,ehefrau,0.5708969235420227
genialer_noar_training_data_lower_cbow_lr0.05_epochs1_mincount100_ws12_dims300,exmann,0.5705454349517822
genialer_noar_training_data_lower_cbow_lr0.05_epochs1_mincount100_ws12_dims300,schwager,0.570436954498291
genialer_noar_training_data_lower_cbow_lr0.05_epochs1_mincount100_ws12_dims300,triebtäter,0.5699159502983093
genialer_noar_training_data_lower_cbow_lr0.05_epochs1_mincount100_ws12_dims300,altvater,0.5685819983482361
genialer_noar_training_data_lower_cbow_lr0.05_epochs1_mincount100_ws12_dims300,elfjähriger,0.5644676089286804
genialer_noar_training_data_lower_cbow_lr0.05_epochs1_mincount100_ws12_dims300,sohn,0.5643281936645508
genialer_noar_training_data_lower_cbow_lr0.05_epochs1_mincount100_ws12_dims300,nachbarin,0.5635963678359985
genialer_noar_training_data_lower_cbow_lr0.05_epochs1_mincount100_ws12_dims300,tatler,0.5635316967964172
genialer_noar_training_data_lower_cbow_lr0.05_epochs1_mincount100_ws12_dims300,bursche,0.5634849071502686
genialer_noar_training_data_lower_cbow_lr0.05_epochs1_mincount100_ws12_dims300,schünemann,0.5634300112724304
genialer_noar_training_data_lower_cbow_lr0.05_epochs1_mincount100_ws12_dims300,kindsvater,0.5624892711639404
genialer_noar_training_data_lower_cbow_lr0.05_epochs1_mincount100_ws12_dims300,schliemann,0.5623548030853271
genialer_noar_training_data_lower_cbow_lr0.05_epochs1_mincount100_ws12_dims300,taxilenkerin,0.5593399405479431
genialer_noar_training_data_lower_cbow_lr0.05_epochs1_mincount100_ws12_dims300,tatverdächtig,0.5589911341667175
genialer_noar_training_data_lower_cbow_lr0.05_epochs1_mincount100_ws12_dims300,zivilpolizist,0.5581502318382263
genialer_noar_training_data_lower_cbow_lr0.05_epochs1_mincount100_ws12_dims300,stiefbruder,0.5569536685943604
genialer_noar_training_data_lower_cbow_lr0.05_epochs1_mincount100_ws12_dims300,lebensgefährten,0.5565153956413269
genialer_noar_training_data_lower_cbow_lr0.05_epochs1_mincount100_ws12_dims300,stiefsohn,0.5563539862632751
genialer_noar_training_data_lower_cbow_lr0.05_epochs1_mincount100_ws12_dims300,brudermann,0.5546953082084656
genialer_noar_training_data_lower_cbow_lr0.05_epochs1_mincount100_ws12_dims300,taxilenker,0.5516181588172913
genialer_noar_training_data_lower_cbow_lr0.05_epochs1_mincount100_ws12_dims300,schmähbruder,0.5511199235916138
genialer_noar_training_data_lower_cbow_lr0.05_epochs1_mincount100_ws12_dims300,manneskraft,0.5509852170944214
genialer_noar_training_data_lower_cbow_lr0.05_epochs1_mincount100_ws12_dims300,trauzeugin,0.5508292317390442
genialer_noar_training_data_lower_cbow_lr0.05_epochs1_mincount100_ws12_dims300,jugendfreundin,0.549410343170166
genialer_noar_training_data_lower_cbow_lr0.05_epochs1_mincount100_ws12_dims300,motorradpolizist,0.5490812063217163
genialer_noar_training_data_lower_cbow_lr0.05_epochs1_mincount100_ws12_dims300,halbbruder,0.5486575365066528
genialer_noar_training_data_lower_cbow_lr0.05_epochs1_mincount100_ws12_dims300,manny,0.5481968522071838
genialer_noar_training_data_lower_cbow_lr0.05_epochs1_mincount100_ws12_dims300,elfjährige,0.5478799343109131
genialer_noar_training_data_lower_cbow_lr0.05_epochs1_mincount100_ws12_dims300,männerkörper,0.547672688961029
genialer_noar_training_data_lower_cbow_lr0.05_epochs1_mincount100_ws12_dims300,wachmann,0.5476661920547485
genialer_noar_training_data_lower_cbow_lr0.05_epochs1_mincount100_ws12_dims300,tatverdächtige,0.5476306676864624
genialer_noar_training_data_lower_cbow_lr0.05_epochs1_mincount100_ws12_dims300,mutter,0.5462334752082825
genialer_noar_training_data_lower_cbow_lr0.05_epochs1_mincount100_ws12_dims300,gottvater,0.5461766719818115
genialer_noar_training_data_lower_cbow_lr0.05_epochs1_mincount100_ws12_dims300,stammvater,0.5460328459739685
genialer_noar_training_data_lower_cbow_lr0.05_epochs1_mincount100_ws12_dims300,pensionist,0.5455816984176636
genialer_noar_training_data_lower_cbow_lr0.05_epochs1_mincount100_ws12_dims300,tatmesser,0.5451987385749817
genialer_noar_training_data_lower_cbow_lr0.05_epochs1_mincount100_ws12_dims300,täter,0.5444201231002808
genialer_noar_training_data_lower_cbow_lr0.05_epochs1_mincount100_ws12_dims300,kellnerin,0.5444056987762451
genialer_noar_training_data_lower_cbow_lr0.05_epochs1_mincount100_ws12_dims300,polizeibekannter,0.5437877178192139
genialer_noar_training_data_lower_cbow_lr0.05_epochs1_mincount100_ws12_dims300,tatverdächtiger,0.543711245059967
genialer_noar_training_data_lower_cbow_lr0.05_epochs1_mincount100_ws12_dims300,nebenbuhlerin,0.5437077879905701
genialer_noar_training_data_lower_cbow_lr0.05_epochs1_mincount100_ws12_dims300,mannequin,0.5425934791564941
genialer_noar_training_data_lower_cbow_lr0.05_epochs1_mincount100_ws12_dims300,angeklagte,0.5424903631210327
genialer_noar_training_data_lower_cbow_lr0.05_epochs1_mincount100_ws12_dims300,polizeiarzt,0.5416589975357056
genialer_noar_training_data_lower_cbow_lr0.05_epochs1_mincount100_ws12_dims300,mitbruder,0.5414823889732361
genialer_noar_training_data_lower_cbow_lr0.05_epochs1_mincount100_ws12_dims300,amoklenker,0.5413774847984314
genialer_noar_training_data_lower_cbow_lr0.05_epochs1_mincount100_ws12_dims300,lokalbesitzerin,0.5412408709526062
genialer_noar_training_data_lower_cbow_lr0.05_epochs1_mincount100_ws12_dims300,komplize,0.541121244430542
genialer_noar_training_data_lower_cbow_lr0.05_epochs1_mincount100_ws12_dims300,sextäter,0.540001392364502
genialer_noar_training_data_lower_cbow_lr0.05_epochs1_mincount100_ws12_dims300,ehemannes,0.5399976372718811
genialer_noar_training_data_lower_cbow_lr0.05_epochs1_mincount100_ws12_dims300,angreiferin,0.5392391085624695
genialer_noar_training_data_lower_cbow_lr0.05_epochs1_mincount100_ws12_dims300,polizistenmörder,0.5392343401908875
genialer_noar_training_data_lower_cbow_lr0.05_epochs1_mincount100_ws12_dims300,enkelsohn,0.5390762686729431
genialer_noar_training_data_lower_cbow_lr0.05_epochs1_mincount100_ws12_dims300,haupttäter,0.5389217138290405
genialer_noar_training_data_lower_cbow_lr0.05_epochs1_mincount100_ws12_dims300,passant,0.5383300185203552
genialer_noar_training_data_lower_cbow_lr0.05_epochs1_mincount100_ws12_dims300,ehepaar,0.5381172895431519
genialer_noar_training_data_lower_cbow_lr0.05_epochs1_mincount100_ws12_dims300,traummann,0.5361031293869019
genialer_noar_training_data_lower_cbow_lr0.05_epochs1_mincount100_ws12_dims300,polizeiberuf,0.5356348752975464
genialer_noar_training_data_lower_cbow_lr0.05_epochs1_mincount100_ws12_dims300,sämann,0.5340723395347595
genialer_noar_training_data_lower_cbow_lr0.05_epochs1_mincount100_ws12_dims300,v-mann,0.5333528518676758
genialer_noar_training_data_lower_cbow_lr0.05_epochs1_mincount100_ws12_dims300,unfalllenkerin,0.5322699546813965
bezaubernde_jennifer_training_data_cbow_lr0.05_epochs1_mincount10_ws6_dims300,mannn,0.8579739928245544
bezaubernde_jennifer_training_data_cbow_lr0.05_epochs1_mincount10_ws6_dims300,v-mann,0.8009702563285828
bezaubernde_jennifer_training_data_cbow_lr0.05_epochs1_mincount10_ws6_dims300,b-mann,0.7866693735122681
bezaubernde_jennifer_training_data_cbow_lr0.05_epochs1_mincount10_ws6_dims300,mannesmann,0.7496969103813171
bezaubernde_jennifer_training_data_cbow_lr0.05_epochs1_mincount10_ws6_dims300,manneh,0.7283296585083008
bezaubernde_jennifer_training_data_cbow_lr0.05_epochs1_mincount10_ws6_dims300,manne,0.7277721166610718
bezaubernde_jennifer_training_data_cbow_lr0.05_epochs1_mincount10_ws6_dims300,bursch,0.7232943773269653
bezaubernde_jennifer_training_data_cbow_lr0.05_epochs1_mincount10_ws6_dims300,mannmit,0.7145772576332092
bezaubernde_jennifer_training_data_cbow_lr0.05_epochs1_mincount10_ws6_dims300,stiefvater,0.7091622352600098
bezaubernde_jennifer_training_data_cbow_lr0.05_epochs1_mincount10_ws6_dims300,mannott,0.7062264084815979
bezaubernde_jennifer_training_data_cbow_lr0.05_epochs1_mincount10_ws6_dims300,mannlgrat,0.7029991745948792
bezaubernde_jennifer_training_data_cbow_lr0.05_epochs1_mincount10_ws6_dims300,bursche,0.6944721937179565
bezaubernde_jennifer_training_data_cbow_lr0.05_epochs1_mincount10_ws6_dims300,frau,0.6937686800956726
bezaubernde_jennifer_training_data_cbow_lr0.05_epochs1_mincount10_ws6_dims300,stiefbruder,0.6913415193557739
bezaubernde_jennifer_training_data_cbow_lr0.05_epochs1_mincount10_ws6_dims300,mannesstamm,0.6909436583518982
bezaubernde_jennifer_training_data_cbow_lr0.05_epochs1_mincount10_ws6_dims300,mannweiber,0.6899821162223816
bezaubernde_jennifer_training_data_cbow_lr0.05_epochs1_mincount10_ws6_dims300,mannit,0.6884763836860657
bezaubernde_jennifer_training_data_cbow_lr0.05_epochs1_mincount10_ws6_dims300,polizist,0.6867681741714478
bezaubernde_jennifer_training_data_cbow_lr0.05_epochs1_mincount10_ws6_dims300,mannweib,0.6845122575759888
bezaubernde_jennifer_training_data_cbow_lr0.05_epochs1_mincount10_ws6_dims300,mannel,0.6840641498565674
bezaubernde_jennifer_training_data_cbow_lr0.05_epochs1_mincount10_ws6_dims300,ehemann,0.6823042035102844
bezaubernde_jennifer_training_data_cbow_lr0.05_epochs1_mincount10_ws6_dims300,jungpolizist,0.6811132431030273
bezaubernde_jennifer_training_data_cbow_lr0.05_epochs1_mincount10_ws6_dims300,mannus,0.6803603172302246
bezaubernde_jennifer_training_data_cbow_lr0.05_epochs1_mincount10_ws6_dims300,m-mann,0.6777483820915222
bezaubernde_jennifer_training_data_cbow_lr0.05_epochs1_mincount10_ws6_dims300,lebensgefährte,0.6776368618011475
bezaubernde_jennifer_training_data_cbow_lr0.05_epochs1_mincount10_ws6_dims300,männerfreund,0.6720787286758423
bezaubernde_jennifer_training_data_cbow_lr0.05_epochs1_mincount10_ws6_dims300,mannesmut,0.669444739818573
bezaubernde_jennifer_training_data_cbow_lr0.05_epochs1_mincount10_ws6_dims300,mannose,0.6693085432052612
bezaubernde_jennifer_training_data_cbow_lr0.05_epochs1_mincount10_ws6_dims300,schwager,0.6691949367523193
bezaubernde_jennifer_training_data_cbow_lr0.05_epochs1_mincount10_ws6_dims300,mannomann,0.6684669852256775
bezaubernde_jennifer_training_data_cbow_lr0.05_epochs1_mincount10_ws6_dims300,stiefväter,0.6649352312088013
bezaubernde_jennifer_training_data_cbow_lr0.05_epochs1_mincount10_ws6_dims300,freund,0.6636471748352051
bezaubernde_jennifer_training_data_cbow_lr0.05_epochs1_mincount10_ws6_dims300,jähriger,0.6627091765403748
bezaubernde_jennifer_training_data_cbow_lr0.05_epochs1_mincount10_ws6_dims300,gatte,0.6626911163330078
bezaubernde_jennifer_training_data_cbow_lr0.05_epochs1_mincount10_ws6_dims300,jährigein,0.6603595614433289
bezaubernde_jennifer_training_data_cbow_lr0.05_epochs1_mincount10_ws6_dims300,triebtäter,0.6583418846130371
bezaubernde_jennifer_training_data_cbow_lr0.05_epochs1_mincount10_ws6_dims300,männner,0.6571823358535767
bezaubernde_jennifer_training_data_cbow_lr0.05_epochs1_mincount10_ws6_dims300,familienvater,0.6567587852478027
bezaubernde_jennifer_training_data_cbow_lr0.05_epochs1_mincount10_ws6_dims300,jährigeam,0.6567419767379761
bezaubernde_jennifer_training_data_cbow_lr0.05_epochs1_mincount10_ws6_dims300,nbruder,0.6566616296768188
bezaubernde_jennifer_training_data_cbow_lr0.05_epochs1_mincount10_ws6_dims300,wenker,0.6533294320106506
bezaubernde_jennifer_training_data_cbow_lr0.05_epochs1_mincount10_ws6_dims300,kindsvater,0.6512609124183655
bezaubernde_jennifer_training_data_cbow_lr0.05_epochs1_mincount10_ws6_dims300,näter,0.6511192321777344
bezaubernde_jennifer_training_data_cbow_lr0.05_epochs1_mincount10_ws6_dims300,vater,0.6505436301231384
bezaubernde_jennifer_training_data_cbow_lr0.05_epochs1_mincount10_ws6_dims300,manney,0.6497611999511719
bezaubernde_jennifer_training_data_cbow_lr0.05_epochs1_mincount10_ws6_dims300,brudermörder,0.64954674243927
bezaubernde_jennifer_training_data_cbow_lr0.05_epochs1_mincount10_ws6_dims300,manned,0.648734986782074
bezaubernde_jennifer_training_data_cbow_lr0.05_epochs1_mincount10_ws6_dims300,bruder,0.6486870646476746
bezaubernde_jennifer_training_data_cbow_lr0.05_epochs1_mincount10_ws6_dims300,schwippschwager,0.6484889388084412
bezaubernde_jennifer_training_data_cbow_lr0.05_epochs1_mincount10_ws6_dims300,mannes,0.6478355526924133
bezaubernde_jennifer_training_data_cbow_lr0.05_epochs1_mincount10_ws6_dims300,mannesalter,0.6475389003753662
bezaubernde_jennifer_training_data_cbow_lr0.05_epochs1_mincount10_ws6_dims300,mithäftling,0.647084653377533
bezaubernde_jennifer_training_data_cbow_lr0.05_epochs1_mincount10_ws6_dims300,jährigehatte,0.6463503241539001
bezaubernde_jennifer_training_data_cbow_lr0.05_epochs1_mincount10_ws6_dims300,mannan,0.645332396030426
bezaubernde_jennifer_training_data_cbow_lr0.05_epochs1_mincount10_ws6_dims300,lebensgefährt,0.6452115178108215
bezaubernde_jennifer_training_data_cbow_lr0.05_epochs1_mincount10_ws6_dims300,mannewitz,0.6446955800056458
bezaubernde_jennifer_training_data_cbow_lr0.05_epochs1_mincount10_ws6_dims300,stieftocher,0.6445921063423157
bezaubernde_jennifer_training_data_cbow_lr0.05_epochs1_mincount10_ws6_dims300,geistesbruder,0.6444329023361206
bezaubernde_jennifer_training_data_cbow_lr0.05_epochs1_mincount10_ws6_dims300,polizistensohn,0.6438229084014893
bezaubernde_jennifer_training_data_cbow_lr0.05_epochs1_mincount10_ws6_dims300,scheinvater,0.6437709927558899
bezaubernde_jennifer_training_data_cbow_lr0.05_epochs1_mincount10_ws6_dims300,manndecker,0.6422193646430969
bezaubernde_jennifer_training_data_cbow_lr0.05_epochs1_mincount10_ws6_dims300,bührer,0.6415750980377197
bezaubernde_jennifer_training_data_cbow_lr0.05_epochs1_mincount10_ws6_dims300,polizistentochter,0.6404712796211243
bezaubernde_jennifer_training_data_cbow_lr0.05_epochs1_mincount10_ws6_dims300,kameradenmörder,0.6403644680976868
bezaubernde_jennifer_training_data_cbow_lr0.05_epochs1_mincount10_ws6_dims300,hausvater,0.6401978135108948
bezaubernde_jennifer_training_data_cbow_lr0.05_epochs1_mincount10_ws6_dims300,blutsbruder,0.6399796009063721
bezaubernde_jennifer_training_data_cbow_lr0.05_epochs1_mincount10_ws6_dims300,mofalenker,0.6395084857940674
bezaubernde_jennifer_training_data_cbow_lr0.05_epochs1_mincount10_ws6_dims300,schwiegervater,0.6393897533416748
bezaubernde_jennifer_training_data_cbow_lr0.05_epochs1_mincount10_ws6_dims300,tatverdächtig,0.6391042470932007
bezaubernde_jennifer_training_data_cbow_lr0.05_epochs1_mincount10_ws6_dims300,jährigeaus,0.6388490796089172
bezaubernde_jennifer_training_data_cbow_lr0.05_epochs1_mincount10_ws6_dims300,taxilenker,0.6381545066833496
bezaubernde_jennifer_training_data_cbow_lr0.05_epochs1_mincount10_ws6_dims300,streifer,0.6373752951622009
bezaubernde_jennifer_training_data_cbow_lr0.05_epochs1_mincount10_ws6_dims300,thäter,0.636952817440033
bezaubernde_jennifer_training_data_cbow_lr0.05_epochs1_mincount10_ws6_dims300,ahnvater,0.636792004108429
bezaubernde_jennifer_training_data_cbow_lr0.05_epochs1_mincount10_ws6_dims300,pensionist,0.6356220245361328
bezaubernde_jennifer_training_data_cbow_lr0.05_epochs1_mincount10_ws6_dims300,haupttäter,0.6351273655891418
bezaubernde_jennifer_training_data_cbow_lr0.05_epochs1_mincount10_ws6_dims300,vatermörder,0.6348953247070312
bezaubernde_jennifer_training_data_cbow_lr0.05_epochs1_mincount10_ws6_dims300,männerkörper,0.6345023512840271
bezaubernde_jennifer_training_data_cbow_lr0.05_epochs1_mincount10_ws6_dims300,männeroberkörper,0.6337131857872009
bezaubernde_jennifer_training_data_cbow_lr0.05_epochs1_mincount10_ws6_dims300,tynker,0.6318620443344116
bezaubernde_jennifer_training_data_cbow_lr0.05_epochs1_mincount10_ws6_dims300,verdächtig,0.6318118572235107
bezaubernde_jennifer_training_data_cbow_lr0.05_epochs1_mincount10_ws6_dims300,fremdtäter,0.6312196850776672
bezaubernde_jennifer_training_data_cbow_lr0.05_epochs1_mincount10_ws6_dims300,häfnbruder,0.6305680871009827
bezaubernde_jennifer_training_data_cbow_lr0.05_epochs1_mincount10_ws6_dims300,halbbruder,0.6301636099815369
bezaubernde_jennifer_training_data_cbow_lr0.05_epochs1_mincount10_ws6_dims300,stiefsohn,0.6301491260528564
bezaubernde_jennifer_training_data_cbow_lr0.05_epochs1_mincount10_ws6_dims300,falier,0.6300967335700989
bezaubernde_jennifer_training_data_cbow_lr0.05_epochs1_mincount10_ws6_dims300,manner,0.6298810839653015
bezaubernde_jennifer_training_data_cbow_lr0.05_epochs1_mincount10_ws6_dims300,jährigenin,0.6294172406196594
bezaubernde_jennifer_training_data_cbow_lr0.05_epochs1_mincount10_ws6_dims300,polizeibeamter,0.629403293132782
bezaubernde_jennifer_training_data_cbow_lr0.05_epochs1_mincount10_ws6_dims300,angeklagte,0.629340410232544
bezaubernde_jennifer_training_data_cbow_lr0.05_epochs1_mincount10_ws6_dims300,tatler,0.6293094754219055
bezaubernde_jennifer_training_data_cbow_lr0.05_epochs1_mincount10_ws6_dims300,jungvater,0.6292610168457031
bezaubernde_jennifer_training_data_cbow_lr0.05_epochs1_mincount10_ws6_dims300,bruderpaar,0.6287719011306763
bezaubernde_jennifer_training_data_cbow_lr0.05_epochs1_mincount10_ws6_dims300,schopftintling,0.6287246942520142
bezaubernde_jennifer_training_data_cbow_lr0.05_epochs1_mincount10_ws6_dims300,komplize,0.628700852394104
bezaubernde_jennifer_training_data_cbow_lr0.05_epochs1_mincount10_ws6_dims300,nachbarmädchen,0.628474771976471
bezaubernde_jennifer_training_data_cbow_lr0.05_epochs1_mincount10_ws6_dims300,streifenpolizist,0.6282885670661926
bezaubernde_jennifer_training_data_cbow_lr0.05_epochs1_mincount10_ws6_dims300,mannone,0.6282203793525696
bezaubernde_jennifer_training_data_cbow_lr0.05_epochs1_mincount10_ws6_dims300,bruderer,0.6276470422744751
bezaubernde_jennifer_training_data_cbow_lr0.05_epochs1_mincount10_ws6_dims300,männerarzt,0.6275293827056885
bezaubernde_roxana_training_data_cbow_lr0.05_epochs1_mincount100_ws24_dims300,v-mann,0.7226364612579346
bezaubernde_roxana_training_data_cbow_lr0.05_epochs1_mincount100_ws24_dims300,frau,0.6993643045425415
bezaubernde_roxana_training_data_cbow_lr0.05_epochs1_mincount100_ws24_dims300,manne,0.6963279843330383
bezaubernde_roxana_training_data_cbow_lr0.05_epochs1_mincount100_ws24_dims300,mannesmann,0.6866575479507446
bezaubernde_roxana_training_data_cbow_lr0.05_epochs1_mincount100_ws24_dims300,jähriger,0.6632769107818604
bezaubernde_roxana_training_data_cbow_lr0.05_epochs1_mincount100_ws24_dims300,m-mann,0.6612406969070435
bezaubernde_roxana_training_data_cbow_lr0.05_epochs1_mincount100_ws24_dims300,ihn,0.643462061882019
bezaubernde_roxana_training_data_cbow_lr0.05_epochs1_mincount100_ws24_dims300,polizist,0.6355593800544739
bezaubernde_roxana_training_data_cbow_lr0.05_epochs1_mincount100_ws24_dims300,mannes,0.625587522983551
bezaubernde_roxana_training_data_cbow_lr0.05_epochs1_mincount100_ws24_dims300,lebensgefährte,0.6215172410011292
bezaubernde_roxana_training_data_cbow_lr0.05_epochs1_mincount100_ws24_dims300,manneskraft,0.6139919757843018
bezaubernde_roxana_training_data_cbow_lr0.05_epochs1_mincount100_ws24_dims300,freund,0.6099560856819153
bezaubernde_roxana_training_data_cbow_lr0.05_epochs1_mincount100_ws24_dims300,stiefvater,0.6080012917518616
bezaubernde_roxana_training_data_cbow_lr0.05_epochs1_mincount100_ws24_dims300,jährige,0.6073497533798218
bezaubernde_roxana_training_data_cbow_lr0.05_epochs1_mincount100_ws24_dims300,jährig,0.6062130331993103
bezaubernde_roxana_training_data_cbow_lr0.05_epochs1_mincount100_ws24_dims300,ehemann,0.59431391954422
bezaubernde_roxana_training_data_cbow_lr0.05_epochs1_mincount100_ws24_dims300,lebensgefährtin,0.5932775139808655
bezaubernde_roxana_training_data_cbow_lr0.05_epochs1_mincount100_ws24_dims300,jähriges,0.5890450477600098
bezaubernde_roxana_training_data_cbow_lr0.05_epochs1_mincount100_ws24_dims300,mannequin,0.5874951481819153
bezaubernde_roxana_training_data_cbow_lr0.05_epochs1_mincount100_ws24_dims300,vater,0.5819895267486572
bezaubernde_roxana_training_data_cbow_lr0.05_epochs1_mincount100_ws24_dims300,er,0.5804344415664673
bezaubernde_roxana_training_data_cbow_lr0.05_epochs1_mincount100_ws24_dims300,freundin,0.5751320123672485
bezaubernde_roxana_training_data_cbow_lr0.05_epochs1_mincount100_ws24_dims300,bursch,0.5712877511978149
bezaubernde_roxana_training_data_cbow_lr0.05_epochs1_mincount100_ws24_dims300,jährigen,0.5653634071350098
bezaubernde_roxana_training_data_cbow_lr0.05_epochs1_mincount100_ws24_dims300,manny,0.5642122030258179
bezaubernde_roxana_training_data_cbow_lr0.05_epochs1_mincount100_ws24_dims300,polizeibeamter,0.564170241355896
bezaubernde_roxana_training_data_cbow_lr0.05_epochs1_mincount100_ws24_dims300,tatler,0.5630388855934143
bezaubernde_roxana_training_data_cbow_lr0.05_epochs1_mincount100_ws24_dims300,triebtäter,0.5598856210708618
bezaubernde_roxana_training_data_cbow_lr0.05_epochs1_mincount100_ws24_dims300,manni,0.5591282844543457
bezaubernde_roxana_training_data_cbow_lr0.05_epochs1_mincount100_ws24_dims300,stiefsohn,0.5589098334312439
bezaubernde_roxana_training_data_cbow_lr0.05_epochs1_mincount100_ws24_dims300,polizeibeamtin,0.5579036474227905
bezaubernde_roxana_training_data_cbow_lr0.05_epochs1_mincount100_ws24_dims300,bekannter,0.5578717589378357
bezaubernde_roxana_training_data_cbow_lr0.05_epochs1_mincount100_ws24_dims300,jährigem,0.5567378401756287
bezaubernde_roxana_training_data_cbow_lr0.05_epochs1_mincount100_ws24_dims300,männerkörper,0.5563556551933289
bezaubernde_roxana_training_data_cbow_lr0.05_epochs1_mincount100_ws24_dims300,täter,0.5547395944595337
bezaubernde_roxana_training_data_cbow_lr0.05_epochs1_mincount100_ws24_dims300,sohn,0.5543177127838135
bezaubernde_roxana_training_data_cbow_lr0.05_epochs1_mincount100_ws24_dims300,angeklagter,0.5532890558242798
bezaubernde_roxana_training_data_cbow_lr0.05_epochs1_mincount100_ws24_dims300,manna,0.5525397062301636
bezaubernde_roxana_training_data_cbow_lr0.05_epochs1_mincount100_ws24_dims300,tatverdächtig,0.5524380207061768
bezaubernde_roxana_training_data_cbow_lr0.05_epochs1_mincount100_ws24_dims300,angeklagte,0.5512548685073853
bezaubernde_roxana_training_data_cbow_lr0.05_epochs1_mincount100_ws24_dims300,gatte,0.5498399138450623
bezaubernde_roxana_training_data_cbow_lr0.05_epochs1_mincount100_ws24_dims300,bruder,0.5495344996452332
bezaubernde_roxana_training_data_cbow_lr0.05_epochs1_mincount100_ws24_dims300,mannsein,0.5490282773971558
bezaubernde_roxana_training_data_cbow_lr0.05_epochs1_mincount100_ws24_dims300,ihm,0.5481656193733215
bezaubernde_roxana_training_data_cbow_lr0.05_epochs1_mincount100_ws24_dims300,schwiegervater,0.5480288863182068
bezaubernde_roxana_training_data_cbow_lr0.05_epochs1_mincount100_ws24_dims300,stiefbruder,0.547653079032898
bezaubernde_roxana_training_data_cbow_lr0.05_epochs1_mincount100_ws24_dims300,polizistin,0.5468611121177673
bezaubernde_roxana_training_data_cbow_lr0.05_epochs1_mincount100_ws24_dims300,verdächtig,0.5440833568572998
bezaubernde_roxana_training_data_cbow_lr0.05_epochs1_mincount100_ws24_dims300,streifenpolizist,0.5439134240150452
bezaubernde_roxana_training_data_cbow_lr0.05_epochs1_mincount100_ws24_dims300,elfjähriger,0.5429056882858276
bezaubernde_roxana_training_data_cbow_lr0.05_epochs1_mincount100_ws24_dims300,tatverdächtige,0.5420752763748169
bezaubernde_roxana_training_data_cbow_lr0.05_epochs1_mincount100_ws24_dims300,zwölfjähriger,0.5417225956916809
bezaubernde_roxana_training_data_cbow_lr0.05_epochs1_mincount100_ws24_dims300,verdächtige,0.5402307510375977
bezaubernde_roxana_training_data_cbow_lr0.05_epochs1_mincount100_ws24_dims300,exfreund,0.5385746955871582
bezaubernde_roxana_training_data_cbow_lr0.05_epochs1_mincount100_ws24_dims300,polizeiarzt,0.5377883315086365
bezaubernde_roxana_training_data_cbow_lr0.05_epochs1_mincount100_ws24_dims300,bruderpaar,0.5374436378479004
bezaubernde_roxana_training_data_cbow_lr0.05_epochs1_mincount100_ws24_dims300,weltpolizist,0.5342432856559753
bezaubernde_roxana_training_data_cbow_lr0.05_epochs1_mincount100_ws24_dims300,mordversuch,0.5319259762763977
bezaubernde_roxana_training_data_cbow_lr0.05_epochs1_mincount100_ws24_dims300,dorfpolizist,0.5318090915679932
bezaubernde_roxana_training_data_cbow_lr0.05_epochs1_mincount100_ws24_dims300,polizeiberuf,0.5309497714042664
bezaubernde_roxana_training_data_cbow_lr0.05_epochs1_mincount100_ws24_dims300,achtjähriger,0.5308306217193604
bezaubernde_roxana_training_data_cbow_lr0.05_epochs1_mincount100_ws24_dims300,bursche,0.5296224355697632
bezaubernde_roxana_training_data_cbow_lr0.05_epochs1_mincount100_ws24_dims300,unbekannter,0.5288791656494141
bezaubernde_roxana_training_data_cbow_lr0.05_epochs1_mincount100_ws24_dims300,nachbarin,0.5273661613464355
bezaubernde_roxana_training_data_cbow_lr0.05_epochs1_mincount100_ws24_dims300,passant,0.5267078280448914
bezaubernde_roxana_training_data_cbow_lr0.05_epochs1_mincount100_ws24_dims300,tatmesser,0.5254998207092285
bezaubernde_roxana_training_data_cbow_lr0.05_epochs1_mincount100_ws24_dims300,schwager,0.5254366993904114
bezaubernde_roxana_training_data_cbow_lr0.05_epochs1_mincount100_ws24_dims300,tatverdächtiger,0.524724006652832
bezaubernde_roxana_training_data_cbow_lr0.05_epochs1_mincount100_ws24_dims300,hausfreund,0.5245308876037598
bezaubernde_roxana_training_data_cbow_lr0.05_epochs1_mincount100_ws24_dims300,mutter,0.5245065689086914
bezaubernde_roxana_training_data_cbow_lr0.05_epochs1_mincount100_ws24_dims300,polizeinotruf,0.5236107707023621
bezaubernde_roxana_training_data_cbow_lr0.05_epochs1_mincount100_ws24_dims300,kindsvater,0.5224210619926453
bezaubernde_roxana_training_data_cbow_lr0.05_epochs1_mincount100_ws24_dims300,lebensgefährten,0.5223673582077026
bezaubernde_roxana_training_data_cbow_lr0.05_epochs1_mincount100_ws24_dims300,zeugin,0.5213958621025085
bezaubernde_roxana_training_data_cbow_lr0.05_epochs1_mincount100_ws24_dims300,ehepaar,0.5205179452896118
bezaubernde_roxana_training_data_cbow_lr0.05_epochs1_mincount100_ws24_dims300,zivilpolizist,0.5202330350875854
bezaubernde_roxana_training_data_cbow_lr0.05_epochs1_mincount100_ws24_dims300,exfreundin,0.5201441049575806
bezaubernde_roxana_training_data_cbow_lr0.05_epochs1_mincount100_ws24_dims300,passantin,0.5197991132736206
bezaubernde_roxana_training_data_cbow_lr0.05_epochs1_mincount100_ws24_dims300,zwölfjährige,0.5194106101989746
bezaubernde_roxana_training_data_cbow_lr0.05_epochs1_mincount100_ws24_dims300,verdächtigter,0.5182515382766724
bezaubernde_roxana_training_data_cbow_lr0.05_epochs1_mincount100_ws24_dims300,haupttäter,0.5172777771949768
bezaubernde_roxana_training_data_cbow_lr0.05_epochs1_mincount100_ws24_dims300,familienvater,0.5160871148109436
bezaubernde_roxana_training_data_cbow_lr0.05_epochs1_mincount100_ws24_dims300,komplize,0.5160655379295349
bezaubernde_roxana_training_data_cbow_lr0.05_epochs1_mincount100_ws24_dims300,achtjährige,0.5152207016944885
bezaubernde_roxana_training_data_cbow_lr0.05_epochs1_mincount100_ws24_dims300,leibwächter,0.5143464207649231
bezaubernde_roxana_training_data_cbow_lr0.05_epochs1_mincount100_ws24_dims300,jähriger,0.5139684677124023
bezaubernde_roxana_training_data_cbow_lr0.05_epochs1_mincount100_ws24_dims300,polizeisportler,0.5138288736343384
bezaubernde_roxana_training_data_cbow_lr0.05_epochs1_mincount100_ws24_dims300,polizeistreife,0.5137651562690735
bezaubernde_roxana_training_data_cbow_lr0.05_epochs1_mincount100_ws24_dims300,ersttäter,0.5135101079940796
bezaubernde_roxana_training_data_cbow_lr0.05_epochs1_mincount100_ws24_dims300,männer,0.5130811333656311
bezaubernde_roxana_training_data_cbow_lr0.05_epochs1_mincount100_ws24_dims300,ehefrau,0.512691855430603
bezaubernde_roxana_training_data_cbow_lr0.05_epochs1_mincount100_ws24_dims300,siebenjähriger,0.5120927691459656
bezaubernde_roxana_training_data_cbow_lr0.05_epochs1_mincount100_ws24_dims300,bekannte,0.5116301774978638
bezaubernde_roxana_training_data_cbow_lr0.05_epochs1_mincount100_ws24_dims300,elfjährige,0.5110700726509094
bezaubernde_roxana_training_data_cbow_lr0.05_epochs1_mincount100_ws24_dims300,taxilenker,0.509829044342041
bezaubernde_roxana_training_data_cbow_lr0.05_epochs1_mincount100_ws24_dims300,stiefschwester,0.509644627571106
bezaubernde_roxana_training_data_cbow_lr0.05_epochs1_mincount100_ws24_dims300,polizeioffizier,0.5089096426963806
bezaubernde_roxana_training_data_cbow_lr0.05_epochs1_mincount100_ws24_dims300,motorradpolizist,0.5088659524917603
bezaubernde_roxana_training_data_cbow_lr0.05_epochs1_mincount100_ws24_dims300,verdächtiger,0.508783757686615
bezaubernde_roxana_training_data_cbow_lr0.05_epochs1_mincount100_ws24_dims300,fünfjähriger,0.5076839327812195
entzückende_veronica_training_data_cbow_lr0.05_epochs1_mincount10_ws24_dims300,mannn,0.8189895153045654
entzückende_veronica_training_data_cbow_lr0.05_epochs1_mincount10_ws24_dims300,b-mann,0.7708808183670044
entzückende_veronica_training_data_cbow_lr0.05_epochs1_mincount10_ws24_dims300,mannesmann,0.7188614010810852
entzückende_veronica_training_data_cbow_lr0.05_epochs1_mincount10_ws24_dims300,frau,0.7007498741149902
entzückende_veronica_training_data_cbow_lr0.05_epochs1_mincount10_ws24_dims300,v-mann,0.6990091800689697
entzückende_veronica_training_data_cbow_lr0.05_epochs1_mincount10_ws24_dims300,manne,0.6836637258529663
entzückende_veronica_training_data_cbow_lr0.05_epochs1_mincount10_ws24_dims300,manneh,0.6790568232536316
entzückende_veronica_training_data_cbow_lr0.05_epochs1_mincount10_ws24_dims300,mannott,0.6715222597122192
entzückende_veronica_training_data_cbow_lr0.05_epochs1_mincount10_ws24_dims300,jährigein,0.6638501882553101
entzückende_veronica_training_data_cbow_lr0.05_epochs1_mincount10_ws24_dims300,mannmit,0.6628103256225586
entzückende_veronica_training_data_cbow_lr0.05_epochs1_mincount10_ws24_dims300,jähriger,0.6608450412750244
entzückende_veronica_training_data_cbow_lr0.05_epochs1_mincount10_ws24_dims300,m-mann,0.6503003835678101
entzückende_veronica_training_data_cbow_lr0.05_epochs1_mincount10_ws24_dims300,mannesmut,0.6422509551048279
entzückende_veronica_training_data_cbow_lr0.05_epochs1_mincount10_ws24_dims300,mannlgrat,0.6381795406341553
entzückende_veronica_training_data_cbow_lr0.05_epochs1_mincount10_ws24_dims300,mannose,0.6380337476730347
entzückende_veronica_training_data_cbow_lr0.05_epochs1_mincount10_ws24_dims300,lebensgefährte,0.6355175971984863
entzückende_veronica_training_data_cbow_lr0.05_epochs1_mincount10_ws24_dims300,jährigeam,0.6352375745773315
entzückende_veronica_training_data_cbow_lr0.05_epochs1_mincount10_ws24_dims300,mannel,0.634517252445221
entzückende_veronica_training_data_cbow_lr0.05_epochs1_mincount10_ws24_dims300,mannweib,0.6304005980491638
entzückende_veronica_training_data_cbow_lr0.05_epochs1_mincount10_ws24_dims300,mannomann,0.6301820874214172
entzückende_veronica_training_data_cbow_lr0.05_epochs1_mincount10_ws24_dims300,mannesstamm,0.6285547018051147
entzückende_veronica_training_data_cbow_lr0.05_epochs1_mincount10_ws24_dims300,jährigehatte,0.6279182434082031
entzückende_veronica_training_data_cbow_lr0.05_epochs1_mincount10_ws24_dims300,mannes,0.6274198293685913
entzückende_veronica_training_data_cbow_lr0.05_epochs1_mincount10_ws24_dims300,jährigenin,0.6271927952766418
entzückende_veronica_training_data_cbow_lr0.05_epochs1_mincount10_ws24_dims300,männerfreund,0.6227921843528748
entzückende_veronica_training_data_cbow_lr0.05_epochs1_mincount10_ws24_dims300,mannus,0.6207670569419861
entzückende_veronica_training_data_cbow_lr0.05_epochs1_mincount10_ws24_dims300,mannweiber,0.6207098960876465
entzückende_veronica_training_data_cbow_lr0.05_epochs1_mincount10_ws24_dims300,jährigeaus,0.615753173828125
entzückende_veronica_training_data_cbow_lr0.05_epochs1_mincount10_ws24_dims300,polizist,0.6151246428489685
entzückende_veronica_training_data_cbow_lr0.05_epochs1_mincount10_ws24_dims300,jährie,0.6129817366600037
entzückende_veronica_training_data_cbow_lr0.05_epochs1_mincount10_ws24_dims300,freund,0.6104690432548523
entzückende_veronica_training_data_cbow_lr0.05_epochs1_mincount10_ws24_dims300,manned,0.6089383363723755
entzückende_veronica_training_data_cbow_lr0.05_epochs1_mincount10_ws24_dims300,jährigewurde,0.6088777780532837
entzückende_veronica_training_data_cbow_lr0.05_epochs1_mincount10_ws24_dims300,mannesalter,0.608245849609375
entzückende_veronica_training_data_cbow_lr0.05_epochs1_mincount10_ws24_dims300,mannit,0.6068405508995056
entzückende_veronica_training_data_cbow_lr0.05_epochs1_mincount10_ws24_dims300,ihn,0.6055837273597717
entzückende_veronica_training_data_cbow_lr0.05_epochs1_mincount10_ws24_dims300,jährig,0.603971540927887
entzückende_veronica_training_data_cbow_lr0.05_epochs1_mincount10_ws24_dims300,ehemann,0.599601149559021
entzückende_veronica_training_data_cbow_lr0.05_epochs1_mincount10_ws24_dims300,jährige,0.598802924156189
entzückende_veronica_training_data_cbow_lr0.05_epochs1_mincount10_ws24_dims300,manney,0.5968734622001648
entzückende_veronica_training_data_cbow_lr0.05_epochs1_mincount10_ws24_dims300,manneskraft,0.5960537791252136
entzückende_veronica_training_data_cbow_lr0.05_epochs1_mincount10_ws24_dims300,mannys,0.5957748293876648
entzückende_veronica_training_data_cbow_lr0.05_epochs1_mincount10_ws24_dims300,stiefvater,0.593621551990509
entzückende_veronica_training_data_cbow_lr0.05_epochs1_mincount10_ws24_dims300,ährige,0.5922160148620605
entzückende_veronica_training_data_cbow_lr0.05_epochs1_mincount10_ws24_dims300,jährigewar,0.5911384224891663
entzückende_veronica_training_data_cbow_lr0.05_epochs1_mincount10_ws24_dims300,er,0.5902061462402344
entzückende_veronica_training_data_cbow_lr0.05_epochs1_mincount10_ws24_dims300,polizistentochter,0.5898027420043945
entzückende_veronica_training_data_cbow_lr0.05_epochs1_mincount10_ws24_dims300,stiefväter,0.5893166661262512
entzückende_veronica_training_data_cbow_lr0.05_epochs1_mincount10_ws24_dims300,jähriges,0.5875061750411987
entzückende_veronica_training_data_cbow_lr0.05_epochs1_mincount10_ws24_dims300,mannequin,0.5851272344589233
entzückende_veronica_training_data_cbow_lr0.05_epochs1_mincount10_ws24_dims300,polizeibeamter,0.579998254776001
entzückende_veronica_training_data_cbow_lr0.05_epochs1_mincount10_ws24_dims300,lebensgefährtin,0.5788632035255432
entzückende_veronica_training_data_cbow_lr0.05_epochs1_mincount10_ws24_dims300,mannan,0.5787872076034546
entzückende_veronica_training_data_cbow_lr0.05_epochs1_mincount10_ws24_dims300,fremdtäter,0.5786982774734497
entzückende_veronica_training_data_cbow_lr0.05_epochs1_mincount10_ws24_dims300,bursch,0.5772081017494202
entzückende_veronica_training_data_cbow_lr0.05_epochs1_mincount10_ws24_dims300,jährigen,0.5763668417930603
entzückende_veronica_training_data_cbow_lr0.05_epochs1_mincount10_ws24_dims300,freundin,0.5762687921524048
entzückende_veronica_training_data_cbow_lr0.05_epochs1_mincount10_ws24_dims300,vater,0.5754587054252625
entzückende_veronica_training_data_cbow_lr0.05_epochs1_mincount10_ws24_dims300,triebtäter,0.5747400522232056
entzückende_veronica_training_data_cbow_lr0.05_epochs1_mincount10_ws24_dims300,lebensgefährt,0.5738657116889954
entzückende_veronica_training_data_cbow_lr0.05_epochs1_mincount10_ws24_dims300,manny,0.573061466217041
entzückende_veronica_training_data_cbow_lr0.05_epochs1_mincount10_ws24_dims300,stiefbruder,0.5729585886001587
entzückende_veronica_training_data_cbow_lr0.05_epochs1_mincount10_ws24_dims300,mannagetta,0.5715662240982056
entzückende_veronica_training_data_cbow_lr0.05_epochs1_mincount10_ws24_dims300,männner,0.5698678493499756
entzückende_veronica_training_data_cbow_lr0.05_epochs1_mincount10_ws24_dims300,scheinvater,0.5687754154205322
entzückende_veronica_training_data_cbow_lr0.05_epochs1_mincount10_ws24_dims300,polizeibeamtin,0.5682671666145325
entzückende_veronica_training_data_cbow_lr0.05_epochs1_mincount10_ws24_dims300,feund,0.5678189396858215
entzückende_veronica_training_data_cbow_lr0.05_epochs1_mincount10_ws24_dims300,mannewitz,0.5661213397979736
entzückende_veronica_training_data_cbow_lr0.05_epochs1_mincount10_ws24_dims300,tatler,0.5656634569168091
entzückende_veronica_training_data_cbow_lr0.05_epochs1_mincount10_ws24_dims300,streifenpolizist,0.5655184388160706
entzückende_veronica_training_data_cbow_lr0.05_epochs1_mincount10_ws24_dims300,jährigemit,0.5652695894241333
entzückende_veronica_training_data_cbow_lr0.05_epochs1_mincount10_ws24_dims300,polizeibekannter,0.5647308230400085
entzückende_veronica_training_data_cbow_lr0.05_epochs1_mincount10_ws24_dims300,mannone,0.5638649463653564
entzückende_veronica_training_data_cbow_lr0.05_epochs1_mincount10_ws24_dims300,männerpaar,0.5629992485046387
entzückende_veronica_training_data_cbow_lr0.05_epochs1_mincount10_ws24_dims300,jährigem,0.5628920793533325
entzückende_veronica_training_data_cbow_lr0.05_epochs1_mincount10_ws24_dims300,tathelfer,0.5622932314872742
entzückende_veronica_training_data_cbow_lr0.05_epochs1_mincount10_ws24_dims300,tatzeugin,0.5609757304191589
entzückende_veronica_training_data_cbow_lr0.05_epochs1_mincount10_ws24_dims300,tatverdächtig,0.559869110584259
entzückende_veronica_training_data_cbow_lr0.05_epochs1_mincount10_ws24_dims300,tater,0.5592430233955383
entzückende_veronica_training_data_cbow_lr0.05_epochs1_mincount10_ws24_dims300,näter,0.5588645339012146
entzückende_veronica_training_data_cbow_lr0.05_epochs1_mincount10_ws24_dims300,jähn,0.5585932731628418
entzückende_veronica_training_data_cbow_lr0.05_epochs1_mincount10_ws24_dims300,streifer,0.558552086353302
entzückende_veronica_training_data_cbow_lr0.05_epochs1_mincount10_ws24_dims300,mannix,0.5580132603645325
entzückende_veronica_training_data_cbow_lr0.05_epochs1_mincount10_ws24_dims300,manno,0.5580096244812012
entzückende_veronica_training_data_cbow_lr0.05_epochs1_mincount10_ws24_dims300,polizistenpaar,0.557411253452301
entzückende_veronica_training_data_cbow_lr0.05_epochs1_mincount10_ws24_dims300,jungpolizist,0.5573479533195496
entzückende_veronica_training_data_cbow_lr0.05_epochs1_mincount10_ws24_dims300,manngold,0.5569556355476379
entzückende_veronica_training_data_cbow_lr0.05_epochs1_mincount10_ws24_dims300,hausfreund,0.555985689163208
entzückende_veronica_training_data_cbow_lr0.05_epochs1_mincount10_ws24_dims300,schopftintling,0.5552465915679932
entzückende_veronica_training_data_cbow_lr0.05_epochs1_mincount10_ws24_dims300,schariapolizist,0.5548862218856812
entzückende_veronica_training_data_cbow_lr0.05_epochs1_mincount10_ws24_dims300,tatze,0.5548545122146606
entzückende_veronica_training_data_cbow_lr0.05_epochs1_mincount10_ws24_dims300,tatverdächtige,0.5545374155044556
entzückende_veronica_training_data_cbow_lr0.05_epochs1_mincount10_ws24_dims300,thäter,0.5541397333145142
entzückende_veronica_training_data_cbow_lr0.05_epochs1_mincount10_ws24_dims300,männerkörper,0.5529454350471497
entzückende_veronica_training_data_cbow_lr0.05_epochs1_mincount10_ws24_dims300,bruder,0.5525686144828796
entzückende_veronica_training_data_cbow_lr0.05_epochs1_mincount10_ws24_dims300,falier,0.5522841811180115
entzückende_veronica_training_data_cbow_lr0.05_epochs1_mincount10_ws24_dims300,männerarzt,0.5512130856513977
entzückende_veronica_training_data_cbow_lr0.05_epochs1_mincount10_ws24_dims300,polizeijacke,0.5508214235305786
entzückende_veronica_training_data_cbow_lr0.05_epochs1_mincount10_ws24_dims300,angeklagte,0.550055742263794
entzückende_veronica_training_data_cbow_lr0.05_epochs1_mincount10_ws24_dims300,polizistensohn,0.5500067472457886
aktive_eleonore_training_data_lower_cbow_lr0.05_epochs1_mincount50_ws5_dims300,mannesmann,0.735289454460144
aktive_eleonore_training_data_lower_cbow_lr0.05_epochs1_mincount50_ws5_dims300,bursch,0.7324111461639404
aktive_eleonore_training_data_lower_cbow_lr0.05_epochs1_mincount50_ws5_dims300,frau,0.7189854979515076
aktive_eleonore_training_data_lower_cbow_lr0.05_epochs1_mincount50_ws5_dims300,ehemann,0.6946596503257751
aktive_eleonore_training_data_lower_cbow_lr0.05_epochs1_mincount50_ws5_dims300,stiefvater,0.6932089924812317
aktive_eleonore_training_data_lower_cbow_lr0.05_epochs1_mincount50_ws5_dims300,manne,0.6920883655548096
aktive_eleonore_training_data_lower_cbow_lr0.05_epochs1_mincount50_ws5_dims300,lebensgefährte,0.6785886287689209
aktive_eleonore_training_data_lower_cbow_lr0.05_epochs1_mincount50_ws5_dims300,polizist,0.671471357345581
aktive_eleonore_training_data_lower_cbow_lr0.05_epochs1_mincount50_ws5_dims300,bursche,0.6698311567306519
aktive_eleonore_training_data_lower_cbow_lr0.05_epochs1_mincount50_ws5_dims300,schwiegervater,0.6669228672981262
aktive_eleonore_training_data_lower_cbow_lr0.05_epochs1_mincount50_ws5_dims300,freund,0.6584987044334412
aktive_eleonore_training_data_lower_cbow_lr0.05_epochs1_mincount50_ws5_dims300,vater,0.6560111045837402
aktive_eleonore_training_data_lower_cbow_lr0.05_epochs1_mincount50_ws5_dims300,manneh,0.6499044299125671
aktive_eleonore_training_data_lower_cbow_lr0.05_epochs1_mincount50_ws5_dims300,stiefbruder,0.6474491953849792
aktive_eleonore_training_data_lower_cbow_lr0.05_epochs1_mincount50_ws5_dims300,familienvater,0.6449248790740967
aktive_eleonore_training_data_lower_cbow_lr0.05_epochs1_mincount50_ws5_dims300,bruderpaar,0.643939733505249
aktive_eleonore_training_data_lower_cbow_lr0.05_epochs1_mincount50_ws5_dims300,jungvater,0.6428481340408325
aktive_eleonore_training_data_lower_cbow_lr0.05_epochs1_mincount50_ws5_dims300,rabenvater,0.6407789587974548
aktive_eleonore_training_data_lower_cbow_lr0.05_epochs1_mincount50_ws5_dims300,kindsvater,0.6383399367332458
aktive_eleonore_training_data_lower_cbow_lr0.05_epochs1_mincount50_ws5_dims300,schwager,0.6341204047203064
aktive_eleonore_training_data_lower_cbow_lr0.05_epochs1_mincount50_ws5_dims300,polizistensohn,0.6322107315063477
aktive_eleonore_training_data_lower_cbow_lr0.05_epochs1_mincount50_ws5_dims300,bruder,0.6256750822067261
aktive_eleonore_training_data_lower_cbow_lr0.05_epochs1_mincount50_ws5_dims300,blutsbruder,0.6216332316398621
aktive_eleonore_training_data_lower_cbow_lr0.05_epochs1_mincount50_ws5_dims300,pensionist,0.6199185848236084
aktive_eleonore_training_data_lower_cbow_lr0.05_epochs1_mincount50_ws5_dims300,gatte,0.6197991967201233
aktive_eleonore_training_data_lower_cbow_lr0.05_epochs1_mincount50_ws5_dims300,wachmann,0.6184662580490112
aktive_eleonore_training_data_lower_cbow_lr0.05_epochs1_mincount50_ws5_dims300,lebemann,0.616980254650116
aktive_eleonore_training_data_lower_cbow_lr0.05_epochs1_mincount50_ws5_dims300,hehemann,0.6164454817771912
aktive_eleonore_training_data_lower_cbow_lr0.05_epochs1_mincount50_ws5_dims300,mithäftling,0.6156204342842102
aktive_eleonore_training_data_lower_cbow_lr0.05_epochs1_mincount50_ws5_dims300,mannes,0.6152663826942444
aktive_eleonore_training_data_lower_cbow_lr0.05_epochs1_mincount50_ws5_dims300,geismann,0.6150503754615784
aktive_eleonore_training_data_lower_cbow_lr0.05_epochs1_mincount50_ws5_dims300,polizistin,0.6146078705787659
aktive_eleonore_training_data_lower_cbow_lr0.05_epochs1_mincount50_ws5_dims300,nebenbuhler,0.6145711541175842
aktive_eleonore_training_data_lower_cbow_lr0.05_epochs1_mincount50_ws5_dims300,weltpolizist,0.6141837239265442
aktive_eleonore_training_data_lower_cbow_lr0.05_epochs1_mincount50_ws5_dims300,altvater,0.6133251786231995
aktive_eleonore_training_data_lower_cbow_lr0.05_epochs1_mincount50_ws5_dims300,amoklenker,0.6130179166793823
aktive_eleonore_training_data_lower_cbow_lr0.05_epochs1_mincount50_ws5_dims300,triebtäter,0.6121090650558472
aktive_eleonore_training_data_lower_cbow_lr0.05_epochs1_mincount50_ws5_dims300,brudermann,0.6116567850112915
aktive_eleonore_training_data_lower_cbow_lr0.05_epochs1_mincount50_ws5_dims300,exfreund,0.6110711693763733
aktive_eleonore_training_data_lower_cbow_lr0.05_epochs1_mincount50_ws5_dims300,kapuzenmann,0.6103677153587341
aktive_eleonore_training_data_lower_cbow_lr0.05_epochs1_mincount50_ws5_dims300,turnvater,0.6095327734947205
aktive_eleonore_training_data_lower_cbow_lr0.05_epochs1_mincount50_ws5_dims300,streifenpolizist,0.6092449426651001
aktive_eleonore_training_data_lower_cbow_lr0.05_epochs1_mincount50_ws5_dims300,dorfpolizist,0.608489990234375
aktive_eleonore_training_data_lower_cbow_lr0.05_epochs1_mincount50_ws5_dims300,stammvater,0.607807457447052
aktive_eleonore_training_data_lower_cbow_lr0.05_epochs1_mincount50_ws5_dims300,taxilenkerin,0.6055989861488342
aktive_eleonore_training_data_lower_cbow_lr0.05_epochs1_mincount50_ws5_dims300,kameradenmörder,0.6052990555763245
aktive_eleonore_training_data_lower_cbow_lr0.05_epochs1_mincount50_ws5_dims300,lebensgefährtin,0.6043991446495056
aktive_eleonore_training_data_lower_cbow_lr0.05_epochs1_mincount50_ws5_dims300,halbbruder,0.6041154861450195
aktive_eleonore_training_data_lower_cbow_lr0.05_epochs1_mincount50_ws5_dims300,brautvater,0.6031825542449951
aktive_eleonore_training_data_lower_cbow_lr0.05_epochs1_mincount50_ws5_dims300,taxilenker,0.6030566692352295
aktive_eleonore_training_data_lower_cbow_lr0.05_epochs1_mincount50_ws5_dims300,kindesvater,0.6026239991188049
aktive_eleonore_training_data_lower_cbow_lr0.05_epochs1_mincount50_ws5_dims300,heimwehrführer,0.5991837978363037
aktive_eleonore_training_data_lower_cbow_lr0.05_epochs1_mincount50_ws5_dims300,vatermörder,0.599103569984436
aktive_eleonore_training_data_lower_cbow_lr0.05_epochs1_mincount50_ws5_dims300,gottvater,0.5989696979522705
aktive_eleonore_training_data_lower_cbow_lr0.05_epochs1_mincount50_ws5_dims300,schwiegersohn,0.5980806350708008
aktive_eleonore_training_data_lower_cbow_lr0.05_epochs1_mincount50_ws5_dims300,spitzenpolizist,0.5978734493255615
aktive_eleonore_training_data_lower_cbow_lr0.05_epochs1_mincount50_ws5_dims300,mitbruder,0.5977849960327148
aktive_eleonore_training_data_lower_cbow_lr0.05_epochs1_mincount50_ws5_dims300,duzfreund,0.597628116607666
aktive_eleonore_training_data_lower_cbow_lr0.05_epochs1_mincount50_ws5_dims300,exmann,0.5961268544197083
aktive_eleonore_training_data_lower_cbow_lr0.05_epochs1_mincount50_ws5_dims300,hausfreund,0.5959129929542542
aktive_eleonore_training_data_lower_cbow_lr0.05_epochs1_mincount50_ws5_dims300,lebensgefährten,0.5954697132110596
aktive_eleonore_training_data_lower_cbow_lr0.05_epochs1_mincount50_ws5_dims300,mädchenmörder,0.5950313806533813
aktive_eleonore_training_data_lower_cbow_lr0.05_epochs1_mincount50_ws5_dims300,schlenker,0.5948281288146973
aktive_eleonore_training_data_lower_cbow_lr0.05_epochs1_mincount50_ws5_dims300,nachbarin,0.5946283340454102
aktive_eleonore_training_data_lower_cbow_lr0.05_epochs1_mincount50_ws5_dims300,stiefsohn,0.5945020914077759
aktive_eleonore_training_data_lower_cbow_lr0.05_epochs1_mincount50_ws5_dims300,burschikose,0.5943617224693298
aktive_eleonore_training_data_lower_cbow_lr0.05_epochs1_mincount50_ws5_dims300,mofalenker,0.5939179062843323
aktive_eleonore_training_data_lower_cbow_lr0.05_epochs1_mincount50_ws5_dims300,teenager,0.5925659537315369
aktive_eleonore_training_data_lower_cbow_lr0.05_epochs1_mincount50_ws5_dims300,freundin,0.5922715663909912
aktive_eleonore_training_data_lower_cbow_lr0.05_epochs1_mincount50_ws5_dims300,angeklagte,0.5918723940849304
aktive_eleonore_training_data_lower_cbow_lr0.05_epochs1_mincount50_ws5_dims300,polizeibeamter,0.591056227684021
aktive_eleonore_training_data_lower_cbow_lr0.05_epochs1_mincount50_ws5_dims300,hausmann,0.590979814529419
aktive_eleonore_training_data_lower_cbow_lr0.05_epochs1_mincount50_ws5_dims300,malier,0.5894079804420471
aktive_eleonore_training_data_lower_cbow_lr0.05_epochs1_mincount50_ws5_dims300,todeslenkerin,0.5885692834854126
aktive_eleonore_training_data_lower_cbow_lr0.05_epochs1_mincount50_ws5_dims300,männerkörper,0.5882071256637573
aktive_eleonore_training_data_lower_cbow_lr0.05_epochs1_mincount50_ws5_dims300,todeslenker,0.5878714323043823
aktive_eleonore_training_data_lower_cbow_lr0.05_epochs1_mincount50_ws5_dims300,arztsohn,0.5876793265342712
aktive_eleonore_training_data_lower_cbow_lr0.05_epochs1_mincount50_ws5_dims300,motorradpolizist,0.5875279903411865
aktive_eleonore_training_data_lower_cbow_lr0.05_epochs1_mincount50_ws5_dims300,vogelfreund,0.5875016450881958
aktive_eleonore_training_data_lower_cbow_lr0.05_epochs1_mincount50_ws5_dims300,unfalllenkerin,0.5870183706283569
aktive_eleonore_training_data_lower_cbow_lr0.05_epochs1_mincount50_ws5_dims300,er,0.5868513584136963
aktive_eleonore_training_data_lower_cbow_lr0.05_epochs1_mincount50_ws5_dims300,schmähbruder,0.5862771272659302
aktive_eleonore_training_data_lower_cbow_lr0.05_epochs1_mincount50_ws5_dims300,fremdenpolizist,0.5860912799835205
aktive_eleonore_training_data_lower_cbow_lr0.05_epochs1_mincount50_ws5_dims300,haupttäter,0.585195779800415
aktive_eleonore_training_data_lower_cbow_lr0.05_epochs1_mincount50_ws5_dims300,polizistenpaar,0.5850811004638672
aktive_eleonore_training_data_lower_cbow_lr0.05_epochs1_mincount50_ws5_dims300,polizeibeamtin,0.58476322889328
aktive_eleonore_training_data_lower_cbow_lr0.05_epochs1_mincount50_ws5_dims300,rumäne,0.5844380259513855
aktive_eleonore_training_data_lower_cbow_lr0.05_epochs1_mincount50_ws5_dims300,burschis,0.5841847062110901
aktive_eleonore_training_data_lower_cbow_lr0.05_epochs1_mincount50_ws5_dims300,jungarzt,0.5832843780517578
aktive_eleonore_training_data_lower_cbow_lr0.05_epochs1_mincount50_ws5_dims300,pensionistin,0.5820522308349609
aktive_eleonore_training_data_lower_cbow_lr0.05_epochs1_mincount50_ws5_dims300,polizistenmörder,0.5819772481918335
aktive_eleonore_training_data_lower_cbow_lr0.05_epochs1_mincount50_ws5_dims300,unfalllenker,0.581969678401947
aktive_eleonore_training_data_lower_cbow_lr0.05_epochs1_mincount50_ws5_dims300,mofalenkerin,0.581935703754425
aktive_eleonore_training_data_lower_cbow_lr0.05_epochs1_mincount50_ws5_dims300,bruderkuss,0.5819286704063416
aktive_eleonore_training_data_lower_cbow_lr0.05_epochs1_mincount50_ws5_dims300,ehemannes,0.5806057453155518
aktive_eleonore_training_data_lower_cbow_lr0.05_epochs1_mincount50_ws5_dims300,mannhalter,0.5803165435791016
aktive_eleonore_training_data_lower_cbow_lr0.05_epochs1_mincount50_ws5_dims300,großvater,0.5800761580467224
aktive_eleonore_training_data_lower_cbow_lr0.05_epochs1_mincount50_ws5_dims300,sextäter,0.5798855423927307
aktive_eleonore_training_data_lower_cbow_lr0.05_epochs1_mincount50_ws5_dims300,autolenkerin,0.5791542530059814
aktive_eleonore_training_data_lower_cbow_lr0.05_epochs1_mincount50_ws5_dims300,jugendfreund,0.5790361762046814
brillanter_zoran_training_data_lower_cbow_lr0.05_epochs1_mincount5_ws24_dims300,mannn,0.7801936268806458
brillanter_zoran_training_data_lower_cbow_lr0.05_epochs1_mincount5_ws24_dims300,mannesmann,0.721398651599884
brillanter_zoran_training_data_lower_cbow_lr0.05_epochs1_mincount5_ws24_dims300,mannfrau,0.7211126089096069
brillanter_zoran_training_data_lower_cbow_lr0.05_epochs1_mincount5_ws24_dims300,frau,0.715464174747467
brillanter_zoran_training_data_lower_cbow_lr0.05_epochs1_mincount5_ws24_dims300,mannke,0.6923426389694214
brillanter_zoran_training_data_lower_cbow_lr0.05_epochs1_mincount5_ws24_dims300,mannund,0.6808781027793884
brillanter_zoran_training_data_lower_cbow_lr0.05_epochs1_mincount5_ws24_dims300,mannomann,0.6791528463363647
brillanter_zoran_training_data_lower_cbow_lr0.05_epochs1_mincount5_ws24_dims300,manne,0.6581249237060547
brillanter_zoran_training_data_lower_cbow_lr0.05_epochs1_mincount5_ws24_dims300,jährigeund,0.6574817299842834
brillanter_zoran_training_data_lower_cbow_lr0.05_epochs1_mincount5_ws24_dims300,manneh,0.6501281261444092
brillanter_zoran_training_data_lower_cbow_lr0.05_epochs1_mincount5_ws24_dims300,mannott,0.6479217410087585
brillanter_zoran_training_data_lower_cbow_lr0.05_epochs1_mincount5_ws24_dims300,mannmit,0.645300567150116
brillanter_zoran_training_data_lower_cbow_lr0.05_epochs1_mincount5_ws24_dims300,mannesmut,0.6443894505500793
brillanter_zoran_training_data_lower_cbow_lr0.05_epochs1_mincount5_ws24_dims300,mannar,0.6412841081619263
brillanter_zoran_training_data_lower_cbow_lr0.05_epochs1_mincount5_ws24_dims300,ehemann,0.6405310034751892
brillanter_zoran_training_data_lower_cbow_lr0.05_epochs1_mincount5_ws24_dims300,mannkopf,0.637056291103363
brillanter_zoran_training_data_lower_cbow_lr0.05_epochs1_mincount5_ws24_dims300,mannes,0.6343121528625488
brillanter_zoran_training_data_lower_cbow_lr0.05_epochs1_mincount5_ws24_dims300,mannkind,0.6299691796302795
brillanter_zoran_training_data_lower_cbow_lr0.05_epochs1_mincount5_ws24_dims300,mannemann,0.6295930743217468
brillanter_zoran_training_data_lower_cbow_lr0.05_epochs1_mincount5_ws24_dims300,lebensgefährte,0.6291405558586121
brillanter_zoran_training_data_lower_cbow_lr0.05_epochs1_mincount5_ws24_dims300,exehemann,0.6290771961212158
brillanter_zoran_training_data_lower_cbow_lr0.05_epochs1_mincount5_ws24_dims300,mannoch,0.6279239058494568
brillanter_zoran_training_data_lower_cbow_lr0.05_epochs1_mincount5_ws24_dims300,jährigein,0.62599116563797
brillanter_zoran_training_data_lower_cbow_lr0.05_epochs1_mincount5_ws24_dims300,ehemannn,0.623908281326294
brillanter_zoran_training_data_lower_cbow_lr0.05_epochs1_mincount5_ws24_dims300,mannose,0.6210688948631287
brillanter_zoran_training_data_lower_cbow_lr0.05_epochs1_mincount5_ws24_dims300,mannlgrat,0.6203851103782654
brillanter_zoran_training_data_lower_cbow_lr0.05_epochs1_mincount5_ws24_dims300,fremdtäter,0.6193056702613831
brillanter_zoran_training_data_lower_cbow_lr0.05_epochs1_mincount5_ws24_dims300,er,0.619027316570282
brillanter_zoran_training_data_lower_cbow_lr0.05_epochs1_mincount5_ws24_dims300,hehemann,0.6104832291603088
brillanter_zoran_training_data_lower_cbow_lr0.05_epochs1_mincount5_ws24_dims300,mannauf,0.6096181273460388
brillanter_zoran_training_data_lower_cbow_lr0.05_epochs1_mincount5_ws24_dims300,mannweiber,0.6075257062911987
brillanter_zoran_training_data_lower_cbow_lr0.05_epochs1_mincount5_ws24_dims300,lebensgefährtin,0.6073957085609436
brillanter_zoran_training_data_lower_cbow_lr0.05_epochs1_mincount5_ws24_dims300,mannagettaweg,0.604885458946228
brillanter_zoran_training_data_lower_cbow_lr0.05_epochs1_mincount5_ws24_dims300,jungpolizist,0.6038519144058228
brillanter_zoran_training_data_lower_cbow_lr0.05_epochs1_mincount5_ws24_dims300,jungehemann,0.6033873558044434
brillanter_zoran_training_data_lower_cbow_lr0.05_epochs1_mincount5_ws24_dims300,polizistentochter,0.6025136113166809
brillanter_zoran_training_data_lower_cbow_lr0.05_epochs1_mincount5_ws24_dims300,polizistenehepaar,0.6023481488227844
brillanter_zoran_training_data_lower_cbow_lr0.05_epochs1_mincount5_ws24_dims300,mannesstamm,0.6014922857284546
brillanter_zoran_training_data_lower_cbow_lr0.05_epochs1_mincount5_ws24_dims300,mannel,0.6014223098754883
brillanter_zoran_training_data_lower_cbow_lr0.05_epochs1_mincount5_ws24_dims300,triebtäter,0.6002733111381531
brillanter_zoran_training_data_lower_cbow_lr0.05_epochs1_mincount5_ws24_dims300,männerfreund,0.5990787148475647
brillanter_zoran_training_data_lower_cbow_lr0.05_epochs1_mincount5_ws24_dims300,jähriger,0.5983880162239075
brillanter_zoran_training_data_lower_cbow_lr0.05_epochs1_mincount5_ws24_dims300,polizistenmutter,0.5970253944396973
brillanter_zoran_training_data_lower_cbow_lr0.05_epochs1_mincount5_ws24_dims300,polizist,0.5958227515220642
brillanter_zoran_training_data_lower_cbow_lr0.05_epochs1_mincount5_ws24_dims300,schlagfrau,0.5955114364624023
brillanter_zoran_training_data_lower_cbow_lr0.05_epochs1_mincount5_ws24_dims300,jährigenin,0.5952204465866089
brillanter_zoran_training_data_lower_cbow_lr0.05_epochs1_mincount5_ws24_dims300,ihn,0.5928037166595459
brillanter_zoran_training_data_lower_cbow_lr0.05_epochs1_mincount5_ws24_dims300,halsmann,0.5922750234603882
brillanter_zoran_training_data_lower_cbow_lr0.05_epochs1_mincount5_ws24_dims300,stiefvater,0.590582549571991
brillanter_zoran_training_data_lower_cbow_lr0.05_epochs1_mincount5_ws24_dims300,freund,0.589796245098114
brillanter_zoran_training_data_lower_cbow_lr0.05_epochs1_mincount5_ws24_dims300,mannder,0.589625895023346
brillanter_zoran_training_data_lower_cbow_lr0.05_epochs1_mincount5_ws24_dims300,mannweib,0.5881211161613464
brillanter_zoran_training_data_lower_cbow_lr0.05_epochs1_mincount5_ws24_dims300,jährigeim,0.587832510471344
brillanter_zoran_training_data_lower_cbow_lr0.05_epochs1_mincount5_ws24_dims300,jährier,0.5878013372421265
brillanter_zoran_training_data_lower_cbow_lr0.05_epochs1_mincount5_ws24_dims300,ahnvater,0.5860080718994141
brillanter_zoran_training_data_lower_cbow_lr0.05_epochs1_mincount5_ws24_dims300,scheinvater,0.5859472751617432
brillanter_zoran_training_data_lower_cbow_lr0.05_epochs1_mincount5_ws24_dims300,bursch,0.5859018564224243
brillanter_zoran_training_data_lower_cbow_lr0.05_epochs1_mincount5_ws24_dims300,mitttäter,0.5853826403617859
brillanter_zoran_training_data_lower_cbow_lr0.05_epochs1_mincount5_ws24_dims300,jemann,0.5847993493080139
brillanter_zoran_training_data_lower_cbow_lr0.05_epochs1_mincount5_ws24_dims300,mannoia,0.5845682621002197
brillanter_zoran_training_data_lower_cbow_lr0.05_epochs1_mincount5_ws24_dims300,geismann,0.5830351710319519
brillanter_zoran_training_data_lower_cbow_lr0.05_epochs1_mincount5_ws24_dims300,mannus,0.5825963020324707
brillanter_zoran_training_data_lower_cbow_lr0.05_epochs1_mincount5_ws24_dims300,mannim,0.5824406147003174
brillanter_zoran_training_data_lower_cbow_lr0.05_epochs1_mincount5_ws24_dims300,jährigehatte,0.5819621086120605
brillanter_zoran_training_data_lower_cbow_lr0.05_epochs1_mincount5_ws24_dims300,mannakee,0.5815876722335815
brillanter_zoran_training_data_lower_cbow_lr0.05_epochs1_mincount5_ws24_dims300,eifersuchtstat,0.581483781337738
brillanter_zoran_training_data_lower_cbow_lr0.05_epochs1_mincount5_ws24_dims300,mannas,0.5802676677703857
brillanter_zoran_training_data_lower_cbow_lr0.05_epochs1_mincount5_ws24_dims300,jährigeam,0.5793474912643433
brillanter_zoran_training_data_lower_cbow_lr0.05_epochs1_mincount5_ws24_dims300,manney,0.5780437588691711
brillanter_zoran_training_data_lower_cbow_lr0.05_epochs1_mincount5_ws24_dims300,mannwurde,0.5773819088935852
brillanter_zoran_training_data_lower_cbow_lr0.05_epochs1_mincount5_ws24_dims300,eifersuchtsmörder,0.5755725502967834
brillanter_zoran_training_data_lower_cbow_lr0.05_epochs1_mincount5_ws24_dims300,mannhaft,0.5753530859947205
brillanter_zoran_training_data_lower_cbow_lr0.05_epochs1_mincount5_ws24_dims300,jährigeraus,0.5747883915901184
brillanter_zoran_training_data_lower_cbow_lr0.05_epochs1_mincount5_ws24_dims300,manneskraft,0.5747718214988708
brillanter_zoran_training_data_lower_cbow_lr0.05_epochs1_mincount5_ws24_dims300,vaterkörper,0.5746415853500366
brillanter_zoran_training_data_lower_cbow_lr0.05_epochs1_mincount5_ws24_dims300,hausvater,0.5744967460632324
brillanter_zoran_training_data_lower_cbow_lr0.05_epochs1_mincount5_ws24_dims300,tatverdächtig,0.5742356777191162
brillanter_zoran_training_data_lower_cbow_lr0.05_epochs1_mincount5_ws24_dims300,mannewitz,0.5737303495407104
brillanter_zoran_training_data_lower_cbow_lr0.05_epochs1_mincount5_ws24_dims300,mannai,0.57332444190979
brillanter_zoran_training_data_lower_cbow_lr0.05_epochs1_mincount5_ws24_dims300,jährigerin,0.5732682943344116
brillanter_zoran_training_data_lower_cbow_lr0.05_epochs1_mincount5_ws24_dims300,habisohn,0.5730053186416626
brillanter_zoran_training_data_lower_cbow_lr0.05_epochs1_mincount5_ws24_dims300,jährigenam,0.5724527835845947
brillanter_zoran_training_data_lower_cbow_lr0.05_epochs1_mincount5_ws24_dims300,mannöver,0.572177529335022
brillanter_zoran_training_data_lower_cbow_lr0.05_epochs1_mincount5_ws24_dims300,blutsbruder,0.5704823732376099
brillanter_zoran_training_data_lower_cbow_lr0.05_epochs1_mincount5_ws24_dims300,mannaus,0.5703144669532776
brillanter_zoran_training_data_lower_cbow_lr0.05_epochs1_mincount5_ws24_dims300,mannesalter,0.5700988173484802
brillanter_zoran_training_data_lower_cbow_lr0.05_epochs1_mincount5_ws24_dims300,jährige,0.5700302720069885
brillanter_zoran_training_data_lower_cbow_lr0.05_epochs1_mincount5_ws24_dims300,tatverdächtige,0.569060206413269
brillanter_zoran_training_data_lower_cbow_lr0.05_epochs1_mincount5_ws24_dims300,vater,0.5688132047653198
brillanter_zoran_training_data_lower_cbow_lr0.05_epochs1_mincount5_ws24_dims300,polizeibeamter,0.5687240958213806
brillanter_zoran_training_data_lower_cbow_lr0.05_epochs1_mincount5_ws24_dims300,tatzeugin,0.5682575106620789
brillanter_zoran_training_data_lower_cbow_lr0.05_epochs1_mincount5_ws24_dims300,schwanenvater,0.5678698420524597
brillanter_zoran_training_data_lower_cbow_lr0.05_epochs1_mincount5_ws24_dims300,männerdiebin,0.5675811767578125
brillanter_zoran_training_data_lower_cbow_lr0.05_epochs1_mincount5_ws24_dims300,hasenvater,0.5670965909957886
brillanter_zoran_training_data_lower_cbow_lr0.05_epochs1_mincount5_ws24_dims300,polizistengattin,0.5661687850952148
brillanter_zoran_training_data_lower_cbow_lr0.05_epochs1_mincount5_ws24_dims300,tatler,0.5659886002540588
brillanter_zoran_training_data_lower_cbow_lr0.05_epochs1_mincount5_ws24_dims300,jährigeaus,0.5655162334442139
brillanter_zoran_training_data_lower_cbow_lr0.05_epochs1_mincount5_ws24_dims300,falier,0.5654094815254211
brillanter_zoran_training_data_lower_cbow_lr0.05_epochs1_mincount5_ws24_dims300,tatverdächtiger,0.5651811957359314
brillanter_zoran_training_data_lower_cbow_lr0.05_epochs1_mincount5_ws24_dims300,fraufeld,0.563791811466217
reizvoller_khalid_training_data_cbow_lr0.05_epochs1_mincount100_ws6_dims300,v-mann,0.7511430978775024
reizvoller_khalid_training_data_cbow_lr0.05_epochs1_mincount100_ws6_dims300,bursch,0.7401059865951538
reizvoller_khalid_training_data_cbow_lr0.05_epochs1_mincount100_ws6_dims300,mannesmann,0.7259421944618225
reizvoller_khalid_training_data_cbow_lr0.05_epochs1_mincount100_ws6_dims300,frau,0.7034158110618591
reizvoller_khalid_training_data_cbow_lr0.05_epochs1_mincount100_ws6_dims300,manne,0.6986684799194336
reizvoller_khalid_training_data_cbow_lr0.05_epochs1_mincount100_ws6_dims300,stiefvater,0.6953983306884766
reizvoller_khalid_training_data_cbow_lr0.05_epochs1_mincount100_ws6_dims300,lebensgefährte,0.6803424954414368
reizvoller_khalid_training_data_cbow_lr0.05_epochs1_mincount100_ws6_dims300,bursche,0.6769858598709106
reizvoller_khalid_training_data_cbow_lr0.05_epochs1_mincount100_ws6_dims300,polizist,0.6758720278739929
reizvoller_khalid_training_data_cbow_lr0.05_epochs1_mincount100_ws6_dims300,ehemann,0.6711511611938477
reizvoller_khalid_training_data_cbow_lr0.05_epochs1_mincount100_ws6_dims300,freund,0.6588625311851501
reizvoller_khalid_training_data_cbow_lr0.05_epochs1_mincount100_ws6_dims300,jähriger,0.6493661999702454
reizvoller_khalid_training_data_cbow_lr0.05_epochs1_mincount100_ws6_dims300,vater,0.6419064402580261
reizvoller_khalid_training_data_cbow_lr0.05_epochs1_mincount100_ws6_dims300,stiefbruder,0.6361452341079712
reizvoller_khalid_training_data_cbow_lr0.05_epochs1_mincount100_ws6_dims300,familienvater,0.636131763458252
reizvoller_khalid_training_data_cbow_lr0.05_epochs1_mincount100_ws6_dims300,bruderpaar,0.6311821937561035
reizvoller_khalid_training_data_cbow_lr0.05_epochs1_mincount100_ws6_dims300,m-mann,0.6285823583602905
reizvoller_khalid_training_data_cbow_lr0.05_epochs1_mincount100_ws6_dims300,triebtäter,0.6267295479774475
reizvoller_khalid_training_data_cbow_lr0.05_epochs1_mincount100_ws6_dims300,schwager,0.6253362894058228
reizvoller_khalid_training_data_cbow_lr0.05_epochs1_mincount100_ws6_dims300,kindsvater,0.6228762865066528
reizvoller_khalid_training_data_cbow_lr0.05_epochs1_mincount100_ws6_dims300,gatte,0.622787356376648
reizvoller_khalid_training_data_cbow_lr0.05_epochs1_mincount100_ws6_dims300,bruder,0.6222048401832581
reizvoller_khalid_training_data_cbow_lr0.05_epochs1_mincount100_ws6_dims300,weltpolizist,0.6212098598480225
reizvoller_khalid_training_data_cbow_lr0.05_epochs1_mincount100_ws6_dims300,mannequin,0.6148735880851746
reizvoller_khalid_training_data_cbow_lr0.05_epochs1_mincount100_ws6_dims300,taxilenker,0.6145419478416443
reizvoller_khalid_training_data_cbow_lr0.05_epochs1_mincount100_ws6_dims300,schwiegervater,0.6134085655212402
reizvoller_khalid_training_data_cbow_lr0.05_epochs1_mincount100_ws6_dims300,dorfpolizist,0.6133801937103271
reizvoller_khalid_training_data_cbow_lr0.05_epochs1_mincount100_ws6_dims300,mannes,0.6128436326980591
reizvoller_khalid_training_data_cbow_lr0.05_epochs1_mincount100_ws6_dims300,lebensgefährtin,0.6127256155014038
reizvoller_khalid_training_data_cbow_lr0.05_epochs1_mincount100_ws6_dims300,stiefsohn,0.6121557354927063
reizvoller_khalid_training_data_cbow_lr0.05_epochs1_mincount100_ws6_dims300,burschis,0.6092954874038696
reizvoller_khalid_training_data_cbow_lr0.05_epochs1_mincount100_ws6_dims300,pensionist,0.6081990003585815
reizvoller_khalid_training_data_cbow_lr0.05_epochs1_mincount100_ws6_dims300,motorradpolizist,0.6073458194732666
reizvoller_khalid_training_data_cbow_lr0.05_epochs1_mincount100_ws6_dims300,mofalenker,0.6014763712882996
reizvoller_khalid_training_data_cbow_lr0.05_epochs1_mincount100_ws6_dims300,streifenpolizist,0.6013572812080383
reizvoller_khalid_training_data_cbow_lr0.05_epochs1_mincount100_ws6_dims300,angeklagte,0.6007192730903625
reizvoller_khalid_training_data_cbow_lr0.05_epochs1_mincount100_ws6_dims300,teenager,0.6000238656997681
reizvoller_khalid_training_data_cbow_lr0.05_epochs1_mincount100_ws6_dims300,komplize,0.599992036819458
reizvoller_khalid_training_data_cbow_lr0.05_epochs1_mincount100_ws6_dims300,jährig,0.5979849696159363
reizvoller_khalid_training_data_cbow_lr0.05_epochs1_mincount100_ws6_dims300,lebensgefährten,0.5969802141189575
reizvoller_khalid_training_data_cbow_lr0.05_epochs1_mincount100_ws6_dims300,männerkörper,0.5958197116851807
reizvoller_khalid_training_data_cbow_lr0.05_epochs1_mincount100_ws6_dims300,chauffeur,0.594967782497406
reizvoller_khalid_training_data_cbow_lr0.05_epochs1_mincount100_ws6_dims300,jüngling,0.5935232639312744
reizvoller_khalid_training_data_cbow_lr0.05_epochs1_mincount100_ws6_dims300,mithäftling,0.5933778285980225
reizvoller_khalid_training_data_cbow_lr0.05_epochs1_mincount100_ws6_dims300,freundin,0.5931796431541443
reizvoller_khalid_training_data_cbow_lr0.05_epochs1_mincount100_ws6_dims300,somalier,0.5923124551773071
reizvoller_khalid_training_data_cbow_lr0.05_epochs1_mincount100_ws6_dims300,burschi,0.5920947790145874
reizvoller_khalid_training_data_cbow_lr0.05_epochs1_mincount100_ws6_dims300,elfjähriger,0.5915571451187134
reizvoller_khalid_training_data_cbow_lr0.05_epochs1_mincount100_ws6_dims300,sextäter,0.5895914435386658
reizvoller_khalid_training_data_cbow_lr0.05_epochs1_mincount100_ws6_dims300,haupttäter,0.5895373225212097
reizvoller_khalid_training_data_cbow_lr0.05_epochs1_mincount100_ws6_dims300,angeklagter,0.5889972448348999
reizvoller_khalid_training_data_cbow_lr0.05_epochs1_mincount100_ws6_dims300,jährige,0.588934600353241
reizvoller_khalid_training_data_cbow_lr0.05_epochs1_mincount100_ws6_dims300,täter,0.5882728695869446
reizvoller_khalid_training_data_cbow_lr0.05_epochs1_mincount100_ws6_dims300,todeslenker,0.586074948310852
reizvoller_khalid_training_data_cbow_lr0.05_epochs1_mincount100_ws6_dims300,manni,0.5853614211082458
reizvoller_khalid_training_data_cbow_lr0.05_epochs1_mincount100_ws6_dims300,wachmann,0.5847028493881226
reizvoller_khalid_training_data_cbow_lr0.05_epochs1_mincount100_ws6_dims300,polizistenmörder,0.5846993327140808
reizvoller_khalid_training_data_cbow_lr0.05_epochs1_mincount100_ws6_dims300,polizeibeamter,0.5837545990943909
reizvoller_khalid_training_data_cbow_lr0.05_epochs1_mincount100_ws6_dims300,exfreund,0.5832769870758057
reizvoller_khalid_training_data_cbow_lr0.05_epochs1_mincount100_ws6_dims300,taxilenkerin,0.58323734998703
reizvoller_khalid_training_data_cbow_lr0.05_epochs1_mincount100_ws6_dims300,nebenbuhler,0.5828306078910828
reizvoller_khalid_training_data_cbow_lr0.05_epochs1_mincount100_ws6_dims300,geismann,0.582814633846283
reizvoller_khalid_training_data_cbow_lr0.05_epochs1_mincount100_ws6_dims300,sohn,0.5827733278274536
reizvoller_khalid_training_data_cbow_lr0.05_epochs1_mincount100_ws6_dims300,amoklenker,0.5826267600059509
reizvoller_khalid_training_data_cbow_lr0.05_epochs1_mincount100_ws6_dims300,autolenker,0.5813932418823242
reizvoller_khalid_training_data_cbow_lr0.05_epochs1_mincount100_ws6_dims300,manna,0.5813267827033997
reizvoller_khalid_training_data_cbow_lr0.05_epochs1_mincount100_ws6_dims300,stiefschwester,0.580380916595459
reizvoller_khalid_training_data_cbow_lr0.05_epochs1_mincount100_ws6_dims300,unfalllenker,0.5795796513557434
reizvoller_khalid_training_data_cbow_lr0.05_epochs1_mincount100_ws6_dims300,rumäne,0.5790832042694092
reizvoller_khalid_training_data_cbow_lr0.05_epochs1_mincount100_ws6_dims300,jähriges,0.5781809687614441
reizvoller_khalid_training_data_cbow_lr0.05_epochs1_mincount100_ws6_dims300,zwölfjähriger,0.5780841112136841
reizvoller_khalid_training_data_cbow_lr0.05_epochs1_mincount100_ws6_dims300,zivilpolizist,0.5775502920150757
reizvoller_khalid_training_data_cbow_lr0.05_epochs1_mincount100_ws6_dims300,lenker,0.5774548053741455
reizvoller_khalid_training_data_cbow_lr0.05_epochs1_mincount100_ws6_dims300,schlenker,0.5774282217025757
reizvoller_khalid_training_data_cbow_lr0.05_epochs1_mincount100_ws6_dims300,manny,0.5771401524543762
reizvoller_khalid_training_data_cbow_lr0.05_epochs1_mincount100_ws6_dims300,polizistin,0.5771022439002991
reizvoller_khalid_training_data_cbow_lr0.05_epochs1_mincount100_ws6_dims300,beifahrer,0.5758032202720642
reizvoller_khalid_training_data_cbow_lr0.05_epochs1_mincount100_ws6_dims300,halbbruder,0.5757483839988708
reizvoller_khalid_training_data_cbow_lr0.05_epochs1_mincount100_ws6_dims300,malier,0.5755994915962219
reizvoller_khalid_training_data_cbow_lr0.05_epochs1_mincount100_ws6_dims300,hausfreund,0.574643075466156
reizvoller_khalid_training_data_cbow_lr0.05_epochs1_mincount100_ws6_dims300,jugendfreund,0.5745967030525208
reizvoller_khalid_training_data_cbow_lr0.05_epochs1_mincount100_ws6_dims300,tatverdächtig,0.5744707584381104
reizvoller_khalid_training_data_cbow_lr0.05_epochs1_mincount100_ws6_dims300,mädchentraum,0.5737597942352295
reizvoller_khalid_training_data_cbow_lr0.05_epochs1_mincount100_ws6_dims300,buber,0.5720676779747009
reizvoller_khalid_training_data_cbow_lr0.05_epochs1_mincount100_ws6_dims300,manner,0.5712230801582336
reizvoller_khalid_training_data_cbow_lr0.05_epochs1_mincount100_ws6_dims300,jungvater,0.5698853731155396
reizvoller_khalid_training_data_cbow_lr0.05_epochs1_mincount100_ws6_dims300,bruderzwist,0.5690804123878479
reizvoller_khalid_training_data_cbow_lr0.05_epochs1_mincount100_ws6_dims300,messerstecher,0.5677006840705872
reizvoller_khalid_training_data_cbow_lr0.05_epochs1_mincount100_ws6_dims300,wachebeamter,0.5676836371421814
reizvoller_khalid_training_data_cbow_lr0.05_epochs1_mincount100_ws6_dims300,taxifahrer,0.5675211548805237
reizvoller_khalid_training_data_cbow_lr0.05_epochs1_mincount100_ws6_dims300,räubertochter,0.5673002600669861
reizvoller_khalid_training_data_cbow_lr0.05_epochs1_mincount100_ws6_dims300,schmähbruder,0.566982090473175
reizvoller_khalid_training_data_cbow_lr0.05_epochs1_mincount100_ws6_dims300,mitbruder,0.5669280886650085
reizvoller_khalid_training_data_cbow_lr0.05_epochs1_mincount100_ws6_dims300,kindesvater,0.5669004917144775
reizvoller_khalid_training_data_cbow_lr0.05_epochs1_mincount100_ws6_dims300,buslenker,0.5668654441833496
reizvoller_khalid_training_data_cbow_lr0.05_epochs1_mincount100_ws6_dims300,achtjähriger,0.5667892098426819
reizvoller_khalid_training_data_cbow_lr0.05_epochs1_mincount100_ws6_dims300,ehebrecher,0.5664058327674866
reizvoller_khalid_training_data_cbow_lr0.05_epochs1_mincount100_ws6_dims300,elfjährige,0.5662260055541992
reizvoller_khalid_training_data_cbow_lr0.05_epochs1_mincount100_ws6_dims300,männer,0.5660841464996338
reizvoller_khalid_training_data_cbow_lr0.05_epochs1_mincount100_ws6_dims300,kater,0.5660368800163269
grantiger_patric_training_data_cbow_lr0.05_epochs1_mincount5_ws12_dims300,o-mann,0.8623481392860413
grantiger_patric_training_data_cbow_lr0.05_epochs1_mincount5_ws12_dims300,mannn,0.83748459815979
grantiger_patric_training_data_cbow_lr0.05_epochs1_mincount5_ws12_dims300,b-mann,0.7950280904769897
grantiger_patric_training_data_cbow_lr0.05_epochs1_mincount5_ws12_dims300,v-mann,0.7753947973251343
grantiger_patric_training_data_cbow_lr0.05_epochs1_mincount5_ws12_dims300,a-mann,0.7643283605575562
grantiger_patric_training_data_cbow_lr0.05_epochs1_mincount5_ws12_dims300,mannke,0.7395063638687134
grantiger_patric_training_data_cbow_lr0.05_epochs1_mincount5_ws12_dims300,mannund,0.7394611835479736
grantiger_patric_training_data_cbow_lr0.05_epochs1_mincount5_ws12_dims300,mannesmann,0.7349891066551208
grantiger_patric_training_data_cbow_lr0.05_epochs1_mincount5_ws12_dims300,frau,0.7196512222290039
grantiger_patric_training_data_cbow_lr0.05_epochs1_mincount5_ws12_dims300,manneh,0.7143290042877197
grantiger_patric_training_data_cbow_lr0.05_epochs1_mincount5_ws12_dims300,jährigeund,0.7132053375244141
grantiger_patric_training_data_cbow_lr0.05_epochs1_mincount5_ws12_dims300,manne,0.7126072645187378
grantiger_patric_training_data_cbow_lr0.05_epochs1_mincount5_ws12_dims300,epicmann,0.7055814266204834
grantiger_patric_training_data_cbow_lr0.05_epochs1_mincount5_ws12_dims300,mannkind,0.6963299512863159
grantiger_patric_training_data_cbow_lr0.05_epochs1_mincount5_ws12_dims300,m-mann,0.6914699077606201
grantiger_patric_training_data_cbow_lr0.05_epochs1_mincount5_ws12_dims300,mannweiber,0.6854668259620667
grantiger_patric_training_data_cbow_lr0.05_epochs1_mincount5_ws12_dims300,mannkopf,0.6848382949829102
grantiger_patric_training_data_cbow_lr0.05_epochs1_mincount5_ws12_dims300,mannauf,0.6833910346031189
grantiger_patric_training_data_cbow_lr0.05_epochs1_mincount5_ws12_dims300,bursch,0.682679295539856
grantiger_patric_training_data_cbow_lr0.05_epochs1_mincount5_ws12_dims300,mannaus,0.6815177202224731
grantiger_patric_training_data_cbow_lr0.05_epochs1_mincount5_ws12_dims300,mannagettaweg,0.6814427375793457
grantiger_patric_training_data_cbow_lr0.05_epochs1_mincount5_ws12_dims300,mannar,0.6810133457183838
grantiger_patric_training_data_cbow_lr0.05_epochs1_mincount5_ws12_dims300,stiefvater,0.6809700727462769
grantiger_patric_training_data_cbow_lr0.05_epochs1_mincount5_ws12_dims300,mannott,0.678067147731781
grantiger_patric_training_data_cbow_lr0.05_epochs1_mincount5_ws12_dims300,mannmit,0.6780421137809753
grantiger_patric_training_data_cbow_lr0.05_epochs1_mincount5_ws12_dims300,mannder,0.6747821569442749
grantiger_patric_training_data_cbow_lr0.05_epochs1_mincount5_ws12_dims300,orfmann,0.6733850240707397
grantiger_patric_training_data_cbow_lr0.05_epochs1_mincount5_ws12_dims300,mannweib,0.671960175037384
grantiger_patric_training_data_cbow_lr0.05_epochs1_mincount5_ws12_dims300,ehemann,0.6690266132354736
grantiger_patric_training_data_cbow_lr0.05_epochs1_mincount5_ws12_dims300,jähriger,0.667885422706604
grantiger_patric_training_data_cbow_lr0.05_epochs1_mincount5_ws12_dims300,ehemannn,0.6666763424873352
grantiger_patric_training_data_cbow_lr0.05_epochs1_mincount5_ws12_dims300,mannakee,0.6642012596130371
grantiger_patric_training_data_cbow_lr0.05_epochs1_mincount5_ws12_dims300,mannesmut,0.6593207120895386
grantiger_patric_training_data_cbow_lr0.05_epochs1_mincount5_ws12_dims300,jährigeraus,0.6592402458190918
grantiger_patric_training_data_cbow_lr0.05_epochs1_mincount5_ws12_dims300,mannlgrat,0.656935453414917
grantiger_patric_training_data_cbow_lr0.05_epochs1_mincount5_ws12_dims300,mannel,0.6568944454193115
grantiger_patric_training_data_cbow_lr0.05_epochs1_mincount5_ws12_dims300,lebensgefährte,0.6548770666122437
grantiger_patric_training_data_cbow_lr0.05_epochs1_mincount5_ws12_dims300,mannesstamm,0.6543169617652893
grantiger_patric_training_data_cbow_lr0.05_epochs1_mincount5_ws12_dims300,jährigein,0.654123067855835
grantiger_patric_training_data_cbow_lr0.05_epochs1_mincount5_ws12_dims300,männerfreund,0.6535787582397461
grantiger_patric_training_data_cbow_lr0.05_epochs1_mincount5_ws12_dims300,mannose,0.6522063612937927
grantiger_patric_training_data_cbow_lr0.05_epochs1_mincount5_ws12_dims300,stiefbruder,0.6516204476356506
grantiger_patric_training_data_cbow_lr0.05_epochs1_mincount5_ws12_dims300,freund,0.648301899433136
grantiger_patric_training_data_cbow_lr0.05_epochs1_mincount5_ws12_dims300,mannteuffel,0.6473755836486816
grantiger_patric_training_data_cbow_lr0.05_epochs1_mincount5_ws12_dims300,jährigeam,0.6471747756004333
grantiger_patric_training_data_cbow_lr0.05_epochs1_mincount5_ws12_dims300,jährigenin,0.6464654207229614
grantiger_patric_training_data_cbow_lr0.05_epochs1_mincount5_ws12_dims300,mannemann,0.6448252201080322
grantiger_patric_training_data_cbow_lr0.05_epochs1_mincount5_ws12_dims300,mannai,0.6446451544761658
grantiger_patric_training_data_cbow_lr0.05_epochs1_mincount5_ws12_dims300,gatte,0.6431884169578552
grantiger_patric_training_data_cbow_lr0.05_epochs1_mincount5_ws12_dims300,manndie,0.6428830623626709
grantiger_patric_training_data_cbow_lr0.05_epochs1_mincount5_ws12_dims300,polizist,0.6420523524284363
grantiger_patric_training_data_cbow_lr0.05_epochs1_mincount5_ws12_dims300,mannomann,0.6392886638641357
grantiger_patric_training_data_cbow_lr0.05_epochs1_mincount5_ws12_dims300,vaterkörper,0.6391754150390625
grantiger_patric_training_data_cbow_lr0.05_epochs1_mincount5_ws12_dims300,jährigehatte,0.639052152633667
grantiger_patric_training_data_cbow_lr0.05_epochs1_mincount5_ws12_dims300,stiefväter,0.6387488842010498
grantiger_patric_training_data_cbow_lr0.05_epochs1_mincount5_ws12_dims300,mannit,0.6378762125968933
grantiger_patric_training_data_cbow_lr0.05_epochs1_mincount5_ws12_dims300,jährigerin,0.6374346017837524
grantiger_patric_training_data_cbow_lr0.05_epochs1_mincount5_ws12_dims300,mannus,0.6364311575889587
grantiger_patric_training_data_cbow_lr0.05_epochs1_mincount5_ws12_dims300,triebtäter,0.6355186104774475
grantiger_patric_training_data_cbow_lr0.05_epochs1_mincount5_ws12_dims300,puffvater,0.6353653073310852
grantiger_patric_training_data_cbow_lr0.05_epochs1_mincount5_ws12_dims300,mannes,0.6343262791633606
grantiger_patric_training_data_cbow_lr0.05_epochs1_mincount5_ws12_dims300,mannwurde,0.6337543725967407
grantiger_patric_training_data_cbow_lr0.05_epochs1_mincount5_ws12_dims300,jährigeaus,0.6317785978317261
grantiger_patric_training_data_cbow_lr0.05_epochs1_mincount5_ws12_dims300,vater,0.6309893131256104
grantiger_patric_training_data_cbow_lr0.05_epochs1_mincount5_ws12_dims300,jungpolizist,0.6307868957519531
grantiger_patric_training_data_cbow_lr0.05_epochs1_mincount5_ws12_dims300,bursche,0.6279112696647644
grantiger_patric_training_data_cbow_lr0.05_epochs1_mincount5_ws12_dims300,mannesalter,0.6272184252738953
grantiger_patric_training_data_cbow_lr0.05_epochs1_mincount5_ws12_dims300,manney,0.6266982555389404
grantiger_patric_training_data_cbow_lr0.05_epochs1_mincount5_ws12_dims300,polizistenehepaar,0.626684308052063
grantiger_patric_training_data_cbow_lr0.05_epochs1_mincount5_ws12_dims300,jährie,0.6254540681838989
grantiger_patric_training_data_cbow_lr0.05_epochs1_mincount5_ws12_dims300,lebensgefährt,0.6249301433563232
grantiger_patric_training_data_cbow_lr0.05_epochs1_mincount5_ws12_dims300,männerdiebin,0.6241660714149475
grantiger_patric_training_data_cbow_lr0.05_epochs1_mincount5_ws12_dims300,mannim,0.623465359210968
grantiger_patric_training_data_cbow_lr0.05_epochs1_mincount5_ws12_dims300,jährigenam,0.6225151419639587
grantiger_patric_training_data_cbow_lr0.05_epochs1_mincount5_ws12_dims300,mannas,0.6221839785575867
grantiger_patric_training_data_cbow_lr0.05_epochs1_mincount5_ws12_dims300,jährigedie,0.622175395488739
grantiger_patric_training_data_cbow_lr0.05_epochs1_mincount5_ws12_dims300,jjährige,0.6219387650489807
grantiger_patric_training_data_cbow_lr0.05_epochs1_mincount5_ws12_dims300,burschel,0.6212506890296936
grantiger_patric_training_data_cbow_lr0.05_epochs1_mincount5_ws12_dims300,schwiegervater,0.6210848093032837
grantiger_patric_training_data_cbow_lr0.05_epochs1_mincount5_ws12_dims300,jährigern,0.6210470199584961
grantiger_patric_training_data_cbow_lr0.05_epochs1_mincount5_ws12_dims300,mannan,0.6200056076049805
grantiger_patric_training_data_cbow_lr0.05_epochs1_mincount5_ws12_dims300,jährig,0.6199877858161926
grantiger_patric_training_data_cbow_lr0.05_epochs1_mincount5_ws12_dims300,manned,0.6187725067138672
grantiger_patric_training_data_cbow_lr0.05_epochs1_mincount5_ws12_dims300,lebensgefährtin,0.6182635426521301
grantiger_patric_training_data_cbow_lr0.05_epochs1_mincount5_ws12_dims300,fremdtäter,0.6181186437606812
grantiger_patric_training_data_cbow_lr0.05_epochs1_mincount5_ws12_dims300,mannitz,0.6181118488311768
grantiger_patric_training_data_cbow_lr0.05_epochs1_mincount5_ws12_dims300,blutsbruder,0.6166449189186096
grantiger_patric_training_data_cbow_lr0.05_epochs1_mincount5_ws12_dims300,tatverdächtig,0.6166422367095947
grantiger_patric_training_data_cbow_lr0.05_epochs1_mincount5_ws12_dims300,schwanenvater,0.6158871054649353
grantiger_patric_training_data_cbow_lr0.05_epochs1_mincount5_ws12_dims300,jährigens,0.6154888868331909
grantiger_patric_training_data_cbow_lr0.05_epochs1_mincount5_ws12_dims300,hausvater,0.614875078201294
grantiger_patric_training_data_cbow_lr0.05_epochs1_mincount5_ws12_dims300,nbruder,0.6146572828292847
grantiger_patric_training_data_cbow_lr0.05_epochs1_mincount5_ws12_dims300,polizistenmutter,0.6142345070838928
grantiger_patric_training_data_cbow_lr0.05_epochs1_mincount5_ws12_dims300,mannöver,0.6141921877861023
grantiger_patric_training_data_cbow_lr0.05_epochs1_mincount5_ws12_dims300,manneskraft,0.6141760349273682
grantiger_patric_training_data_cbow_lr0.05_epochs1_mincount5_ws12_dims300,jährigeim,0.614043116569519
grantiger_patric_training_data_cbow_lr0.05_epochs1_mincount5_ws12_dims300,hasenvater,0.6137732863426208
grantiger_patric_training_data_cbow_lr0.05_epochs1_mincount5_ws12_dims300,nachbarmädchen,0.6133238673210144
grantiger_patric_training_data_cbow_lr0.05_epochs1_mincount5_ws12_dims300,näter,0.6121516227722168
grantiger_patric_training_data_cbow_lr0.05_epochs1_mincount5_ws12_dims300,geistesbruder,0.6120449304580688
muntere_ashley_training_data_lower_cbow_lr0.05_epochs1_mincount5_ws12_dims300,mannn,0.8105361461639404
muntere_ashley_training_data_lower_cbow_lr0.05_epochs1_mincount5_ws12_dims300,mannfrau,0.7674716711044312
muntere_ashley_training_data_lower_cbow_lr0.05_epochs1_mincount5_ws12_dims300,mannesmann,0.7521213293075562
muntere_ashley_training_data_lower_cbow_lr0.05_epochs1_mincount5_ws12_dims300,mannke,0.7381731867790222
muntere_ashley_training_data_lower_cbow_lr0.05_epochs1_mincount5_ws12_dims300,mannund,0.7218132615089417
muntere_ashley_training_data_lower_cbow_lr0.05_epochs1_mincount5_ws12_dims300,frau,0.7153705954551697
muntere_ashley_training_data_lower_cbow_lr0.05_epochs1_mincount5_ws12_dims300,manne,0.7103006839752197
muntere_ashley_training_data_lower_cbow_lr0.05_epochs1_mincount5_ws12_dims300,mannkind,0.696329653263092
muntere_ashley_training_data_lower_cbow_lr0.05_epochs1_mincount5_ws12_dims300,mannomann,0.6912446022033691
muntere_ashley_training_data_lower_cbow_lr0.05_epochs1_mincount5_ws12_dims300,mannmit,0.6879679560661316
muntere_ashley_training_data_lower_cbow_lr0.05_epochs1_mincount5_ws12_dims300,bursch,0.6877416372299194
muntere_ashley_training_data_lower_cbow_lr0.05_epochs1_mincount5_ws12_dims300,mannemann,0.6847443580627441
muntere_ashley_training_data_lower_cbow_lr0.05_epochs1_mincount5_ws12_dims300,ehemann,0.6822616457939148
muntere_ashley_training_data_lower_cbow_lr0.05_epochs1_mincount5_ws12_dims300,mannesmut,0.678185224533081
muntere_ashley_training_data_lower_cbow_lr0.05_epochs1_mincount5_ws12_dims300,mannott,0.6781296730041504
muntere_ashley_training_data_lower_cbow_lr0.05_epochs1_mincount5_ws12_dims300,manneh,0.6779263615608215
muntere_ashley_training_data_lower_cbow_lr0.05_epochs1_mincount5_ws12_dims300,mannoch,0.6749958992004395
muntere_ashley_training_data_lower_cbow_lr0.05_epochs1_mincount5_ws12_dims300,ehemannn,0.6747289299964905
muntere_ashley_training_data_lower_cbow_lr0.05_epochs1_mincount5_ws12_dims300,mannkopf,0.6745575070381165
muntere_ashley_training_data_lower_cbow_lr0.05_epochs1_mincount5_ws12_dims300,lebensgefährte,0.6650786995887756
muntere_ashley_training_data_lower_cbow_lr0.05_epochs1_mincount5_ws12_dims300,jungehemann,0.6647011637687683
muntere_ashley_training_data_lower_cbow_lr0.05_epochs1_mincount5_ws12_dims300,mannar,0.6627161502838135
muntere_ashley_training_data_lower_cbow_lr0.05_epochs1_mincount5_ws12_dims300,mannweiber,0.6625389456748962
muntere_ashley_training_data_lower_cbow_lr0.05_epochs1_mincount5_ws12_dims300,mannlgrat,0.660394012928009
muntere_ashley_training_data_lower_cbow_lr0.05_epochs1_mincount5_ws12_dims300,männerfreund,0.6574089527130127
muntere_ashley_training_data_lower_cbow_lr0.05_epochs1_mincount5_ws12_dims300,schwanenvater,0.6567671298980713
muntere_ashley_training_data_lower_cbow_lr0.05_epochs1_mincount5_ws12_dims300,exehemann,0.6555221080780029
muntere_ashley_training_data_lower_cbow_lr0.05_epochs1_mincount5_ws12_dims300,mannagettaweg,0.6530452370643616
muntere_ashley_training_data_lower_cbow_lr0.05_epochs1_mincount5_ws12_dims300,mannder,0.6530347466468811
muntere_ashley_training_data_lower_cbow_lr0.05_epochs1_mincount5_ws12_dims300,jungpolizist,0.6525333523750305
muntere_ashley_training_data_lower_cbow_lr0.05_epochs1_mincount5_ws12_dims300,mannel,0.6510045528411865
muntere_ashley_training_data_lower_cbow_lr0.05_epochs1_mincount5_ws12_dims300,mannose,0.6505999565124512
muntere_ashley_training_data_lower_cbow_lr0.05_epochs1_mincount5_ws12_dims300,jährigeund,0.6504225730895996
muntere_ashley_training_data_lower_cbow_lr0.05_epochs1_mincount5_ws12_dims300,mannweib,0.6474112868309021
muntere_ashley_training_data_lower_cbow_lr0.05_epochs1_mincount5_ws12_dims300,stiefvater,0.646483838558197
muntere_ashley_training_data_lower_cbow_lr0.05_epochs1_mincount5_ws12_dims300,mannesstamm,0.642149031162262
muntere_ashley_training_data_lower_cbow_lr0.05_epochs1_mincount5_ws12_dims300,mannes,0.6383181810379028
muntere_ashley_training_data_lower_cbow_lr0.05_epochs1_mincount5_ws12_dims300,freund,0.6379799246788025
muntere_ashley_training_data_lower_cbow_lr0.05_epochs1_mincount5_ws12_dims300,bursche,0.6371637582778931
muntere_ashley_training_data_lower_cbow_lr0.05_epochs1_mincount5_ws12_dims300,mannauf,0.6368333697319031
muntere_ashley_training_data_lower_cbow_lr0.05_epochs1_mincount5_ws12_dims300,polizist,0.6367425322532654
muntere_ashley_training_data_lower_cbow_lr0.05_epochs1_mincount5_ws12_dims300,schwiegervater,0.6366593241691589
muntere_ashley_training_data_lower_cbow_lr0.05_epochs1_mincount5_ws12_dims300,mannaus,0.6341962814331055
muntere_ashley_training_data_lower_cbow_lr0.05_epochs1_mincount5_ws12_dims300,polizistenmutter,0.6331183910369873
muntere_ashley_training_data_lower_cbow_lr0.05_epochs1_mincount5_ws12_dims300,fremdtäter,0.6330748200416565
muntere_ashley_training_data_lower_cbow_lr0.05_epochs1_mincount5_ws12_dims300,pistolenmann,0.6325607299804688
muntere_ashley_training_data_lower_cbow_lr0.05_epochs1_mincount5_ws12_dims300,polizistenehepaar,0.6314408779144287
muntere_ashley_training_data_lower_cbow_lr0.05_epochs1_mincount5_ws12_dims300,schwager,0.6311885714530945
muntere_ashley_training_data_lower_cbow_lr0.05_epochs1_mincount5_ws12_dims300,ahnvater,0.6311166286468506
muntere_ashley_training_data_lower_cbow_lr0.05_epochs1_mincount5_ws12_dims300,schlagfrau,0.631081223487854
muntere_ashley_training_data_lower_cbow_lr0.05_epochs1_mincount5_ws12_dims300,hasenvater,0.6303532123565674
muntere_ashley_training_data_lower_cbow_lr0.05_epochs1_mincount5_ws12_dims300,kapuzenmann,0.6291168332099915
muntere_ashley_training_data_lower_cbow_lr0.05_epochs1_mincount5_ws12_dims300,polizistentochter,0.6278979778289795
muntere_ashley_training_data_lower_cbow_lr0.05_epochs1_mincount5_ws12_dims300,er,0.627748429775238
muntere_ashley_training_data_lower_cbow_lr0.05_epochs1_mincount5_ws12_dims300,jährigein,0.6271494030952454
muntere_ashley_training_data_lower_cbow_lr0.05_epochs1_mincount5_ws12_dims300,lebensgefährtin,0.6269996166229248
muntere_ashley_training_data_lower_cbow_lr0.05_epochs1_mincount5_ws12_dims300,mannewitz,0.6269102096557617
muntere_ashley_training_data_lower_cbow_lr0.05_epochs1_mincount5_ws12_dims300,mannteuffel,0.6248663663864136
muntere_ashley_training_data_lower_cbow_lr0.05_epochs1_mincount5_ws12_dims300,nachbarsbursch,0.6247797012329102
muntere_ashley_training_data_lower_cbow_lr0.05_epochs1_mincount5_ws12_dims300,hausvater,0.6245728135108948
muntere_ashley_training_data_lower_cbow_lr0.05_epochs1_mincount5_ws12_dims300,manney,0.6242709755897522
muntere_ashley_training_data_lower_cbow_lr0.05_epochs1_mincount5_ws12_dims300,vaterkörper,0.6236718893051147
muntere_ashley_training_data_lower_cbow_lr0.05_epochs1_mincount5_ws12_dims300,polizistengattin,0.6234613060951233
muntere_ashley_training_data_lower_cbow_lr0.05_epochs1_mincount5_ws12_dims300,mannwurde,0.6231221556663513
muntere_ashley_training_data_lower_cbow_lr0.05_epochs1_mincount5_ws12_dims300,vater,0.6216758489608765
muntere_ashley_training_data_lower_cbow_lr0.05_epochs1_mincount5_ws12_dims300,stiefbruder,0.6215485334396362
muntere_ashley_training_data_lower_cbow_lr0.05_epochs1_mincount5_ws12_dims300,hehemann,0.6214511394500732
muntere_ashley_training_data_lower_cbow_lr0.05_epochs1_mincount5_ws12_dims300,alkoholikervater,0.6212015748023987
muntere_ashley_training_data_lower_cbow_lr0.05_epochs1_mincount5_ws12_dims300,halbruder,0.6202252507209778
muntere_ashley_training_data_lower_cbow_lr0.05_epochs1_mincount5_ws12_dims300,rabenvater,0.6188839077949524
muntere_ashley_training_data_lower_cbow_lr0.05_epochs1_mincount5_ws12_dims300,scheinvater,0.6182909607887268
muntere_ashley_training_data_lower_cbow_lr0.05_epochs1_mincount5_ws12_dims300,jungvater,0.6182509064674377
muntere_ashley_training_data_lower_cbow_lr0.05_epochs1_mincount5_ws12_dims300,mannus,0.6180251240730286
muntere_ashley_training_data_lower_cbow_lr0.05_epochs1_mincount5_ws12_dims300,männerdiebin,0.6177644729614258
muntere_ashley_training_data_lower_cbow_lr0.05_epochs1_mincount5_ws12_dims300,mannhaft,0.6173896789550781
muntere_ashley_training_data_lower_cbow_lr0.05_epochs1_mincount5_ws12_dims300,mannakee,0.6167259812355042
muntere_ashley_training_data_lower_cbow_lr0.05_epochs1_mincount5_ws12_dims300,streifer,0.6163293123245239
muntere_ashley_training_data_lower_cbow_lr0.05_epochs1_mincount5_ws12_dims300,mannit,0.6162689924240112
muntere_ashley_training_data_lower_cbow_lr0.05_epochs1_mincount5_ws12_dims300,nachbarmädchen,0.6161187887191772
muntere_ashley_training_data_lower_cbow_lr0.05_epochs1_mincount5_ws12_dims300,manndie,0.6151741743087769
muntere_ashley_training_data_lower_cbow_lr0.05_epochs1_mincount5_ws12_dims300,burschel,0.6140338778495789
muntere_ashley_training_data_lower_cbow_lr0.05_epochs1_mincount5_ws12_dims300,mannöver,0.6139065623283386
muntere_ashley_training_data_lower_cbow_lr0.05_epochs1_mincount5_ws12_dims300,mitttäter,0.6135919690132141
muntere_ashley_training_data_lower_cbow_lr0.05_epochs1_mincount5_ws12_dims300,gatte,0.6135583519935608
muntere_ashley_training_data_lower_cbow_lr0.05_epochs1_mincount5_ws12_dims300,puffvater,0.6134257316589355
muntere_ashley_training_data_lower_cbow_lr0.05_epochs1_mincount5_ws12_dims300,polizistensohn,0.6130979061126709
muntere_ashley_training_data_lower_cbow_lr0.05_epochs1_mincount5_ws12_dims300,geismann,0.6130499839782715
muntere_ashley_training_data_lower_cbow_lr0.05_epochs1_mincount5_ws12_dims300,hausfreund,0.6124280691146851
muntere_ashley_training_data_lower_cbow_lr0.05_epochs1_mincount5_ws12_dims300,halsmann,0.6122970581054688
muntere_ashley_training_data_lower_cbow_lr0.05_epochs1_mincount5_ws12_dims300,halbfreund,0.6113937497138977
muntere_ashley_training_data_lower_cbow_lr0.05_epochs1_mincount5_ws12_dims300,eifersuchtsmörder,0.6111410856246948
muntere_ashley_training_data_lower_cbow_lr0.05_epochs1_mincount5_ws12_dims300,exschwiegervater,0.609743058681488
muntere_ashley_training_data_lower_cbow_lr0.05_epochs1_mincount5_ws12_dims300,jährier,0.6096919775009155
muntere_ashley_training_data_lower_cbow_lr0.05_epochs1_mincount5_ws12_dims300,mannhalter,0.609627366065979
muntere_ashley_training_data_lower_cbow_lr0.05_epochs1_mincount5_ws12_dims300,familenvater,0.6094092726707458
muntere_ashley_training_data_lower_cbow_lr0.05_epochs1_mincount5_ws12_dims300,mannequin,0.6090309023857117
muntere_ashley_training_data_lower_cbow_lr0.05_epochs1_mincount5_ws12_dims300,stieftocher,0.6083962321281433
muntere_ashley_training_data_lower_cbow_lr0.05_epochs1_mincount5_ws12_dims300,mannesalter,0.6082433462142944
muntere_ashley_training_data_lower_cbow_lr0.05_epochs1_mincount5_ws12_dims300,graufreund,0.6082372665405273
muntere_ashley_training_data_lower_cbow_lr0.05_epochs1_mincount5_ws12_dims300,halbbruder,0.6081965565681458
vitaler_nelio_training_data_lower_cbow_lr0.05_epochs1_mincount50_ws12_dims300,frau,0.7277610898017883
vitaler_nelio_training_data_lower_cbow_lr0.05_epochs1_mincount50_ws12_dims300,mannesmann,0.72193443775177
vitaler_nelio_training_data_lower_cbow_lr0.05_epochs1_mincount50_ws12_dims300,manne,0.6846250295639038
vitaler_nelio_training_data_lower_cbow_lr0.05_epochs1_mincount50_ws12_dims300,bursch,0.6730248332023621
vitaler_nelio_training_data_lower_cbow_lr0.05_epochs1_mincount50_ws12_dims300,manneh,0.6707724332809448
vitaler_nelio_training_data_lower_cbow_lr0.05_epochs1_mincount50_ws12_dims300,lebensgefährte,0.6660721302032471
vitaler_nelio_training_data_lower_cbow_lr0.05_epochs1_mincount50_ws12_dims300,ehemann,0.6573010683059692
vitaler_nelio_training_data_lower_cbow_lr0.05_epochs1_mincount50_ws12_dims300,polizist,0.6568964719772339
vitaler_nelio_training_data_lower_cbow_lr0.05_epochs1_mincount50_ws12_dims300,stiefvater,0.6528969407081604
vitaler_nelio_training_data_lower_cbow_lr0.05_epochs1_mincount50_ws12_dims300,freund,0.6428776979446411
vitaler_nelio_training_data_lower_cbow_lr0.05_epochs1_mincount50_ws12_dims300,lebensgefährtin,0.6377792358398438
vitaler_nelio_training_data_lower_cbow_lr0.05_epochs1_mincount50_ws12_dims300,schwiegervater,0.6294559240341187
vitaler_nelio_training_data_lower_cbow_lr0.05_epochs1_mincount50_ws12_dims300,rabenvater,0.6193509697914124
vitaler_nelio_training_data_lower_cbow_lr0.05_epochs1_mincount50_ws12_dims300,vater,0.6191590428352356
vitaler_nelio_training_data_lower_cbow_lr0.05_epochs1_mincount50_ws12_dims300,er,0.6170482635498047
vitaler_nelio_training_data_lower_cbow_lr0.05_epochs1_mincount50_ws12_dims300,mannes,0.6125919818878174
vitaler_nelio_training_data_lower_cbow_lr0.05_epochs1_mincount50_ws12_dims300,polizistensohn,0.6123601198196411
vitaler_nelio_training_data_lower_cbow_lr0.05_epochs1_mincount50_ws12_dims300,exfreund,0.6106260418891907
vitaler_nelio_training_data_lower_cbow_lr0.05_epochs1_mincount50_ws12_dims300,jungvater,0.6083006262779236
vitaler_nelio_training_data_lower_cbow_lr0.05_epochs1_mincount50_ws12_dims300,schwager,0.6079404354095459
vitaler_nelio_training_data_lower_cbow_lr0.05_epochs1_mincount50_ws12_dims300,lebemann,0.6056087017059326
vitaler_nelio_training_data_lower_cbow_lr0.05_epochs1_mincount50_ws12_dims300,duzfreund,0.604814350605011
vitaler_nelio_training_data_lower_cbow_lr0.05_epochs1_mincount50_ws12_dims300,bursche,0.6044530272483826
vitaler_nelio_training_data_lower_cbow_lr0.05_epochs1_mincount50_ws12_dims300,freundin,0.6030283570289612
vitaler_nelio_training_data_lower_cbow_lr0.05_epochs1_mincount50_ws12_dims300,polizistin,0.6024860143661499
vitaler_nelio_training_data_lower_cbow_lr0.05_epochs1_mincount50_ws12_dims300,polizeibeamter,0.6008794903755188
vitaler_nelio_training_data_lower_cbow_lr0.05_epochs1_mincount50_ws12_dims300,polizeibeamtin,0.6002296209335327
vitaler_nelio_training_data_lower_cbow_lr0.05_epochs1_mincount50_ws12_dims300,stiefbruder,0.5986815094947815
vitaler_nelio_training_data_lower_cbow_lr0.05_epochs1_mincount50_ws12_dims300,hausmann,0.597403883934021
vitaler_nelio_training_data_lower_cbow_lr0.05_epochs1_mincount50_ws12_dims300,hausfreund,0.5953097343444824
vitaler_nelio_training_data_lower_cbow_lr0.05_epochs1_mincount50_ws12_dims300,familienvater,0.593798041343689
vitaler_nelio_training_data_lower_cbow_lr0.05_epochs1_mincount50_ws12_dims300,tatler,0.5935027003288269
vitaler_nelio_training_data_lower_cbow_lr0.05_epochs1_mincount50_ws12_dims300,ihn,0.5934938788414001
vitaler_nelio_training_data_lower_cbow_lr0.05_epochs1_mincount50_ws12_dims300,fremdenpolizist,0.5925313234329224
vitaler_nelio_training_data_lower_cbow_lr0.05_epochs1_mincount50_ws12_dims300,hehemann,0.5917424559593201
vitaler_nelio_training_data_lower_cbow_lr0.05_epochs1_mincount50_ws12_dims300,polizistenpaar,0.5909356474876404
vitaler_nelio_training_data_lower_cbow_lr0.05_epochs1_mincount50_ws12_dims300,spitzenpolizist,0.5903220176696777
vitaler_nelio_training_data_lower_cbow_lr0.05_epochs1_mincount50_ws12_dims300,gatte,0.5897299647331238
vitaler_nelio_training_data_lower_cbow_lr0.05_epochs1_mincount50_ws12_dims300,triebtäter,0.5893300771713257
vitaler_nelio_training_data_lower_cbow_lr0.05_epochs1_mincount50_ws12_dims300,weltpolizist,0.5886356830596924
vitaler_nelio_training_data_lower_cbow_lr0.05_epochs1_mincount50_ws12_dims300,bruderpaar,0.5876761078834534
vitaler_nelio_training_data_lower_cbow_lr0.05_epochs1_mincount50_ws12_dims300,jähriger,0.5873836874961853
vitaler_nelio_training_data_lower_cbow_lr0.05_epochs1_mincount50_ws12_dims300,geismann,0.5870891213417053
vitaler_nelio_training_data_lower_cbow_lr0.05_epochs1_mincount50_ws12_dims300,altvater,0.586881160736084
vitaler_nelio_training_data_lower_cbow_lr0.05_epochs1_mincount50_ws12_dims300,dorfpolizist,0.5864461064338684
vitaler_nelio_training_data_lower_cbow_lr0.05_epochs1_mincount50_ws12_dims300,streifenpolizist,0.5850242972373962
vitaler_nelio_training_data_lower_cbow_lr0.05_epochs1_mincount50_ws12_dims300,kindsvater,0.5839795470237732
vitaler_nelio_training_data_lower_cbow_lr0.05_epochs1_mincount50_ws12_dims300,passantin,0.5835869908332825
vitaler_nelio_training_data_lower_cbow_lr0.05_epochs1_mincount50_ws12_dims300,exfreundin,0.5819935202598572
vitaler_nelio_training_data_lower_cbow_lr0.05_epochs1_mincount50_ws12_dims300,nebenbuhler,0.5811338424682617
vitaler_nelio_training_data_lower_cbow_lr0.05_epochs1_mincount50_ws12_dims300,tatmesser,0.57901531457901
vitaler_nelio_training_data_lower_cbow_lr0.05_epochs1_mincount50_ws12_dims300,ehefrau,0.5778858065605164
vitaler_nelio_training_data_lower_cbow_lr0.05_epochs1_mincount50_ws12_dims300,männerkörper,0.5777891874313354
vitaler_nelio_training_data_lower_cbow_lr0.05_epochs1_mincount50_ws12_dims300,jährige,0.5774868130683899
vitaler_nelio_training_data_lower_cbow_lr0.05_epochs1_mincount50_ws12_dims300,lebensgefährten,0.5769381523132324
vitaler_nelio_training_data_lower_cbow_lr0.05_epochs1_mincount50_ws12_dims300,exmann,0.5768967270851135
vitaler_nelio_training_data_lower_cbow_lr0.05_epochs1_mincount50_ws12_dims300,blutsbruder,0.5758245587348938
vitaler_nelio_training_data_lower_cbow_lr0.05_epochs1_mincount50_ws12_dims300,tatzeugin,0.5751537680625916
vitaler_nelio_training_data_lower_cbow_lr0.05_epochs1_mincount50_ws12_dims300,gottvater,0.5751421451568604
vitaler_nelio_training_data_lower_cbow_lr0.05_epochs1_mincount50_ws12_dims300,nachbarin,0.5738374590873718
vitaler_nelio_training_data_lower_cbow_lr0.05_epochs1_mincount50_ws12_dims300,bruder,0.5728106498718262
vitaler_nelio_training_data_lower_cbow_lr0.05_epochs1_mincount50_ws12_dims300,tatverdächtig,0.5723909735679626
vitaler_nelio_training_data_lower_cbow_lr0.05_epochs1_mincount50_ws12_dims300,manneskraft,0.5710286498069763
vitaler_nelio_training_data_lower_cbow_lr0.05_epochs1_mincount50_ws12_dims300,brautvater,0.5701079964637756
vitaler_nelio_training_data_lower_cbow_lr0.05_epochs1_mincount50_ws12_dims300,vatermörder,0.5700508952140808
vitaler_nelio_training_data_lower_cbow_lr0.05_epochs1_mincount50_ws12_dims300,schmähbruder,0.5686935782432556
vitaler_nelio_training_data_lower_cbow_lr0.05_epochs1_mincount50_ws12_dims300,mädchenmörder,0.5679081678390503
vitaler_nelio_training_data_lower_cbow_lr0.05_epochs1_mincount50_ws12_dims300,polizeibekannter,0.565596342086792
vitaler_nelio_training_data_lower_cbow_lr0.05_epochs1_mincount50_ws12_dims300,tatverdächtiger,0.5645255446434021
vitaler_nelio_training_data_lower_cbow_lr0.05_epochs1_mincount50_ws12_dims300,arztsohn,0.5643286108970642
vitaler_nelio_training_data_lower_cbow_lr0.05_epochs1_mincount50_ws12_dims300,taxilenkerin,0.5641746520996094
vitaler_nelio_training_data_lower_cbow_lr0.05_epochs1_mincount50_ws12_dims300,kameradenmörder,0.5640589594841003
vitaler_nelio_training_data_lower_cbow_lr0.05_epochs1_mincount50_ws12_dims300,tatverdächtige,0.5632362365722656
vitaler_nelio_training_data_lower_cbow_lr0.05_epochs1_mincount50_ws12_dims300,halbbruder,0.563198983669281
vitaler_nelio_training_data_lower_cbow_lr0.05_epochs1_mincount50_ws12_dims300,kripobeamter,0.5631687641143799
vitaler_nelio_training_data_lower_cbow_lr0.05_epochs1_mincount50_ws12_dims300,schliemann,0.5620117783546448
vitaler_nelio_training_data_lower_cbow_lr0.05_epochs1_mincount50_ws12_dims300,heimwehrführer,0.5619339346885681
vitaler_nelio_training_data_lower_cbow_lr0.05_epochs1_mincount50_ws12_dims300,klappmesser,0.5617936849594116
vitaler_nelio_training_data_lower_cbow_lr0.05_epochs1_mincount50_ws12_dims300,stiefsohn,0.5617361664772034
vitaler_nelio_training_data_lower_cbow_lr0.05_epochs1_mincount50_ws12_dims300,klofrau,0.5616515278816223
vitaler_nelio_training_data_lower_cbow_lr0.05_epochs1_mincount50_ws12_dims300,wager,0.5613737106323242
vitaler_nelio_training_data_lower_cbow_lr0.05_epochs1_mincount50_ws12_dims300,räubertochter,0.5586557984352112
vitaler_nelio_training_data_lower_cbow_lr0.05_epochs1_mincount50_ws12_dims300,totschläger,0.5579553246498108
vitaler_nelio_training_data_lower_cbow_lr0.05_epochs1_mincount50_ws12_dims300,burschikose,0.5575430393218994
vitaler_nelio_training_data_lower_cbow_lr0.05_epochs1_mincount50_ws12_dims300,angeklagte,0.5574541687965393
vitaler_nelio_training_data_lower_cbow_lr0.05_epochs1_mincount50_ws12_dims300,hasmann,0.5571238994598389
vitaler_nelio_training_data_lower_cbow_lr0.05_epochs1_mincount50_ws12_dims300,wachmann,0.557113528251648
vitaler_nelio_training_data_lower_cbow_lr0.05_epochs1_mincount50_ws12_dims300,mannhaft,0.5558954477310181
vitaler_nelio_training_data_lower_cbow_lr0.05_epochs1_mincount50_ws12_dims300,mannequin,0.5557108521461487
vitaler_nelio_training_data_lower_cbow_lr0.05_epochs1_mincount50_ws12_dims300,turnvater,0.555656909942627
vitaler_nelio_training_data_lower_cbow_lr0.05_epochs1_mincount50_ws12_dims300,sextäter,0.5549228191375732
vitaler_nelio_training_data_lower_cbow_lr0.05_epochs1_mincount50_ws12_dims300,zivilpolizist,0.5547446012496948
vitaler_nelio_training_data_lower_cbow_lr0.05_epochs1_mincount50_ws12_dims300,polizistenmörder,0.5546018481254578
vitaler_nelio_training_data_lower_cbow_lr0.05_epochs1_mincount50_ws12_dims300,pensionist,0.5543612241744995
vitaler_nelio_training_data_lower_cbow_lr0.05_epochs1_mincount50_ws12_dims300,täter,0.5535589456558228
vitaler_nelio_training_data_lower_cbow_lr0.05_epochs1_mincount50_ws12_dims300,haupttäter,0.5533983707427979
vitaler_nelio_training_data_lower_cbow_lr0.05_epochs1_mincount50_ws12_dims300,manner,0.5531579852104187
vitaler_nelio_training_data_lower_cbow_lr0.05_epochs1_mincount50_ws12_dims300,mannix,0.5527517199516296
vitaler_nelio_training_data_lower_cbow_lr0.05_epochs1_mincount50_ws12_dims300,schwiegersohn,0.5522820353507996
vitaler_nelio_training_data_lower_cbow_lr0.05_epochs1_mincount50_ws12_dims300,taxilenker,0.5511823892593384
spontaner_gideon_training_data_lower_cbow_lr0.05_epochs1_mincount100_ws24_dims300,frau,0.7144064903259277
spontaner_gideon_training_data_lower_cbow_lr0.05_epochs1_mincount100_ws24_dims300,mannesmann,0.7140935063362122
spontaner_gideon_training_data_lower_cbow_lr0.05_epochs1_mincount100_ws24_dims300,manne,0.645332932472229
spontaner_gideon_training_data_lower_cbow_lr0.05_epochs1_mincount100_ws24_dims300,ihn,0.6217775344848633
spontaner_gideon_training_data_lower_cbow_lr0.05_epochs1_mincount100_ws24_dims300,polizist,0.6193295121192932
spontaner_gideon_training_data_lower_cbow_lr0.05_epochs1_mincount100_ws24_dims300,ehemann,0.6170545220375061
spontaner_gideon_training_data_lower_cbow_lr0.05_epochs1_mincount100_ws24_dims300,mannes,0.6141993999481201
spontaner_gideon_training_data_lower_cbow_lr0.05_epochs1_mincount100_ws24_dims300,lebensgefährtin,0.6138029098510742
spontaner_gideon_training_data_lower_cbow_lr0.05_epochs1_mincount100_ws24_dims300,lebensgefährte,0.6124958992004395
spontaner_gideon_training_data_lower_cbow_lr0.05_epochs1_mincount100_ws24_dims300,freund,0.6037668585777283
spontaner_gideon_training_data_lower_cbow_lr0.05_epochs1_mincount100_ws24_dims300,jähriger,0.6027108430862427
spontaner_gideon_training_data_lower_cbow_lr0.05_epochs1_mincount100_ws24_dims300,er,0.6025429368019104
spontaner_gideon_training_data_lower_cbow_lr0.05_epochs1_mincount100_ws24_dims300,jährige,0.5953548550605774
spontaner_gideon_training_data_lower_cbow_lr0.05_epochs1_mincount100_ws24_dims300,stiefvater,0.5907754302024841
spontaner_gideon_training_data_lower_cbow_lr0.05_epochs1_mincount100_ws24_dims300,freundin,0.5877125859260559
spontaner_gideon_training_data_lower_cbow_lr0.05_epochs1_mincount100_ws24_dims300,hehemann,0.5799272060394287
spontaner_gideon_training_data_lower_cbow_lr0.05_epochs1_mincount100_ws24_dims300,geismann,0.5769643783569336
spontaner_gideon_training_data_lower_cbow_lr0.05_epochs1_mincount100_ws24_dims300,manneskraft,0.5686269998550415
spontaner_gideon_training_data_lower_cbow_lr0.05_epochs1_mincount100_ws24_dims300,schünemann,0.5671561360359192
spontaner_gideon_training_data_lower_cbow_lr0.05_epochs1_mincount100_ws24_dims300,ihm,0.5640127062797546
spontaner_gideon_training_data_lower_cbow_lr0.05_epochs1_mincount100_ws24_dims300,vater,0.5602538585662842
spontaner_gideon_training_data_lower_cbow_lr0.05_epochs1_mincount100_ws24_dims300,triebtäter,0.5576791763305664
spontaner_gideon_training_data_lower_cbow_lr0.05_epochs1_mincount100_ws24_dims300,jährigen,0.5545042753219604
spontaner_gideon_training_data_lower_cbow_lr0.05_epochs1_mincount100_ws24_dims300,ehefrau,0.5529002547264099
spontaner_gideon_training_data_lower_cbow_lr0.05_epochs1_mincount100_ws24_dims300,lebemann,0.5525714755058289
spontaner_gideon_training_data_lower_cbow_lr0.05_epochs1_mincount100_ws24_dims300,polizistin,0.5518629550933838
spontaner_gideon_training_data_lower_cbow_lr0.05_epochs1_mincount100_ws24_dims300,bursch,0.5511168837547302
spontaner_gideon_training_data_lower_cbow_lr0.05_epochs1_mincount100_ws24_dims300,schwiegervater,0.5496122241020203
spontaner_gideon_training_data_lower_cbow_lr0.05_epochs1_mincount100_ws24_dims300,polizeibeamtin,0.5489892363548279
spontaner_gideon_training_data_lower_cbow_lr0.05_epochs1_mincount100_ws24_dims300,tatverdächtig,0.5469983220100403
spontaner_gideon_training_data_lower_cbow_lr0.05_epochs1_mincount100_ws24_dims300,manny,0.5466119050979614
spontaner_gideon_training_data_lower_cbow_lr0.05_epochs1_mincount100_ws24_dims300,jungvater,0.545367419719696
spontaner_gideon_training_data_lower_cbow_lr0.05_epochs1_mincount100_ws24_dims300,hausfreund,0.5449858903884888
spontaner_gideon_training_data_lower_cbow_lr0.05_epochs1_mincount100_ws24_dims300,passantin,0.5427240133285522
spontaner_gideon_training_data_lower_cbow_lr0.05_epochs1_mincount100_ws24_dims300,exmann,0.5412161350250244
spontaner_gideon_training_data_lower_cbow_lr0.05_epochs1_mincount100_ws24_dims300,exfreundin,0.5398545265197754
spontaner_gideon_training_data_lower_cbow_lr0.05_epochs1_mincount100_ws24_dims300,polizeibekannter,0.539737343788147
spontaner_gideon_training_data_lower_cbow_lr0.05_epochs1_mincount100_ws24_dims300,polizeibeamter,0.5385381579399109
spontaner_gideon_training_data_lower_cbow_lr0.05_epochs1_mincount100_ws24_dims300,dorfpolizist,0.5367537140846252
spontaner_gideon_training_data_lower_cbow_lr0.05_epochs1_mincount100_ws24_dims300,hausmann,0.5357438325881958
spontaner_gideon_training_data_lower_cbow_lr0.05_epochs1_mincount100_ws24_dims300,schliemann,0.5357254147529602
spontaner_gideon_training_data_lower_cbow_lr0.05_epochs1_mincount100_ws24_dims300,exfreund,0.5352504849433899
spontaner_gideon_training_data_lower_cbow_lr0.05_epochs1_mincount100_ws24_dims300,gefährtin,0.5352016687393188
spontaner_gideon_training_data_lower_cbow_lr0.05_epochs1_mincount100_ws24_dims300,nachbarin,0.5348684191703796
spontaner_gideon_training_data_lower_cbow_lr0.05_epochs1_mincount100_ws24_dims300,weltpolizist,0.5339931845664978
spontaner_gideon_training_data_lower_cbow_lr0.05_epochs1_mincount100_ws24_dims300,trauzeugin,0.5334718227386475
spontaner_gideon_training_data_lower_cbow_lr0.05_epochs1_mincount100_ws24_dims300,streifenpolizist,0.5321555733680725
spontaner_gideon_training_data_lower_cbow_lr0.05_epochs1_mincount100_ws24_dims300,tatler,0.5317948460578918
spontaner_gideon_training_data_lower_cbow_lr0.05_epochs1_mincount100_ws24_dims300,tatverdächtige,0.5289127230644226
spontaner_gideon_training_data_lower_cbow_lr0.05_epochs1_mincount100_ws24_dims300,zeugin,0.5285941362380981
spontaner_gideon_training_data_lower_cbow_lr0.05_epochs1_mincount100_ws24_dims300,männerkörper,0.5272655487060547
spontaner_gideon_training_data_lower_cbow_lr0.05_epochs1_mincount100_ws24_dims300,elfjähriger,0.5266005396842957
spontaner_gideon_training_data_lower_cbow_lr0.05_epochs1_mincount100_ws24_dims300,schmähbruder,0.5255637764930725
spontaner_gideon_training_data_lower_cbow_lr0.05_epochs1_mincount100_ws24_dims300,schwager,0.5244327187538147
spontaner_gideon_training_data_lower_cbow_lr0.05_epochs1_mincount100_ws24_dims300,mutter,0.5241858959197998
spontaner_gideon_training_data_lower_cbow_lr0.05_epochs1_mincount100_ws24_dims300,angeklagte,0.5238568782806396
spontaner_gideon_training_data_lower_cbow_lr0.05_epochs1_mincount100_ws24_dims300,jährigem,0.5234912633895874
spontaner_gideon_training_data_lower_cbow_lr0.05_epochs1_mincount100_ws24_dims300,tatverdächtiger,0.5221818685531616
spontaner_gideon_training_data_lower_cbow_lr0.05_epochs1_mincount100_ws24_dims300,stiefbruder,0.5220328569412231
spontaner_gideon_training_data_lower_cbow_lr0.05_epochs1_mincount100_ws24_dims300,sohn,0.5215167999267578
spontaner_gideon_training_data_lower_cbow_lr0.05_epochs1_mincount100_ws24_dims300,sextäter,0.5214952230453491
spontaner_gideon_training_data_lower_cbow_lr0.05_epochs1_mincount100_ws24_dims300,tatmesser,0.5208327174186707
spontaner_gideon_training_data_lower_cbow_lr0.05_epochs1_mincount100_ws24_dims300,bruder,0.520308256149292
spontaner_gideon_training_data_lower_cbow_lr0.05_epochs1_mincount100_ws24_dims300,jährig,0.5198260545730591
spontaner_gideon_training_data_lower_cbow_lr0.05_epochs1_mincount100_ws24_dims300,mannequin,0.5164183378219604
spontaner_gideon_training_data_lower_cbow_lr0.05_epochs1_mincount100_ws24_dims300,mannsein,0.5160699486732483
spontaner_gideon_training_data_lower_cbow_lr0.05_epochs1_mincount100_ws24_dims300,gottvater,0.5156679749488831
spontaner_gideon_training_data_lower_cbow_lr0.05_epochs1_mincount100_ws24_dims300,polizeibekannte,0.5145901441574097
spontaner_gideon_training_data_lower_cbow_lr0.05_epochs1_mincount100_ws24_dims300,zeugenschwund,0.5132204294204712
spontaner_gideon_training_data_lower_cbow_lr0.05_epochs1_mincount100_ws24_dims300,halbjähriger,0.5128946304321289
spontaner_gideon_training_data_lower_cbow_lr0.05_epochs1_mincount100_ws24_dims300,täter,0.5126959085464478
spontaner_gideon_training_data_lower_cbow_lr0.05_epochs1_mincount100_ws24_dims300,raubein,0.5115063190460205
spontaner_gideon_training_data_lower_cbow_lr0.05_epochs1_mincount100_ws24_dims300,manni,0.5114668607711792
spontaner_gideon_training_data_lower_cbow_lr0.05_epochs1_mincount100_ws24_dims300,kindsvater,0.510945200920105
spontaner_gideon_training_data_lower_cbow_lr0.05_epochs1_mincount100_ws24_dims300,altvater,0.5109018683433533
spontaner_gideon_training_data_lower_cbow_lr0.05_epochs1_mincount100_ws24_dims300,stiefsohn,0.5102376937866211
spontaner_gideon_training_data_lower_cbow_lr0.05_epochs1_mincount100_ws24_dims300,polizeiarzt,0.5101678967475891
spontaner_gideon_training_data_lower_cbow_lr0.05_epochs1_mincount100_ws24_dims300,elfjährige,0.5098682641983032
spontaner_gideon_training_data_lower_cbow_lr0.05_epochs1_mincount100_ws24_dims300,schümann,0.5097072720527649
spontaner_gideon_training_data_lower_cbow_lr0.05_epochs1_mincount100_ws24_dims300,taxilenker,0.5096664428710938
spontaner_gideon_training_data_lower_cbow_lr0.05_epochs1_mincount100_ws24_dims300,klappmesser,0.5093460083007812
spontaner_gideon_training_data_lower_cbow_lr0.05_epochs1_mincount100_ws24_dims300,familienvater,0.5086629390716553
spontaner_gideon_training_data_lower_cbow_lr0.05_epochs1_mincount100_ws24_dims300,ehepaar,0.5082485675811768
spontaner_gideon_training_data_lower_cbow_lr0.05_epochs1_mincount100_ws24_dims300,bruderpaar,0.5077545642852783
spontaner_gideon_training_data_lower_cbow_lr0.05_epochs1_mincount100_ws24_dims300,wachmann,0.5077092051506042
spontaner_gideon_training_data_lower_cbow_lr0.05_epochs1_mincount100_ws24_dims300,kellnerin,0.507239580154419
spontaner_gideon_training_data_lower_cbow_lr0.05_epochs1_mincount100_ws24_dims300,ehemannes,0.5052851438522339
spontaner_gideon_training_data_lower_cbow_lr0.05_epochs1_mincount100_ws24_dims300,taxilenkerin,0.5051288604736328
spontaner_gideon_training_data_lower_cbow_lr0.05_epochs1_mincount100_ws24_dims300,sämann,0.5049586892127991
spontaner_gideon_training_data_lower_cbow_lr0.05_epochs1_mincount100_ws24_dims300,amoklenker,0.5047757625579834
spontaner_gideon_training_data_lower_cbow_lr0.05_epochs1_mincount100_ws24_dims300,polizeiberuf,0.504718005657196
spontaner_gideon_training_data_lower_cbow_lr0.05_epochs1_mincount100_ws24_dims300,lebensgefährten,0.5044960975646973
spontaner_gideon_training_data_lower_cbow_lr0.05_epochs1_mincount100_ws24_dims300,jugendfreundin,0.5028892755508423
spontaner_gideon_training_data_lower_cbow_lr0.05_epochs1_mincount100_ws24_dims300,gatte,0.5026436448097229
spontaner_gideon_training_data_lower_cbow_lr0.05_epochs1_mincount100_ws24_dims300,exfrau,0.5024734139442444
spontaner_gideon_training_data_lower_cbow_lr0.05_epochs1_mincount100_ws24_dims300,stiefmutter,0.5020236968994141
spontaner_gideon_training_data_lower_cbow_lr0.05_epochs1_mincount100_ws24_dims300,hauff,0.5011478662490845
spontaner_gideon_training_data_lower_cbow_lr0.05_epochs1_mincount100_ws24_dims300,schenkelklopfer,0.5003102421760559
spontaner_gideon_training_data_lower_cbow_lr0.05_epochs1_mincount100_ws24_dims300,halbbruder,0.5002478361129761
spontaner_gideon_training_data_lower_cbow_lr0.05_epochs1_mincount100_ws24_dims300,jähriges,0.4998387992382049
angeregter_armin_training_data_cbow_lr0.05_epochs1_mincount10_ws5_dims300,mannn,0.8480277061462402
angeregter_armin_training_data_cbow_lr0.05_epochs1_mincount10_ws5_dims300,b-mann,0.7896528840065002
angeregter_armin_training_data_cbow_lr0.05_epochs1_mincount10_ws5_dims300,v-mann,0.7821972370147705
angeregter_armin_training_data_cbow_lr0.05_epochs1_mincount10_ws5_dims300,mannesmann,0.7488855123519897
angeregter_armin_training_data_cbow_lr0.05_epochs1_mincount10_ws5_dims300,bursch,0.7453542947769165
angeregter_armin_training_data_cbow_lr0.05_epochs1_mincount10_ws5_dims300,manneh,0.7222908735275269
angeregter_armin_training_data_cbow_lr0.05_epochs1_mincount10_ws5_dims300,stiefvater,0.7213562726974487
angeregter_armin_training_data_cbow_lr0.05_epochs1_mincount10_ws5_dims300,bursche,0.7188239693641663
angeregter_armin_training_data_cbow_lr0.05_epochs1_mincount10_ws5_dims300,mannott,0.7175058722496033
angeregter_armin_training_data_cbow_lr0.05_epochs1_mincount10_ws5_dims300,manne,0.7144683003425598
angeregter_armin_training_data_cbow_lr0.05_epochs1_mincount10_ws5_dims300,stiefbruder,0.7007056474685669
angeregter_armin_training_data_cbow_lr0.05_epochs1_mincount10_ws5_dims300,mannmit,0.6959307789802551
angeregter_armin_training_data_cbow_lr0.05_epochs1_mincount10_ws5_dims300,mannlgrat,0.6909933090209961
angeregter_armin_training_data_cbow_lr0.05_epochs1_mincount10_ws5_dims300,frau,0.6905498504638672
angeregter_armin_training_data_cbow_lr0.05_epochs1_mincount10_ws5_dims300,mannweib,0.6884835958480835
angeregter_armin_training_data_cbow_lr0.05_epochs1_mincount10_ws5_dims300,jungpolizist,0.6867920756340027
angeregter_armin_training_data_cbow_lr0.05_epochs1_mincount10_ws5_dims300,ehemann,0.686417281627655
angeregter_armin_training_data_cbow_lr0.05_epochs1_mincount10_ws5_dims300,m-mann,0.6860662698745728
angeregter_armin_training_data_cbow_lr0.05_epochs1_mincount10_ws5_dims300,männerfreund,0.6844890117645264
angeregter_armin_training_data_cbow_lr0.05_epochs1_mincount10_ws5_dims300,mannomann,0.6843439936637878
angeregter_armin_training_data_cbow_lr0.05_epochs1_mincount10_ws5_dims300,mannweiber,0.6835405826568604
angeregter_armin_training_data_cbow_lr0.05_epochs1_mincount10_ws5_dims300,mannesstamm,0.679539680480957
angeregter_armin_training_data_cbow_lr0.05_epochs1_mincount10_ws5_dims300,mannel,0.678943932056427
angeregter_armin_training_data_cbow_lr0.05_epochs1_mincount10_ws5_dims300,mannit,0.6757680773735046
angeregter_armin_training_data_cbow_lr0.05_epochs1_mincount10_ws5_dims300,polizist,0.6757415533065796
angeregter_armin_training_data_cbow_lr0.05_epochs1_mincount10_ws5_dims300,mannesmut,0.6744153499603271
angeregter_armin_training_data_cbow_lr0.05_epochs1_mincount10_ws5_dims300,mannus,0.6736406683921814
angeregter_armin_training_data_cbow_lr0.05_epochs1_mincount10_ws5_dims300,lebensgefährte,0.6713978052139282
angeregter_armin_training_data_cbow_lr0.05_epochs1_mincount10_ws5_dims300,familienvater,0.669622004032135
angeregter_armin_training_data_cbow_lr0.05_epochs1_mincount10_ws5_dims300,mannose,0.669181764125824
angeregter_armin_training_data_cbow_lr0.05_epochs1_mincount10_ws5_dims300,jährigein,0.6684821248054504
angeregter_armin_training_data_cbow_lr0.05_epochs1_mincount10_ws5_dims300,jährigeam,0.6684553027153015
angeregter_armin_training_data_cbow_lr0.05_epochs1_mincount10_ws5_dims300,jähriger,0.667736828327179
angeregter_armin_training_data_cbow_lr0.05_epochs1_mincount10_ws5_dims300,schwager,0.6674028038978577
angeregter_armin_training_data_cbow_lr0.05_epochs1_mincount10_ws5_dims300,kindsvater,0.6663574576377869
angeregter_armin_training_data_cbow_lr0.05_epochs1_mincount10_ws5_dims300,stiefväter,0.6660791039466858
angeregter_armin_training_data_cbow_lr0.05_epochs1_mincount10_ws5_dims300,wenker,0.6651610732078552
angeregter_armin_training_data_cbow_lr0.05_epochs1_mincount10_ws5_dims300,stiefsohn,0.6638817191123962
angeregter_armin_training_data_cbow_lr0.05_epochs1_mincount10_ws5_dims300,schwiegervater,0.6634153723716736
angeregter_armin_training_data_cbow_lr0.05_epochs1_mincount10_ws5_dims300,vater,0.6626235246658325
angeregter_armin_training_data_cbow_lr0.05_epochs1_mincount10_ws5_dims300,männner,0.6622424721717834
angeregter_armin_training_data_cbow_lr0.05_epochs1_mincount10_ws5_dims300,nbruder,0.6605837345123291
angeregter_armin_training_data_cbow_lr0.05_epochs1_mincount10_ws5_dims300,polizistensohn,0.6600925326347351
angeregter_armin_training_data_cbow_lr0.05_epochs1_mincount10_ws5_dims300,manndecker,0.658121645450592
angeregter_armin_training_data_cbow_lr0.05_epochs1_mincount10_ws5_dims300,mofalenker,0.6573357582092285
angeregter_armin_training_data_cbow_lr0.05_epochs1_mincount10_ws5_dims300,halbbruder,0.656169056892395
angeregter_armin_training_data_cbow_lr0.05_epochs1_mincount10_ws5_dims300,freund,0.6539947986602783
angeregter_armin_training_data_cbow_lr0.05_epochs1_mincount10_ws5_dims300,häfnbruder,0.6535585522651672
angeregter_armin_training_data_cbow_lr0.05_epochs1_mincount10_ws5_dims300,triebtäter,0.6533827781677246
angeregter_armin_training_data_cbow_lr0.05_epochs1_mincount10_ws5_dims300,somalier,0.6486717462539673
angeregter_armin_training_data_cbow_lr0.05_epochs1_mincount10_ws5_dims300,mannewitz,0.6485095620155334
angeregter_armin_training_data_cbow_lr0.05_epochs1_mincount10_ws5_dims300,schwippschwager,0.6483100652694702
angeregter_armin_training_data_cbow_lr0.05_epochs1_mincount10_ws5_dims300,scheinvater,0.6475782990455627
angeregter_armin_training_data_cbow_lr0.05_epochs1_mincount10_ws5_dims300,geistesbruder,0.6463054418563843
angeregter_armin_training_data_cbow_lr0.05_epochs1_mincount10_ws5_dims300,manney,0.6461314558982849
angeregter_armin_training_data_cbow_lr0.05_epochs1_mincount10_ws5_dims300,jährigehatte,0.6457898616790771
angeregter_armin_training_data_cbow_lr0.05_epochs1_mincount10_ws5_dims300,malier,0.6449753046035767
angeregter_armin_training_data_cbow_lr0.05_epochs1_mincount10_ws5_dims300,alklenker,0.6443634629249573
angeregter_armin_training_data_cbow_lr0.05_epochs1_mincount10_ws5_dims300,mannan,0.6442674398422241
angeregter_armin_training_data_cbow_lr0.05_epochs1_mincount10_ws5_dims300,brummifahrer,0.643921434879303
angeregter_armin_training_data_cbow_lr0.05_epochs1_mincount10_ws5_dims300,oberlenker,0.6437683701515198
angeregter_armin_training_data_cbow_lr0.05_epochs1_mincount10_ws5_dims300,polizistentochter,0.6437187194824219
angeregter_armin_training_data_cbow_lr0.05_epochs1_mincount10_ws5_dims300,stiefgroßvater,0.6435286402702332
angeregter_armin_training_data_cbow_lr0.05_epochs1_mincount10_ws5_dims300,brudermörder,0.6435014605522156
angeregter_armin_training_data_cbow_lr0.05_epochs1_mincount10_ws5_dims300,pensionist,0.6432737708091736
angeregter_armin_training_data_cbow_lr0.05_epochs1_mincount10_ws5_dims300,teenagersohn,0.6431355476379395
angeregter_armin_training_data_cbow_lr0.05_epochs1_mincount10_ws5_dims300,mannes,0.6429573893547058
angeregter_armin_training_data_cbow_lr0.05_epochs1_mincount10_ws5_dims300,hausvater,0.6427509784698486
angeregter_armin_training_data_cbow_lr0.05_epochs1_mincount10_ws5_dims300,gatte,0.6427195072174072
angeregter_armin_training_data_cbow_lr0.05_epochs1_mincount10_ws5_dims300,amoklenker,0.6425521969795227
angeregter_armin_training_data_cbow_lr0.05_epochs1_mincount10_ws5_dims300,komplize,0.6420614719390869
angeregter_armin_training_data_cbow_lr0.05_epochs1_mincount10_ws5_dims300,lebensgefährt,0.6415327191352844
angeregter_armin_training_data_cbow_lr0.05_epochs1_mincount10_ws5_dims300,halbruder,0.6411539912223816
angeregter_armin_training_data_cbow_lr0.05_epochs1_mincount10_ws5_dims300,mithäftling,0.6406082510948181
angeregter_armin_training_data_cbow_lr0.05_epochs1_mincount10_ws5_dims300,bruderpaar,0.6405973434448242
angeregter_armin_training_data_cbow_lr0.05_epochs1_mincount10_ws5_dims300,blutsbruder,0.6404839754104614
angeregter_armin_training_data_cbow_lr0.05_epochs1_mincount10_ws5_dims300,männeroberkörper,0.6401558518409729
angeregter_armin_training_data_cbow_lr0.05_epochs1_mincount10_ws5_dims300,jährigeaus,0.6400886178016663
angeregter_armin_training_data_cbow_lr0.05_epochs1_mincount10_ws5_dims300,bruder,0.6398806571960449
angeregter_armin_training_data_cbow_lr0.05_epochs1_mincount10_ws5_dims300,unfalllenker,0.6397171020507812
angeregter_armin_training_data_cbow_lr0.05_epochs1_mincount10_ws5_dims300,männerarzt,0.6387032866477966
angeregter_armin_training_data_cbow_lr0.05_epochs1_mincount10_ws5_dims300,mitbruder,0.6381065845489502
angeregter_armin_training_data_cbow_lr0.05_epochs1_mincount10_ws5_dims300,burschibummel,0.6374818682670593
angeregter_armin_training_data_cbow_lr0.05_epochs1_mincount10_ws5_dims300,bührer,0.6371998190879822
angeregter_armin_training_data_cbow_lr0.05_epochs1_mincount10_ws5_dims300,streifer,0.6370705366134644
angeregter_armin_training_data_cbow_lr0.05_epochs1_mincount10_ws5_dims300,kameradenmörder,0.6369707584381104
angeregter_armin_training_data_cbow_lr0.05_epochs1_mincount10_ws5_dims300,haupttäter,0.6366864442825317
angeregter_armin_training_data_cbow_lr0.05_epochs1_mincount10_ws5_dims300,rabenvater,0.6361681818962097
angeregter_armin_training_data_cbow_lr0.05_epochs1_mincount10_ws5_dims300,fremdtäter,0.6349873542785645
angeregter_armin_training_data_cbow_lr0.05_epochs1_mincount10_ws5_dims300,männerpaar,0.6346651315689087
angeregter_armin_training_data_cbow_lr0.05_epochs1_mincount10_ws5_dims300,alkohollenker,0.6346644759178162
angeregter_armin_training_data_cbow_lr0.05_epochs1_mincount10_ws5_dims300,rumäne,0.6346341371536255
angeregter_armin_training_data_cbow_lr0.05_epochs1_mincount10_ws5_dims300,jungvater,0.6345754861831665
angeregter_armin_training_data_cbow_lr0.05_epochs1_mincount10_ws5_dims300,jährigenin,0.6344761252403259
angeregter_armin_training_data_cbow_lr0.05_epochs1_mincount10_ws5_dims300,schopftintling,0.634311854839325
angeregter_armin_training_data_cbow_lr0.05_epochs1_mincount10_ws5_dims300,exfreund,0.6342385411262512
angeregter_armin_training_data_cbow_lr0.05_epochs1_mincount10_ws5_dims300,wachebeamter,0.6341580748558044
angeregter_armin_training_data_cbow_lr0.05_epochs1_mincount10_ws5_dims300,mädchenmörder,0.634090006351471
angeregter_armin_training_data_cbow_lr0.05_epochs1_mincount10_ws5_dims300,streifenpolizist,0.632212221622467
angeregter_armin_training_data_cbow_lr0.05_epochs1_mincount10_ws5_dims300,falier,0.6315029859542847
aktiver_vasilije_training_data_lower_cbow_lr0.05_epochs1_mincount10_ws5_dims300,mannn,0.8422843217849731
aktiver_vasilije_training_data_lower_cbow_lr0.05_epochs1_mincount10_ws5_dims300,mannesmann,0.7605010867118835
aktiver_vasilije_training_data_lower_cbow_lr0.05_epochs1_mincount10_ws5_dims300,bursch,0.7409929633140564
aktiver_vasilije_training_data_lower_cbow_lr0.05_epochs1_mincount10_ws5_dims300,jungpolizist,0.7237648963928223
aktiver_vasilije_training_data_lower_cbow_lr0.05_epochs1_mincount10_ws5_dims300,ehemann,0.7144028544425964
aktiver_vasilije_training_data_lower_cbow_lr0.05_epochs1_mincount10_ws5_dims300,mannomann,0.7120646238327026
aktiver_vasilije_training_data_lower_cbow_lr0.05_epochs1_mincount10_ws5_dims300,manne,0.7080103158950806
aktiver_vasilije_training_data_lower_cbow_lr0.05_epochs1_mincount10_ws5_dims300,stiefvater,0.7032349705696106
aktiver_vasilije_training_data_lower_cbow_lr0.05_epochs1_mincount10_ws5_dims300,frau,0.7007479667663574
aktiver_vasilije_training_data_lower_cbow_lr0.05_epochs1_mincount10_ws5_dims300,bursche,0.6977729201316833
aktiver_vasilije_training_data_lower_cbow_lr0.05_epochs1_mincount10_ws5_dims300,mannmit,0.692663311958313
aktiver_vasilije_training_data_lower_cbow_lr0.05_epochs1_mincount10_ws5_dims300,polizist,0.6921846270561218
aktiver_vasilije_training_data_lower_cbow_lr0.05_epochs1_mincount10_ws5_dims300,mannesmut,0.69000643491745
aktiver_vasilije_training_data_lower_cbow_lr0.05_epochs1_mincount10_ws5_dims300,männerfreund,0.6878814697265625
aktiver_vasilije_training_data_lower_cbow_lr0.05_epochs1_mincount10_ws5_dims300,jungehemann,0.6859362125396729
aktiver_vasilije_training_data_lower_cbow_lr0.05_epochs1_mincount10_ws5_dims300,manneh,0.6845292448997498
aktiver_vasilije_training_data_lower_cbow_lr0.05_epochs1_mincount10_ws5_dims300,polizistensohn,0.68316650390625
aktiver_vasilije_training_data_lower_cbow_lr0.05_epochs1_mincount10_ws5_dims300,lebensgefährte,0.6828044056892395
aktiver_vasilije_training_data_lower_cbow_lr0.05_epochs1_mincount10_ws5_dims300,mannott,0.6815266013145447
aktiver_vasilije_training_data_lower_cbow_lr0.05_epochs1_mincount10_ws5_dims300,rabenvater,0.6792119741439819
aktiver_vasilije_training_data_lower_cbow_lr0.05_epochs1_mincount10_ws5_dims300,jungvater,0.6790470480918884
aktiver_vasilije_training_data_lower_cbow_lr0.05_epochs1_mincount10_ws5_dims300,familienvater,0.6762455701828003
aktiver_vasilije_training_data_lower_cbow_lr0.05_epochs1_mincount10_ws5_dims300,schwiegervater,0.6745397448539734
aktiver_vasilije_training_data_lower_cbow_lr0.05_epochs1_mincount10_ws5_dims300,mannweiber,0.6737870573997498
aktiver_vasilije_training_data_lower_cbow_lr0.05_epochs1_mincount10_ws5_dims300,mannweib,0.6736658215522766
aktiver_vasilije_training_data_lower_cbow_lr0.05_epochs1_mincount10_ws5_dims300,ahnvater,0.671442985534668
aktiver_vasilije_training_data_lower_cbow_lr0.05_epochs1_mincount10_ws5_dims300,geismann,0.6710782051086426
aktiver_vasilije_training_data_lower_cbow_lr0.05_epochs1_mincount10_ws5_dims300,mannesstamm,0.6709511280059814
aktiver_vasilije_training_data_lower_cbow_lr0.05_epochs1_mincount10_ws5_dims300,schwager,0.6703813076019287
aktiver_vasilije_training_data_lower_cbow_lr0.05_epochs1_mincount10_ws5_dims300,vater,0.6696960926055908
aktiver_vasilije_training_data_lower_cbow_lr0.05_epochs1_mincount10_ws5_dims300,mannlgrat,0.6695998311042786
aktiver_vasilije_training_data_lower_cbow_lr0.05_epochs1_mincount10_ws5_dims300,hehemann,0.6677929162979126
aktiver_vasilije_training_data_lower_cbow_lr0.05_epochs1_mincount10_ws5_dims300,polizistentochter,0.6677427887916565
aktiver_vasilije_training_data_lower_cbow_lr0.05_epochs1_mincount10_ws5_dims300,hausvater,0.6675132513046265
aktiver_vasilije_training_data_lower_cbow_lr0.05_epochs1_mincount10_ws5_dims300,falier,0.6626233458518982
aktiver_vasilije_training_data_lower_cbow_lr0.05_epochs1_mincount10_ws5_dims300,kindsvater,0.6599875092506409
aktiver_vasilije_training_data_lower_cbow_lr0.05_epochs1_mincount10_ws5_dims300,scheinvater,0.6577847599983215
aktiver_vasilije_training_data_lower_cbow_lr0.05_epochs1_mincount10_ws5_dims300,streifer,0.6577693223953247
aktiver_vasilije_training_data_lower_cbow_lr0.05_epochs1_mincount10_ws5_dims300,freund,0.6564038991928101
aktiver_vasilije_training_data_lower_cbow_lr0.05_epochs1_mincount10_ws5_dims300,streifenpolizist,0.6549862623214722
aktiver_vasilije_training_data_lower_cbow_lr0.05_epochs1_mincount10_ws5_dims300,manney,0.6548334956169128
aktiver_vasilije_training_data_lower_cbow_lr0.05_epochs1_mincount10_ws5_dims300,schwippschwager,0.6547362208366394
aktiver_vasilije_training_data_lower_cbow_lr0.05_epochs1_mincount10_ws5_dims300,mannel,0.6530966758728027
aktiver_vasilije_training_data_lower_cbow_lr0.05_epochs1_mincount10_ws5_dims300,geistesbruder,0.6526597738265991
aktiver_vasilije_training_data_lower_cbow_lr0.05_epochs1_mincount10_ws5_dims300,mannose,0.6525517106056213
aktiver_vasilije_training_data_lower_cbow_lr0.05_epochs1_mincount10_ws5_dims300,teenagersohn,0.6525514125823975
aktiver_vasilije_training_data_lower_cbow_lr0.05_epochs1_mincount10_ws5_dims300,mannit,0.6520251631736755
aktiver_vasilije_training_data_lower_cbow_lr0.05_epochs1_mincount10_ws5_dims300,schariapolizist,0.6516153216362
aktiver_vasilije_training_data_lower_cbow_lr0.05_epochs1_mincount10_ws5_dims300,nebenbuhler,0.6512863039970398
aktiver_vasilije_training_data_lower_cbow_lr0.05_epochs1_mincount10_ws5_dims300,wachmann,0.6499988436698914
aktiver_vasilije_training_data_lower_cbow_lr0.05_epochs1_mincount10_ws5_dims300,gatte,0.6496490836143494
aktiver_vasilije_training_data_lower_cbow_lr0.05_epochs1_mincount10_ws5_dims300,malier,0.6474926471710205
aktiver_vasilije_training_data_lower_cbow_lr0.05_epochs1_mincount10_ws5_dims300,weltpolizist,0.6473222970962524
aktiver_vasilije_training_data_lower_cbow_lr0.05_epochs1_mincount10_ws5_dims300,pensionist,0.6468669772148132
aktiver_vasilije_training_data_lower_cbow_lr0.05_epochs1_mincount10_ws5_dims300,jungpolizistin,0.646504282951355
aktiver_vasilije_training_data_lower_cbow_lr0.05_epochs1_mincount10_ws5_dims300,triebtäter,0.6464554071426392
aktiver_vasilije_training_data_lower_cbow_lr0.05_epochs1_mincount10_ws5_dims300,beichtvater,0.6459587812423706
aktiver_vasilije_training_data_lower_cbow_lr0.05_epochs1_mincount10_ws5_dims300,jungpensionist,0.6456936597824097
aktiver_vasilije_training_data_lower_cbow_lr0.05_epochs1_mincount10_ws5_dims300,brudermörder,0.645342230796814
aktiver_vasilije_training_data_lower_cbow_lr0.05_epochs1_mincount10_ws5_dims300,halbruder,0.6452624797821045
aktiver_vasilije_training_data_lower_cbow_lr0.05_epochs1_mincount10_ws5_dims300,buber,0.6445592641830444
aktiver_vasilije_training_data_lower_cbow_lr0.05_epochs1_mincount10_ws5_dims300,kameradenmörder,0.6432895064353943
aktiver_vasilije_training_data_lower_cbow_lr0.05_epochs1_mincount10_ws5_dims300,graufreund,0.6428622007369995
aktiver_vasilije_training_data_lower_cbow_lr0.05_epochs1_mincount10_ws5_dims300,stiefbruder,0.642784595489502
aktiver_vasilije_training_data_lower_cbow_lr0.05_epochs1_mincount10_ws5_dims300,kindesvater,0.6422348022460938
aktiver_vasilije_training_data_lower_cbow_lr0.05_epochs1_mincount10_ws5_dims300,mannus,0.6420586109161377
aktiver_vasilije_training_data_lower_cbow_lr0.05_epochs1_mincount10_ws5_dims300,kapuzenmann,0.6415461897850037
aktiver_vasilije_training_data_lower_cbow_lr0.05_epochs1_mincount10_ws5_dims300,altvater,0.6410378217697144
aktiver_vasilije_training_data_lower_cbow_lr0.05_epochs1_mincount10_ws5_dims300,bruderpaar,0.6410315632820129
aktiver_vasilije_training_data_lower_cbow_lr0.05_epochs1_mincount10_ws5_dims300,stiefgroßvater,0.6408871412277222
aktiver_vasilije_training_data_lower_cbow_lr0.05_epochs1_mincount10_ws5_dims300,nochehemann,0.6407949328422546
aktiver_vasilije_training_data_lower_cbow_lr0.05_epochs1_mincount10_ws5_dims300,erzvater,0.6406384110450745
aktiver_vasilije_training_data_lower_cbow_lr0.05_epochs1_mincount10_ws5_dims300,hausmann,0.6403793096542358
aktiver_vasilije_training_data_lower_cbow_lr0.05_epochs1_mincount10_ws5_dims300,halsmann,0.6401830911636353
aktiver_vasilije_training_data_lower_cbow_lr0.05_epochs1_mincount10_ws5_dims300,fremdenpolizist,0.6393684148788452
aktiver_vasilije_training_data_lower_cbow_lr0.05_epochs1_mincount10_ws5_dims300,spitzenpolizist,0.6388918161392212
aktiver_vasilije_training_data_lower_cbow_lr0.05_epochs1_mincount10_ws5_dims300,exmann,0.6383771300315857
aktiver_vasilije_training_data_lower_cbow_lr0.05_epochs1_mincount10_ws5_dims300,tatler,0.6383764743804932
aktiver_vasilije_training_data_lower_cbow_lr0.05_epochs1_mincount10_ws5_dims300,jährigein,0.6380352973937988
aktiver_vasilije_training_data_lower_cbow_lr0.05_epochs1_mincount10_ws5_dims300,vatermörder,0.6368876099586487
aktiver_vasilije_training_data_lower_cbow_lr0.05_epochs1_mincount10_ws5_dims300,hausbursche,0.6360668540000916
aktiver_vasilije_training_data_lower_cbow_lr0.05_epochs1_mincount10_ws5_dims300,mannewitz,0.635854959487915
aktiver_vasilije_training_data_lower_cbow_lr0.05_epochs1_mincount10_ws5_dims300,lebensgefährt,0.6352961659431458
aktiver_vasilije_training_data_lower_cbow_lr0.05_epochs1_mincount10_ws5_dims300,machetenmann,0.6347067952156067
aktiver_vasilije_training_data_lower_cbow_lr0.05_epochs1_mincount10_ws5_dims300,polizistenfamilie,0.6342171430587769
aktiver_vasilije_training_data_lower_cbow_lr0.05_epochs1_mincount10_ws5_dims300,polizistenmörder,0.6341167092323303
aktiver_vasilije_training_data_lower_cbow_lr0.05_epochs1_mincount10_ws5_dims300,bruder,0.6339163184165955
aktiver_vasilije_training_data_lower_cbow_lr0.05_epochs1_mincount10_ws5_dims300,bruderer,0.633766233921051
aktiver_vasilije_training_data_lower_cbow_lr0.05_epochs1_mincount10_ws5_dims300,fremdtäter,0.6334156394004822
aktiver_vasilije_training_data_lower_cbow_lr0.05_epochs1_mincount10_ws5_dims300,mannes,0.6333545446395874
aktiver_vasilije_training_data_lower_cbow_lr0.05_epochs1_mincount10_ws5_dims300,mithäftling,0.6332241296768188
aktiver_vasilije_training_data_lower_cbow_lr0.05_epochs1_mincount10_ws5_dims300,polizeibeamter,0.632517397403717
aktiver_vasilije_training_data_lower_cbow_lr0.05_epochs1_mincount10_ws5_dims300,männner,0.6320164799690247
aktiver_vasilije_training_data_lower_cbow_lr0.05_epochs1_mincount10_ws5_dims300,burschikoser,0.6314506530761719
aktiver_vasilije_training_data_lower_cbow_lr0.05_epochs1_mincount10_ws5_dims300,besnier,0.6311935186386108
aktiver_vasilije_training_data_lower_cbow_lr0.05_epochs1_mincount10_ws5_dims300,halbfreund,0.6311152577400208
aktiver_vasilije_training_data_lower_cbow_lr0.05_epochs1_mincount10_ws5_dims300,michetschläger,0.6305549740791321
aktiver_vasilije_training_data_lower_cbow_lr0.05_epochs1_mincount10_ws5_dims300,blutsbruder,0.6305260062217712
aktiver_vasilije_training_data_lower_cbow_lr0.05_epochs1_mincount10_ws5_dims300,vatertier,0.6304371356964111
aktiver_vasilije_training_data_lower_cbow_lr0.05_epochs1_mincount10_ws5_dims300,motorradpolizist,0.6302417516708374
entzückende_ravza_training_data_lower_cbow_lr0.05_epochs1_mincount5_ws6_dims300,mannn,0.8185701370239258
entzückende_ravza_training_data_lower_cbow_lr0.05_epochs1_mincount5_ws6_dims300,mannesmann,0.7616375684738159
entzückende_ravza_training_data_lower_cbow_lr0.05_epochs1_mincount5_ws6_dims300,mannfrau,0.7467782497406006
entzückende_ravza_training_data_lower_cbow_lr0.05_epochs1_mincount5_ws6_dims300,mannke,0.744658887386322
entzückende_ravza_training_data_lower_cbow_lr0.05_epochs1_mincount5_ws6_dims300,bursch,0.7438822388648987
entzückende_ravza_training_data_lower_cbow_lr0.05_epochs1_mincount5_ws6_dims300,mannund,0.7379305958747864
entzückende_ravza_training_data_lower_cbow_lr0.05_epochs1_mincount5_ws6_dims300,mannkind,0.7188335061073303
entzückende_ravza_training_data_lower_cbow_lr0.05_epochs1_mincount5_ws6_dims300,mannomann,0.7135910391807556
entzückende_ravza_training_data_lower_cbow_lr0.05_epochs1_mincount5_ws6_dims300,manne,0.7124103307723999
entzückende_ravza_training_data_lower_cbow_lr0.05_epochs1_mincount5_ws6_dims300,ehemann,0.7112770676612854
entzückende_ravza_training_data_lower_cbow_lr0.05_epochs1_mincount5_ws6_dims300,mannemann,0.7086898684501648
entzückende_ravza_training_data_lower_cbow_lr0.05_epochs1_mincount5_ws6_dims300,schwanenvater,0.7051358222961426
entzückende_ravza_training_data_lower_cbow_lr0.05_epochs1_mincount5_ws6_dims300,stiefvater,0.7041884064674377
entzückende_ravza_training_data_lower_cbow_lr0.05_epochs1_mincount5_ws6_dims300,frau,0.7032134532928467
entzückende_ravza_training_data_lower_cbow_lr0.05_epochs1_mincount5_ws6_dims300,exehemann,0.7027512788772583
entzückende_ravza_training_data_lower_cbow_lr0.05_epochs1_mincount5_ws6_dims300,ehemannn,0.70269775390625
entzückende_ravza_training_data_lower_cbow_lr0.05_epochs1_mincount5_ws6_dims300,mannlgrat,0.701106607913971
entzückende_ravza_training_data_lower_cbow_lr0.05_epochs1_mincount5_ws6_dims300,mannauf,0.6998677253723145
entzückende_ravza_training_data_lower_cbow_lr0.05_epochs1_mincount5_ws6_dims300,jungpolizist,0.6996021270751953
entzückende_ravza_training_data_lower_cbow_lr0.05_epochs1_mincount5_ws6_dims300,mannkopf,0.6989368200302124
entzückende_ravza_training_data_lower_cbow_lr0.05_epochs1_mincount5_ws6_dims300,bursche,0.696566641330719
entzückende_ravza_training_data_lower_cbow_lr0.05_epochs1_mincount5_ws6_dims300,mannagettaweg,0.6963764429092407
entzückende_ravza_training_data_lower_cbow_lr0.05_epochs1_mincount5_ws6_dims300,manneh,0.6956210136413574
entzückende_ravza_training_data_lower_cbow_lr0.05_epochs1_mincount5_ws6_dims300,burschel,0.6946052312850952
entzückende_ravza_training_data_lower_cbow_lr0.05_epochs1_mincount5_ws6_dims300,männerfreund,0.6926389932632446
entzückende_ravza_training_data_lower_cbow_lr0.05_epochs1_mincount5_ws6_dims300,mannesmut,0.6897327303886414
entzückende_ravza_training_data_lower_cbow_lr0.05_epochs1_mincount5_ws6_dims300,jungehemann,0.6883977055549622
entzückende_ravza_training_data_lower_cbow_lr0.05_epochs1_mincount5_ws6_dims300,hasenvater,0.6874555945396423
entzückende_ravza_training_data_lower_cbow_lr0.05_epochs1_mincount5_ws6_dims300,polizistensohn,0.6863721609115601
entzückende_ravza_training_data_lower_cbow_lr0.05_epochs1_mincount5_ws6_dims300,burschn,0.6860701441764832
entzückende_ravza_training_data_lower_cbow_lr0.05_epochs1_mincount5_ws6_dims300,mannoch,0.6858915686607361
entzückende_ravza_training_data_lower_cbow_lr0.05_epochs1_mincount5_ws6_dims300,lebensgefährte,0.6855435371398926
entzückende_ravza_training_data_lower_cbow_lr0.05_epochs1_mincount5_ws6_dims300,mannmit,0.6853816509246826
entzückende_ravza_training_data_lower_cbow_lr0.05_epochs1_mincount5_ws6_dims300,mannaus,0.6828334331512451
entzückende_ravza_training_data_lower_cbow_lr0.05_epochs1_mincount5_ws6_dims300,ahnvater,0.681358277797699
entzückende_ravza_training_data_lower_cbow_lr0.05_epochs1_mincount5_ws6_dims300,mannott,0.6812585592269897
entzückende_ravza_training_data_lower_cbow_lr0.05_epochs1_mincount5_ws6_dims300,polizist,0.6799114346504211
entzückende_ravza_training_data_lower_cbow_lr0.05_epochs1_mincount5_ws6_dims300,familienvater,0.6787300109863281
entzückende_ravza_training_data_lower_cbow_lr0.05_epochs1_mincount5_ws6_dims300,mannar,0.6776132583618164
entzückende_ravza_training_data_lower_cbow_lr0.05_epochs1_mincount5_ws6_dims300,rabenvater,0.6760051250457764
entzückende_ravza_training_data_lower_cbow_lr0.05_epochs1_mincount5_ws6_dims300,schwiegervater,0.673962414264679
entzückende_ravza_training_data_lower_cbow_lr0.05_epochs1_mincount5_ws6_dims300,schwager,0.6722621917724609
entzückende_ravza_training_data_lower_cbow_lr0.05_epochs1_mincount5_ws6_dims300,burscher,0.6717590093612671
entzückende_ravza_training_data_lower_cbow_lr0.05_epochs1_mincount5_ws6_dims300,puffvater,0.67138671875
entzückende_ravza_training_data_lower_cbow_lr0.05_epochs1_mincount5_ws6_dims300,polizistenmutter,0.6691554188728333
entzückende_ravza_training_data_lower_cbow_lr0.05_epochs1_mincount5_ws6_dims300,mannder,0.6688562631607056
entzückende_ravza_training_data_lower_cbow_lr0.05_epochs1_mincount5_ws6_dims300,mannesstamm,0.6684691309928894
entzückende_ravza_training_data_lower_cbow_lr0.05_epochs1_mincount5_ws6_dims300,mannose,0.6676532626152039
entzückende_ravza_training_data_lower_cbow_lr0.05_epochs1_mincount5_ws6_dims300,mannel,0.6671047210693359
entzückende_ravza_training_data_lower_cbow_lr0.05_epochs1_mincount5_ws6_dims300,vater,0.6663450002670288
entzückende_ravza_training_data_lower_cbow_lr0.05_epochs1_mincount5_ws6_dims300,vaterkörper,0.666282594203949
entzückende_ravza_training_data_lower_cbow_lr0.05_epochs1_mincount5_ws6_dims300,stiefbruder,0.6644162535667419
entzückende_ravza_training_data_lower_cbow_lr0.05_epochs1_mincount5_ws6_dims300,polizistengattin,0.6636887788772583
entzückende_ravza_training_data_lower_cbow_lr0.05_epochs1_mincount5_ws6_dims300,blutsbruder,0.6635953187942505
entzückende_ravza_training_data_lower_cbow_lr0.05_epochs1_mincount5_ws6_dims300,nachbarsbursch,0.6601367592811584
entzückende_ravza_training_data_lower_cbow_lr0.05_epochs1_mincount5_ws6_dims300,freund,0.659555971622467
entzückende_ravza_training_data_lower_cbow_lr0.05_epochs1_mincount5_ws6_dims300,jährigeund,0.6594256162643433
entzückende_ravza_training_data_lower_cbow_lr0.05_epochs1_mincount5_ws6_dims300,halbruder,0.6594169735908508
entzückende_ravza_training_data_lower_cbow_lr0.05_epochs1_mincount5_ws6_dims300,alkoholikervater,0.6587579250335693
entzückende_ravza_training_data_lower_cbow_lr0.05_epochs1_mincount5_ws6_dims300,familenvater,0.6584693193435669
entzückende_ravza_training_data_lower_cbow_lr0.05_epochs1_mincount5_ws6_dims300,mannweiber,0.6575719714164734
entzückende_ravza_training_data_lower_cbow_lr0.05_epochs1_mincount5_ws6_dims300,jungvater,0.6574682593345642
entzückende_ravza_training_data_lower_cbow_lr0.05_epochs1_mincount5_ws6_dims300,männerdiebin,0.6573486328125
entzückende_ravza_training_data_lower_cbow_lr0.05_epochs1_mincount5_ws6_dims300,hehemann,0.6572928428649902
entzückende_ravza_training_data_lower_cbow_lr0.05_epochs1_mincount5_ws6_dims300,geistesbruder,0.6564827561378479
entzückende_ravza_training_data_lower_cbow_lr0.05_epochs1_mincount5_ws6_dims300,mitttäter,0.6563802361488342
entzückende_ravza_training_data_lower_cbow_lr0.05_epochs1_mincount5_ws6_dims300,polizistenehepaar,0.6561012268066406
entzückende_ravza_training_data_lower_cbow_lr0.05_epochs1_mincount5_ws6_dims300,geismann,0.6541283130645752
entzückende_ravza_training_data_lower_cbow_lr0.05_epochs1_mincount5_ws6_dims300,brudermörder,0.6541202664375305
entzückende_ravza_training_data_lower_cbow_lr0.05_epochs1_mincount5_ws6_dims300,exschwiegervater,0.6539612412452698
entzückende_ravza_training_data_lower_cbow_lr0.05_epochs1_mincount5_ws6_dims300,polizistenpärchen,0.6538287997245789
entzückende_ravza_training_data_lower_cbow_lr0.05_epochs1_mincount5_ws6_dims300,polizistentochter,0.6532261371612549
entzückende_ravza_training_data_lower_cbow_lr0.05_epochs1_mincount5_ws6_dims300,mannes,0.6531779170036316
entzückende_ravza_training_data_lower_cbow_lr0.05_epochs1_mincount5_ws6_dims300,oberpolizist,0.6521930694580078
entzückende_ravza_training_data_lower_cbow_lr0.05_epochs1_mincount5_ws6_dims300,häfnbruder,0.6521304249763489
entzückende_ravza_training_data_lower_cbow_lr0.05_epochs1_mincount5_ws6_dims300,nebenbuhler,0.6505423188209534
entzückende_ravza_training_data_lower_cbow_lr0.05_epochs1_mincount5_ws6_dims300,orfvater,0.650101900100708
entzückende_ravza_training_data_lower_cbow_lr0.05_epochs1_mincount5_ws6_dims300,mannakee,0.6494951844215393
entzückende_ravza_training_data_lower_cbow_lr0.05_epochs1_mincount5_ws6_dims300,betrunker,0.6493291258811951
entzückende_ravza_training_data_lower_cbow_lr0.05_epochs1_mincount5_ws6_dims300,scheinvater,0.6492581963539124
entzückende_ravza_training_data_lower_cbow_lr0.05_epochs1_mincount5_ws6_dims300,jungsoldat,0.6491799354553223
entzückende_ravza_training_data_lower_cbow_lr0.05_epochs1_mincount5_ws6_dims300,bruder,0.6491667032241821
entzückende_ravza_training_data_lower_cbow_lr0.05_epochs1_mincount5_ws6_dims300,mannewitz,0.6489940285682678
entzückende_ravza_training_data_lower_cbow_lr0.05_epochs1_mincount5_ws6_dims300,bruderpaar,0.6486443281173706
entzückende_ravza_training_data_lower_cbow_lr0.05_epochs1_mincount5_ws6_dims300,fremdtäter,0.6476185321807861
entzückende_ravza_training_data_lower_cbow_lr0.05_epochs1_mincount5_ws6_dims300,teenagersohn,0.6472799777984619
entzückende_ravza_training_data_lower_cbow_lr0.05_epochs1_mincount5_ws6_dims300,schariapolizist,0.6472174525260925
entzückende_ravza_training_data_lower_cbow_lr0.05_epochs1_mincount5_ws6_dims300,seelenbruder,0.6472039222717285
entzückende_ravza_training_data_lower_cbow_lr0.05_epochs1_mincount5_ws6_dims300,triebtäter,0.6470608115196228
entzückende_ravza_training_data_lower_cbow_lr0.05_epochs1_mincount5_ws6_dims300,exfreund,0.6465767025947571
entzückende_ravza_training_data_lower_cbow_lr0.05_epochs1_mincount5_ws6_dims300,mannit,0.646268367767334
entzückende_ravza_training_data_lower_cbow_lr0.05_epochs1_mincount5_ws6_dims300,halbbruder,0.6459113955497742
entzückende_ravza_training_data_lower_cbow_lr0.05_epochs1_mincount5_ws6_dims300,schankbursch,0.6458075642585754
entzückende_ravza_training_data_lower_cbow_lr0.05_epochs1_mincount5_ws6_dims300,schwiegergroßvater,0.6445307731628418
entzückende_ravza_training_data_lower_cbow_lr0.05_epochs1_mincount5_ws6_dims300,burschtyn,0.6440142393112183
entzückende_ravza_training_data_lower_cbow_lr0.05_epochs1_mincount5_ws6_dims300,volkspolizist,0.6439306735992432
entzückende_ravza_training_data_lower_cbow_lr0.05_epochs1_mincount5_ws6_dims300,streifer,0.6435946226119995
entzückende_ravza_training_data_lower_cbow_lr0.05_epochs1_mincount5_ws6_dims300,falier,0.6430584192276001
entzückende_ravza_training_data_lower_cbow_lr0.05_epochs1_mincount5_ws6_dims300,knastbruder,0.6427666544914246
entzückende_ravza_training_data_lower_cbow_lr0.05_epochs1_mincount5_ws6_dims300,pistolenmann,0.6426939964294434
geniale_doreen_training_data_lower_cbow_lr0.05_epochs1_mincount50_ws24_dims300,frau,0.7271295189857483
geniale_doreen_training_data_lower_cbow_lr0.05_epochs1_mincount50_ws24_dims300,mannesmann,0.7069084048271179
geniale_doreen_training_data_lower_cbow_lr0.05_epochs1_mincount50_ws24_dims300,manne,0.6506714820861816
geniale_doreen_training_data_lower_cbow_lr0.05_epochs1_mincount50_ws24_dims300,manneh,0.6380301713943481
geniale_doreen_training_data_lower_cbow_lr0.05_epochs1_mincount50_ws24_dims300,ihn,0.6318891048431396
geniale_doreen_training_data_lower_cbow_lr0.05_epochs1_mincount50_ws24_dims300,ehemann,0.6251189708709717
geniale_doreen_training_data_lower_cbow_lr0.05_epochs1_mincount50_ws24_dims300,lebensgefährte,0.6235564351081848
geniale_doreen_training_data_lower_cbow_lr0.05_epochs1_mincount50_ws24_dims300,polizist,0.615504264831543
geniale_doreen_training_data_lower_cbow_lr0.05_epochs1_mincount50_ws24_dims300,mannes,0.6081236600875854
geniale_doreen_training_data_lower_cbow_lr0.05_epochs1_mincount50_ws24_dims300,er,0.6073107123374939
geniale_doreen_training_data_lower_cbow_lr0.05_epochs1_mincount50_ws24_dims300,freund,0.5965607762336731
geniale_doreen_training_data_lower_cbow_lr0.05_epochs1_mincount50_ws24_dims300,jähriger,0.5929660797119141
geniale_doreen_training_data_lower_cbow_lr0.05_epochs1_mincount50_ws24_dims300,lebensgefährtin,0.5926365852355957
geniale_doreen_training_data_lower_cbow_lr0.05_epochs1_mincount50_ws24_dims300,schwiegervater,0.5846214294433594
geniale_doreen_training_data_lower_cbow_lr0.05_epochs1_mincount50_ws24_dims300,jährige,0.5832259654998779
geniale_doreen_training_data_lower_cbow_lr0.05_epochs1_mincount50_ws24_dims300,rabenvater,0.5795488953590393
geniale_doreen_training_data_lower_cbow_lr0.05_epochs1_mincount50_ws24_dims300,freundin,0.5776157975196838
geniale_doreen_training_data_lower_cbow_lr0.05_epochs1_mincount50_ws24_dims300,vater,0.5748462677001953
geniale_doreen_training_data_lower_cbow_lr0.05_epochs1_mincount50_ws24_dims300,jungvater,0.5731735825538635
geniale_doreen_training_data_lower_cbow_lr0.05_epochs1_mincount50_ws24_dims300,hehemann,0.573088526725769
geniale_doreen_training_data_lower_cbow_lr0.05_epochs1_mincount50_ws24_dims300,bursch,0.5685856342315674
geniale_doreen_training_data_lower_cbow_lr0.05_epochs1_mincount50_ws24_dims300,stiefvater,0.5634922385215759
geniale_doreen_training_data_lower_cbow_lr0.05_epochs1_mincount50_ws24_dims300,tatzeugin,0.5620406866073608
geniale_doreen_training_data_lower_cbow_lr0.05_epochs1_mincount50_ws24_dims300,hausfreund,0.5579015612602234
geniale_doreen_training_data_lower_cbow_lr0.05_epochs1_mincount50_ws24_dims300,polizeibeamter,0.5571998953819275
geniale_doreen_training_data_lower_cbow_lr0.05_epochs1_mincount50_ws24_dims300,manneskraft,0.5563329458236694
geniale_doreen_training_data_lower_cbow_lr0.05_epochs1_mincount50_ws24_dims300,polizeibekannter,0.5559322237968445
geniale_doreen_training_data_lower_cbow_lr0.05_epochs1_mincount50_ws24_dims300,geismann,0.5553165674209595
geniale_doreen_training_data_lower_cbow_lr0.05_epochs1_mincount50_ws24_dims300,exmann,0.5523756146430969
geniale_doreen_training_data_lower_cbow_lr0.05_epochs1_mincount50_ws24_dims300,lebemann,0.550959587097168
geniale_doreen_training_data_lower_cbow_lr0.05_epochs1_mincount50_ws24_dims300,ihm,0.5503292083740234
geniale_doreen_training_data_lower_cbow_lr0.05_epochs1_mincount50_ws24_dims300,jährigen,0.5464478135108948
geniale_doreen_training_data_lower_cbow_lr0.05_epochs1_mincount50_ws24_dims300,triebtäter,0.5453447103500366
geniale_doreen_training_data_lower_cbow_lr0.05_epochs1_mincount50_ws24_dims300,ehefrau,0.5446784496307373
geniale_doreen_training_data_lower_cbow_lr0.05_epochs1_mincount50_ws24_dims300,hausmann,0.5437162518501282
geniale_doreen_training_data_lower_cbow_lr0.05_epochs1_mincount50_ws24_dims300,fremdenpolizist,0.5430284142494202
geniale_doreen_training_data_lower_cbow_lr0.05_epochs1_mincount50_ws24_dims300,kapuzenmann,0.5412592887878418
geniale_doreen_training_data_lower_cbow_lr0.05_epochs1_mincount50_ws24_dims300,spitzenpolizist,0.5405471920967102
geniale_doreen_training_data_lower_cbow_lr0.05_epochs1_mincount50_ws24_dims300,blutsbruder,0.5395858883857727
geniale_doreen_training_data_lower_cbow_lr0.05_epochs1_mincount50_ws24_dims300,ehepaar,0.5374757647514343
geniale_doreen_training_data_lower_cbow_lr0.05_epochs1_mincount50_ws24_dims300,sohn,0.5372384786605835
geniale_doreen_training_data_lower_cbow_lr0.05_epochs1_mincount50_ws24_dims300,polizeibeamtin,0.5371810793876648
geniale_doreen_training_data_lower_cbow_lr0.05_epochs1_mincount50_ws24_dims300,bruderpaar,0.5365877747535706
geniale_doreen_training_data_lower_cbow_lr0.05_epochs1_mincount50_ws24_dims300,ihnat,0.5364431142807007
geniale_doreen_training_data_lower_cbow_lr0.05_epochs1_mincount50_ws24_dims300,streifenpolizist,0.5359125137329102
geniale_doreen_training_data_lower_cbow_lr0.05_epochs1_mincount50_ws24_dims300,polizistin,0.5353417992591858
geniale_doreen_training_data_lower_cbow_lr0.05_epochs1_mincount50_ws24_dims300,gatte,0.5352688431739807
geniale_doreen_training_data_lower_cbow_lr0.05_epochs1_mincount50_ws24_dims300,schwager,0.5352368354797363
geniale_doreen_training_data_lower_cbow_lr0.05_epochs1_mincount50_ws24_dims300,exfreundin,0.5351163744926453
geniale_doreen_training_data_lower_cbow_lr0.05_epochs1_mincount50_ws24_dims300,arztsohn,0.5343745350837708
geniale_doreen_training_data_lower_cbow_lr0.05_epochs1_mincount50_ws24_dims300,duzfreund,0.5338236093521118
geniale_doreen_training_data_lower_cbow_lr0.05_epochs1_mincount50_ws24_dims300,altvater,0.5336179137229919
geniale_doreen_training_data_lower_cbow_lr0.05_epochs1_mincount50_ws24_dims300,mannix,0.53360915184021
geniale_doreen_training_data_lower_cbow_lr0.05_epochs1_mincount50_ws24_dims300,tatverdächtig,0.5333350896835327
geniale_doreen_training_data_lower_cbow_lr0.05_epochs1_mincount50_ws24_dims300,polizistenpaar,0.5332635641098022
geniale_doreen_training_data_lower_cbow_lr0.05_epochs1_mincount50_ws24_dims300,mannhaft,0.5329748392105103
geniale_doreen_training_data_lower_cbow_lr0.05_epochs1_mincount50_ws24_dims300,männerkörper,0.5322707891464233
geniale_doreen_training_data_lower_cbow_lr0.05_epochs1_mincount50_ws24_dims300,jährig,0.5308941006660461
geniale_doreen_training_data_lower_cbow_lr0.05_epochs1_mincount50_ws24_dims300,tatze,0.5299652814865112
geniale_doreen_training_data_lower_cbow_lr0.05_epochs1_mincount50_ws24_dims300,familienvater,0.5298780798912048
geniale_doreen_training_data_lower_cbow_lr0.05_epochs1_mincount50_ws24_dims300,exfreund,0.5284454822540283
geniale_doreen_training_data_lower_cbow_lr0.05_epochs1_mincount50_ws24_dims300,polizistensohn,0.5283992290496826
geniale_doreen_training_data_lower_cbow_lr0.05_epochs1_mincount50_ws24_dims300,bruder,0.5278366804122925
geniale_doreen_training_data_lower_cbow_lr0.05_epochs1_mincount50_ws24_dims300,lebensgefährten,0.5268264412879944
geniale_doreen_training_data_lower_cbow_lr0.05_epochs1_mincount50_ws24_dims300,raufer,0.5267356038093567
geniale_doreen_training_data_lower_cbow_lr0.05_epochs1_mincount50_ws24_dims300,tatler,0.5266956686973572
geniale_doreen_training_data_lower_cbow_lr0.05_epochs1_mincount50_ws24_dims300,manni,0.5259572267532349
geniale_doreen_training_data_lower_cbow_lr0.05_epochs1_mincount50_ws24_dims300,trauzeugin,0.5257697701454163
geniale_doreen_training_data_lower_cbow_lr0.05_epochs1_mincount50_ws24_dims300,gottvater,0.5253359079360962
geniale_doreen_training_data_lower_cbow_lr0.05_epochs1_mincount50_ws24_dims300,jährigem,0.5241684317588806
geniale_doreen_training_data_lower_cbow_lr0.05_epochs1_mincount50_ws24_dims300,wachmann,0.5234245657920837
geniale_doreen_training_data_lower_cbow_lr0.05_epochs1_mincount50_ws24_dims300,passantin,0.5233964920043945
geniale_doreen_training_data_lower_cbow_lr0.05_epochs1_mincount50_ws24_dims300,hasmann,0.5225042104721069
geniale_doreen_training_data_lower_cbow_lr0.05_epochs1_mincount50_ws24_dims300,stiefsohn,0.522391140460968
geniale_doreen_training_data_lower_cbow_lr0.05_epochs1_mincount50_ws24_dims300,sextäter,0.5218583941459656
geniale_doreen_training_data_lower_cbow_lr0.05_epochs1_mincount50_ws24_dims300,halbbruder,0.5195265412330627
geniale_doreen_training_data_lower_cbow_lr0.05_epochs1_mincount50_ws24_dims300,polizeiarzt,0.5194442868232727
geniale_doreen_training_data_lower_cbow_lr0.05_epochs1_mincount50_ws24_dims300,tatverdächtiger,0.5192707180976868
geniale_doreen_training_data_lower_cbow_lr0.05_epochs1_mincount50_ws24_dims300,dorfpolizist,0.5191358923912048
geniale_doreen_training_data_lower_cbow_lr0.05_epochs1_mincount50_ws24_dims300,polizeibekannte,0.5189996361732483
geniale_doreen_training_data_lower_cbow_lr0.05_epochs1_mincount50_ws24_dims300,kindsvater,0.5186704993247986
geniale_doreen_training_data_lower_cbow_lr0.05_epochs1_mincount50_ws24_dims300,manna,0.5178717970848083
geniale_doreen_training_data_lower_cbow_lr0.05_epochs1_mincount50_ws24_dims300,mannhalter,0.5173794031143188
geniale_doreen_training_data_lower_cbow_lr0.05_epochs1_mincount50_ws24_dims300,täter,0.5173576474189758
geniale_doreen_training_data_lower_cbow_lr0.05_epochs1_mincount50_ws24_dims300,tatverdächtige,0.5172805190086365
geniale_doreen_training_data_lower_cbow_lr0.05_epochs1_mincount50_ws24_dims300,manny,0.5170396566390991
geniale_doreen_training_data_lower_cbow_lr0.05_epochs1_mincount50_ws24_dims300,mannequin,0.5161094665527344
geniale_doreen_training_data_lower_cbow_lr0.05_epochs1_mincount50_ws24_dims300,losmann,0.5152292251586914
geniale_doreen_training_data_lower_cbow_lr0.05_epochs1_mincount50_ws24_dims300,zeugin,0.5151773691177368
geniale_doreen_training_data_lower_cbow_lr0.05_epochs1_mincount50_ws24_dims300,klofrau,0.5150157809257507
geniale_doreen_training_data_lower_cbow_lr0.05_epochs1_mincount50_ws24_dims300,mutter,0.514534056186676
geniale_doreen_training_data_lower_cbow_lr0.05_epochs1_mincount50_ws24_dims300,zeugenhaus,0.5139543414115906
geniale_doreen_training_data_lower_cbow_lr0.05_epochs1_mincount50_ws24_dims300,stiefbruder,0.5138957500457764
geniale_doreen_training_data_lower_cbow_lr0.05_epochs1_mincount50_ws24_dims300,vatermörder,0.5128101110458374
geniale_doreen_training_data_lower_cbow_lr0.05_epochs1_mincount50_ws24_dims300,tatmesser,0.5126099586486816
geniale_doreen_training_data_lower_cbow_lr0.05_epochs1_mincount50_ws24_dims300,schenkelklopfer,0.5123136639595032
geniale_doreen_training_data_lower_cbow_lr0.05_epochs1_mincount50_ws24_dims300,nachbarin,0.5121258497238159
geniale_doreen_training_data_lower_cbow_lr0.05_epochs1_mincount50_ws24_dims300,schünemann,0.5120462775230408
geniale_doreen_training_data_lower_cbow_lr0.05_epochs1_mincount50_ws24_dims300,pensionist,0.5114762187004089
geniale_doreen_training_data_lower_cbow_lr0.05_epochs1_mincount50_ws24_dims300,wehrmann,0.5107972025871277
vitaler_kay_training_data_cbow_lr0.05_epochs1_mincount50_ws24_dims300,frau,0.7121699452400208
vitaler_kay_training_data_cbow_lr0.05_epochs1_mincount50_ws24_dims300,mannesmann,0.7072649598121643
vitaler_kay_training_data_cbow_lr0.05_epochs1_mincount50_ws24_dims300,v-mann,0.6935647130012512
vitaler_kay_training_data_cbow_lr0.05_epochs1_mincount50_ws24_dims300,manne,0.6872942447662354
vitaler_kay_training_data_cbow_lr0.05_epochs1_mincount50_ws24_dims300,manneh,0.6741846799850464
vitaler_kay_training_data_cbow_lr0.05_epochs1_mincount50_ws24_dims300,jähriger,0.6546821594238281
vitaler_kay_training_data_cbow_lr0.05_epochs1_mincount50_ws24_dims300,m-mann,0.6452783942222595
vitaler_kay_training_data_cbow_lr0.05_epochs1_mincount50_ws24_dims300,freund,0.6334682106971741
vitaler_kay_training_data_cbow_lr0.05_epochs1_mincount50_ws24_dims300,polizist,0.6304710507392883
vitaler_kay_training_data_cbow_lr0.05_epochs1_mincount50_ws24_dims300,mannes,0.621833324432373
vitaler_kay_training_data_cbow_lr0.05_epochs1_mincount50_ws24_dims300,lebensgefährte,0.6121257543563843
vitaler_kay_training_data_cbow_lr0.05_epochs1_mincount50_ws24_dims300,ihn,0.6114669442176819
vitaler_kay_training_data_cbow_lr0.05_epochs1_mincount50_ws24_dims300,jährige,0.6042843461036682
vitaler_kay_training_data_cbow_lr0.05_epochs1_mincount50_ws24_dims300,jährig,0.598751425743103
vitaler_kay_training_data_cbow_lr0.05_epochs1_mincount50_ws24_dims300,stiefvater,0.5969823002815247
vitaler_kay_training_data_cbow_lr0.05_epochs1_mincount50_ws24_dims300,freundin,0.5951533913612366
vitaler_kay_training_data_cbow_lr0.05_epochs1_mincount50_ws24_dims300,lebensgefährtin,0.5941247344017029
vitaler_kay_training_data_cbow_lr0.05_epochs1_mincount50_ws24_dims300,ehemann,0.5932496190071106
vitaler_kay_training_data_cbow_lr0.05_epochs1_mincount50_ws24_dims300,manneskraft,0.5922768115997314
vitaler_kay_training_data_cbow_lr0.05_epochs1_mincount50_ws24_dims300,bursch,0.5912730693817139
vitaler_kay_training_data_cbow_lr0.05_epochs1_mincount50_ws24_dims300,jähriges,0.5826042294502258
vitaler_kay_training_data_cbow_lr0.05_epochs1_mincount50_ws24_dims300,vater,0.5821946859359741
vitaler_kay_training_data_cbow_lr0.05_epochs1_mincount50_ws24_dims300,mannequin,0.5767189860343933
vitaler_kay_training_data_cbow_lr0.05_epochs1_mincount50_ws24_dims300,er,0.5754404067993164
vitaler_kay_training_data_cbow_lr0.05_epochs1_mincount50_ws24_dims300,polizeibeamter,0.5734127759933472
vitaler_kay_training_data_cbow_lr0.05_epochs1_mincount50_ws24_dims300,stiefbruder,0.568246603012085
vitaler_kay_training_data_cbow_lr0.05_epochs1_mincount50_ws24_dims300,jähn,0.5663055777549744
vitaler_kay_training_data_cbow_lr0.05_epochs1_mincount50_ws24_dims300,polizistenpaar,0.5653914213180542
vitaler_kay_training_data_cbow_lr0.05_epochs1_mincount50_ws24_dims300,blutsbruder,0.5589825510978699
vitaler_kay_training_data_cbow_lr0.05_epochs1_mincount50_ws24_dims300,jährigen,0.5584468245506287
vitaler_kay_training_data_cbow_lr0.05_epochs1_mincount50_ws24_dims300,gatte,0.5580627918243408
vitaler_kay_training_data_cbow_lr0.05_epochs1_mincount50_ws24_dims300,tatzeugin,0.5565289855003357
vitaler_kay_training_data_cbow_lr0.05_epochs1_mincount50_ws24_dims300,tatverdächtig,0.5555737018585205
vitaler_kay_training_data_cbow_lr0.05_epochs1_mincount50_ws24_dims300,polizeibeamtin,0.5543969869613647
vitaler_kay_training_data_cbow_lr0.05_epochs1_mincount50_ws24_dims300,bekannter,0.5530210733413696
vitaler_kay_training_data_cbow_lr0.05_epochs1_mincount50_ws24_dims300,sohn,0.5518926978111267
vitaler_kay_training_data_cbow_lr0.05_epochs1_mincount50_ws24_dims300,bruder,0.5509939789772034
vitaler_kay_training_data_cbow_lr0.05_epochs1_mincount50_ws24_dims300,angeklagte,0.5489550828933716
vitaler_kay_training_data_cbow_lr0.05_epochs1_mincount50_ws24_dims300,komplize,0.5483238697052002
vitaler_kay_training_data_cbow_lr0.05_epochs1_mincount50_ws24_dims300,polizeiarzt,0.5479943752288818
vitaler_kay_training_data_cbow_lr0.05_epochs1_mincount50_ws24_dims300,tatler,0.5469415783882141
vitaler_kay_training_data_cbow_lr0.05_epochs1_mincount50_ws24_dims300,jährigem,0.5458739399909973
vitaler_kay_training_data_cbow_lr0.05_epochs1_mincount50_ws24_dims300,mannsein,0.5453599691390991
vitaler_kay_training_data_cbow_lr0.05_epochs1_mincount50_ws24_dims300,polizistin,0.5446686744689941
vitaler_kay_training_data_cbow_lr0.05_epochs1_mincount50_ws24_dims300,streifenpolizist,0.5443504452705383
vitaler_kay_training_data_cbow_lr0.05_epochs1_mincount50_ws24_dims300,weltpolizist,0.543666660785675
vitaler_kay_training_data_cbow_lr0.05_epochs1_mincount50_ws24_dims300,mannix,0.5432631373405457
vitaler_kay_training_data_cbow_lr0.05_epochs1_mincount50_ws24_dims300,passantin,0.5423401594161987
vitaler_kay_training_data_cbow_lr0.05_epochs1_mincount50_ws24_dims300,tatverdächtige,0.5417025685310364
vitaler_kay_training_data_cbow_lr0.05_epochs1_mincount50_ws24_dims300,passant,0.539017915725708
vitaler_kay_training_data_cbow_lr0.05_epochs1_mincount50_ws24_dims300,tatze,0.5387816429138184
vitaler_kay_training_data_cbow_lr0.05_epochs1_mincount50_ws24_dims300,ehepaar,0.5387694835662842
vitaler_kay_training_data_cbow_lr0.05_epochs1_mincount50_ws24_dims300,polizeihündin,0.5387091040611267
vitaler_kay_training_data_cbow_lr0.05_epochs1_mincount50_ws24_dims300,täter,0.5377936959266663
vitaler_kay_training_data_cbow_lr0.05_epochs1_mincount50_ws24_dims300,bursche,0.5373978018760681
vitaler_kay_training_data_cbow_lr0.05_epochs1_mincount50_ws24_dims300,zeugenhaus,0.537258505821228
vitaler_kay_training_data_cbow_lr0.05_epochs1_mincount50_ws24_dims300,fremdenpolizist,0.537018358707428
vitaler_kay_training_data_cbow_lr0.05_epochs1_mincount50_ws24_dims300,manny,0.5364319682121277
vitaler_kay_training_data_cbow_lr0.05_epochs1_mincount50_ws24_dims300,manna,0.5359557867050171
vitaler_kay_training_data_cbow_lr0.05_epochs1_mincount50_ws24_dims300,verdächtig,0.5353872179985046
vitaler_kay_training_data_cbow_lr0.05_epochs1_mincount50_ws24_dims300,männerkörper,0.534659206867218
vitaler_kay_training_data_cbow_lr0.05_epochs1_mincount50_ws24_dims300,ehefrau,0.5339793562889099
vitaler_kay_training_data_cbow_lr0.05_epochs1_mincount50_ws24_dims300,nachbarin,0.533362627029419
vitaler_kay_training_data_cbow_lr0.05_epochs1_mincount50_ws24_dims300,halbbruder,0.5330331325531006
vitaler_kay_training_data_cbow_lr0.05_epochs1_mincount50_ws24_dims300,manni,0.532243549823761
vitaler_kay_training_data_cbow_lr0.05_epochs1_mincount50_ws24_dims300,polizeihelm,0.5320943593978882
vitaler_kay_training_data_cbow_lr0.05_epochs1_mincount50_ws24_dims300,triebtäter,0.5320128798484802
vitaler_kay_training_data_cbow_lr0.05_epochs1_mincount50_ws24_dims300,hausfreund,0.5319609642028809
vitaler_kay_training_data_cbow_lr0.05_epochs1_mincount50_ws24_dims300,zeugin,0.5316489338874817
vitaler_kay_training_data_cbow_lr0.05_epochs1_mincount50_ws24_dims300,angeklagter,0.5309343338012695
vitaler_kay_training_data_cbow_lr0.05_epochs1_mincount50_ws24_dims300,tatverdächtiger,0.5278316736221313
vitaler_kay_training_data_cbow_lr0.05_epochs1_mincount50_ws24_dims300,stiefsohn,0.5276059508323669
vitaler_kay_training_data_cbow_lr0.05_epochs1_mincount50_ws24_dims300,polizeiopfer,0.5272196531295776
vitaler_kay_training_data_cbow_lr0.05_epochs1_mincount50_ws24_dims300,leibwächter,0.5263316631317139
vitaler_kay_training_data_cbow_lr0.05_epochs1_mincount50_ws24_dims300,schwiegervater,0.5245628356933594
vitaler_kay_training_data_cbow_lr0.05_epochs1_mincount50_ws24_dims300,ihm,0.5245072841644287
vitaler_kay_training_data_cbow_lr0.05_epochs1_mincount50_ws24_dims300,polizeibesuch,0.5244240164756775
vitaler_kay_training_data_cbow_lr0.05_epochs1_mincount50_ws24_dims300,familienvater,0.5239056944847107
vitaler_kay_training_data_cbow_lr0.05_epochs1_mincount50_ws24_dims300,mannhalter,0.5238415002822876
vitaler_kay_training_data_cbow_lr0.05_epochs1_mincount50_ws24_dims300,verdächtige,0.521669328212738
vitaler_kay_training_data_cbow_lr0.05_epochs1_mincount50_ws24_dims300,dorfpolizist,0.5212177634239197
vitaler_kay_training_data_cbow_lr0.05_epochs1_mincount50_ws24_dims300,exfreund,0.5196622610092163
vitaler_kay_training_data_cbow_lr0.05_epochs1_mincount50_ws24_dims300,mutter,0.5194305777549744
vitaler_kay_training_data_cbow_lr0.05_epochs1_mincount50_ws24_dims300,zwölfjähriger,0.5193836688995361
vitaler_kay_training_data_cbow_lr0.05_epochs1_mincount50_ws24_dims300,exfreundin,0.5191555023193359
vitaler_kay_training_data_cbow_lr0.05_epochs1_mincount50_ws24_dims300,tatmesser,0.5177488923072815
vitaler_kay_training_data_cbow_lr0.05_epochs1_mincount50_ws24_dims300,zivilpolizist,0.5169702172279358
vitaler_kay_training_data_cbow_lr0.05_epochs1_mincount50_ws24_dims300,lebensgefährten,0.5167107582092285
vitaler_kay_training_data_cbow_lr0.05_epochs1_mincount50_ws24_dims300,kellnerin,0.5166966319084167
vitaler_kay_training_data_cbow_lr0.05_epochs1_mincount50_ws24_dims300,unbekannter,0.5166363716125488
vitaler_kay_training_data_cbow_lr0.05_epochs1_mincount50_ws24_dims300,elfjähriger,0.5150712728500366
vitaler_kay_training_data_cbow_lr0.05_epochs1_mincount50_ws24_dims300,duzfreund,0.5149248838424683
vitaler_kay_training_data_cbow_lr0.05_epochs1_mincount50_ws24_dims300,mädchenmörder,0.5138573050498962
vitaler_kay_training_data_cbow_lr0.05_epochs1_mincount50_ws24_dims300,zwölfjährige,0.5137021541595459
vitaler_kay_training_data_cbow_lr0.05_epochs1_mincount50_ws24_dims300,bruderpaar,0.5133357048034668
vitaler_kay_training_data_cbow_lr0.05_epochs1_mincount50_ws24_dims300,polizeioffizier,0.5126516222953796
vitaler_kay_training_data_cbow_lr0.05_epochs1_mincount50_ws24_dims300,polizistensohn,0.5122085213661194
vitaler_kay_training_data_cbow_lr0.05_epochs1_mincount50_ws24_dims300,taxilenker,0.5108886957168579
vitaler_kay_training_data_cbow_lr0.05_epochs1_mincount50_ws24_dims300,männer,0.5104456543922424
vitaler_kay_training_data_cbow_lr0.05_epochs1_mincount50_ws24_dims300,tatverdächtig,0.508919358253479
grandioser_teoman_training_data_lower_cbow_lr0.05_epochs1_mincount100_ws6_dims300,frau,0.7207968235015869
grandioser_teoman_training_data_lower_cbow_lr0.05_epochs1_mincount100_ws6_dims300,bursch,0.7173773050308228
grandioser_teoman_training_data_lower_cbow_lr0.05_epochs1_mincount100_ws6_dims300,mannesmann,0.7151042819023132
grandioser_teoman_training_data_lower_cbow_lr0.05_epochs1_mincount100_ws6_dims300,ehemann,0.6886482238769531
grandioser_teoman_training_data_lower_cbow_lr0.05_epochs1_mincount100_ws6_dims300,stiefvater,0.6788119077682495
grandioser_teoman_training_data_lower_cbow_lr0.05_epochs1_mincount100_ws6_dims300,lebensgefährte,0.6718999743461609
grandioser_teoman_training_data_lower_cbow_lr0.05_epochs1_mincount100_ws6_dims300,polizist,0.6711583137512207
grandioser_teoman_training_data_lower_cbow_lr0.05_epochs1_mincount100_ws6_dims300,bursche,0.6628840565681458
grandioser_teoman_training_data_lower_cbow_lr0.05_epochs1_mincount100_ws6_dims300,manne,0.6617327332496643
grandioser_teoman_training_data_lower_cbow_lr0.05_epochs1_mincount100_ws6_dims300,schwiegervater,0.6597949862480164
grandioser_teoman_training_data_lower_cbow_lr0.05_epochs1_mincount100_ws6_dims300,freund,0.65037602186203
grandioser_teoman_training_data_lower_cbow_lr0.05_epochs1_mincount100_ws6_dims300,vater,0.6467975378036499
grandioser_teoman_training_data_lower_cbow_lr0.05_epochs1_mincount100_ws6_dims300,jungvater,0.644815981388092
grandioser_teoman_training_data_lower_cbow_lr0.05_epochs1_mincount100_ws6_dims300,bruderpaar,0.6435765624046326
grandioser_teoman_training_data_lower_cbow_lr0.05_epochs1_mincount100_ws6_dims300,schwager,0.6424869894981384
grandioser_teoman_training_data_lower_cbow_lr0.05_epochs1_mincount100_ws6_dims300,kindsvater,0.6336902379989624
grandioser_teoman_training_data_lower_cbow_lr0.05_epochs1_mincount100_ws6_dims300,geismann,0.631712019443512
grandioser_teoman_training_data_lower_cbow_lr0.05_epochs1_mincount100_ws6_dims300,familienvater,0.630588948726654
grandioser_teoman_training_data_lower_cbow_lr0.05_epochs1_mincount100_ws6_dims300,stiefbruder,0.6291157603263855
grandioser_teoman_training_data_lower_cbow_lr0.05_epochs1_mincount100_ws6_dims300,weltpolizist,0.6273376941680908
grandioser_teoman_training_data_lower_cbow_lr0.05_epochs1_mincount100_ws6_dims300,hehemann,0.6218024492263794
grandioser_teoman_training_data_lower_cbow_lr0.05_epochs1_mincount100_ws6_dims300,bruder,0.6185697317123413
grandioser_teoman_training_data_lower_cbow_lr0.05_epochs1_mincount100_ws6_dims300,triebtäter,0.6175633668899536
grandioser_teoman_training_data_lower_cbow_lr0.05_epochs1_mincount100_ws6_dims300,dorfpolizist,0.6154112815856934
grandioser_teoman_training_data_lower_cbow_lr0.05_epochs1_mincount100_ws6_dims300,nebenbuhler,0.6151424050331116
grandioser_teoman_training_data_lower_cbow_lr0.05_epochs1_mincount100_ws6_dims300,lebensgefährtin,0.61388099193573
grandioser_teoman_training_data_lower_cbow_lr0.05_epochs1_mincount100_ws6_dims300,hausmann,0.6124990582466125
grandioser_teoman_training_data_lower_cbow_lr0.05_epochs1_mincount100_ws6_dims300,exmann,0.6116069555282593
grandioser_teoman_training_data_lower_cbow_lr0.05_epochs1_mincount100_ws6_dims300,polizistin,0.6102247834205627
grandioser_teoman_training_data_lower_cbow_lr0.05_epochs1_mincount100_ws6_dims300,altvater,0.6074778437614441
grandioser_teoman_training_data_lower_cbow_lr0.05_epochs1_mincount100_ws6_dims300,schmähbruder,0.6047486662864685
grandioser_teoman_training_data_lower_cbow_lr0.05_epochs1_mincount100_ws6_dims300,streifenpolizist,0.6043387651443481
grandioser_teoman_training_data_lower_cbow_lr0.05_epochs1_mincount100_ws6_dims300,lebemann,0.6032954454421997
grandioser_teoman_training_data_lower_cbow_lr0.05_epochs1_mincount100_ws6_dims300,exfreund,0.6030159592628479
grandioser_teoman_training_data_lower_cbow_lr0.05_epochs1_mincount100_ws6_dims300,wachmann,0.6023740768432617
grandioser_teoman_training_data_lower_cbow_lr0.05_epochs1_mincount100_ws6_dims300,gatte,0.6021599769592285
grandioser_teoman_training_data_lower_cbow_lr0.05_epochs1_mincount100_ws6_dims300,mannes,0.5994192957878113
grandioser_teoman_training_data_lower_cbow_lr0.05_epochs1_mincount100_ws6_dims300,schünemann,0.5989605784416199
grandioser_teoman_training_data_lower_cbow_lr0.05_epochs1_mincount100_ws6_dims300,brudermann,0.5988743305206299
grandioser_teoman_training_data_lower_cbow_lr0.05_epochs1_mincount100_ws6_dims300,polizeibeamtin,0.5953319072723389
grandioser_teoman_training_data_lower_cbow_lr0.05_epochs1_mincount100_ws6_dims300,stiefsohn,0.5938964486122131
grandioser_teoman_training_data_lower_cbow_lr0.05_epochs1_mincount100_ws6_dims300,halbbruder,0.5933262705802917
grandioser_teoman_training_data_lower_cbow_lr0.05_epochs1_mincount100_ws6_dims300,hausfreund,0.5929633975028992
grandioser_teoman_training_data_lower_cbow_lr0.05_epochs1_mincount100_ws6_dims300,freundin,0.5927139520645142
grandioser_teoman_training_data_lower_cbow_lr0.05_epochs1_mincount100_ws6_dims300,lebensgefährten,0.5920672416687012
grandioser_teoman_training_data_lower_cbow_lr0.05_epochs1_mincount100_ws6_dims300,burschikose,0.5914833545684814
grandioser_teoman_training_data_lower_cbow_lr0.05_epochs1_mincount100_ws6_dims300,storchenvater,0.5910390019416809
grandioser_teoman_training_data_lower_cbow_lr0.05_epochs1_mincount100_ws6_dims300,mannequin,0.5910003185272217
grandioser_teoman_training_data_lower_cbow_lr0.05_epochs1_mincount100_ws6_dims300,männerkörper,0.5908769369125366
grandioser_teoman_training_data_lower_cbow_lr0.05_epochs1_mincount100_ws6_dims300,jugendfreund,0.5899850726127625
grandioser_teoman_training_data_lower_cbow_lr0.05_epochs1_mincount100_ws6_dims300,polizeibeamter,0.589091956615448
grandioser_teoman_training_data_lower_cbow_lr0.05_epochs1_mincount100_ws6_dims300,stammvater,0.5889464616775513
grandioser_teoman_training_data_lower_cbow_lr0.05_epochs1_mincount100_ws6_dims300,pensionist,0.5889028310775757
grandioser_teoman_training_data_lower_cbow_lr0.05_epochs1_mincount100_ws6_dims300,polizistenmörder,0.5879485607147217
grandioser_teoman_training_data_lower_cbow_lr0.05_epochs1_mincount100_ws6_dims300,taxilenker,0.5872023701667786
grandioser_teoman_training_data_lower_cbow_lr0.05_epochs1_mincount100_ws6_dims300,taxilenkerin,0.586687445640564
grandioser_teoman_training_data_lower_cbow_lr0.05_epochs1_mincount100_ws6_dims300,nachbarin,0.5856150388717651
grandioser_teoman_training_data_lower_cbow_lr0.05_epochs1_mincount100_ws6_dims300,schwiegersohn,0.5843059420585632
grandioser_teoman_training_data_lower_cbow_lr0.05_epochs1_mincount100_ws6_dims300,burschis,0.58420330286026
grandioser_teoman_training_data_lower_cbow_lr0.05_epochs1_mincount100_ws6_dims300,schliemann,0.5841219425201416
grandioser_teoman_training_data_lower_cbow_lr0.05_epochs1_mincount100_ws6_dims300,malier,0.5840039253234863
grandioser_teoman_training_data_lower_cbow_lr0.05_epochs1_mincount100_ws6_dims300,mitbruder,0.583045244216919
grandioser_teoman_training_data_lower_cbow_lr0.05_epochs1_mincount100_ws6_dims300,chauffeur,0.5826661586761475
grandioser_teoman_training_data_lower_cbow_lr0.05_epochs1_mincount100_ws6_dims300,motorradpolizist,0.5823543071746826
grandioser_teoman_training_data_lower_cbow_lr0.05_epochs1_mincount100_ws6_dims300,sextäter,0.5819143056869507
grandioser_teoman_training_data_lower_cbow_lr0.05_epochs1_mincount100_ws6_dims300,passantin,0.5814077258110046
grandioser_teoman_training_data_lower_cbow_lr0.05_epochs1_mincount100_ws6_dims300,brautvater,0.5805546045303345
grandioser_teoman_training_data_lower_cbow_lr0.05_epochs1_mincount100_ws6_dims300,wachebeamter,0.5800468325614929
grandioser_teoman_training_data_lower_cbow_lr0.05_epochs1_mincount100_ws6_dims300,tatler,0.5797241926193237
grandioser_teoman_training_data_lower_cbow_lr0.05_epochs1_mincount100_ws6_dims300,kameradin,0.579097330570221
grandioser_teoman_training_data_lower_cbow_lr0.05_epochs1_mincount100_ws6_dims300,gottvater,0.5790452361106873
grandioser_teoman_training_data_lower_cbow_lr0.05_epochs1_mincount100_ws6_dims300,amoklenker,0.5779011249542236
grandioser_teoman_training_data_lower_cbow_lr0.05_epochs1_mincount100_ws6_dims300,mofalenker,0.5770519375801086
grandioser_teoman_training_data_lower_cbow_lr0.05_epochs1_mincount100_ws6_dims300,unfalllenkerin,0.5769131779670715
grandioser_teoman_training_data_lower_cbow_lr0.05_epochs1_mincount100_ws6_dims300,er,0.5760310888290405
grandioser_teoman_training_data_lower_cbow_lr0.05_epochs1_mincount100_ws6_dims300,jugendfreundin,0.5749890804290771
grandioser_teoman_training_data_lower_cbow_lr0.05_epochs1_mincount100_ws6_dims300,todeslenker,0.5736228823661804
grandioser_teoman_training_data_lower_cbow_lr0.05_epochs1_mincount100_ws6_dims300,kindesvater,0.5729616284370422
grandioser_teoman_training_data_lower_cbow_lr0.05_epochs1_mincount100_ws6_dims300,unfalllenker,0.5724977850914001
grandioser_teoman_training_data_lower_cbow_lr0.05_epochs1_mincount100_ws6_dims300,schlenker,0.5723044872283936
grandioser_teoman_training_data_lower_cbow_lr0.05_epochs1_mincount100_ws6_dims300,tatmesser,0.5714734792709351
grandioser_teoman_training_data_lower_cbow_lr0.05_epochs1_mincount100_ws6_dims300,teenager,0.5702990889549255
grandioser_teoman_training_data_lower_cbow_lr0.05_epochs1_mincount100_ws6_dims300,täter,0.5698301792144775
grandioser_teoman_training_data_lower_cbow_lr0.05_epochs1_mincount100_ws6_dims300,mithäftling,0.5695033073425293
grandioser_teoman_training_data_lower_cbow_lr0.05_epochs1_mincount100_ws6_dims300,stiefmutter,0.5692681074142456
grandioser_teoman_training_data_lower_cbow_lr0.05_epochs1_mincount100_ws6_dims300,ehemannes,0.5690396428108215
grandioser_teoman_training_data_lower_cbow_lr0.05_epochs1_mincount100_ws6_dims300,v-mann,0.5684829354286194
grandioser_teoman_training_data_lower_cbow_lr0.05_epochs1_mincount100_ws6_dims300,buschauffeur,0.5681890249252319
grandioser_teoman_training_data_lower_cbow_lr0.05_epochs1_mincount100_ws6_dims300,mofafahrer,0.5671027302742004
grandioser_teoman_training_data_lower_cbow_lr0.05_epochs1_mincount100_ws6_dims300,kellnerin,0.5669596195220947
grandioser_teoman_training_data_lower_cbow_lr0.05_epochs1_mincount100_ws6_dims300,taxifahrer,0.5668352842330933
grandioser_teoman_training_data_lower_cbow_lr0.05_epochs1_mincount100_ws6_dims300,sohn,0.5663180947303772
grandioser_teoman_training_data_lower_cbow_lr0.05_epochs1_mincount100_ws6_dims300,mofalenkerin,0.5662606954574585
grandioser_teoman_training_data_lower_cbow_lr0.05_epochs1_mincount100_ws6_dims300,taxifahrerin,0.5655604600906372
grandioser_teoman_training_data_lower_cbow_lr0.05_epochs1_mincount100_ws6_dims300,exfreundin,0.5655466914176941
grandioser_teoman_training_data_lower_cbow_lr0.05_epochs1_mincount100_ws6_dims300,ehefrau,0.5654767751693726
grandioser_teoman_training_data_lower_cbow_lr0.05_epochs1_mincount100_ws6_dims300,mädchenschwarm,0.561742901802063
grandioser_teoman_training_data_lower_cbow_lr0.05_epochs1_mincount100_ws6_dims300,großvater,0.5616815090179443
grandioser_teoman_training_data_lower_cbow_lr0.05_epochs1_mincount100_ws6_dims300,haupttäter,0.5611457228660583
grandioser_teoman_training_data_lower_cbow_lr0.05_epochs1_mincount100_ws6_dims300,klappmesser,0.5599818825721741
wachsamer_nikolaj_training_data_cbow_lr0.05_epochs1_mincount100_ws5_dims300,v-mann,0.7606388926506042
wachsamer_nikolaj_training_data_cbow_lr0.05_epochs1_mincount100_ws5_dims300,bursch,0.7415680885314941
wachsamer_nikolaj_training_data_cbow_lr0.05_epochs1_mincount100_ws5_dims300,mannesmann,0.7232900261878967
wachsamer_nikolaj_training_data_cbow_lr0.05_epochs1_mincount100_ws5_dims300,frau,0.7074533104896545
wachsamer_nikolaj_training_data_cbow_lr0.05_epochs1_mincount100_ws5_dims300,manne,0.700281023979187
wachsamer_nikolaj_training_data_cbow_lr0.05_epochs1_mincount100_ws5_dims300,stiefvater,0.6989917159080505
wachsamer_nikolaj_training_data_cbow_lr0.05_epochs1_mincount100_ws5_dims300,bursche,0.6955337524414062
wachsamer_nikolaj_training_data_cbow_lr0.05_epochs1_mincount100_ws5_dims300,ehemann,0.6779159903526306
wachsamer_nikolaj_training_data_cbow_lr0.05_epochs1_mincount100_ws5_dims300,polizist,0.6726574897766113
wachsamer_nikolaj_training_data_cbow_lr0.05_epochs1_mincount100_ws5_dims300,lebensgefährte,0.6662592887878418
wachsamer_nikolaj_training_data_cbow_lr0.05_epochs1_mincount100_ws5_dims300,triebtäter,0.6662588119506836
wachsamer_nikolaj_training_data_cbow_lr0.05_epochs1_mincount100_ws5_dims300,familienvater,0.6574938297271729
wachsamer_nikolaj_training_data_cbow_lr0.05_epochs1_mincount100_ws5_dims300,stiefbruder,0.6571475863456726
wachsamer_nikolaj_training_data_cbow_lr0.05_epochs1_mincount100_ws5_dims300,vater,0.6562855839729309
wachsamer_nikolaj_training_data_cbow_lr0.05_epochs1_mincount100_ws5_dims300,mithäftling,0.6472575068473816
wachsamer_nikolaj_training_data_cbow_lr0.05_epochs1_mincount100_ws5_dims300,kindsvater,0.6468220353126526
wachsamer_nikolaj_training_data_cbow_lr0.05_epochs1_mincount100_ws5_dims300,freund,0.6466085314750671
wachsamer_nikolaj_training_data_cbow_lr0.05_epochs1_mincount100_ws5_dims300,schwiegervater,0.6437609195709229
wachsamer_nikolaj_training_data_cbow_lr0.05_epochs1_mincount100_ws5_dims300,jüngling,0.6433277130126953
wachsamer_nikolaj_training_data_cbow_lr0.05_epochs1_mincount100_ws5_dims300,m-mann,0.6433134078979492
wachsamer_nikolaj_training_data_cbow_lr0.05_epochs1_mincount100_ws5_dims300,jähriger,0.6412410736083984
wachsamer_nikolaj_training_data_cbow_lr0.05_epochs1_mincount100_ws5_dims300,schwager,0.640893280506134
wachsamer_nikolaj_training_data_cbow_lr0.05_epochs1_mincount100_ws5_dims300,bruderpaar,0.6404849290847778
wachsamer_nikolaj_training_data_cbow_lr0.05_epochs1_mincount100_ws5_dims300,pensionist,0.634640634059906
wachsamer_nikolaj_training_data_cbow_lr0.05_epochs1_mincount100_ws5_dims300,stiefsohn,0.6340120434761047
wachsamer_nikolaj_training_data_cbow_lr0.05_epochs1_mincount100_ws5_dims300,gatte,0.6290223002433777
wachsamer_nikolaj_training_data_cbow_lr0.05_epochs1_mincount100_ws5_dims300,bruder,0.6265866160392761
wachsamer_nikolaj_training_data_cbow_lr0.05_epochs1_mincount100_ws5_dims300,taxilenker,0.6228307485580444
wachsamer_nikolaj_training_data_cbow_lr0.05_epochs1_mincount100_ws5_dims300,burschi,0.6217371821403503
wachsamer_nikolaj_training_data_cbow_lr0.05_epochs1_mincount100_ws5_dims300,männerkörper,0.620887815952301
wachsamer_nikolaj_training_data_cbow_lr0.05_epochs1_mincount100_ws5_dims300,burschis,0.6183228492736816
wachsamer_nikolaj_training_data_cbow_lr0.05_epochs1_mincount100_ws5_dims300,mannes,0.6176091432571411
wachsamer_nikolaj_training_data_cbow_lr0.05_epochs1_mincount100_ws5_dims300,haupttäter,0.6171895861625671
wachsamer_nikolaj_training_data_cbow_lr0.05_epochs1_mincount100_ws5_dims300,somalier,0.6155080199241638
wachsamer_nikolaj_training_data_cbow_lr0.05_epochs1_mincount100_ws5_dims300,malier,0.612830400466919
wachsamer_nikolaj_training_data_cbow_lr0.05_epochs1_mincount100_ws5_dims300,komplize,0.6103746891021729
wachsamer_nikolaj_training_data_cbow_lr0.05_epochs1_mincount100_ws5_dims300,unfalllenker,0.610356330871582
wachsamer_nikolaj_training_data_cbow_lr0.05_epochs1_mincount100_ws5_dims300,mannequin,0.6098762154579163
wachsamer_nikolaj_training_data_cbow_lr0.05_epochs1_mincount100_ws5_dims300,lebensgefährtin,0.6096750497817993
wachsamer_nikolaj_training_data_cbow_lr0.05_epochs1_mincount100_ws5_dims300,angeklagte,0.6096644997596741
wachsamer_nikolaj_training_data_cbow_lr0.05_epochs1_mincount100_ws5_dims300,dorfpolizist,0.6089966297149658
wachsamer_nikolaj_training_data_cbow_lr0.05_epochs1_mincount100_ws5_dims300,teenager,0.6062682271003723
wachsamer_nikolaj_training_data_cbow_lr0.05_epochs1_mincount100_ws5_dims300,chauffeur,0.6059722900390625
wachsamer_nikolaj_training_data_cbow_lr0.05_epochs1_mincount100_ws5_dims300,manni,0.6053629517555237
wachsamer_nikolaj_training_data_cbow_lr0.05_epochs1_mincount100_ws5_dims300,rumäne,0.6045324206352234
wachsamer_nikolaj_training_data_cbow_lr0.05_epochs1_mincount100_ws5_dims300,weltpolizist,0.6041634678840637
wachsamer_nikolaj_training_data_cbow_lr0.05_epochs1_mincount100_ws5_dims300,geismann,0.6040266156196594
wachsamer_nikolaj_training_data_cbow_lr0.05_epochs1_mincount100_ws5_dims300,exfreund,0.6033868789672852
wachsamer_nikolaj_training_data_cbow_lr0.05_epochs1_mincount100_ws5_dims300,elfjähriger,0.6027255058288574
wachsamer_nikolaj_training_data_cbow_lr0.05_epochs1_mincount100_ws5_dims300,täter,0.6011953949928284
wachsamer_nikolaj_training_data_cbow_lr0.05_epochs1_mincount100_ws5_dims300,hausfreund,0.5995370149612427
wachsamer_nikolaj_training_data_cbow_lr0.05_epochs1_mincount100_ws5_dims300,motorradpolizist,0.5987380743026733
wachsamer_nikolaj_training_data_cbow_lr0.05_epochs1_mincount100_ws5_dims300,polizeibeamter,0.5986016988754272
wachsamer_nikolaj_training_data_cbow_lr0.05_epochs1_mincount100_ws5_dims300,streifenpolizist,0.5985797643661499
wachsamer_nikolaj_training_data_cbow_lr0.05_epochs1_mincount100_ws5_dims300,jährig,0.5983941555023193
wachsamer_nikolaj_training_data_cbow_lr0.05_epochs1_mincount100_ws5_dims300,angeklagter,0.5977208614349365
wachsamer_nikolaj_training_data_cbow_lr0.05_epochs1_mincount100_ws5_dims300,halbbruder,0.596584677696228
wachsamer_nikolaj_training_data_cbow_lr0.05_epochs1_mincount100_ws5_dims300,manna,0.5965508222579956
wachsamer_nikolaj_training_data_cbow_lr0.05_epochs1_mincount100_ws5_dims300,sextäter,0.5963565111160278
wachsamer_nikolaj_training_data_cbow_lr0.05_epochs1_mincount100_ws5_dims300,wachebeamter,0.5962851643562317
wachsamer_nikolaj_training_data_cbow_lr0.05_epochs1_mincount100_ws5_dims300,mofalenker,0.596156120300293
wachsamer_nikolaj_training_data_cbow_lr0.05_epochs1_mincount100_ws5_dims300,buber,0.5956379771232605
wachsamer_nikolaj_training_data_cbow_lr0.05_epochs1_mincount100_ws5_dims300,zivilpolizist,0.5954714417457581
wachsamer_nikolaj_training_data_cbow_lr0.05_epochs1_mincount100_ws5_dims300,taxilenkerin,0.594185471534729
wachsamer_nikolaj_training_data_cbow_lr0.05_epochs1_mincount100_ws5_dims300,polizistin,0.5940760970115662
wachsamer_nikolaj_training_data_cbow_lr0.05_epochs1_mincount100_ws5_dims300,wachmann,0.5940566658973694
wachsamer_nikolaj_training_data_cbow_lr0.05_epochs1_mincount100_ws5_dims300,elfjährige,0.5930790305137634
wachsamer_nikolaj_training_data_cbow_lr0.05_epochs1_mincount100_ws5_dims300,bootslenker,0.5930390357971191
wachsamer_nikolaj_training_data_cbow_lr0.05_epochs1_mincount100_ws5_dims300,tatverdächtig,0.5926160216331482
wachsamer_nikolaj_training_data_cbow_lr0.05_epochs1_mincount100_ws5_dims300,autolenker,0.5925661325454712
wachsamer_nikolaj_training_data_cbow_lr0.05_epochs1_mincount100_ws5_dims300,lebensgefährten,0.591721773147583
wachsamer_nikolaj_training_data_cbow_lr0.05_epochs1_mincount100_ws5_dims300,jährige,0.5914962291717529
wachsamer_nikolaj_training_data_cbow_lr0.05_epochs1_mincount100_ws5_dims300,unfalllenkerin,0.5906922817230225
wachsamer_nikolaj_training_data_cbow_lr0.05_epochs1_mincount100_ws5_dims300,jungvater,0.5905540585517883
wachsamer_nikolaj_training_data_cbow_lr0.05_epochs1_mincount100_ws5_dims300,verdächtig,0.5905320644378662
wachsamer_nikolaj_training_data_cbow_lr0.05_epochs1_mincount100_ws5_dims300,amoklenker,0.5898183584213257
wachsamer_nikolaj_training_data_cbow_lr0.05_epochs1_mincount100_ws5_dims300,sohn,0.5895187258720398
wachsamer_nikolaj_training_data_cbow_lr0.05_epochs1_mincount100_ws5_dims300,brautvater,0.589430034160614
wachsamer_nikolaj_training_data_cbow_lr0.05_epochs1_mincount100_ws5_dims300,mofafahrer,0.589390754699707
wachsamer_nikolaj_training_data_cbow_lr0.05_epochs1_mincount100_ws5_dims300,räuber,0.5885669589042664
wachsamer_nikolaj_training_data_cbow_lr0.05_epochs1_mincount100_ws5_dims300,jähriges,0.5884469747543335
wachsamer_nikolaj_training_data_cbow_lr0.05_epochs1_mincount100_ws5_dims300,schlenker,0.5878003835678101
wachsamer_nikolaj_training_data_cbow_lr0.05_epochs1_mincount100_ws5_dims300,kindesvater,0.587731122970581
wachsamer_nikolaj_training_data_cbow_lr0.05_epochs1_mincount100_ws5_dims300,polizeibeamtin,0.5876783132553101
wachsamer_nikolaj_training_data_cbow_lr0.05_epochs1_mincount100_ws5_dims300,kater,0.5876736640930176
wachsamer_nikolaj_training_data_cbow_lr0.05_epochs1_mincount100_ws5_dims300,taxifahrer,0.586100697517395
wachsamer_nikolaj_training_data_cbow_lr0.05_epochs1_mincount100_ws5_dims300,leibwächter,0.5860915780067444
wachsamer_nikolaj_training_data_cbow_lr0.05_epochs1_mincount100_ws5_dims300,polizistenmörder,0.5858553647994995
wachsamer_nikolaj_training_data_cbow_lr0.05_epochs1_mincount100_ws5_dims300,passant,0.5840354561805725
wachsamer_nikolaj_training_data_cbow_lr0.05_epochs1_mincount100_ws5_dims300,manner,0.5840113162994385
wachsamer_nikolaj_training_data_cbow_lr0.05_epochs1_mincount100_ws5_dims300,jugendfreund,0.5834609270095825
wachsamer_nikolaj_training_data_cbow_lr0.05_epochs1_mincount100_ws5_dims300,stiefschwester,0.5833185911178589
wachsamer_nikolaj_training_data_cbow_lr0.05_epochs1_mincount100_ws5_dims300,freundin,0.582782506942749
wachsamer_nikolaj_training_data_cbow_lr0.05_epochs1_mincount100_ws5_dims300,beifahrer,0.5827730298042297
wachsamer_nikolaj_training_data_cbow_lr0.05_epochs1_mincount100_ws5_dims300,mitbruder,0.5827127695083618
wachsamer_nikolaj_training_data_cbow_lr0.05_epochs1_mincount100_ws5_dims300,tatverdächtige,0.5823542475700378
wachsamer_nikolaj_training_data_cbow_lr0.05_epochs1_mincount100_ws5_dims300,männer,0.5823411345481873
wachsamer_nikolaj_training_data_cbow_lr0.05_epochs1_mincount100_ws5_dims300,tatler,0.58211749792099
wachsamer_nikolaj_training_data_cbow_lr0.05_epochs1_mincount100_ws5_dims300,ehebrecher,0.5819398164749146
wachsamer_nikolaj_training_data_cbow_lr0.05_epochs1_mincount100_ws5_dims300,verdächtiger,0.5803788900375366
griawiger_niki_training_data_cbow_lr0.05_epochs1_mincount5_ws6_dims300,mannn,0.8661791086196899
griawiger_niki_training_data_cbow_lr0.05_epochs1_mincount5_ws6_dims300,o-mann,0.8541660308837891
griawiger_niki_training_data_cbow_lr0.05_epochs1_mincount5_ws6_dims300,v-mann,0.792347252368927
griawiger_niki_training_data_cbow_lr0.05_epochs1_mincount5_ws6_dims300,b-mann,0.7730563282966614
griawiger_niki_training_data_cbow_lr0.05_epochs1_mincount5_ws6_dims300,mannund,0.7697047591209412
griawiger_niki_training_data_cbow_lr0.05_epochs1_mincount5_ws6_dims300,mannke,0.7628618478775024
griawiger_niki_training_data_cbow_lr0.05_epochs1_mincount5_ws6_dims300,mannesmann,0.7576535940170288
griawiger_niki_training_data_cbow_lr0.05_epochs1_mincount5_ws6_dims300,manneh,0.7551798820495605
griawiger_niki_training_data_cbow_lr0.05_epochs1_mincount5_ws6_dims300,bursch,0.746150553226471
griawiger_niki_training_data_cbow_lr0.05_epochs1_mincount5_ws6_dims300,mannkind,0.744493305683136
griawiger_niki_training_data_cbow_lr0.05_epochs1_mincount5_ws6_dims300,mannott,0.7309533953666687
griawiger_niki_training_data_cbow_lr0.05_epochs1_mincount5_ws6_dims300,manne,0.7293959259986877
griawiger_niki_training_data_cbow_lr0.05_epochs1_mincount5_ws6_dims300,mannkopf,0.7280834913253784
griawiger_niki_training_data_cbow_lr0.05_epochs1_mincount5_ws6_dims300,jährigeund,0.7259529829025269
griawiger_niki_training_data_cbow_lr0.05_epochs1_mincount5_ws6_dims300,mannauf,0.7243894338607788
griawiger_niki_training_data_cbow_lr0.05_epochs1_mincount5_ws6_dims300,mannagettaweg,0.7233873605728149
griawiger_niki_training_data_cbow_lr0.05_epochs1_mincount5_ws6_dims300,mannweib,0.7223672270774841
griawiger_niki_training_data_cbow_lr0.05_epochs1_mincount5_ws6_dims300,mannaus,0.7214536070823669
griawiger_niki_training_data_cbow_lr0.05_epochs1_mincount5_ws6_dims300,a-mann,0.7202883958816528
griawiger_niki_training_data_cbow_lr0.05_epochs1_mincount5_ws6_dims300,mannmit,0.7183912396430969
griawiger_niki_training_data_cbow_lr0.05_epochs1_mincount5_ws6_dims300,mannder,0.7181907892227173
griawiger_niki_training_data_cbow_lr0.05_epochs1_mincount5_ws6_dims300,mannlgrat,0.7157618999481201
griawiger_niki_training_data_cbow_lr0.05_epochs1_mincount5_ws6_dims300,ehemannn,0.7152374982833862
griawiger_niki_training_data_cbow_lr0.05_epochs1_mincount5_ws6_dims300,stiefvater,0.7127092480659485
griawiger_niki_training_data_cbow_lr0.05_epochs1_mincount5_ws6_dims300,mannai,0.711207926273346
griawiger_niki_training_data_cbow_lr0.05_epochs1_mincount5_ws6_dims300,epicmann,0.7092058658599854
griawiger_niki_training_data_cbow_lr0.05_epochs1_mincount5_ws6_dims300,mannit,0.7088053822517395
griawiger_niki_training_data_cbow_lr0.05_epochs1_mincount5_ws6_dims300,mannweiber,0.7071605324745178
griawiger_niki_training_data_cbow_lr0.05_epochs1_mincount5_ws6_dims300,ehemann,0.7027647495269775
griawiger_niki_training_data_cbow_lr0.05_epochs1_mincount5_ws6_dims300,mannel,0.7012486457824707
griawiger_niki_training_data_cbow_lr0.05_epochs1_mincount5_ws6_dims300,frau,0.7004165649414062
griawiger_niki_training_data_cbow_lr0.05_epochs1_mincount5_ws6_dims300,jungpolizist,0.6992155909538269
griawiger_niki_training_data_cbow_lr0.05_epochs1_mincount5_ws6_dims300,bursche,0.6980813145637512
griawiger_niki_training_data_cbow_lr0.05_epochs1_mincount5_ws6_dims300,mannus,0.6970756649971008
griawiger_niki_training_data_cbow_lr0.05_epochs1_mincount5_ws6_dims300,mannteuffel,0.6961230635643005
griawiger_niki_training_data_cbow_lr0.05_epochs1_mincount5_ws6_dims300,mannar,0.6946744918823242
griawiger_niki_training_data_cbow_lr0.05_epochs1_mincount5_ws6_dims300,schwanenvater,0.694362461566925
griawiger_niki_training_data_cbow_lr0.05_epochs1_mincount5_ws6_dims300,orfmann,0.6934698820114136
griawiger_niki_training_data_cbow_lr0.05_epochs1_mincount5_ws6_dims300,mannose,0.6919431686401367
griawiger_niki_training_data_cbow_lr0.05_epochs1_mincount5_ws6_dims300,mannesmut,0.6913387775421143
griawiger_niki_training_data_cbow_lr0.05_epochs1_mincount5_ws6_dims300,polizist,0.6905118227005005
griawiger_niki_training_data_cbow_lr0.05_epochs1_mincount5_ws6_dims300,mannesstamm,0.6898748278617859
griawiger_niki_training_data_cbow_lr0.05_epochs1_mincount5_ws6_dims300,mannakee,0.689008355140686
griawiger_niki_training_data_cbow_lr0.05_epochs1_mincount5_ws6_dims300,mannomann,0.6857828497886658
griawiger_niki_training_data_cbow_lr0.05_epochs1_mincount5_ws6_dims300,m-mann,0.6855440735816956
griawiger_niki_training_data_cbow_lr0.05_epochs1_mincount5_ws6_dims300,mannwurde,0.684615433216095
griawiger_niki_training_data_cbow_lr0.05_epochs1_mincount5_ws6_dims300,mannitz,0.6830887794494629
griawiger_niki_training_data_cbow_lr0.05_epochs1_mincount5_ws6_dims300,männerfreund,0.6811922788619995
griawiger_niki_training_data_cbow_lr0.05_epochs1_mincount5_ws6_dims300,manndie,0.6810306310653687
griawiger_niki_training_data_cbow_lr0.05_epochs1_mincount5_ws6_dims300,mannemann,0.6802952289581299
griawiger_niki_training_data_cbow_lr0.05_epochs1_mincount5_ws6_dims300,lebensgefährte,0.6794999837875366
griawiger_niki_training_data_cbow_lr0.05_epochs1_mincount5_ws6_dims300,burschn,0.6762710809707642
griawiger_niki_training_data_cbow_lr0.05_epochs1_mincount5_ws6_dims300,hasenvater,0.6738569140434265
griawiger_niki_training_data_cbow_lr0.05_epochs1_mincount5_ws6_dims300,familienvater,0.6735897064208984
griawiger_niki_training_data_cbow_lr0.05_epochs1_mincount5_ws6_dims300,stiefbruder,0.6727486252784729
griawiger_niki_training_data_cbow_lr0.05_epochs1_mincount5_ws6_dims300,triebtäter,0.671252965927124
griawiger_niki_training_data_cbow_lr0.05_epochs1_mincount5_ws6_dims300,burschel,0.6701865792274475
griawiger_niki_training_data_cbow_lr0.05_epochs1_mincount5_ws6_dims300,mannim,0.6685566902160645
griawiger_niki_training_data_cbow_lr0.05_epochs1_mincount5_ws6_dims300,freund,0.6668082475662231
griawiger_niki_training_data_cbow_lr0.05_epochs1_mincount5_ws6_dims300,mannas,0.6664179563522339
griawiger_niki_training_data_cbow_lr0.05_epochs1_mincount5_ws6_dims300,jähriger,0.6647570729255676
griawiger_niki_training_data_cbow_lr0.05_epochs1_mincount5_ws6_dims300,schwiegervater,0.6638915538787842
griawiger_niki_training_data_cbow_lr0.05_epochs1_mincount5_ws6_dims300,rumäne,0.6615889668464661
griawiger_niki_training_data_cbow_lr0.05_epochs1_mincount5_ws6_dims300,burscher,0.661517858505249
griawiger_niki_training_data_cbow_lr0.05_epochs1_mincount5_ws6_dims300,weltpolizist,0.6601014137268066
griawiger_niki_training_data_cbow_lr0.05_epochs1_mincount5_ws6_dims300,manney,0.6600445508956909
griawiger_niki_training_data_cbow_lr0.05_epochs1_mincount5_ws6_dims300,vater,0.6599621176719666
griawiger_niki_training_data_cbow_lr0.05_epochs1_mincount5_ws6_dims300,frauund,0.659473180770874
griawiger_niki_training_data_cbow_lr0.05_epochs1_mincount5_ws6_dims300,jährigein,0.6592198014259338
griawiger_niki_training_data_cbow_lr0.05_epochs1_mincount5_ws6_dims300,stiefväter,0.6587611436843872
griawiger_niki_training_data_cbow_lr0.05_epochs1_mincount5_ws6_dims300,manndecker,0.6575379371643066
griawiger_niki_training_data_cbow_lr0.05_epochs1_mincount5_ws6_dims300,mofalenker,0.6565261483192444
griawiger_niki_training_data_cbow_lr0.05_epochs1_mincount5_ws6_dims300,mannesalter,0.6564250588417053
griawiger_niki_training_data_cbow_lr0.05_epochs1_mincount5_ws6_dims300,familenvater,0.6561349034309387
griawiger_niki_training_data_cbow_lr0.05_epochs1_mincount5_ws6_dims300,jährigeam,0.6558160781860352
griawiger_niki_training_data_cbow_lr0.05_epochs1_mincount5_ws6_dims300,oberpolizist,0.6545637249946594
griawiger_niki_training_data_cbow_lr0.05_epochs1_mincount5_ws6_dims300,mitttäter,0.654101550579071
griawiger_niki_training_data_cbow_lr0.05_epochs1_mincount5_ws6_dims300,mannewitz,0.6532628536224365
griawiger_niki_training_data_cbow_lr0.05_epochs1_mincount5_ws6_dims300,mannes,0.6530630588531494
griawiger_niki_training_data_cbow_lr0.05_epochs1_mincount5_ws6_dims300,teenagersohn,0.6530441641807556
griawiger_niki_training_data_cbow_lr0.05_epochs1_mincount5_ws6_dims300,brudermörder,0.6530343294143677
griawiger_niki_training_data_cbow_lr0.05_epochs1_mincount5_ws6_dims300,polizistensohn,0.6526620984077454
griawiger_niki_training_data_cbow_lr0.05_epochs1_mincount5_ws6_dims300,vaterkörper,0.6522116661071777
griawiger_niki_training_data_cbow_lr0.05_epochs1_mincount5_ws6_dims300,lebensgefährt,0.6515312194824219
griawiger_niki_training_data_cbow_lr0.05_epochs1_mincount5_ws6_dims300,manno,0.6514405608177185
griawiger_niki_training_data_cbow_lr0.05_epochs1_mincount5_ws6_dims300,blutsbruder,0.6511917114257812
griawiger_niki_training_data_cbow_lr0.05_epochs1_mincount5_ws6_dims300,jenker,0.6511499881744385
griawiger_niki_training_data_cbow_lr0.05_epochs1_mincount5_ws6_dims300,wenker,0.6507766842842102
griawiger_niki_training_data_cbow_lr0.05_epochs1_mincount5_ws6_dims300,mannoia,0.6505316495895386
griawiger_niki_training_data_cbow_lr0.05_epochs1_mincount5_ws6_dims300,jährigeraus,0.6503039002418518
griawiger_niki_training_data_cbow_lr0.05_epochs1_mincount5_ws6_dims300,burschtyn,0.6498335599899292
griawiger_niki_training_data_cbow_lr0.05_epochs1_mincount5_ws6_dims300,männerinfoist,0.6493647694587708
griawiger_niki_training_data_cbow_lr0.05_epochs1_mincount5_ws6_dims300,mädchenmörder,0.6493377685546875
griawiger_niki_training_data_cbow_lr0.05_epochs1_mincount5_ws6_dims300,pensionist,0.6486881375312805
griawiger_niki_training_data_cbow_lr0.05_epochs1_mincount5_ws6_dims300,scheinvater,0.6484902501106262
griawiger_niki_training_data_cbow_lr0.05_epochs1_mincount5_ws6_dims300,kameradenmörder,0.6481961011886597
griawiger_niki_training_data_cbow_lr0.05_epochs1_mincount5_ws6_dims300,bührer,0.6480317711830139
griawiger_niki_training_data_cbow_lr0.05_epochs1_mincount5_ws6_dims300,tandalier,0.6478345990180969
griawiger_niki_training_data_cbow_lr0.05_epochs1_mincount5_ws6_dims300,betrunker,0.6475081443786621
griawiger_niki_training_data_cbow_lr0.05_epochs1_mincount5_ws6_dims300,geistesbruder,0.6474477052688599
topfiter_theodor_training_data_cbow_lr0.05_epochs1_mincount50_ws6_dims300,v-mann,0.7538206577301025
topfiter_theodor_training_data_cbow_lr0.05_epochs1_mincount50_ws6_dims300,mannesmann,0.7358710765838623
topfiter_theodor_training_data_cbow_lr0.05_epochs1_mincount50_ws6_dims300,bursch,0.7191895842552185
topfiter_theodor_training_data_cbow_lr0.05_epochs1_mincount50_ws6_dims300,frau,0.7153424024581909
topfiter_theodor_training_data_cbow_lr0.05_epochs1_mincount50_ws6_dims300,stiefvater,0.6998806595802307
topfiter_theodor_training_data_cbow_lr0.05_epochs1_mincount50_ws6_dims300,manneh,0.6953585147857666
topfiter_theodor_training_data_cbow_lr0.05_epochs1_mincount50_ws6_dims300,manne,0.6952875256538391
topfiter_theodor_training_data_cbow_lr0.05_epochs1_mincount50_ws6_dims300,bursche,0.6829972267150879
topfiter_theodor_training_data_cbow_lr0.05_epochs1_mincount50_ws6_dims300,stiefbruder,0.677118718624115
topfiter_theodor_training_data_cbow_lr0.05_epochs1_mincount50_ws6_dims300,ehemann,0.6755079030990601
topfiter_theodor_training_data_cbow_lr0.05_epochs1_mincount50_ws6_dims300,m-mann,0.6745989918708801
topfiter_theodor_training_data_cbow_lr0.05_epochs1_mincount50_ws6_dims300,polizist,0.6724537014961243
topfiter_theodor_training_data_cbow_lr0.05_epochs1_mincount50_ws6_dims300,freund,0.6678323745727539
topfiter_theodor_training_data_cbow_lr0.05_epochs1_mincount50_ws6_dims300,lebensgefährte,0.6636722683906555
topfiter_theodor_training_data_cbow_lr0.05_epochs1_mincount50_ws6_dims300,stiefsohn,0.6520892977714539
topfiter_theodor_training_data_cbow_lr0.05_epochs1_mincount50_ws6_dims300,triebtäter,0.6483737826347351
topfiter_theodor_training_data_cbow_lr0.05_epochs1_mincount50_ws6_dims300,vater,0.647819995880127
topfiter_theodor_training_data_cbow_lr0.05_epochs1_mincount50_ws6_dims300,familienvater,0.6429866552352905
topfiter_theodor_training_data_cbow_lr0.05_epochs1_mincount50_ws6_dims300,taxilenker,0.6399516463279724
topfiter_theodor_training_data_cbow_lr0.05_epochs1_mincount50_ws6_dims300,kindsvater,0.6396048069000244
topfiter_theodor_training_data_cbow_lr0.05_epochs1_mincount50_ws6_dims300,jähriger,0.6378495693206787
topfiter_theodor_training_data_cbow_lr0.05_epochs1_mincount50_ws6_dims300,bruderpaar,0.637293815612793
topfiter_theodor_training_data_cbow_lr0.05_epochs1_mincount50_ws6_dims300,schwiegervater,0.6368125677108765
topfiter_theodor_training_data_cbow_lr0.05_epochs1_mincount50_ws6_dims300,mofalenker,0.6363344192504883
topfiter_theodor_training_data_cbow_lr0.05_epochs1_mincount50_ws6_dims300,gatte,0.6311511993408203
topfiter_theodor_training_data_cbow_lr0.05_epochs1_mincount50_ws6_dims300,bruder,0.6280617117881775
topfiter_theodor_training_data_cbow_lr0.05_epochs1_mincount50_ws6_dims300,mädchenmörder,0.6267561912536621
topfiter_theodor_training_data_cbow_lr0.05_epochs1_mincount50_ws6_dims300,komplize,0.6249247193336487
topfiter_theodor_training_data_cbow_lr0.05_epochs1_mincount50_ws6_dims300,schwager,0.6237062215805054
topfiter_theodor_training_data_cbow_lr0.05_epochs1_mincount50_ws6_dims300,amoklenker,0.6232468485832214
topfiter_theodor_training_data_cbow_lr0.05_epochs1_mincount50_ws6_dims300,streifenpolizist,0.621450662612915
topfiter_theodor_training_data_cbow_lr0.05_epochs1_mincount50_ws6_dims300,kameradenmörder,0.6210882067680359
topfiter_theodor_training_data_cbow_lr0.05_epochs1_mincount50_ws6_dims300,teenager,0.6208201050758362
topfiter_theodor_training_data_cbow_lr0.05_epochs1_mincount50_ws6_dims300,weltpolizist,0.620022714138031
topfiter_theodor_training_data_cbow_lr0.05_epochs1_mincount50_ws6_dims300,jüngling,0.6197367310523987
topfiter_theodor_training_data_cbow_lr0.05_epochs1_mincount50_ws6_dims300,mannequin,0.6190813183784485
topfiter_theodor_training_data_cbow_lr0.05_epochs1_mincount50_ws6_dims300,rumäne,0.6185207366943359
topfiter_theodor_training_data_cbow_lr0.05_epochs1_mincount50_ws6_dims300,mannes,0.6181967854499817
topfiter_theodor_training_data_cbow_lr0.05_epochs1_mincount50_ws6_dims300,polizistensohn,0.6166029572486877
topfiter_theodor_training_data_cbow_lr0.05_epochs1_mincount50_ws6_dims300,rabenvater,0.6164361238479614
topfiter_theodor_training_data_cbow_lr0.05_epochs1_mincount50_ws6_dims300,dorfpolizist,0.6160565614700317
topfiter_theodor_training_data_cbow_lr0.05_epochs1_mincount50_ws6_dims300,taxilenkerin,0.6158487796783447
topfiter_theodor_training_data_cbow_lr0.05_epochs1_mincount50_ws6_dims300,malier,0.6139800548553467
topfiter_theodor_training_data_cbow_lr0.05_epochs1_mincount50_ws6_dims300,lebensgefährtin,0.6138364672660828
topfiter_theodor_training_data_cbow_lr0.05_epochs1_mincount50_ws6_dims300,geismann,0.6128017902374268
topfiter_theodor_training_data_cbow_lr0.05_epochs1_mincount50_ws6_dims300,fremdenpolizist,0.6094971299171448
topfiter_theodor_training_data_cbow_lr0.05_epochs1_mincount50_ws6_dims300,motorradpolizist,0.6087126135826111
topfiter_theodor_training_data_cbow_lr0.05_epochs1_mincount50_ws6_dims300,somalier,0.6070933938026428
topfiter_theodor_training_data_cbow_lr0.05_epochs1_mincount50_ws6_dims300,haupttäter,0.6068440675735474
topfiter_theodor_training_data_cbow_lr0.05_epochs1_mincount50_ws6_dims300,pensionist,0.6068187952041626
topfiter_theodor_training_data_cbow_lr0.05_epochs1_mincount50_ws6_dims300,unfalllenker,0.6062805652618408
topfiter_theodor_training_data_cbow_lr0.05_epochs1_mincount50_ws6_dims300,mithäftling,0.6061741709709167
topfiter_theodor_training_data_cbow_lr0.05_epochs1_mincount50_ws6_dims300,blutsbruder,0.6060475707054138
topfiter_theodor_training_data_cbow_lr0.05_epochs1_mincount50_ws6_dims300,polizistenpaar,0.6057462096214294
topfiter_theodor_training_data_cbow_lr0.05_epochs1_mincount50_ws6_dims300,vatermörder,0.6026623845100403
topfiter_theodor_training_data_cbow_lr0.05_epochs1_mincount50_ws6_dims300,männerkörper,0.6023969054222107
topfiter_theodor_training_data_cbow_lr0.05_epochs1_mincount50_ws6_dims300,schlenker,0.602264404296875
topfiter_theodor_training_data_cbow_lr0.05_epochs1_mincount50_ws6_dims300,polizistin,0.5990496277809143
topfiter_theodor_training_data_cbow_lr0.05_epochs1_mincount50_ws6_dims300,halbbruder,0.5982502102851868
topfiter_theodor_training_data_cbow_lr0.05_epochs1_mincount50_ws6_dims300,spitzenpolizist,0.5974830985069275
topfiter_theodor_training_data_cbow_lr0.05_epochs1_mincount50_ws6_dims300,stiefmutter,0.5969073176383972
topfiter_theodor_training_data_cbow_lr0.05_epochs1_mincount50_ws6_dims300,täter,0.5968852043151855
topfiter_theodor_training_data_cbow_lr0.05_epochs1_mincount50_ws6_dims300,lebensgefährten,0.5965498685836792
topfiter_theodor_training_data_cbow_lr0.05_epochs1_mincount50_ws6_dims300,angeklagte,0.5960732698440552
topfiter_theodor_training_data_cbow_lr0.05_epochs1_mincount50_ws6_dims300,nebenbuhler,0.5956574082374573
topfiter_theodor_training_data_cbow_lr0.05_epochs1_mincount50_ws6_dims300,todeslenker,0.594325065612793
topfiter_theodor_training_data_cbow_lr0.05_epochs1_mincount50_ws6_dims300,turnvater,0.5938995480537415
topfiter_theodor_training_data_cbow_lr0.05_epochs1_mincount50_ws6_dims300,freundin,0.5935389995574951
topfiter_theodor_training_data_cbow_lr0.05_epochs1_mincount50_ws6_dims300,tatverdächtig,0.5935355424880981
topfiter_theodor_training_data_cbow_lr0.05_epochs1_mincount50_ws6_dims300,hausfreund,0.5910611748695374
topfiter_theodor_training_data_cbow_lr0.05_epochs1_mincount50_ws6_dims300,tatler,0.590788722038269
topfiter_theodor_training_data_cbow_lr0.05_epochs1_mincount50_ws6_dims300,sohn,0.5907493829727173
topfiter_theodor_training_data_cbow_lr0.05_epochs1_mincount50_ws6_dims300,mopedfahrer,0.5901715755462646
topfiter_theodor_training_data_cbow_lr0.05_epochs1_mincount50_ws6_dims300,kameradin,0.5899749994277954
topfiter_theodor_training_data_cbow_lr0.05_epochs1_mincount50_ws6_dims300,lenker,0.5892077088356018
topfiter_theodor_training_data_cbow_lr0.05_epochs1_mincount50_ws6_dims300,unfalllenkerin,0.5889944434165955
topfiter_theodor_training_data_cbow_lr0.05_epochs1_mincount50_ws6_dims300,stiefschwester,0.5887655019760132
topfiter_theodor_training_data_cbow_lr0.05_epochs1_mincount50_ws6_dims300,mannhalter,0.5882068276405334
topfiter_theodor_training_data_cbow_lr0.05_epochs1_mincount50_ws6_dims300,burschis,0.5882031321525574
topfiter_theodor_training_data_cbow_lr0.05_epochs1_mincount50_ws6_dims300,mitbruder,0.5873613357543945
topfiter_theodor_training_data_cbow_lr0.05_epochs1_mincount50_ws6_dims300,manna,0.5868954062461853
topfiter_theodor_training_data_cbow_lr0.05_epochs1_mincount50_ws6_dims300,zivilpolizist,0.5867514610290527
topfiter_theodor_training_data_cbow_lr0.05_epochs1_mincount50_ws6_dims300,jungvater,0.5866232514381409
topfiter_theodor_training_data_cbow_lr0.05_epochs1_mincount50_ws6_dims300,jährige,0.5860171914100647
topfiter_theodor_training_data_cbow_lr0.05_epochs1_mincount50_ws6_dims300,mofalenkerin,0.5858210325241089
topfiter_theodor_training_data_cbow_lr0.05_epochs1_mincount50_ws6_dims300,jährig,0.5855051279067993
topfiter_theodor_training_data_cbow_lr0.05_epochs1_mincount50_ws6_dims300,polizistenmörder,0.585365355014801
topfiter_theodor_training_data_cbow_lr0.05_epochs1_mincount50_ws6_dims300,sextäter,0.5851697325706482
topfiter_theodor_training_data_cbow_lr0.05_epochs1_mincount50_ws6_dims300,chauffeur,0.5850194096565247
topfiter_theodor_training_data_cbow_lr0.05_epochs1_mincount50_ws6_dims300,exfreund,0.5843179225921631
topfiter_theodor_training_data_cbow_lr0.05_epochs1_mincount50_ws6_dims300,mopedlenker,0.5841312408447266
topfiter_theodor_training_data_cbow_lr0.05_epochs1_mincount50_ws6_dims300,elfjähriger,0.5828737020492554
topfiter_theodor_training_data_cbow_lr0.05_epochs1_mincount50_ws6_dims300,passant,0.5828426480293274
topfiter_theodor_training_data_cbow_lr0.05_epochs1_mincount50_ws6_dims300,räuber,0.5823026299476624
topfiter_theodor_training_data_cbow_lr0.05_epochs1_mincount50_ws6_dims300,bootslenker,0.5820358991622925
topfiter_theodor_training_data_cbow_lr0.05_epochs1_mincount50_ws6_dims300,mittäter,0.5817790627479553
topfiter_theodor_training_data_cbow_lr0.05_epochs1_mincount50_ws6_dims300,mofafahrer,0.5814710259437561
topfiter_theodor_training_data_cbow_lr0.05_epochs1_mincount50_ws6_dims300,bruderkuss,0.5812766551971436
topfiter_theodor_training_data_cbow_lr0.05_epochs1_mincount50_ws6_dims300,angeklagter,0.5810390114784241
topfiter_theodor_training_data_cbow_lr0.05_epochs1_mincount50_ws6_dims300,beifahrer,0.5807769894599915
lebendige_stella_training_data_cbow_lr0.05_epochs1_mincount50_ws5_dims300,v-mann,0.7602083683013916
lebendige_stella_training_data_cbow_lr0.05_epochs1_mincount50_ws5_dims300,mannesmann,0.7400670647621155
lebendige_stella_training_data_cbow_lr0.05_epochs1_mincount50_ws5_dims300,bursch,0.7394653558731079
lebendige_stella_training_data_cbow_lr0.05_epochs1_mincount50_ws5_dims300,manneh,0.7138597369194031
lebendige_stella_training_data_cbow_lr0.05_epochs1_mincount50_ws5_dims300,bursche,0.6959604620933533
lebendige_stella_training_data_cbow_lr0.05_epochs1_mincount50_ws5_dims300,manne,0.6951414942741394
lebendige_stella_training_data_cbow_lr0.05_epochs1_mincount50_ws5_dims300,stiefvater,0.6934305429458618
lebendige_stella_training_data_cbow_lr0.05_epochs1_mincount50_ws5_dims300,frau,0.6930498480796814
lebendige_stella_training_data_cbow_lr0.05_epochs1_mincount50_ws5_dims300,stiefbruder,0.680034339427948
lebendige_stella_training_data_cbow_lr0.05_epochs1_mincount50_ws5_dims300,ehemann,0.6800311207771301
lebendige_stella_training_data_cbow_lr0.05_epochs1_mincount50_ws5_dims300,polizist,0.6709389686584473
lebendige_stella_training_data_cbow_lr0.05_epochs1_mincount50_ws5_dims300,freund,0.6707740426063538
lebendige_stella_training_data_cbow_lr0.05_epochs1_mincount50_ws5_dims300,lebensgefährte,0.6673252582550049
lebendige_stella_training_data_cbow_lr0.05_epochs1_mincount50_ws5_dims300,m-mann,0.6619521379470825
lebendige_stella_training_data_cbow_lr0.05_epochs1_mincount50_ws5_dims300,vater,0.6466783881187439
lebendige_stella_training_data_cbow_lr0.05_epochs1_mincount50_ws5_dims300,bruder,0.6426149010658264
lebendige_stella_training_data_cbow_lr0.05_epochs1_mincount50_ws5_dims300,stiefsohn,0.6405613422393799
lebendige_stella_training_data_cbow_lr0.05_epochs1_mincount50_ws5_dims300,schwager,0.6403017044067383
lebendige_stella_training_data_cbow_lr0.05_epochs1_mincount50_ws5_dims300,familienvater,0.6402171850204468
lebendige_stella_training_data_cbow_lr0.05_epochs1_mincount50_ws5_dims300,taxilenker,0.6393106579780579
lebendige_stella_training_data_cbow_lr0.05_epochs1_mincount50_ws5_dims300,kindsvater,0.6380544900894165
lebendige_stella_training_data_cbow_lr0.05_epochs1_mincount50_ws5_dims300,rabenvater,0.6345713138580322
lebendige_stella_training_data_cbow_lr0.05_epochs1_mincount50_ws5_dims300,jähriger,0.633694052696228
lebendige_stella_training_data_cbow_lr0.05_epochs1_mincount50_ws5_dims300,blutsbruder,0.6316104531288147
lebendige_stella_training_data_cbow_lr0.05_epochs1_mincount50_ws5_dims300,jüngling,0.6301212906837463
lebendige_stella_training_data_cbow_lr0.05_epochs1_mincount50_ws5_dims300,schwiegervater,0.6291950941085815
lebendige_stella_training_data_cbow_lr0.05_epochs1_mincount50_ws5_dims300,mannes,0.6290594339370728
lebendige_stella_training_data_cbow_lr0.05_epochs1_mincount50_ws5_dims300,somalier,0.6282690167427063
lebendige_stella_training_data_cbow_lr0.05_epochs1_mincount50_ws5_dims300,triebtäter,0.6278818845748901
lebendige_stella_training_data_cbow_lr0.05_epochs1_mincount50_ws5_dims300,komplize,0.6275679469108582
lebendige_stella_training_data_cbow_lr0.05_epochs1_mincount50_ws5_dims300,pensionist,0.6270914077758789
lebendige_stella_training_data_cbow_lr0.05_epochs1_mincount50_ws5_dims300,bruderpaar,0.6267634034156799
lebendige_stella_training_data_cbow_lr0.05_epochs1_mincount50_ws5_dims300,nebenbuhler,0.6250827312469482
lebendige_stella_training_data_cbow_lr0.05_epochs1_mincount50_ws5_dims300,mofalenker,0.6249380111694336
lebendige_stella_training_data_cbow_lr0.05_epochs1_mincount50_ws5_dims300,polizistensohn,0.6245145797729492
lebendige_stella_training_data_cbow_lr0.05_epochs1_mincount50_ws5_dims300,mannequin,0.6211198568344116
lebendige_stella_training_data_cbow_lr0.05_epochs1_mincount50_ws5_dims300,streifenpolizist,0.6196725368499756
lebendige_stella_training_data_cbow_lr0.05_epochs1_mincount50_ws5_dims300,chauffeur,0.6194354891777039
lebendige_stella_training_data_cbow_lr0.05_epochs1_mincount50_ws5_dims300,taxilenkerin,0.6181923151016235
lebendige_stella_training_data_cbow_lr0.05_epochs1_mincount50_ws5_dims300,mithäftling,0.6179231405258179
lebendige_stella_training_data_cbow_lr0.05_epochs1_mincount50_ws5_dims300,gatte,0.617639422416687
lebendige_stella_training_data_cbow_lr0.05_epochs1_mincount50_ws5_dims300,lebensgefährtin,0.6172165870666504
lebendige_stella_training_data_cbow_lr0.05_epochs1_mincount50_ws5_dims300,rumäne,0.612433135509491
lebendige_stella_training_data_cbow_lr0.05_epochs1_mincount50_ws5_dims300,exfreund,0.6122730374336243
lebendige_stella_training_data_cbow_lr0.05_epochs1_mincount50_ws5_dims300,amoklenker,0.6121381521224976
lebendige_stella_training_data_cbow_lr0.05_epochs1_mincount50_ws5_dims300,dorfpolizist,0.6121262311935425
lebendige_stella_training_data_cbow_lr0.05_epochs1_mincount50_ws5_dims300,teenager,0.6113337278366089
lebendige_stella_training_data_cbow_lr0.05_epochs1_mincount50_ws5_dims300,wachmann,0.6113001704216003
lebendige_stella_training_data_cbow_lr0.05_epochs1_mincount50_ws5_dims300,weltpolizist,0.6099753379821777
lebendige_stella_training_data_cbow_lr0.05_epochs1_mincount50_ws5_dims300,mädchenmörder,0.6090080738067627
lebendige_stella_training_data_cbow_lr0.05_epochs1_mincount50_ws5_dims300,burschis,0.607708752155304
lebendige_stella_training_data_cbow_lr0.05_epochs1_mincount50_ws5_dims300,großcousin,0.6072510480880737
lebendige_stella_training_data_cbow_lr0.05_epochs1_mincount50_ws5_dims300,mannhalter,0.6071543097496033
lebendige_stella_training_data_cbow_lr0.05_epochs1_mincount50_ws5_dims300,jungvater,0.6066612005233765
lebendige_stella_training_data_cbow_lr0.05_epochs1_mincount50_ws5_dims300,angeklagte,0.6053112149238586
lebendige_stella_training_data_cbow_lr0.05_epochs1_mincount50_ws5_dims300,beifahrer,0.6040598750114441
lebendige_stella_training_data_cbow_lr0.05_epochs1_mincount50_ws5_dims300,lebensgefährten,0.6038399934768677
lebendige_stella_training_data_cbow_lr0.05_epochs1_mincount50_ws5_dims300,mannix,0.603621244430542
lebendige_stella_training_data_cbow_lr0.05_epochs1_mincount50_ws5_dims300,hausfreund,0.6036152243614197
lebendige_stella_training_data_cbow_lr0.05_epochs1_mincount50_ws5_dims300,halbbruder,0.6033140420913696
lebendige_stella_training_data_cbow_lr0.05_epochs1_mincount50_ws5_dims300,motorradpolizist,0.6032864451408386
lebendige_stella_training_data_cbow_lr0.05_epochs1_mincount50_ws5_dims300,tatverdächtig,0.6031197905540466
lebendige_stella_training_data_cbow_lr0.05_epochs1_mincount50_ws5_dims300,männerkörper,0.6027972102165222
lebendige_stella_training_data_cbow_lr0.05_epochs1_mincount50_ws5_dims300,unfalllenker,0.6027167439460754
lebendige_stella_training_data_cbow_lr0.05_epochs1_mincount50_ws5_dims300,malier,0.6023692488670349
lebendige_stella_training_data_cbow_lr0.05_epochs1_mincount50_ws5_dims300,schlenker,0.6023076176643372
lebendige_stella_training_data_cbow_lr0.05_epochs1_mincount50_ws5_dims300,passant,0.6012599468231201
lebendige_stella_training_data_cbow_lr0.05_epochs1_mincount50_ws5_dims300,todeslenker,0.6005169153213501
lebendige_stella_training_data_cbow_lr0.05_epochs1_mincount50_ws5_dims300,kameradenmörder,0.6004979014396667
lebendige_stella_training_data_cbow_lr0.05_epochs1_mincount50_ws5_dims300,polizistenpaar,0.6002567410469055
lebendige_stella_training_data_cbow_lr0.05_epochs1_mincount50_ws5_dims300,taxifahrer,0.5996531844139099
lebendige_stella_training_data_cbow_lr0.05_epochs1_mincount50_ws5_dims300,burschi,0.5986093878746033
lebendige_stella_training_data_cbow_lr0.05_epochs1_mincount50_ws5_dims300,mitbruder,0.5984020233154297
lebendige_stella_training_data_cbow_lr0.05_epochs1_mincount50_ws5_dims300,vatermörder,0.5975241661071777
lebendige_stella_training_data_cbow_lr0.05_epochs1_mincount50_ws5_dims300,täter,0.5962255597114563
lebendige_stella_training_data_cbow_lr0.05_epochs1_mincount50_ws5_dims300,haupttäter,0.5958697199821472
lebendige_stella_training_data_cbow_lr0.05_epochs1_mincount50_ws5_dims300,ehebrecher,0.5958214998245239
lebendige_stella_training_data_cbow_lr0.05_epochs1_mincount50_ws5_dims300,spitzenpolizist,0.5956312417984009
lebendige_stella_training_data_cbow_lr0.05_epochs1_mincount50_ws5_dims300,verdächtig,0.5955894589424133
lebendige_stella_training_data_cbow_lr0.05_epochs1_mincount50_ws5_dims300,sohn,0.5955439805984497
lebendige_stella_training_data_cbow_lr0.05_epochs1_mincount50_ws5_dims300,mopedlenker,0.5940659642219543
lebendige_stella_training_data_cbow_lr0.05_epochs1_mincount50_ws5_dims300,männer,0.5940266251564026
lebendige_stella_training_data_cbow_lr0.05_epochs1_mincount50_ws5_dims300,verdächtiger,0.5934605002403259
lebendige_stella_training_data_cbow_lr0.05_epochs1_mincount50_ws5_dims300,bruderkuss,0.5934150815010071
lebendige_stella_training_data_cbow_lr0.05_epochs1_mincount50_ws5_dims300,lenker,0.5934038758277893
lebendige_stella_training_data_cbow_lr0.05_epochs1_mincount50_ws5_dims300,tatverdächtiger,0.5932075381278992
lebendige_stella_training_data_cbow_lr0.05_epochs1_mincount50_ws5_dims300,manna,0.5929690003395081
lebendige_stella_training_data_cbow_lr0.05_epochs1_mincount50_ws5_dims300,fremdenpolizist,0.5920997858047485
lebendige_stella_training_data_cbow_lr0.05_epochs1_mincount50_ws5_dims300,bootslenker,0.5918285846710205
lebendige_stella_training_data_cbow_lr0.05_epochs1_mincount50_ws5_dims300,manni,0.5918028950691223
lebendige_stella_training_data_cbow_lr0.05_epochs1_mincount50_ws5_dims300,bruderzwist,0.5915769934654236
lebendige_stella_training_data_cbow_lr0.05_epochs1_mincount50_ws5_dims300,mofafahrer,0.5915537476539612
lebendige_stella_training_data_cbow_lr0.05_epochs1_mincount50_ws5_dims300,brudermann,0.5907981991767883
lebendige_stella_training_data_cbow_lr0.05_epochs1_mincount50_ws5_dims300,mopedfahrer,0.5906959176063538
lebendige_stella_training_data_cbow_lr0.05_epochs1_mincount50_ws5_dims300,wachebeamter,0.5906141400337219
lebendige_stella_training_data_cbow_lr0.05_epochs1_mincount50_ws5_dims300,polizistin,0.5905342698097229
lebendige_stella_training_data_cbow_lr0.05_epochs1_mincount50_ws5_dims300,tatverdächtige,0.5904174447059631
lebendige_stella_training_data_cbow_lr0.05_epochs1_mincount50_ws5_dims300,bruderherz,0.5902302861213684
lebendige_stella_training_data_cbow_lr0.05_epochs1_mincount50_ws5_dims300,schmähbruder,0.5901178121566772
lebendige_stella_training_data_cbow_lr0.05_epochs1_mincount50_ws5_dims300,unfalllenkerin,0.5895297527313232
cc.de.300,kerl,0.7300251126289368
cc.de.300,ehemann,0.7035881876945496
cc.de.300,frau,0.6964811086654663
cc.de.300,mannn,0.683668851852417
cc.de.300,mannes,0.6684710383415222
cc.de.300,männer,0.654708743095398
cc.de.300,vater,0.6403717994689941
cc.de.300,freund,0.6315420269966125
cc.de.300,mann,0.6233859658241272
cc.de.300,familienvater,0.6217516660690308
cc.de.300,.mann,0.5990616083145142
cc.de.300,männern,0.5987169742584229
cc.de.300,sohn,0.5918236374855042
cc.de.300,eheman,0.5914619565010071
cc.de.300,schwiegervater,0.5900186896324158
cc.de.300,männder,0.5890229940414429
cc.de.300,frauen,0.5841431617736816
cc.de.300,polizist,0.5838174819946289
cc.de.300,gatte,0.5837424993515015
cc.de.300,junger,0.5826238989830017
cc.de.300,top-mann,0.5802292227745056
cc.de.300,mensch,0.5783567428588867
cc.de.300,ex-mann,0.5765701532363892
cc.de.300,26jähriger,0.5725448727607727
cc.de.300,junge,0.5691335797309875
cc.de.300,nachbar,0.565519392490387
cc.de.300,kumpel,0.5648369193077087
cc.de.300,jüngling,0.564525842666626
cc.de.300,fraumann,0.562130331993103
cc.de.300,gatten,0.558725118637085
cc.de.300,lebensgefährte,0.5585830211639404
cc.de.300,60-jähriger,0.5585131645202637
cc.de.300,manne,0.5570903420448303
cc.de.300,mann.,0.5567405223846436
cc.de.300,dame,0.5557933449745178
cc.de.300,business-mann,0.5538862347602844
cc.de.300,63-jähriger,0.5526853203773499
cc.de.300,spielfreund,0.5513246655464172
cc.de.300,23jähriger,0.5507990121841431
cc.de.300,jähriger,0.5498439073562622
cc.de.300,geschäftsmann,0.5498395562171936
cc.de.300,4-jähriger,0.5492910146713257
cc.de.300,ehefrau,0.5490456819534302
cc.de.300,alpha-mann,0.5483859777450562
cc.de.300,schwiegersohn,0.5482485890388489
cc.de.300,90-jähriger,0.5479777455329895
cc.de.300,bi-mann,0.5462302565574646
cc.de.300,63jährige,0.5458717942237854
cc.de.300,frauenschläger,0.5453788638114929
cc.de.300,bruder,0.5452020764350891
cc.de.300,ehepaar,0.5447242259979248
cc.de.300,single-mann,0.5445581078529358
cc.de.300,junger,0.5445221066474915
cc.de.300,kripobeamter,0.5436015725135803
cc.de.300,45-jähriger,0.5421608686447144
cc.de.300,mutter,0.5419201850891113
cc.de.300,bräutigam,0.5412772297859192
cc.de.300,53-jähriger,0.5410802960395813
cc.de.300,manns,0.5408154726028442
cc.de.300,freundin,0.5392558574676514
cc.de.300,7jähriger,0.5391417145729065
cc.de.300,stiefvater,0.5389545559883118
cc.de.300,67-jähriger,0.5383030772209167
cc.de.300,sex-täter,0.5382924675941467
cc.de.300,82-jähriger,0.5378745198249817
cc.de.300,bursche,0.5373205542564392
cc.de.300,30-jähriger,0.5370518565177917
cc.de.300,84-jähriger,0.5366460680961609
cc.de.300,mann.die,0.536598801612854
cc.de.300,opa,0.5365882515907288
cc.de.300,62-jähriger,0.5365132093429565
cc.de.300,51-jähriger,0.5363863110542297
cc.de.300,46-jähriger,0.5360279083251953
cc.de.300,weib,0.5359275937080383
cc.de.300,großvater,0.5359094738960266
cc.de.300,teenager,0.5355929732322693
cc.de.300,kind,0.5349137783050537
cc.de.300,männe,0.5348994135856628
cc.de.300,schwager,0.5346437096595764
cc.de.300,schwiegermutter,0.5326268672943115
cc.de.300,60-jährige,0.5324727892875671
cc.de.300,rentner,0.5317436456680298
cc.de.300,8jähriger,0.5315935015678406
cc.de.300,fahrensmann,0.531522810459137
cc.de.300,57-jähriger,0.5311102867126465
cc.de.300,säugling,0.5309286117553711
cc.de.300,55-jähriger,0.5307446122169495
cc.de.300,36-jähriger,0.5306386351585388
cc.de.300,lebensgefährten,0.5306352972984314
cc.de.300,onkel,0.5299968719482422
cc.de.300,businessmann,0.5298778414726257
cc.de.300,ex-freund,0.5294382572174072
cc.de.300,74-jähriger,0.52931147813797
cc.de.300,81-jähriger,0.529005765914917
cc.de.300,27jähriger,0.5284810066223145
cc.de.300,hund,0.5280053615570068
cc.de.300,48-jähriger,0.5275698900222778
cc.de.300,männerhaushalt,0.527215838432312
cc.de.300,soldatenmantel,0.5271786451339722
cc.de.300,35-jährige,0.527043879032135
