{
    "eval_loss": 0.3315838575363159,
    "eval_f1": 0.394655704008222,
    "eval_precision": 0.6378737541528239,
    "eval_recall": 0.2857142857142857,
    "eval_runtime": 3.5455,
    "eval_samples_per_second": 53.589,
    "eval_steps_per_second": 6.769,
    "epoch": 6.0,
    "dataset": "autnes_automated_2019",
    "model": "FacebookAI/xlm-roberta-base"
}