{
    "eval_loss": 0.31157684326171875,
    "eval_f1": 0.4760039177277179,
    "eval_precision": 0.6962750716332379,
    "eval_recall": 0.36160714285714285,
    "eval_runtime": 1.8394,
    "eval_samples_per_second": 103.296,
    "eval_steps_per_second": 13.048,
    "epoch": 6.0,
    "dataset": "autnes_automated_2019",
    "model": "distilbert/distilbert-base-multilingual-cased"
}