{
    "eval_loss": 0.35374411940574646,
    "eval_f1": 0.6285714285714287,
    "eval_precision": 0.7615384615384615,
    "eval_recall": 0.5351351351351351,
    "eval_runtime": 3.1593,
    "eval_samples_per_second": 54.126,
    "eval_steps_per_second": 6.964,
    "epoch": 2.0,
    "dataset": "autnes_automated_2017",
    "model": "uklfr/gottbert-base"
}