{
    "eval_loss": 0.37594231963157654,
    "eval_f1": 0.8913956958237084,
    "eval_precision": 0.8992094031506447,
    "eval_recall": 0.8844170526982419,
    "eval_runtime": 175.5215,
    "eval_samples_per_second": 281.988,
    "eval_steps_per_second": 35.249,
    "epoch": 2.0,
    "dataset": "twitter",
    "model": "deepset/gbert-base"
}