{
    "eval_loss": 0.921463131904602,
    "eval_f1": 0.6465761271660438,
    "eval_precision": 0.6730906116660711,
    "eval_recall": 0.6288089375877515,
    "eval_runtime": 17.797,
    "eval_samples_per_second": 281.789,
    "eval_steps_per_second": 35.231,
    "epoch": 2.0,
    "dataset": "nationalrat",
    "model": "uklfr/gottbert-base"
}