{
    "eval_loss": 0.28114089369773865,
    "eval_f1": 0.5682656826568265,
    "eval_precision": 0.7475728155339806,
    "eval_recall": 0.4583333333333333,
    "eval_runtime": 3.5273,
    "eval_samples_per_second": 53.866,
    "eval_steps_per_second": 6.804,
    "epoch": 6.0,
    "dataset": "autnes_automated_2019",
    "model": "uklfr/gottbert-base"
}